comment_id,polarity,text,created_at_gold,author_login_gold,owner,repo,commit_id,author_login_kaiaulu,author_id,body,created_at_kaiaulu,updated_at
1971084,0,"You can leave a queue while in queue ? (before NEEDCONFIRMATION)""",2012-10-09 11:10:27,Tuxity,mangos,MaNGOS,abfc99ef522b8b6353d051a002d026530ec7d253,tuxity,31608,"You can leave a queue while in queue ? (before NEEDCONFIRMATION)
",2012-10-09T23:10:27Z,2012-10-09T23:10:27Z
1827828,1,"Didn't look at SpellTargetRestrictions XD""",2012-09-09 01:44:27,Zakamurite,mangos,MaNGOS,915b77339711ec1278ac06ec80d206133bdb427a,Zakamurite,489591,"Didn't look at SpellTargetRestrictions XD
",2012-09-09T13:44:27Z,2012-09-09T13:46:41Z
1569102,0,"I don't agree with Ambal. The name of variable must make the using clear. Example: GuidSet m_guardianpetList; Now we know, we have a GuidSet with contain ->ObjectGuids<- (know form GuidSet) and the ObjectGuids are from our Guardian Pet. With a typedef: """"ty""",2012-07-11 09:24:26,Reamer,mangos,MaNGOS,0e531be9401027abc6f75cbe24d2c96be683e5fb,Reamer,454320,"I don't agree with Ambal. The name of variable must make the using clear.
Example: GuidSet m_guardianpetList;
Now we know, we have a GuidSet with contain ->ObjectGuids<- (know form GuidSet) and the ObjectGuids are from our Guardian Pet.
With a typedef: ""typedef GuidSet GuardianPetList"" we have a double meaning
GuardianPetList m_guardianpetList, looks ugly.
also it's not clear if I see GuardianPetList, what this List contain, maybe Creature*, uint32 or something else  :P
",2012-07-11T21:24:26Z,2012-07-11T21:24:26Z
1214520,1,"Edit - just checked with my python script, I got 1350 records for ytdb 619 :) http://paste2.org/p/1981677""",2012-04-15 22:06:02,Schmoozerd,mangos,MaNGOS,ccfeefbc01734bd25a6499abc46733fd0963a8e0,Schmoozerd,299104,"Edit - just checked with my python script, I got 1350 records for ytdb 619 :)
http://paste2.org/p/1981677
",2012-04-16T10:06:02Z,2012-04-16T10:06:02Z
1214566,0,"Then thought maybe the tables `*` _loot_template PRIMARY key to species entry,item,condition_id ? Or the need to greatly alter the code?""",2012-04-15 22:20:44,NeatElves,mangos,MaNGOS,ccfeefbc01734bd25a6499abc46733fd0963a8e0,NeatElves,315773,"Then thought maybe the tables `*` _loot_template PRIMARY key to species entry,item,condition_id ? Or the need to greatly alter the code?
",2012-04-16T10:20:44Z,2012-04-16T10:20:44Z
978165,0,"`const` also helps the compiler generate code that makes more efficient use of registers tiny function though, probably doesn't make a difference in this case""",2012-02-17 03:38:47,vermie,mangos,MaNGOS,499e1c831b9afd3f6bc02cb90d8a9a861e2b84a3,vermie,238162,"`const` also helps the compiler generate code that makes more efficient use of registers
tiny function though, probably doesn't make a difference in this case
",2012-02-17T14:38:47Z,2012-02-17T14:39:03Z
785974,0,"original author - BroodWyrm (TrinityCore fork), apr. 2010. similate effect - in 43972 spell.""",2011-12-11 18:28:30,rsa,mangos,MaNGOS,378156ba80bef5298d13b0d3564739c190c42353,rsa,148874,"original author - BroodWyrm (TrinityCore fork), apr. 2010. similate effect - in 43972 spell.
",2011-12-12T05:28:30Z,2011-12-12T05:28:30Z
701241,2,"thanks. always don't understand the sense of such stupid restrictions""",2011-11-07 11:54:18,SilverIce,mangos,MaNGOS,92279286e9571642a3ba1c82597327415272fc1a,SilverIce,107977,"thanks. always don't understand the sense of such stupid restrictions
",2011-11-07T22:54:18Z,2011-11-07T22:54:18Z
613729,0,"Yes, it is incorrect. 67009 has basepoints == 66227, so 66228 will be triggered. 66228 has stackAmount == 5. You will not get 10 stacks anyway.""",2011-09-26 23:41:14,cenfa,mangos,MaNGOS,b1dee7962d02131b83c9401cf2e31c51e920f54d,cenfa,216825,"Yes, it is incorrect.
67009 has basepoints == 66227, so 66228 will be triggered. 66228 has stackAmount == 5. You will not get 10 stacks anyway.
",2011-09-27T11:41:14Z,2011-09-27T11:41:14Z
568743,2,"not only this. equal to one of the options for receiving the award for the LFG group must fulfill all the encounters (and not just last). in the case of use your container, it can not be verified. PS If you think that I did the curves of stupidity structu""",2011-09-04 03:27:03,rsa,mangos,MaNGOS,af5889c24847566023d7d2b05c05508a92df7f31,rsa,148874,"not only this. equal to one of the options for receiving the award for the LFG group must fulfill all the encounters (and not just last). in the case of use your container, it can not be verified.
PS If you think that I did the curves of stupidity structures that were in the original patch, then you are mistaken. check with your actors are noticeably slower and the curves.
",2011-09-04T15:27:03Z,2011-09-04T15:27:03Z
573561,0,"I think this is labeled wrong. Manually edited?""",2011-09-06 15:18:42,BThallid,mangos,MaNGOS,af5889c24847566023d7d2b05c05508a92df7f31,BThallid,181617,"I think this is labeled wrong. Manually edited?
",2011-09-07T03:18:42Z,2011-09-07T03:18:42Z
493355,0,"Hmm, maybe you set path to mangosd.conf also using commandline option -c?  For support this way i add in [11751] new commanline option -a/--ahbot for set in same way as -c option work path to ahbot config""",2011-07-23 16:41:03,VladimirMangos,mangos,MaNGOS,96e8b337bc51408787dca0c403b381bcc61cb7ab,VladimirMangos,29081,"Hmm, maybe you set path to mangosd.conf also using commandline option -c?

For support this way i add in [11751] new commanline option -a/--ahbot for set in same way as -c option work path to ahbot config
",2011-07-24T04:41:03Z,2011-07-24T04:41:03Z
437112,0,"    // check level requirement     if (prof && GetSession()->GetSecurity() < sWorld.getConfig(CONFIG_UINT32_TRADE_SKILL_GMIGNORE_LEVEL))         if (getLevel() < trainer_spell->reqLevel)             return TRAINER_SPELL_RED;  А если это не профессия, """,2011-06-18 00:46:51,SeTM,mangos,MaNGOS,7241655fe2470ffd66abc523c69913c25c11b9eb,SeTM,31609,"```
// check level requirement
if (prof && GetSession()->GetSecurity() < sWorld.getConfig(CONFIG_UINT32_TRADE_SKILL_GMIGNORE_LEVEL))
    if (getLevel() < trainer_spell->reqLevel)
        return TRAINER_SPELL_RED;
```

А если это не профессия, а обычный классовый спелл? Проверки на уровень не будет?)
",2011-06-18T12:46:51Z,2011-06-18T12:46:51Z
424532,0,"Can any tell how much is CPU load in % on clean mangos, with ~100 players?""",2011-06-09 22:49:44,Faq,mangos,MaNGOS,6d0667fb72827b7ad23096dc04def141c12ecaae,Faq,322016,"Can any tell how much is CPU load in % on clean mangos, with ~100 players?
",2011-06-10T10:49:44Z,2011-06-10T10:49:44Z
384954,0,"I can't imagine how operator void* can replace it, because &m_guid is never null.""",2011-05-15 19:57:00,zergtmn,mangos,MaNGOS,19ee350da4b259fe5f290ee0d3ccb5f4333b0cc4,technoir42,119192,"I can't imagine how operator void\* can replace it, because &m_guid is never null.
",2011-05-16T07:57:00Z,2011-05-16T07:57:00Z
384014,0,"I asked about this before, got answered """"omitted in purpose to avoid bad implicit casts""""""",2011-05-14 16:11:21,darkstalker,mangos,MaNGOS,b41bf585fa80fa961d7c7580c5acedcda4456575,wolfiestyle,356503,"I asked about this before, got answered ""omitted in purpose to avoid bad implicit casts""
",2011-05-15T04:11:21Z,2011-05-15T04:11:21Z
344266,0,"pet::Update call Creature::Update and in creature update before chnages exist explcit assign different value to regentTimer In some cases Pet regen timer updates conflict with unexpected Creature updates and timer never set less that normal diff values. """,2011-04-15 00:12:15,VladimirMangos,mangos,MaNGOS,ba1d88a7d88b9ddde5ba35d057fb6016e156df1a,VladimirMangos,29081,"pet::Update call Creature::Update and in creature update before chnages exist explcit assign different value to regentTimer
In some cases Pet regen timer updates conflict with unexpected Creature updates and timer never set less that normal diff values.
getmangos.com thread have nice log example like  timer value changes.
",2011-04-15T12:12:15Z,2011-04-15T12:12:15Z
263007,1,"> The file src/shared/revision_sql.h must be updated  Fixed in [11116]. Thank you :)""",2011-02-07 00:41:11,VladimirMangos,mangos,MaNGOS,291fe28c1c5874685a87713372416e0a58d1d97f,VladimirMangos,29081,"> The file src/shared/revision_sql.h must be updated

Fixed in [11116]. Thank you :)
",2011-02-07T11:41:11Z,2011-02-07T11:41:11Z
263275,0,"no, ofc. as i say like """"mind vision"""" so just look around in world by target eyes.""",2011-02-07 05:23:32,VladimirMangos,mangos,MaNGOS,291fe28c1c5874685a87713372416e0a58d1d97f,VladimirMangos,29081,"no, ofc. as i say like ""mind vision"" so just look around in world by target eyes.
",2011-02-07T16:23:32Z,2011-02-07T16:23:32Z
242635,0,"     Can't compile X64 under vs2010, returnng this error :   5>d:\mangos\mangos\src\game\spellmgr.cpp(1226): error C4716: 'DoSpellProcEvent::AddEntry' : must return a value""",2011-01-17 01:04:27,Fra298,mangos,MaNGOS,ab0945cafd420ae5d409db55ab7447fd555139f3,Fra298,108855,"```
Can't compile X64 under vs2010, returnng this error : 
```

5>d:\mangos\mangos\src\game\spellmgr.cpp(1226): error C4716: 'DoSpellProcEvent::AddEntry' : must return a value
",2011-01-17T12:04:27Z,2011-01-17T12:04:27Z
242324,0,"need DROP rights on characters db (for TRUNCATE)""",2011-01-16 13:45:18,vermie,mangos,MaNGOS,63638810ee3d636cc9521e8a17ee897d1b8628c4,vermie,238162,"need DROP rights on characters db (for TRUNCATE)
",2011-01-17T00:45:18Z,2011-01-17T00:45:18Z
242205,0,"11018""",2011-01-16 07:27:16,deathart,mangos,MaNGOS,2a0d23ab0947705bc34a6cb2f033b6638a21c2f9,deathart,436468,"11018
",2011-01-16T18:27:16Z,2011-01-16T18:27:16Z
228407,0,"Compile should be fixed in 10938.""",2010-12-29 09:31:08,zergtmn,mangos,MaNGOS,808059e1c0b254d40f912e2f1f5328e829d97c78,technoir42,119192,"Compile should be fixed in 10938.
",2010-12-29T20:31:08Z,2010-12-29T20:31:08Z
190113,0,"this doesn't helps, the problem just modified a bit (for example in one time all totems, all temp enchant and mob corpses are disappears/deleted/despawned in one moment at whole server). I found the originally source of problem - it's 10687, with reverted """,2010-11-09 22:40:18,insider42,mangos,MaNGOS,925318e60faddecccf0eb2dadebc1bab40053415,insider42,137344,"this doesn't helps, the problem just modified a bit (for example in one time all totems, all temp enchant and mob corpses are disappears/deleted/despawned in one moment at whole server). I found the originally source of problem - it's 10687, with reverted both commits seems all works ok.
",2010-11-10T09:40:18Z,2010-11-10T11:51:12Z
170579,0,"post n.40 is dated 03/09/2009 so it's for 3.x""",2010-10-16 23:28:07,Revils,mangos,MaNGOS,ae33712f46e641e676f57709469bab0409dcc9ce,Revils,142126,"post n.40 is dated 03/09/2009 so it's for 3.x
",2010-10-17T11:28:07Z,2010-10-17T11:28:28Z
159897,0,"I'm getting this on linux: ../../../src/game/Object.h:521:7: warning: no newline at end of file""",2010-10-01 03:06:25,Revils,mangos,MaNGOS,e0d14818d9c81db6af264809dbfdde2b7f1e1417,Revils,142126,"I'm getting this on linux:
../../../src/game/Object.h:521:7: warning: no newline at end of file
",2010-10-01T15:06:25Z,2010-10-01T15:06:25Z
140073,0,"Why was these not added to a Update SQL?""",2010-09-03 02:31:23,Singlem,mangos,MaNGOS,928f361595cb84ec1e8359862ec23cd4aaa2a665,Singlem,216122,"Why was these not added to a Update SQL?
",2010-09-03T14:31:23Z,2010-09-03T14:31:23Z
124263,0,"yes, i fix some typos already locally while prepare next step commit for chat command parsing""",2010-08-06 05:09:04,VladimirMangos,mangos,MaNGOS,d486072053f8e057caad6c08ff010837993b6616,VladimirMangos,29081,"yes, i fix some typos already locally while prepare next step commit for chat command parsing
",2010-08-06T17:09:04Z,2010-08-06T17:09:04Z
120997,1,"We already have the possibility to script instanced map, no reason to script it more than once i assume :)""",2010-08-01 09:48:07,NoFantasy,mangos,MaNGOS,b0ec7e16b0900710f756b26e6f61d43036345ff4,NoFantasy,28895,"We already have the possibility to script instanced map, no reason to script it more than once i assume :)
",2010-08-01T21:48:07Z,2010-08-01T21:48:07Z
93132,0,"game.lib(Object.obj)""""  Do a clean build.""",2010-06-12 05:24:10,akreao,mangos,MaNGOS,0503742083ece6b39cbc376db98681d10fc183c8,akreao,74007,"""game.lib(Object.obj)""

Do a clean build.
",2010-06-12T17:24:10Z,2010-06-12T17:24:10Z
93016,0,"Wrong merge conflict solving? double existing definition of SetAuraMaxDuration(maxduration); (check if there are 2, remove one of those lines)""",2010-06-12 00:39:44,Darkrulerz,mangos,MaNGOS,0503742083ece6b39cbc376db98681d10fc183c8,DarkYodah,188294,"Wrong merge conflict solving?
double existing definition of SetAuraMaxDuration(maxduration); (check if there are 2, remove one of those lines)
",2010-06-12T12:39:44Z,2010-06-12T12:39:44Z
81990,0,"Hmm, i not change this part in commit. As in old way work it 1) need looting all before skinning 2) if creature _can_ have loot it show loot window (possible empty) 3) if for creature not set any loot then skining allowed from start  If you point that loot""",2010-05-19 10:33:40,VladimirMangos,mangos,MaNGOS,fffbddb5888c8cebc1e0e933d29a5e49470bc70a,VladimirMangos,29081,"Hmm, i not change this part in commit. As in old way work it
1) need looting all before skinning
2) if creature _can_ have loot it show loot window (possible empty)
3) if for creature not set any loot then skining allowed from start

If you point that loot windows _always must be show before skining for any skining case, then
I not sure that this need fixed, at least it can be in lowlest prio, maybe infinity ;)
",2010-05-19T22:33:40Z,2010-05-19T22:34:07Z
80487,0,"It fix thing at level that exist at this moment. Apply more generic sollutions is another porblem not related to this specific problem. Added code in same way as old will be reused and not big affected in more generic use applied.   One from really bad thi""",2010-05-17 00:26:12,VladimirMangos,mangos,MaNGOS,05ca9ff771731f96cedbb0f90ef6ebd59022f2cb,VladimirMangos,29081,"It fix thing at level that exist at this moment. Apply more generic sollutions is another porblem not related to this specific problem. Added code in same way as old will be reused and not big affected in more generic use applied. 

One from really bad things as i already say mix different problems fixing in one code changes.
",2010-05-17T12:26:12Z,2010-05-17T12:27:50Z
79892,0,"X-53 Touring Rocket (New RAF reward) uses the same mechanic as these mounts. It's a two-seater though, so I don't know how you'll deal with that. Probably just not be able to use the second seat, which is treated as a vehicle.""",2010-05-15 01:49:20,Olynn,mangos,MaNGOS,5fdb9b7cf4423915f6a131dd7fd64010594eada9,Olynn,248901,"X-53 Touring Rocket (New RAF reward) uses the same mechanic as these mounts. It's a two-seater though, so I don't know how you'll deal with that. Probably just not be able to use the second seat, which is treated as a vehicle.
",2010-05-15T13:49:20Z,2010-05-15T13:49:20Z
76379,0,"Why by default set 1 ?""",2010-05-07 15:09:11,Butch3r,mangos,MaNGOS,1d1ec20a02eccb9fb3fd43156146f7e71b482c19,Butch3r,33446,"Why by default set 1 ?
",2010-05-08T03:09:11Z,2010-05-08T03:09:11Z
76547,0,"yes, i'm a little confuse too with this commit, what exactly clean?""",2010-05-08 02:48:19,nanouniko,mangos,MaNGOS,1d1ec20a02eccb9fb3fd43156146f7e71b482c19,nanouniko,61754,"yes, i'm a little confuse too with this commit, what exactly clean?
",2010-05-08T14:48:19Z,2010-05-08T14:48:19Z
66475,0,"chnage not affect code work, it just use singed int for avoid build warning.  Spell::EffectSchoolDMG too big for find source of crash by function name. Need exactly line number for not modifed sources.""",2010-04-14 10:34:30,VladimirMangos,mangos,MaNGOS,47e89d3f8b18198765001d60e012f0ebaefe01db,VladimirMangos,29081,"chnage not affect code work, it just use singed int for avoid build warning.

Spell::EffectSchoolDMG too big for find source of crash by function name. Need exactly line number for not modifed sources.
",2010-04-14T22:34:30Z,2010-04-14T22:35:32Z
64726,0,"Can someone provide proper SQL for gossip working?""",2010-04-10 06:11:55,Andrewzz,mangos,MaNGOS,ff03b1fcd0f2ddab9942d44378a758e5918ee998,Andrewzz,161734,"Can someone provide proper SQL for gossip working?
",2010-04-10T18:11:55Z,2010-04-10T18:11:55Z
54485,1,"a bit;) i'm gonna check it again temp i modified it with mover_guid.... dunno if that works but server uptime 13 h so far...""",2010-03-10 21:32:55,roby10,mangos,MaNGOS,fcfea70b7dcde1013fccbe670a8ff5bb6c63f722,roby10,97956,"a bit;) i'm gonna check it again temp i modified it with mover_guid.... dunno if that works but server uptime 13 h so far...
",2010-03-11T08:32:55Z,2010-03-11T08:32:55Z
56458,0,"this commit caused crash on totem summon http://paste2.org/p/716069""",2010-03-18 00:31:20,DrKLO,mangos,MaNGOS,7661fe98398107a968c68d1a346002a70db772b1,DrKLO,69369,"this commit caused crash on totem summon
http://paste2.org/p/716069
",2010-03-18T11:31:20Z,2010-03-18T11:31:20Z
50502,1,"ok, thanks for confirmation.""",2010-02-24 07:36:47,VladimirMangos,mangos,MaNGOS,1eec3cbcaff0b044507718345d485bcf40d579d7,VladimirMangos,29081,"ok, thanks for confirmation.
",2010-02-24T18:36:47Z,2010-02-24T18:36:47Z
49894,1,"Thanks for this   =D""",2010-02-22 08:16:04,Andrewzz,mangos,MaNGOS,cf4bec609ed00a8f2edfb4b3e1fd699c2d029980,Andrewzz,161734,"Thanks for this   =D
",2010-02-22T19:16:04Z,2010-02-22T19:16:04Z
49512,2,"Relax TGM. They just do it to break our patch files and screw with our custom stuff.""",2010-02-20 08:49:46,SkyFire,mangos,MaNGOS,0e3b2bc8392fa41ba1126c1e55a7aee1343d0e38,SkyFire,32227,"Relax TGM.
They just do it to break our patch files and screw with our custom stuff.
",2010-02-20T19:49:46Z,2010-02-20T19:49:46Z
47677,1,"Nice work !""",2010-02-12 10:49:05,tendonsie,mangos,MaNGOS,12987be49b588558bbb2f8c5b2b813ec3224f8b3,tendonsie,35257,"Nice work !
",2010-02-12T21:49:05Z,2010-02-12T21:49:05Z
46097,1,"sounds like a good plan to me... i belive the term that comes to mind then is """"put up or ...."""" you know the rest...""",2010-02-06 05:37:37,3raZar3,mangos,MaNGOS,fbac195484901674f41104abd105aa4d9958f12a,3raZar3,168097,"sounds like a good plan to me... i belive the term that comes to mind then is ""put up or ...."" you know the rest...
",2010-02-06T16:37:37Z,2010-02-06T16:37:37Z
45348,1,"Graz! ;)""",2010-02-02 14:57:18,Butch3r,mangos,MaNGOS,aff0a4807178cdc6ebc2e3fa0e5adfba8d6e4779,Butch3r,33446,"Graz! ;)
",2010-02-03T01:57:18Z,2010-02-03T01:57:18Z
46113,0," Lutik, you are right. this is not problem base at fact that currently we use 0 as highguid for players, but anyway wrong way extract low guid. Specially because at off servers used <>0 high guid for players and possible we also switch to at some moment.""",2010-02-06 06:18:42,VladimirMangos,mangos,MaNGOS,feb8f13e457ea72affdbe90bcd1f84485cd8ee31,VladimirMangos,29081," Lutik, you are right. this is not problem base at fact that currently we use 0 as highguid for players, but anyway wrong way extract low guid.
Specially because at off servers used <>0 high guid for players and possible we also switch to at some moment.

In [9315]. Thank you.
",2010-02-06T17:18:42Z,2010-02-06T17:18:42Z
40577,1,"Thanks :) ^^""",2010-01-01 03:37:49,morphau,mangos,MaNGOS,9a60fd80bbc32abb9c55beb9c67264492205702c,morphau,96575,"Thanks :) ^^
",2010-01-01T14:37:49Z,2010-01-01T14:37:49Z
40212,0,"As i know warlock's pets is permanent pets and should follow to owner if owner is mounted (this how it works on blizz servers), so with this                  if (pet->IsPermanentPetFor((Player*)this))                     ((Player*)this)->UnsummonPetTempo""",2009-12-29 00:38:56,insider42,mangos,MaNGOS,ed2abc70045c39483e5178a6adf369878d91a7eb,insider42,137344,"As i know warlock's pets is permanent pets and should follow to owner if owner is mounted (this how it works on blizz servers), so with this 
                if (pet->IsPermanentPetFor((Player_)this))
                    ((Player_)this)->UnsummonPetTemporaryIfAny();
you will broke this thing

maybe you just confused this checks and should be
            // Normal case (Unsummon only guardians)
            else
            {
                if (Pet\* pet = GetPet())
                    pet->ApplyModeFlags(PET_MODE_DISABLE_ACTIONS,true);
                else
                    ((Player*)this)->UnsummonPetTemporaryIfAny();
            }
instead?

or just this
           // Normal case
            else if (Pet\* pet = GetPet())
                pet->ApplyModeFlags(PET_MODE_DISABLE_ACTIONS,true);
",2009-12-29T11:38:56Z,2009-12-29T11:38:56Z
39909,1,"in [9069] removed. Thank you :)""",2009-12-25 08:27:39,VladimirMangos,mangos,MaNGOS,6db900b3a7df183c85ed6cfaacb5582fad99474f,VladimirMangos,29081,"in [9069] removed. Thank you :)
",2009-12-25T19:27:39Z,2009-12-25T19:27:39Z
38969,0,"Remember to update 3.3.0 branch so it supports 3.3.0 again!""",2009-12-16 16:46:08,Patman64,mangos,MaNGOS,8252940c22da9532ceacb1c3cc23f42e8d47fa13,PatSmuk,75297,"Remember to update 3.3.0 branch so it supports 3.3.0 again!
",2009-12-17T03:46:08Z,2009-12-17T03:46:08Z
39033,1,"thanks, sounds good.. i thought all those forms aren't used anymore.. we was thinking about: if player should be allowed to use other spells besides those from the form (pm'ed you also about this)""",2009-12-17 05:03:04,balrok,mangos,MaNGOS,f50efa614ae4e4ae8a73e96b65443ea6156c6c9b,balrok,29128,"thanks, sounds good.. i thought all those forms aren't used anymore..
we was thinking about: if player should be allowed to use other spells besides those from the form
(pm'ed you also about this)
",2009-12-17T16:03:04Z,2009-12-17T16:03:04Z
30653,0,"with (a XOR b) if a and b are the same number the result is 0 and else its different of zero. Here its used for compare isAlive with IsDeathOnlySpell""",2009-09-29 03:01:35,Opterman,mangos,MaNGOS,e294da6bbf004ac1124db9e6cb1ce0b780277f5d,gaussianrecurrence,73309,"with (a XOR b) if a and b are the same number the result is 0 and else its different of zero. Here its used for compare isAlive with IsDeathOnlySpell
",2009-09-29T15:01:35Z,2009-09-29T15:01:35Z
30032,0,"Talent 64129 should trigger only with spell 17 and ranks too.""",2009-09-19 03:27:46,lfad,mangos,MaNGOS,cfedc80120ccf3433029d45092dd9124a329d7c0,lfad,128957,"Talent 64129 should trigger only with spell 17 and ranks too.
",2009-09-19T15:27:46Z,2009-09-19T15:27:46Z
24284,0,"In sql file. """"Ste free talent pointes"""" => """"Set free talent points""""""",2009-06-24 00:32:04,Neo2003,mangos,MaNGOS,f576f0a11981899efa8049ef694ffaecf9645fba,Neo2003,28825,"In sql file.
""Ste free talent pointes"" => ""Set free talent points""
",2009-06-24T12:32:04Z,2009-06-24T12:32:04Z
18170,0,"Error when applying 7615_01_mangos_command.sql.  The:  CHANGE COLUMN required_7568_01_mangos_spell_proc_event required_7615_01_mangos_command bit;  The last SQL file for mangos-0.12 was """"7565_01_mangos_mangos_string.sql"""" """,2009-04-04 13:28:23,henhouse,mangos,MaNGOS,7dc21a085b0d10a090bdde450a4e29ffe9234102,henhouse,30731,"Error when applying 7615_01_mangos_command.sql.

The:

CHANGE COLUMN required_7568_01_mangos_spell_proc_event required_7615_01_mangos_command bit;

The last SQL file for mangos-0.12 was ""7565_01_mangos_mangos_string.sql""
",2009-04-05T01:28:23Z,2009-04-05T01:28:23Z
1762076,2,"Godspeed Schmoo! :'(""",2012-08-24 04:16:32,HerrTrigger,mangos,MaNGOS,493dfc2ea08bf315dfe67358d330ca9fb2d09587,HerrTrigger,915446,"Godspeed Schmoo! :'(
",2012-08-24T16:16:32Z,2012-08-24T16:16:32Z
1606349,2,"Yes I am aware of this :(  But I got really fed up by always hiding patches into cleanup code. Hence I went for one big flush..  Also there are currently no important patches waiting for review so I would not hurt contributors (who are the ones that i coun""",2012-07-19 09:38:48,Schmoozerd,mangos,MaNGOS,3ab28d222e83bef1cd9b23bdd84eb2d1b7318deb,Schmoozerd,299104,"Yes I am aware of this :(

But I got really fed up by always hiding patches into cleanup code.
Hence I went for one big flush..

Also there are currently no important patches waiting for review so I would not hurt contributors (who are the ones that i count)
",2012-07-19T21:38:48Z,2012-07-19T21:38:48Z
1607653,2,"Githubs eats my comments =(""",2012-07-19 18:12:02,Zakamurite,mangos,MaNGOS,3ab28d222e83bef1cd9b23bdd84eb2d1b7318deb,Zakamurite,489591,"Githubs eats my comments =(
",2012-07-20T06:12:02Z,2012-07-20T06:12:02Z
1598307,2,"ah you mean the removegraveyard? that was xfurry's :(""",2012-07-18 01:35:04,stfx,mangos,MaNGOS,fb1392b3cdab9b70f5497aab73a1babde515d5e0,DomGries,341158,"ah you mean the removegraveyard? that was xfurry's :(
",2012-07-18T13:35:04Z,2012-07-18T13:35:04Z
1586940,2,"obviously :( And fixed in 12052""",2012-07-16 03:22:44,Schmoozerd,mangos,MaNGOS,9deb329d21aacb7cbe8e64ba4510feeb3428522d,Schmoozerd,299104,"obviously :(
And fixed in 12052
",2012-07-16T15:22:44Z,2012-07-16T20:14:00Z
1582698,2,"yes, this is at least a source.  Remains to figure if this is a good one or not :(""",2012-07-15 01:49:27,Schmoozerd,mangos,MaNGOS,16f03b4c8420dba7cd44531d79668ad97cbdfae9,Schmoozerd,299104,"yes, this is at least a source.

Remains to figure if this is a good one or not :(
",2012-07-15T13:49:27Z,2012-07-15T13:49:27Z
1534416,2,"your don't understand me :( see https://github.com/mangosR2/mangos/commit/7d2fb98deda53695056c5861105c9acfb4c68c50""",2012-07-03 05:49:47,rsa,mangos,MaNGOS,f761a3acc8e24cedc46b5e81b0bc88812497ee86,rsa,148874,"your don't understand me :( see https://github.com/mangosR2/mangos/commit/7d2fb98deda53695056c5861105c9acfb4c68c50
",2012-07-03T17:49:47Z,2012-07-03T17:49:47Z
1447332,2,"<offtopic> sorry for this post here :( In forum you have very nice post about Mangos in production servers make by Kero, is possible to move it to the mangos' wiki? </offtopic>""",2012-06-12 02:56:52,raynar,mangos,MaNGOS,c709959bc4db4163d4d81e5e2c2cca49f715ea34,raynar,140097,"<offtopic>
sorry for this post here :(
In forum you have very nice post about Mangos in production servers make by Kero, is possible to move it to the mangos' wiki?
</offtopic>
",2012-06-12T14:56:52Z,2012-06-12T14:56:52Z
942730,2,"Ah, yes, sorry for bothering ;/""",2012-02-07 10:04:54,michalpolko,mangos,MaNGOS,dfa3d9a086e55d81428652074b48cff37aeeacf2,michalpolko,209975,"Ah, yes, sorry for bothering ;/
",2012-02-07T21:04:54Z,2012-02-07T21:04:54Z
918185,2,"yes, sure, thank you - copy and paste from go instead unit :(""",2012-01-31 02:28:18,Schmoozerd,mangos,MaNGOS,48f5a8c6b4cee3e924e684794b4a3868c54baf4f,Schmoozerd,299104,"yes, sure, thank you - copy and paste from go instead unit :(
",2012-01-31T13:28:18Z,2012-01-31T13:28:18Z
872317,2,"thanks @Schmoozerd, i wanted to do it but didn't find my old command anymore and then forgot about it... :( *blames everyone else and the whole world and wanders off again*""",2012-01-16 11:02:17,DasBlub,mangos,MaNGOS,1e35033c12a6f506a865ddbba5d936c107ce0d1a,DasBlub,32297,"thanks @Schmoozerd, i wanted to do it but didn't find my old command anymore and then forgot about it... :(
_blames everyone else and the whole world and wanders off again_
",2012-01-16T22:02:17Z,2012-01-16T22:02:17Z
872375,2,"don't be so lazy Btw, command was easy to find with git log --grep=""""copyr"""" :P  @PSZ then it might be possible that binary files would be changed :(""",2012-01-16 11:19:50,Schmoozerd,mangos,MaNGOS,1e35033c12a6f506a865ddbba5d936c107ce0d1a,Schmoozerd,299104,"don't be so lazy
Btw, command was easy to find with git log --grep=""copyr"" :P

@PSZ
then it might be possible that binary files would be changed :(
",2012-01-16T22:19:50Z,2012-01-16T22:19:50Z
710351,2,"because I forgot to ammend them to the patch :( Thank you for noting and zergtmn for fixing.""",2011-11-10 20:42:33,Schmoozerd,mangos,MaNGOS,ab8383d9fe6aa025217c17ad3bffc29015dc3139,Schmoozerd,299104,"because I forgot to ammend them to the patch :(
Thank you for noting and zergtmn for fixing.
",2011-11-11T07:42:33Z,2011-11-11T07:42:33Z
654486,2,"Error compilation under linux :( """,2011-10-16 04:26:58,morphau,mangos,MaNGOS,a81eb7ff60f0950d53d4611ddd6d068a0d26fb99,morphau,96575,"Error compilation under linux :(
",2011-10-16T16:26:58Z,2011-10-16T16:26:58Z
613677,2,"I'll just leave this """"discussion"""" before it evolves in a flame war.  @topic: I stay with this commit, meaning that I am confident it is correct. If anybody does not agree, please give arguments and proof.  """,2011-09-26 23:03:05,Schmoozerd,mangos,MaNGOS,b1dee7962d02131b83c9401cf2e31c51e920f54d,Schmoozerd,299104,"I'll just leave this ""discussion"" before it evolves in a flame war.

@topic: I stay with this commit, meaning that I am confident it is correct. If anybody does not agree, please give arguments and proof.
",2011-09-27T11:03:05Z,2011-09-27T11:03:05Z
594969,2,"seems extremely dangerous in a multitasking environment :( however, the practice will take a look ...""",2011-09-16 20:16:55,rsa,mangos,MaNGOS,cfbc2a6efdb875c6253eca77e9f761ee49491a1b,rsa,148874,"seems extremely dangerous in a multitasking environment :( however, the practice will take a look ...
",2011-09-17T08:16:55Z,2011-09-17T08:16:55Z
481855,2,"@Undergarun: Only auction table or cleaned item_instance as well? DELETE FROM item_instance WHERE owner_id==0; typed blind will be wrong!""",2011-07-17 11:10:34,SkirnirMaNGOS,mangos,MaNGOS,f594ea20c57ccb796dd15e39d4d4165682c58b4c,SkirnirMaNGOS,80424,"@Undergarun: Only auction table or cleaned item_instance as well? DELETE FROM item_instance WHERE owner_id==0; typed blind will be wrong!
",2011-07-17T23:10:34Z,2011-07-17T23:10:34Z
428396,2,"i don't have solution either :( i was never have problems with compiling MaNGOS until revision 11619 (error C2248: 'ObjectGuid::ObjectGuid' : cannot access private member declared in class 'ObjectGuid') if I update to r11628+ i have (error C2664: 'std::t""",2011-06-13 08:27:06,lakilak,mangos,MaNGOS,a4e08e8f6d846947401a1925e34a31ea7ee4a716,lakilak,845038,"i don't have solution either :(
i was never have problems with compiling MaNGOS until revision 11619 (error C2248: 'ObjectGuid::ObjectGuid' : cannot access private member declared in class 'ObjectGuid')
if I update to r11628+ i have (error C2664: 'std::tr1::hash_value' : cannot convert parameter 1 from 'uint64' to 'const ObjectGuid &')
when I revert to r11618 i don't have problem with compile...
I will try with VS2010 next.... :(
",2011-06-13T20:27:06Z,2011-06-13T20:27:06Z
400005,2,"if you set rotation2 and rotation3 fields to zero they are spawned correctly yes, _BUT_ then rotation is incorrect :( e.g. SotA boats (move into opposite direction)""",2011-05-25 08:03:30,DoesntMatter,mangos,MaNGOS,2bcbc0fbfe63fab389e4f4f875ac215852bff8b6,DoesntMatter,228580,"if you set rotation2 and rotation3 fields to zero they are spawned correctly yes, _BUT_ then rotation is incorrect :(
e.g. SotA boats (move into opposite direction)
",2011-05-25T20:03:30Z,2011-05-25T20:03:30Z
330960,2,"Yep, my bad, DonTomika =/""",2011-04-05 19:33:09,Ambal,mangos,MaNGOS,d107087732c26b3b10828f5c7439e60300e09b1d,Ambal,101150,"Yep, my bad, DonTomika =/
",2011-04-06T07:33:09Z,2011-04-06T07:33:09Z
302562,2,"Confirmed, that's really old and annoying bug. This usually happens with heirlooms sent back to main character from deleted twink: players usually delete twink right after logout before they take items from mail.""",2011-03-15 04:49:34,Inquisitor,mangos,MaNGOS,ab8e3afb374b6a046cd8d621155e606143ec7fe8,Inquisitor,203160,"Confirmed, that's really old and annoying bug. This usually happens with heirlooms sent back to main character from deleted twink: players usually delete twink right after logout before they take items from mail.
",2011-03-15T15:49:34Z,2011-03-15T15:50:12Z
303241,2,"> that's really old and annoying bug.   It's not bug until it not propertly reported but just user _personal_ problem.  Must be fixed in [11255]""",2011-03-15 13:04:34,VladimirMangos,mangos,MaNGOS,ab8e3afb374b6a046cd8d621155e606143ec7fe8,VladimirMangos,29081,"> that's really old and annoying bug. 

It's not bug until it not propertly reported but just user _personal_ problem.

Must be fixed in [11255]
",2011-03-16T00:04:34Z,2011-03-16T00:04:34Z
245715,2,"Hi Ambal, i know is too late but my players start to report pet losses and problems with stables since i am testing this patch. :(""",2011-01-19 14:43:00,Axxus,mangos,MaNGOS,e3f9836babaaf7ac525949656910a1fe44f5f58d,Axxus,149947,"Hi Ambal, i know is too late but my players start to report pet losses and problems with stables since i am testing this patch. :(
",2011-01-20T01:43:00Z,2011-01-20T01:46:20Z
242980,2,"pff... you're destroying the identifying part of mangos: the denglish & engrish !! stop doing it :(""",2011-01-17 08:05:59,DasBlub,mangos,MaNGOS,2313cb322eed9f57c49c687d1f5afb9bee7c3293,DasBlub,32297,"pff... you're destroying the identifying part of mangos: the denglish & engrish !!
stop doing it :(
",2011-01-17T19:05:59Z,2011-01-17T19:05:59Z
242822,2,"sorry, i guess i should pay more attention to compiler warnings...""",2011-01-17 05:19:36,Lynx3d,mangos,MaNGOS,ab0945cafd420ae5d409db55ab7447fd555139f3,Lynx3d,151539,"sorry, i guess i should pay more attention to compiler warnings...
",2011-01-17T16:19:36Z,2011-01-17T16:19:36Z
225764,2,"So stupid errors I did, jeez... I'm gonna kill myself right now =/""",2010-12-24 02:39:41,Ambal,mangos,MaNGOS,b33f05a1e092463ea286cfaa596d4d94e24835be,Ambal,101150,"So stupid errors I did, jeez... I'm gonna kill myself right now =/
",2010-12-24T13:39:41Z,2010-12-24T16:33:21Z
215571,2,"case m_targets.m_targetMask & TARGET_FLAG_SOURCE_LOCATION lost in this implement :(""",2010-12-11 03:27:31,rsa,mangos,MaNGOS,f121f4e971a445e1131e11aeb943f17f853c8303,rsa,148874,"case m_targets.m_targetMask & TARGET_FLAG_SOURCE_LOCATION
lost in this implement :(
",2010-12-11T14:27:31Z,2010-12-11T14:27:31Z
196826,2,"Oh, sorry it was my mistake.""",2010-11-17 21:36:24,xfurry,mangos,MaNGOS,ff5232c64809207b5fa59d62e9870f58a36b6f3f,xfurry,172444,"Oh, sorry it was my mistake.
",2010-11-18T08:36:24Z,2010-11-18T08:36:24Z
188373,2,"you are right :( Fixed in [10702]""",2010-11-08 08:58:38,VladimirMangos,mangos,MaNGOS,b63a43e6a49e651dd42c36153af747e7e24575ee,VladimirMangos,29081,"you are right :( Fixed in [10702]
",2010-11-08T19:58:38Z,2010-11-08T19:58:38Z
178636,2,"anyway crashes still exist :( http://getmangos.com/community/viewtopic.php?id=9445&p=2 last 5 posts""",2010-10-27 01:11:35,Limur,mangos,MaNGOS,3c0f8c0efca896fd900adc7bc4cce6ec6360086c,Limur,130334,"anyway crashes still exist :( http://getmangos.com/community/viewtopic.php?id=9445&p=2 last 5 posts
",2010-10-27T13:11:35Z,2010-10-27T13:11:35Z
170703,2,"it was copy-pasted from the old code :\ thanks""",2010-10-17 04:53:40,SilverIce,mangos,MaNGOS,28d9aba80a43519bfaad27bbca57ddb72b29dca7,SilverIce,107977,"it was copy-pasted from the old code :\
thanks
",2010-10-17T16:53:40Z,2010-10-17T23:40:59Z
160636,2,"Flame Leviathan is bad example, because it always follows one particular target at time, regardless of threat levels.""",2010-10-02 08:03:47,zergtmn,mangos,MaNGOS,11f952b3a68ba747b6045c5adc165050407658b6,technoir42,119192,"Flame Leviathan is bad example, because it always follows one particular target at time, regardless of threat levels.
",2010-10-02T20:03:47Z,2010-10-02T20:03:47Z
142069,2,"yes, swimming case missing, but in pet code possible :(""",2010-09-06 23:35:33,VladimirMangos,mangos,MaNGOS,d8a9cad55f8197d714dde51949e8b01573f09142,VladimirMangos,29081,"yes, swimming case missing, but in pet code possible :(
",2010-09-07T11:35:33Z,2010-09-07T11:35:33Z
144581,2,"Spawned GO still in mangos not have real size... and ofc, geometry also... unknown way calculate it :( """,2010-09-10 01:11:47,VladimirMangos,mangos,MaNGOS,1a35175e1647123344534ab9b060b31a1faddd6c,VladimirMangos,29081,"Spawned GO still in mangos not have real size... and ofc, geometry also... unknown way calculate it :(
",2010-09-10T13:11:47Z,2010-09-10T13:11:47Z
124990,2,"Totally sorry, author of this is Schmoozerd. Wires from brain to keyboard failed, and I pushed without amend with author.""",2010-08-08 08:49:25,NoFantasy,mangos,MaNGOS,e28d065e668229d36151aaa5bfe40cd3c34b1224,NoFantasy,28895,"Totally sorry, author of this is Schmoozerd. Wires from brain to keyboard failed, and I pushed without amend with author.
",2010-08-08T20:49:25Z,2010-08-08T20:49:25Z
116266,2,"Yeah it crashes even on my localhost when I use [Eyes of the Beast](http://www.wowhead.com/spell=1002) :(""",2010-07-24 11:35:47,LordJZ,mangos,MaNGOS,b6bcb21563c3c6706a65f88575c92066d5ff2dbe,LordJZ,32092,"Yeah it crashes even on my localhost when I use [Eyes of the Beast](http://www.wowhead.com/spell=1002) :(
",2010-07-24T23:35:47Z,2010-07-24T23:35:56Z
93766,2,"ah sorry, i didn't read it correctly... thought you'd define the TYPELIST_* things there :/""",2010-06-14 03:22:40,DasBlub,mangos,MaNGOS,5208b2bb94810cd70c198826092558e241441822,DasBlub,32297,"ah sorry, i didn't read it correctly... thought you'd define the TYPELIST_\* things there :/
",2010-06-14T15:22:40Z,2010-06-14T15:22:40Z
93273,2,"sorry i was wrong, you are right on this""",2010-06-12 21:45:08,Shauren,mangos,MaNGOS,03079ab9f724647d2a7519e15c7eeb8e477600b5,Shauren,297439,"sorry i was wrong, you are right on this
",2010-06-13T09:45:08Z,2010-06-13T09:45:08Z
90044,2,"Oh :( Thank you for pointing...  Spell related part of commit reverted in [10039].""",2010-06-06 06:04:38,VladimirMangos,mangos,MaNGOS,3a845b26fc84ec77810da211d10e253dfe4c6f52,VladimirMangos,29081,"Oh :( Thank you for pointing...

Spell related part of commit reverted in [10039].
",2010-06-06T18:04:38Z,2010-06-06T18:04:38Z
80959,2,"ofc :( I will fix in next commit""",2010-05-17 17:22:34,VladimirMangos,mangos,MaNGOS,a3e0bce06d9ffe9656e4cc9c700cebdfc8d3f000,VladimirMangos,29081,"ofc :( I will fix in next commit
",2010-05-18T05:22:34Z,2010-05-18T05:22:34Z
79460,2,"yeah just found that out from a co-developer... once again, my bad, sorry vlad... when i pulled mangos into our repo i had already been working 8hr straight fiing errors i made myself and was loopy... sorry bout that guys""",2010-05-14 00:23:07,3raZar3,mangos,MaNGOS,6ab54464a1174b237c299a217d3044d3af4a049b,3raZar3,168097,"yeah just found that out from a co-developer... once again, my bad, sorry vlad... when i pulled mangos into our repo i had already been working 8hr straight fiing errors i made myself and was loopy... sorry bout that guys
",2010-05-14T12:23:07Z,2010-05-14T12:23:07Z
72884,2,"I hate VS2010, it's too slow :s""",2010-04-30 06:01:00,zergtmn,mangos,MaNGOS,abe5e815fe280b684fcdc8ebec2c94007bba5326,technoir42,119192,"I hate VS2010, it's too slow :s
",2010-04-30T18:01:00Z,2010-04-30T18:01:00Z
73744,2,"No sorry, insider42 based. dont this problem exist in clean core?, maybe Pala and DK spells related  Best regards""",2010-05-02 21:41:30,kero99,mangos,MaNGOS,8d982dbf555a25c480c4dae7ec2c79c378d4ad3c,kero99,143736,"No sorry, insider42 based. dont this problem exist in clean core?, maybe Pala and DK spells related

Best regards
",2010-05-03T09:41:30Z,2010-05-03T09:41:30Z
61514,2,"pff i gotta be dreaming. Somebody bitch slap me silly.""",2010-04-02 08:06:10,luisalvarado,mangos,MaNGOS,6b825a11f2671035dbc66832f76d270d0a8ee9fb,luisalvarado,29236,"pff i gotta be dreaming. Somebody bitch slap me silly.
",2010-04-02T20:06:10Z,2010-04-02T20:06:10Z
59258,2,"May still instead of breaking something that worked fine, committers will occupy finalizing abandoned halfway? The last 30 commits just a horror ...""",2010-03-28 02:38:29,rsa,mangos,MaNGOS,d6eccbd8e3ad269a129789c11c7e97d25549fcc7,rsa,148874,"May still instead of breaking something that worked fine, committers will occupy finalizing abandoned halfway? The last 30 commits just a horror ...
",2010-03-28T14:38:29Z,2010-03-28T14:38:29Z
54666,2,"Well finally something ... how long I waited this :(""",2010-03-11 06:55:52,rsa,mangos,MaNGOS,7e5e958785f95c5e9eb70f37c3ce60187eb42e6d,rsa,148874,"Well finally something ... how long I waited this :(
",2010-03-11T17:55:52Z,2010-03-11T17:55:52Z
48836,2,"gc, sorry for way how i write comment :/ I misundestand it and think that this complaint. :( I often first post and then only think :/""",2010-02-18 00:32:58,VladimirMangos,mangos,MaNGOS,00cc0e3b5c0b3fc107aba71a84e5dabda00dbf55,VladimirMangos,29081,"gc, sorry for way how i write comment :/ I misundestand it and think that this complaint. :( I often first post and then only think :/
",2010-02-18T11:32:58Z,2010-02-18T11:32:58Z
46267,2,"shame to the community? hmm what are you supplying to the community may i ask hmm?  and not to worry its been fixed... well not in mangos anyway *smirks*""",2010-02-07 09:20:56,3raZar3,mangos,MaNGOS,986e5b76ae8758d8c895edce483c8cb84801c57d,3raZar3,168097,"shame to the community? hmm what are you supplying to the community may i ask hmm?

and not to worry its been fixed... well not in mangos anyway _smirks_
",2010-02-07T20:20:56Z,2010-02-07T20:20:56Z
46388,2,"Ok, I am deeply sorry, my post should be deleted, no matter if its your repo or not :( I am was just angry when I saw that :(""",2010-02-08 02:20:58,Tasssadar,mangos,MaNGOS,986e5b76ae8758d8c895edce483c8cb84801c57d,Tasssadar,120108,"Ok, I am deeply sorry, my post should be deleted, no matter if its your repo or not :( I am was just angry when I saw that :(
",2010-02-08T13:20:58Z,2010-02-08T13:20:58Z
43086,2,"Serious bug found. If player don't move after looting chest, chest don't despawn and player may loot this again. Many-many times again :(""",2010-01-20 23:36:04,rsa,mangos,MaNGOS,6919496e14ff49c0c6b3ab825ab140e36442b392,rsa,148874,"Serious bug found. If player don't move after looting chest, chest don't despawn and player may loot this again. Many-many times again :(
",2010-01-21T10:36:04Z,2010-01-21T10:36:04Z
38855,2,"Bad :|""",2009-12-16 02:39:23,SplinterC,mangos,MaNGOS,8e8f7710e8baf29196256c6e0afcce1b7d3f3671,SplinterC,32366,"Bad :|
",2009-12-16T13:39:23Z,2009-12-16T13:39:23Z
37406,2,"Well my comment was related to przemratajczak's one. I'm sorry for accidentaly being somewhat cruel, anyway.""",2009-12-04 05:36:03,LordJZ,mangos,MaNGOS,56e693d118b63ac0d3589aed55bed3fd2c1d732b,LordJZ,32092,"Well my comment was related to przemratajczak's one. I'm sorry for accidentaly being somewhat cruel, anyway.
",2009-12-04T16:36:03Z,2009-12-04T16:36:03Z
35563,2,"Now we can't set instance reset time manually? :(""",2009-11-17 22:32:33,PSZ,mangos,MaNGOS,b5f81e5011c5c930c827b068284d305f4983e2a0,PSZ,154752,"Now we can't set instance reset time manually? :(
",2009-11-18T09:32:33Z,2009-11-18T09:32:33Z
34574,2,"Vladimir I wouldn't waste my breathe if I were you, but I'm not. You're trying to justify yourself to someone who says he hates C++ so he's learning C# instead.  jaddie the only reason I could see why someone would hate C++ is because some functions call""",2009-11-08 12:54:45,ryankearney,mangos,MaNGOS,40cde0ff369262a54691e1660882d0c4f99eb8d8,ryankearney,116006,"Vladimir I wouldn't waste my breathe if I were you, but I'm not. You're trying to justify yourself to someone who says he hates C++ so he's learning C# instead.

jaddie the only reason I could see why someone would hate C++ is because some functions calls like malloc/free get replaced with new/delete which may have slightly more overhead. But go ahead, learn C#. Well, you don't really have to learn C# since it's all just drag and drop. You clearly have no concept of programming.

If you know C++ you know C, and if you know C you can do so much more than what you can do with C#.
",2009-11-08T23:54:45Z,2009-11-08T23:54:45Z
33684,2,"same problem  cant use this update :(      8749 01 mangos mail loot template sql """,2009-10-30 00:01:37,Venom,mangos,MaNGOS,1fd8ad7496f520efa9e49f3678b412d7f5a9382d,Venom,132094,"same problem  cant use this update :(      8749 01 mangos mail loot template sql
",2009-10-30T11:01:37Z,2009-10-30T11:01:37Z
32438,2,"and like remark totally useless without crash line at least""",2009-10-18 19:44:57,VladimirMangos,mangos,MaNGOS,9c50d9e70314b0cd9eb0fe3bac8040d64a9965a5,VladimirMangos,29081,"and like remark totally useless without crash line at least
",2009-10-19T07:44:57Z,2009-10-19T07:44:57Z
31313,2,"yes, :( Last time i specially check mangos.sql Db version at real use with server start. So must be fixed now... and no other simialr problems""",2009-10-06 11:32:28,VladimirMangos,mangos,MaNGOS,1a338a6aa5bb1db66d2013867f8bed34e6d77d19,VladimirMangos,29081,"yes, :( Last time i specially check mangos.sql Db version at real use with server start. So must be fixed now... and no other simialr problems
",2009-10-06T23:32:28Z,2009-10-06T23:32:28Z
28670,2,"Unfortunately this solution creates a bug, since this aura affected by the type of weapon used ( e.g talent like 12284 and 13709 ) .  Implemented while back bit different solution: http://github.com/abcxaos/mangos/commit/7efab7fd38c3a753e967648ca8ef1f2c""",2009-09-02 03:15:55,sixsixnine,mangos,MaNGOS,2c5778366273e10d244688f6f0fb33d49289cf39,sixsixnine,66168,"Unfortunately this solution creates a bug, since this aura affected by the type of weapon used ( e.g talent like 12284 and 13709 ) .

Implemented while back bit different solution:
http://github.com/abcxaos/mangos/commit/7efab7fd38c3a753e967648ca8ef1f2cdfbac76c
http://github.com/abcxaos/mangos/commit/c37940b4b48a465f4046b354a75f9e0b8d0673a6
",2009-09-02T15:15:55Z,2009-09-02T15:15:55Z
22811,2,"off course, sorry bother you, i return to 7906 so i cant provide data :(""",2009-05-30 08:35:44,nanouniko,mangos,MaNGOS,28a79f10a18c3a3d079ba2edfab78bdf1eeef8b4,nanouniko,61754,"off course, sorry bother you, i return to 7906 so i cant provide data :(
",2009-05-30T20:35:44Z,2009-05-30T20:35:44Z
22836,2,"same problem ... buf changes should be completely reverted if you ask me!""",2009-05-31 02:48:19,NetSky,mangos,MaNGOS,72768af990ded10591958d0fe5a601552a2deeb7,NetSky,42629,"same problem ... buf changes should be completely reverted if you ask me!
",2009-05-31T14:48:19Z,2009-05-31T14:48:19Z
22830,2,"Recompiled version works fine, sorry.""",2009-05-30 21:00:12,burned,mangos,MaNGOS,197093bda268c1610978a2314b31c19a8c737f82,burned,29035,"Recompiled version works fine, sorry.
",2009-05-31T09:00:12Z,2009-05-31T09:00:12Z
21077,2,"sorry, but I don't understand you :/""",2009-05-10 22:23:51,AlexDereka,mangos,MaNGOS,00c7d15a78b1dcdbf888b768c55424183b2231e4,AlexDereka,29186,"sorry, but I don't understand you :/
",2009-05-11T10:23:51Z,2009-05-11T10:23:51Z
16092,2,"sorry i just got this wrong... this iteration is just for applied areaauras... but this must be related to some aurahandling changes afterall""",2009-03-04 19:23:25,NetSky,mangos,MaNGOS,28a62477300995778078a41a77279229b1188b65,NetSky,42629,"sorry i just got this wrong... this iteration is just for applied areaauras... but this must be related to some aurahandling changes afterall
",2009-03-05T06:23:25Z,2009-03-05T06:23:25Z
15859,2,"ok, sorry""",2009-03-02 06:11:12,charlie2025,mangos,MaNGOS,87a5e9aaaa6a7c3916bbe6198eba5fe884bef69e,charlie2025,31431,"ok, sorry
",2009-03-02T17:11:12Z,2009-03-02T17:11:12Z
3333531,1,"hey guys, glad to see mangos back!""",2013-06-01 03:11:20,chglove,mangos,MaNGOS,130dc6b484f165feb9a96e81bfba7d112e5e9c0b,chglove,667056,"hey guys, glad to see mangos back!
",2013-06-01T15:11:20Z,2013-06-01T15:11:20Z
3146138,1,"ahaha :+1: """,2013-05-04 06:49:07,Sar777,mangos,MaNGOS,c3bfe7cacb992e9a7f5184e5ca5c1193429194e4,Sar777,320567,"ahaha :+1: 
",2013-05-04T18:49:07Z,2013-05-04T18:49:07Z
1859834,1,"epic :)""",2012-09-15 07:46:52,Sar777,mangos,MaNGOS,30c481df5dd263682a9bfc23822114f5bbc8a1d6,Sar777,320567,"epic :)
",2012-09-15T19:46:52Z,2012-09-15T19:46:52Z
1860014,1,"rofl?""",2012-09-15 10:09:32,Fabi,mangos,MaNGOS,30c481df5dd263682a9bfc23822114f5bbc8a1d6,Fabi,246718,"rofl?
",2012-09-15T22:09:32Z,2012-09-15T22:09:32Z
1893039,1,"yaaay :)""",2012-09-23 09:08:45,Tasssadar,mangos,MaNGOS,5ff65d81f835d3057e1493f450ca0588f6f054be,Tasssadar,120108,"yaaay :)
",2012-09-23T21:08:45Z,2012-09-23T21:08:45Z
1766632,1,"Big Thanks to all for help =)""",2012-08-26 01:47:32,Salja2012,mangos,MaNGOS,d08a3ce4b931122aafd7736c683ad2fae234ec65,Salja,100154,"Big Thanks to all for help =)
",2012-08-26T13:47:32Z,2012-08-26T13:47:32Z
1766708,1,"nice to hear this, good job !""",2012-08-26 02:49:02,chglove,mangos,MaNGOS,d08a3ce4b931122aafd7736c683ad2fae234ec65,chglove,667056,"nice to hear this, good job !
",2012-08-26T14:49:02Z,2012-08-26T14:49:02Z
1766848,1,"good work!! thx all.""",2012-08-26 04:37:30,kaxias,mangos,MaNGOS,d08a3ce4b931122aafd7736c683ad2fae234ec65,kaxias,658440,"good work!! thx all.
",2012-08-26T16:37:30Z,2012-08-26T16:37:30Z
1744896,1,"true enough - already on it and will be fixed in next commit! Thank you for reporting!""",2012-08-21 06:44:11,Schmoozerd,mangos,MaNGOS,c1bdd667c991c27082f991e230327e8fc45a0786,Schmoozerd,299104,"true enough - already on it and will be fixed in next commit!
Thank you for reporting!
",2012-08-21T18:44:11Z,2012-08-21T18:44:11Z
3146309,2,"What do you expect, one day I have commit access to the repo, the next this little **** has stolen it.... Github need to get up off their a**** and permanently ban him""",2013-05-04 08:07:52,billy1arm,mangos,MaNGOS,c3bfe7cacb992e9a7f5184e5ca5c1193429194e4,billy1arm,2219118,"What do you expect, one day I have commit access to the repo, the next this little ***\* has stolen it.... Github need to get up off their a***\* and permanently ban him
",2013-05-04T20:07:52Z,2013-05-04T20:07:52Z
1608079,2,"Yes. Sorry for this. Schmoo asked me about the author and I didn't pay too much attention to the patch itself. I thought it was something else.""",2012-07-19 20:18:36,xfurry,mangos,MaNGOS,c5e609c485ea90a19ca7f9f947b3c96c57d19327,xfurry,172444,"Yes. Sorry for this. Schmoo asked me about the author and I didn't pay too much attention to the patch itself. I thought it was something else.
",2012-07-20T08:18:36Z,2012-07-20T08:18:36Z
1543627,2,"Yes - my bad. I totally forgot about this SD2 implementation and that we discussed this""",2012-07-05 07:22:23,Schmoozerd,mangos,MaNGOS,bf940b370c11920fc395412bc059adc0431f92ca,Schmoozerd,299104,"Yes - my bad.
I totally forgot about this SD2 implementation and that we discussed this
",2012-07-05T19:22:23Z,2012-07-05T19:22:23Z
1454745,2,"it is a pitiful scrap very old patch spell_dbc. despite more than three years of thinking, nothing is more sensible to have a failed ...""",2012-06-13 08:16:43,rsa,mangos,MaNGOS,45c987170af9877eee36868950063c2434e9cbfc,rsa,148874,"it is a pitiful scrap very old patch spell_dbc. despite more than three years of thinking, nothing is more sensible to have a failed ...
",2012-06-13T20:16:43Z,2012-06-13T20:16:43Z
1447379,2,"it should be possible soon - but requires the forum to be back again first :(""",2012-06-12 03:07:42,Schmoozerd,mangos,MaNGOS,c709959bc4db4163d4d81e5e2c2cca49f715ea34,Schmoozerd,299104,"it should be possible soon - but requires the forum to be back again first :(
",2012-06-12T15:07:42Z,2012-06-12T15:07:42Z
654566,2,":( this I really don't understand...  CLM.h includes Common.h, which includes """"Utilities/UnorderedMapSet.h"""" where UNORDERED_MAP is defined  Hmm, maybe the problem is that ObjectGuid is not defined. Can you check with #include """"ObjectGuid.h"""" in CLM.h ?""",2011-10-16 06:28:25,Schmoozerd,mangos,MaNGOS,0a0540e6fc645c9dfa64130509cbac26d0a7fbe1,Schmoozerd,299104,":( this I really don't understand...

CLM.h includes Common.h, which includes ""Utilities/UnorderedMapSet.h"" where UNORDERED_MAP is defined

Hmm, maybe the problem is that ObjectGuid is not defined.
Can you check with #include ""ObjectGuid.h"" in CLM.h ?
",2011-10-16T18:28:25Z,2011-10-16T18:28:25Z
504238,2,"Oops, that IS a several fail!  Const_cast is not like the c++ version of ** (SpellEntry*) **, even if it is a pointer.  I reccomend use ** reinterpret_cast **, because, in any other way, can't edit the ** SpellEntry *entry **, the program will crash in""",2011-07-30 00:03:01,bliatz,mangos,MaNGOS,dd4368da2c2b102c99abda09262666e237994fdf,TheFantasyClub,106141,"Oops, that IS a several fail!

Const_cast is not like the c++ version of *\* (SpellEntry_) *_, even if it is a pointer.

I reccomend use *\* reinterpret_cast *_, because, in any other way, can't edit the *_ SpellEntry _entry *_, the program will crash in most of cases.
",2011-07-30T12:03:01Z,2011-07-30T12:03:01Z
492641,2,"has long been proposed rewriting and editing spells as done for example in spell_dbc (and other like this). I hope no one will argue that (...) does not use this DBC in server... PS const_cast more badly...""",2011-07-22 20:50:33,rsa,mangos,MaNGOS,e7da1b0c9b065fb3e28d8792839b882c97799ea1,rsa,148874,"has long been proposed rewriting and editing spells as done for example in spell_dbc (and other like this). I hope no one will argue that (...) does not use this DBC in server...
PS const_cast more badly...
",2011-07-23T08:50:33Z,2011-07-23T08:50:33Z
451181,2,"Indeed :( I will fix it and other cases  must be fixed in [11692]""",2011-06-27 22:20:16,VladimirMangos,mangos,MaNGOS,e9dc9f843c35001962dd858d961a709381049874,VladimirMangos,29081,"Indeed :( I will fix it and other cases

must be fixed in [11692]
",2011-06-28T10:20:16Z,2011-06-28T11:30:35Z
446418,2,"This commit should've been something more evil D:""",2011-06-24 00:38:13,darkstalker,mangos,MaNGOS,1928b4febe317efbb9cc26a2dc2b42badbe1ecf6,wolfiestyle,356503,"This commit should've been something more evil D:
",2011-06-24T12:38:13Z,2011-06-24T12:38:13Z
437119,2,"Ok, my fault, agree :/""",2011-06-18 01:03:37,VladimirMangos,mangos,MaNGOS,7241655fe2470ffd66abc523c69913c25c11b9eb,VladimirMangos,29081,"Ok, my fault, agree :/
",2011-06-18T13:03:37Z,2011-06-18T13:03:37Z
426912,2,"nice, i thought was my fault and was going crazy""",2011-06-12 07:06:31,darkstalker,mangos,MaNGOS,56299d17c278e69e2e02a5e026579ebf27bc2884,wolfiestyle,356503,"nice, i thought was my fault and was going crazy
",2011-06-12T19:06:31Z,2011-06-12T19:06:31Z
399018,2,"@SilverIce: still does not work, even if I set correct rotation2 and rotation3 :( maybe something in calculation has changed here?""",2011-05-24 22:54:45,DoesntMatter,mangos,MaNGOS,2bcbc0fbfe63fab389e4f4f875ac215852bff8b6,DoesntMatter,228580,"@SilverIce:
still does not work, even if I set correct rotation2 and rotation3 :( maybe something in calculation has changed here?
",2011-05-25T10:54:45Z,2011-05-25T10:54:45Z
383881,2,"mysql is weird, this shouldnt work as it does  WHERE (npcflag & 0x10000000) != 0  is way more readable (obvious)""",2011-05-14 09:44:58,Shauren,mangos,MaNGOS,487721b859098655d1acb49fca55c864edbc8d15,Shauren,297439,"mysql is weird, this shouldnt work as it does

WHERE (npcflag & 0x10000000) != 0

is way more readable (obvious)
",2011-05-14T21:44:58Z,2011-05-14T21:47:00Z
374078,2,"Since when did any Mangos dev push anything you was actually happy with...? Stop whining.""",2011-05-08 06:34:16,NoFantasy,mangos,MaNGOS,673aff36591cad38c45e978d36e18baa63b4ee62,NoFantasy,28895,"Since when did any Mangos dev push anything you was actually happy with...? Stop whining.
",2011-05-08T18:34:16Z,2011-05-08T18:34:33Z
331109,2,"cheating, stupid GM's... additional checks - not bad.""",2011-04-05 21:28:39,rsa,mangos,MaNGOS,52eb0dd827fc4947e1c3c3ecb9b31e5acd24bd2e,rsa,148874,"cheating, stupid GM's... additional checks - not bad.
",2011-04-06T09:28:39Z,2011-04-06T09:28:39Z
309880,2,"aawwww... damn. note to self: don't cherry-pick your own commits from 2010 without thinking...  updated: https://github.com/mangos/mangos/commit/f5f52d9a123a3a8f9250634be0fc433f436f4fda""",2011-03-21 11:12:00,DasBlub,mangos,MaNGOS,7468bb0d2acf27c466472473699da2de29c42bce,DasBlub,32297,"aawwww... damn. note to self: don't cherry-pick your own commits from 2010 without thinking...

updated: https://github.com/mangos/mangos/commit/f5f52d9a123a3a8f9250634be0fc433f436f4fda
",2011-03-21T22:12:00Z,2011-03-21T22:12:00Z
283202,2,"3 -> Don't be harsh and rude. Be polite and helpful.""",2011-02-25 01:49:06,Wortex,mangos,MaNGOS,4bd343f48a65353d63369f0095134f55cb0f4b12,Wortex,310209,"3 -> Don't be harsh and rude. Be polite and helpful.
",2011-02-25T12:49:06Z,2011-02-25T12:49:06Z
186357,2,"Poor waypoint ...""",2010-11-05 07:22:36,LordJZ,mangos,MaNGOS,e7d7302c8acaf46107ad3b65ea176de1757dfa07,LordJZ,32092,"Poor waypoint ...
",2010-11-05T18:22:36Z,2010-11-05T18:22:51Z
186429,2,"I think i write in commit note reasons.  I at 100% agree that idea good but i can't fix it without testing and reproduce. :(""",2010-11-05 08:01:44,VladimirMangos,mangos,MaNGOS,5ffa34aeeed38f9ef3f8e4fc3e2a2d6f5d43d6cf,VladimirMangos,29081,"I think i write in commit note reasons.

I at 100% agree that idea good but i can't fix it without testing and reproduce. :(
",2010-11-05T19:01:44Z,2010-11-05T19:01:44Z
178623,2,"Does not compile on FreeBSD 7.2 :( http://gist.github.com/648972""",2010-10-27 00:59:22,PSZ,mangos,MaNGOS,3c0f8c0efca896fd900adc7bc4cce6ec6360086c,PSZ,154752,"Does not compile on FreeBSD 7.2 :(
http://gist.github.com/648972
",2010-10-27T12:59:22Z,2010-10-27T12:59:22Z
165788,2,"revert this commit fix ^ http://gist.github.com/619376 crash. very strange.""",2010-10-10 05:17:07,SeTM,mangos,MaNGOS,4144e06f089c90373683f2e08c73af1945219978,SeTM,31609,"revert this commit fix ^ http://gist.github.com/619376 crash. very strange.
",2010-10-10T17:17:07Z,2010-10-10T17:17:07Z
160867,2,"the concept of having it done but looking like total abomination doesn't exist here.. """,2010-10-03 05:43:13,Laise,mangos,MaNGOS,720153b8c36b5c3fecae13ccb7c9d39231b3c7af,Laise,108276,"the concept of having it done but looking like total abomination doesn't exist here.. 
",2010-10-03T17:43:13Z,2010-10-03T17:43:13Z
145482,2,"May be this way more true... zergtmn - sorry, not player mount, vehicle (from ulduar).""",2010-09-12 03:00:29,rsa,mangos,MaNGOS,5fcde44fff897059e416b5263f4430658a441ebf,rsa,148874,"May be this way more true...
zergtmn - sorry, not player mount, vehicle (from ulduar).
",2010-09-12T15:00:29Z,2010-09-12T15:00:29Z
141707,2,"U removed because some compilers didnt support that? Thats odd...""",2010-09-06 07:12:35,Faq,mangos,MaNGOS,8c4c650b2a24bed06d4b017f30e17f6001a0a1ca,Faq,322016,"U removed because some compilers didnt support that?
Thats odd...
",2010-09-06T19:12:35Z,2010-09-06T19:12:35Z
144679,2,"because before in bug result it fail get height. so this is bad local result for more global better work""",2010-09-10 03:14:29,VladimirMangos,mangos,MaNGOS,1a35175e1647123344534ab9b060b31a1faddd6c,VladimirMangos,29081,"because before in bug result it fail get height. so this is bad local result for more global better work
",2010-09-10T15:14:29Z,2010-09-10T15:14:29Z
133012,2,"I thought you meant 3-bytes, sorry.""",2010-08-22 16:26:21,Patman64,mangos,MaNGOS,f83d7d8eb10fe952dbce034865bf706197b412a2,PatSmuk,75297,"I thought you meant 3-bytes, sorry.
",2010-08-23T04:26:21Z,2010-08-23T04:26:21Z
126120,2,"finally some changes to that awful functions""",2010-08-10 07:42:57,LordJZ,mangos,MaNGOS,aed252fa42373520709389a8b76d8221aa4b9b8e,LordJZ,32092,"finally some changes to that awful functions
",2010-08-10T19:42:57Z,2010-08-10T19:43:07Z
105884,2,"hoooooly crap.""",2010-07-08 10:37:38,Limur,mangos,MaNGOS,76676ba0e5c16da3595a9b1e948f4b7eeadfa8d2,Limur,130334,"hoooooly crap.
",2010-07-08T22:37:38Z,2010-07-08T22:37:38Z
97567,2,"??? i check code and not see any problems, Not any InstResetEvent in current code.This is your local code problems...""",2010-06-21 17:29:22,VladimirMangos,mangos,MaNGOS,f060ff7a38b3eb0b025c554e4a5c3abd0de9138f,VladimirMangos,29081,"??? i check code and not see any problems, Not any InstResetEvent in current code.This is your local code problems...
",2010-06-22T05:29:22Z,2010-06-22T05:29:22Z
90962,2,"yes, but unsafe and useless rename now, batter let been as-is. We can't rename internal sql update guards anyway...""",2010-06-08 04:32:49,VladimirMangos,mangos,MaNGOS,c2ca772ddd6569138a2d950fbbce4b62c034bcfc,VladimirMangos,29081,"yes, but unsafe and useless rename now, batter let been as-is. We can't rename internal sql update guards anyway...
",2010-06-08T16:32:49Z,2010-06-08T16:33:16Z
79602,2,"I think there is a bug in weapon skills beacause when i restart the server even i save my char the weapon skills go again to 1 and the mangosd.conf the  maxskill  option doesn't work :S""",2010-05-14 06:31:58,Angel-Dark,mangos,MaNGOS,1d577a3a0c335fd1e1f9c44f37a6d5f671d79e3e,Angel-Dark,35683,"I think there is a bug in weapon skills beacause when i restart the server even i save my char the weapon skills go again to 1 and the mangosd.conf the  maxskill  option doesn't work :S
",2010-05-14T18:31:58Z,2010-05-14T18:31:58Z
73589,2,"yeah okay my bad... disregard last 24hrs of comments""",2010-05-02 09:34:51,3raZar3,mangos,MaNGOS,365e2febaf433f1e58dc529c83f6c84b63ab71ae,3raZar3,168097,"yeah okay my bad... disregard last 24hrs of comments
",2010-05-02T21:34:51Z,2010-05-02T21:34:51Z
73655,2,"guess you arent trying hard enough...  listen i am not going to bicker with you or any other person replying to these commits.. I made a jackass of myself taunting the staff and for this I do solemnly apologize to the staff of mangos it will not occur ag""",2010-05-02 14:55:07,3raZar3,mangos,MaNGOS,365e2febaf433f1e58dc529c83f6c84b63ab71ae,3raZar3,168097,"guess you arent trying hard enough...

listen i am not going to bicker with you or any other person replying to these commits.. I made a jackass of myself taunting the staff and for this I do solemnly apologize to the staff of mangos it will not occur again... as for thos nonstaff groupies that want to continue this arguement lets do so on my repos or through github messaging.. otherwise drop it huh? I was wrong and I can manup attempt to be civil about it, i suggest you do the same else these petty wars can never die away.. agreed?
",2010-05-03T02:55:07Z,2010-05-03T02:55:07Z
73020,2,">I hate VS2010, it's too slow :s  If you're on a single-core CPU...yes.""",2010-04-30 08:27:08,alexrp,mangos,MaNGOS,abe5e815fe280b684fcdc8ebec2c94007bba5326,alexrp,44076,"> I hate VS2010, it's too slow :s

If you're on a single-core CPU...yes.
",2010-04-30T20:27:08Z,2010-04-30T20:27:08Z
67167,2,"Please know what the hell you're talking about before claiming something is bad design.""",2010-04-16 04:22:06,alexrp,mangos,MaNGOS,eeb51e59d4147adfc0be9b5231d739f8b24bdefe,alexrp,44076,"Please know what the hell you're talking about before claiming something is bad design.
",2010-04-16T16:22:06Z,2010-04-16T16:22:06Z
66949,2,"What kind of problems are we taking about when you say """"many broken spells"""" related to the table. You are scaring me.""",2010-04-15 17:13:04,luisalvarado,mangos,MaNGOS,087ededd983cdc9aed3bd7ab96acff19c01381e9,luisalvarado,29236,"What kind of problems are we taking about when you say ""many broken spells"" related to the table. You are scaring me.
",2010-04-16T05:13:04Z,2010-04-16T05:13:04Z
53735,2,"Confirmed, very annoying crash, may happen 3 times per minute""",2010-03-08 21:49:26,insider42,mangos,MaNGOS,11822c763b5b1cee77501c1f969416cba24d11b6,insider42,137344,"Confirmed, very annoying crash, may happen 3 times per minute
",2010-03-09T08:49:26Z,2010-03-09T08:49:26Z
51948,2,"*stabs .gitconfig furiously*""",2010-03-02 02:20:04,alexrp,mangos,MaNGOS,bfca2dea479e2105517efa44c6814e01ce26d1c8,alexrp,44076,"_stabs .gitconfig furiously_
",2010-03-02T13:20:04Z,2010-03-02T13:20:04Z
51440,2,"woops, sorry i see it already...""",2010-02-28 05:26:35,Darkrulerz,mangos,MaNGOS,cf508c9d0b60521d1a1f388941c234c618f5b97a,DarkYodah,188294,"woops, sorry i see it already...
",2010-02-28T16:26:35Z,2010-02-28T16:26:35Z
49933,2,"If you see crash in script code the WHAT HELL this related to core. GO AND FIX script.""",2010-02-22 09:43:40,VladimirMangos,mangos,MaNGOS,cf4bec609ed00a8f2edfb4b3e1fd699c2d029980,VladimirMangos,29081,"If you see crash in script code the WHAT HELL this related to core. GO AND FIX script.
",2010-02-22T20:43:40Z,2010-02-22T20:43:40Z
49941,2,"Ok, as always i wrong read post, anyway not care about any crashes without useful info...""",2010-02-22 09:51:27,VladimirMangos,mangos,MaNGOS,cf4bec609ed00a8f2edfb4b3e1fd699c2d029980,VladimirMangos,29081,"Ok, as always i wrong read post, anyway not care about any crashes without useful info...
",2010-02-22T20:51:27Z,2010-02-22T20:51:27Z
50008,2,"sorry for the previous post -.-  I was tried to put post under code""",2010-02-22 13:32:17,kanz,mangos,MaNGOS,cf4bec609ed00a8f2edfb4b3e1fd699c2d029980,kanz,208804,"sorry for the previous post -.-  I was tried to put post under code
",2010-02-23T00:32:17Z,2010-02-23T00:32:17Z
49245,2,"Hardcoded one day is not good solution... Without any dependency... """,2010-02-19 06:35:27,boxa,mangos,MaNGOS,70d4daec5414947b1abdca8fd3e1ba4fc6ed7753,boxa,156509,"Hardcoded one day is not good solution...
Without any dependency...
",2010-02-19T17:35:27Z,2010-02-19T17:35:27Z
48548,2,"not have a database that supports, or the path caused schizo in all NPCs! It is all the time loading waypoint of creatures... =/""",2010-02-16 23:29:34,bydeejay,mangos,MaNGOS,10847c9fc562bb94d55fa66cbac699521530453e,bydeejay,205180,"not have a database that supports, or the path caused schizo in all NPCs!
It is all the time loading waypoint of creatures... =/
",2010-02-17T10:29:34Z,2010-02-17T10:29:34Z
45296,2,"Congrats on Dev status.  CastSpell 72590 sounds weird for case 69377...""",2010-02-02 11:11:00,digitalni,mangos,MaNGOS,aff0a4807178cdc6ebc2e3fa0e5adfba8d6e4779,digitalni,135907,"Congrats on Dev status.

CastSpell 72590 sounds weird for case 69377...
",2010-02-02T22:11:00Z,2010-02-02T22:11:00Z
40478,2,"oh, added useless () in previous patch :/ this once more correct http://paste2.org/p/587512  it's bad if you can't edit your posts :(""",2009-12-31 00:34:32,insider42,mangos,MaNGOS,2d41d5e768cc284bd616f04adba6c079b8a85464,insider42,137344,"oh, added useless () in previous patch :/
this once more correct http://paste2.org/p/587512

it's bad if you can't edit your posts :(
",2009-12-31T11:34:32Z,2009-12-31T11:34:32Z
39400,2,"spells like mind flay or shadowstep won't work @ hostile targets with this""",2009-12-20 11:35:38,NetSky,mangos,MaNGOS,09d4805bacf56f1f3d6a02d0c2417caf9f08cdd5,NetSky,42629,"spells like mind flay or shadowstep won't work @ hostile targets with this
",2009-12-20T22:35:38Z,2009-12-20T22:35:38Z
32267,2,"Now they fly fine, thanks:) What about fixing swimming creatures? if they swim at the middle/top of water level they sometimes fall to the bottom of lake/sea. When you try to attack them you recieve *out of range* message. :(""",2009-10-16 03:37:38,burned,mangos,MaNGOS,5bc2017aacf39118ab5792de6053fd5e395bcfe7,burned,29035,"Now they fly fine, thanks:)
What about fixing swimming creatures? if they swim at the middle/top of water level they sometimes fall to the bottom of lake/sea. When you try to attack them you recieve _out of range_ message. :(
",2009-10-16T15:37:38Z,2009-10-16T15:37:38Z
30509,2,"because I forgot to add it, damn =/""",2009-09-26 22:06:49,Ambal,mangos,MaNGOS,633fb8b109a13b5e9f7e932c9a101fec5af21e20,Ambal,101150,"because I forgot to add it, damn =/
",2009-09-27T10:06:49Z,2009-09-27T10:06:49Z
25861,2,"Could you stop being a retard? Who the hell ever guaranteed you would get better server security in this commit?""",2009-07-21 18:56:12,alexrp,mangos,MaNGOS,23aa8710bf0b7563c1f13c3a43235cf090e13be5,alexrp,44076,"Could you stop being a retard? Who the hell ever guaranteed you would get better server security in this commit?
",2009-07-22T06:56:12Z,2009-07-22T06:56:12Z
21924,2,"what about 15   EVENT_T_FRIENDLY_IS_CC ? DispelType masks are still missing in docs:(""",2009-05-19 22:26:59,burned,mangos,MaNGOS,bf8b49270b17de72e2830b2b29fe7c962467582d,burned,29035,"what about 15   EVENT_T_FRIENDLY_IS_CC ?
DispelType masks are still missing in docs:(
",2009-05-20T10:26:59Z,2009-05-20T10:26:59Z
13573,2,"You are rights. I also have confirmation from another sources. Sorry for wrong change :/ I will revert commit.""",2009-02-02 08:24:08,VladimirMangos,mangos,MaNGOS,a261afd5f08ef9773d0af83b4286b19d4172a4ae,VladimirMangos,29081,"You are rights. I also have confirmation from another sources. Sorry for wrong change :/ I will revert commit.
",2009-02-02T19:24:08Z,2009-02-02T19:24:08Z
2398678,1,"Good point, will update it""",2013-01-07 22:14:43,billy1arm,mangos,MaNGOS,aa018f1762437be4b8d468b4e56f42d355a7af06,billy1arm,2219118,"Good point, will update it
",2013-01-08T09:14:43Z,2013-01-08T09:14:43Z
2360803,1,":+1:  :)""",2012-12-27 11:40:01,Sar777,mangos,MaNGOS,38c4dc4162b6ee1e8e903599f83c54c4bbdc93ab,Sar777,320567,":+1:  :)
",2012-12-27T22:40:01Z,2012-12-27T22:40:01Z
2360372,1,"The solution of faramir118 is good   fix for windows  :http://pastebin.com/68UL31qQ   """,2012-12-27 09:14:21,dbauz,mangos,MaNGOS,9118c47a417f32faceea22fb5fc300b62643af30,dbauz,1634811,"The solution of faramir118 is good 
 fix for windows  :http://pastebin.com/68UL31qQ
",2012-12-27T20:14:21Z,2012-12-27T20:17:01Z
1669528,1,"I see no reason not to take code from forks. Especially if its good code :)""",2012-08-03 09:12:34,stfx,mangos,MaNGOS,afad47038b7c7814e94bc8dae72743429837431f,DomGries,341158,"I see no reason not to take code from forks. Especially if its good code :)
",2012-08-03T21:12:34Z,2012-08-03T21:12:34Z
1670404,1,"nice one :)  btw- is there any reason you made this as pull request and then merged with github instead ofdoing a direct push?""",2012-08-03 13:13:40,Schmoozerd,mangos,MaNGOS,245e964e4f5b94785b87f8a8524babc723f132f9,Schmoozerd,299104,"nice one :)

btw- is there any reason you made this as pull request and then merged with github instead ofdoing a direct push?
",2012-08-04T01:13:40Z,2012-08-04T01:13:40Z
1661317,1,"nice catch :)""",2012-08-01 21:19:53,Schmoozerd,mangos,MaNGOS,373b9ef5367415506774a520f33a1c8f40d3ac48,Schmoozerd,299104,"nice catch :)
",2012-08-02T09:19:53Z,2012-08-02T09:19:53Z
1612722,1,"I thought compilers do this for you :D""",2012-07-21 07:09:04,krofna,mangos,MaNGOS,2ee521a5eaf438a3e0665e457923b163a7b62380,krofna,1102695,"I thought compilers do this for you :D
",2012-07-21T19:09:04Z,2012-07-21T19:09:04Z
1606743,1,"About time! :)""",2012-07-19 11:07:01,stfx,mangos,MaNGOS,3ab28d222e83bef1cd9b23bdd84eb2d1b7318deb,DomGries,341158,"About time! :)
",2012-07-19T23:07:01Z,2012-07-19T23:07:01Z
1608691,1,"This is the question to whom? If to me - i have no hostility towards anyone :)""",2012-07-19 23:25:55,rsa,mangos,MaNGOS,3ab28d222e83bef1cd9b23bdd84eb2d1b7318deb,rsa,148874,"This is the question to whom? If to me - i have no hostility towards anyone :)
",2012-07-20T11:25:55Z,2012-07-20T11:25:55Z
1602788,1,"ah  thank you - I did not check sd2, will do so later today ;)""",2012-07-18 20:21:32,Schmoozerd,mangos,MaNGOS,616eeeabd4c9bd408a5dc30d125519924d6e3d51,Schmoozerd,299104,"ah  thank you - I did not check sd2, will do so later today ;)
",2012-07-19T08:21:32Z,2012-07-19T08:21:32Z
1598444,1,"that was the quick rebase with random authors - I mean even you are author there hehe ;)""",2012-07-18 01:59:21,stfx,mangos,MaNGOS,fb1392b3cdab9b70f5497aab73a1babde515d5e0,DomGries,341158,"that was the quick rebase with random authors - I mean even you are author there hehe ;)
",2012-07-18T13:59:21Z,2012-07-18T13:59:21Z
1608648,1,"neat :) """,2012-07-19 23:10:23,Schmoozerd,mangos,MaNGOS,5630c62e037c4285c8cc6b627ea98964393f7464,Schmoozerd,299104,"neat :)
",2012-07-20T11:10:23Z,2012-07-20T11:10:23Z
1582787,1,"Actually I think it would be nice to maybe visualize also GM on/off with such an aura - so patches welcome :)""",2012-07-15 02:54:41,Schmoozerd,mangos,MaNGOS,9deb329d21aacb7cbe8e64ba4510feeb3428522d,Schmoozerd,299104,"Actually I think it would be nice to maybe visualize also GM on/off with such an aura - so patches welcome :)
",2012-07-15T14:54:41Z,2012-07-15T14:54:41Z
1568554,1,"Hooray for @Ambal's return. Nice to see you man. :)""",2012-07-11 07:41:31,LordJZ,mangos,MaNGOS,0e531be9401027abc6f75cbe24d2c96be683e5fb,LordJZ,32092,"Hooray for @Ambal's return. Nice to see you man. :)
",2012-07-11T19:41:31Z,2012-07-11T19:41:31Z
1568705,1,"Just passing by :)""",2012-07-11 08:06:05,Ambal,mangos,MaNGOS,0e531be9401027abc6f75cbe24d2c96be683e5fb,Ambal,101150,"Just passing by :)
",2012-07-11T20:06:05Z,2012-07-11T20:06:05Z
1568801,1,"Hmm, indeed a valid point  and hi Ambal ;)  Though I agree- we have strong variable names which is good enough for most cases. """,2012-07-11 08:24:44,Schmoozerd,mangos,MaNGOS,0e531be9401027abc6f75cbe24d2c96be683e5fb,Schmoozerd,299104,"Hmm, indeed a valid point

and hi Ambal ;)

Though I agree- we have strong variable names which is good enough for most cases.
",2012-07-11T20:24:44Z,2012-07-11T20:24:44Z
1499364,1,"http://www.proz.com/kudoz/English/art_literary/199056-farther_vs_furhter_farthest_vs_furthest.html :)""",2012-06-25 01:48:35,stfx,mangos,MaNGOS,493968262707aeb8c810927400dcbb4de5c54bb0,DomGries,341158,"http://www.proz.com/kudoz/English/art_literary/199056-farther_vs_furhter_farthest_vs_furthest.html :)
",2012-06-25T13:48:35Z,2012-06-25T13:48:35Z
1497129,1,"yes, but not fully logical maitained (see below) and overloaded by limitations. if make fylly OO need remake all tree *::getRace() :) PS i'm not propose a version :) only sample.""",2012-06-24 06:48:47,rsa,mangos,MaNGOS,82c6d0fe0e5f753a2bde5876dd4595e360dd2b75,rsa,148874,"yes, but not fully logical maitained (see below) and overloaded by limitations. if make fylly OO need remake all tree *::getRace() :)
PS i'm not propose a version :) only sample.
",2012-06-24T18:48:47Z,2012-06-24T18:49:51Z
1456292,1,"do not be upset, but in other places forgotten :)""",2012-06-13 15:37:10,rsa,mangos,MaNGOS,3ecfbf05576aeeb606f94f65f79527d4fd937faf,rsa,148874,"do not be upset, but in other places forgotten :)
",2012-06-14T03:37:10Z,2012-06-14T03:37:10Z
1447488,1,"yes :D I hope be soon. Thx for your response and sorry for offtopic xD""",2012-06-12 03:30:10,raynar,mangos,MaNGOS,c709959bc4db4163d4d81e5e2c2cca49f715ea34,raynar,140097,"yes :D I hope be soon. Thx for your response and sorry for offtopic xD
",2012-06-12T15:30:10Z,2012-06-12T15:30:10Z
1312292,1,"I suggested to do this nearly 1,5 or 2 years ago. The answer was dogmatic """"no"""". Glad to see that things are changing :)""",2012-05-09 08:47:20,PSZ,mangos,MaNGOS,bbd49f670d9527524245f2bdcd97ae46a82f73eb,PSZ,154752,"I suggested to do this nearly 1,5 or 2 years ago. The answer was dogmatic ""no"". Glad to see that things are changing :)
",2012-05-09T20:47:20Z,2012-05-09T20:47:20Z
1262677,1,"come on - friendly pets make presents to their owner sometimes!""",2012-04-26 06:29:21,Schmoozerd,mangos,MaNGOS,65e675ee0f93c3f629a8cc96e836e5847f3d2022,Schmoozerd,299104,"come on - friendly pets make presents to their owner sometimes!
",2012-04-26T18:29:21Z,2012-04-26T18:29:21Z
1236576,1,"Keep up the good work. :)""",2012-04-20 03:02:53,LordJZ,mangos,MaNGOS,839d83ce229a7a3dd7edc2d701cc99e4b1df6ba9,LordJZ,32092,"Keep up the good work. :)
",2012-04-20T15:02:53Z,2012-04-20T15:02:53Z
1214621,1,"A chance condition? :) - but this will go horrible if more than one player would loot""",2012-04-15 22:37:30,Schmoozerd,mangos,MaNGOS,ccfeefbc01734bd25a6499abc46733fd0963a8e0,Schmoozerd,299104,"A chance condition? :)
- but this will go horrible if more than one player would loot
",2012-04-16T10:37:30Z,2012-04-16T10:37:30Z
1240428,1,"only in the perspective that the block is not to be entirely removed :) this way the diff did not include the indent-changes for the old code - I thought this would be easier to read in patch style""",2012-04-21 22:55:14,Schmoozerd,mangos,MaNGOS,ccfeefbc01734bd25a6499abc46733fd0963a8e0,Schmoozerd,299104,"only in the perspective that the block is not to be entirely removed :)
this way the diff did not include the indent-changes for the old code - I thought this would be easier to read in patch style
",2012-04-22T10:55:14Z,2012-04-22T10:55:14Z
1206985,1,"Yeah, well i just asked out of curiosity, since the code is ez to maintain i just didnt see the reason^^",2012-04-13 02:02:44,Lillecarl,mangos,MaNGOS,c6b8ee7cc2c2bb8f91578e69f68bffadd18a1dfa,Lillecarl,207073,"Yeah, well i just asked out of curiosity, since the code is ez to maintain i just didnt see the reason^^,
",2012-04-13T14:02:44Z,2012-04-13T14:02:44Z
1206226,1,"@Schmoozerd  thx for a fast, good review and your help in develop""",2012-04-12 22:30:28,Reamer,mangos,MaNGOS,b811bc880eeebc0d1d262186a76388e1c88270da,Reamer,454320,"@Schmoozerd 
thx for a fast, good review and your help in develop
",2012-04-13T10:30:28Z,2012-04-13T10:30:28Z
1183218,1,"WOW! You finished this damn fast! *likes* Awesome work!""",2012-04-06 10:32:32,Lillecarl,mangos,MaNGOS,b20f783826b33a9f03a6c8acf7a0ae3c0c919a39,Lillecarl,207073,"WOW! You finished this damn fast! _likes_ Awesome work!
",2012-04-06T22:32:32Z,2012-04-06T22:32:32Z
1163495,1,"do you mean 1f96ccdfe24ffedd9eb303f73f5985a3a127e203 by cyberium? saw this while trying to backport schmooz' patch and cyberiums is missing on mangos one :)""",2012-04-02 05:54:40,Nighoo,mangos,MaNGOS,36589ba859851400b59832b40be94771f9116bff,Nighoo,249039,"do you mean 1f96ccdfe24ffedd9eb303f73f5985a3a127e203 by cyberium? saw this while trying to backport schmooz' patch and cyberiums is missing on mangos one :)
",2012-04-02T17:54:40Z,2012-04-02T17:54:52Z
1161743,1,"I didn't notice any non-order while looking into it :)""",2012-04-02 00:39:05,Schmoozerd,mangos,MaNGOS,aa681a13e1f6bf5e9cfa2604cde4c22325183b8d,Schmoozerd,299104,"I didn't notice any non-order while looking into it :)
",2012-04-02T12:39:05Z,2012-04-02T12:39:05Z
1184041,1,"if these are really the only ones, it might indeed be worth filtering them. Maybe they also should be filtered genericly  About the GOs: More information welcome :)""",2012-04-06 21:20:54,Schmoozerd,mangos,MaNGOS,5273e01030e63456ddb8c2f048b1a419a8d3b1ff,Schmoozerd,299104,"if these are really the only ones, it might indeed be worth filtering them.
Maybe they also should be filtered genericly

About the GOs: More information welcome :)
",2012-04-07T09:20:54Z,2012-04-07T09:20:54Z
970813,1,"I agree, hehe :)""",2012-02-15 08:13:26,kid10,mangos,MaNGOS,69c1fe555acab09594cc2709fe077b05874d8ed0,Exxenoz,548984,"I agree, hehe :)
",2012-02-15T19:13:26Z,2012-02-15T19:13:26Z
939558,1,"Great! ^_^""",2012-02-06 18:50:44,vlad852,mangos,MaNGOS,07989b7cdeba3be31b84e17b5cc3d05a13243c56,vlad852,547426,"Great! ^_^
",2012-02-07T05:50:44Z,2012-02-07T05:50:44Z
939879,1,"Wow... Mangos rullz :) It's a great day for our community.""",2012-02-06 21:21:08,PSZ,mangos,MaNGOS,07989b7cdeba3be31b84e17b5cc3d05a13243c56,PSZ,154752,"Wow... Mangos rullz :) It's a great day for our community.
",2012-02-07T08:21:08Z,2012-02-07T08:21:08Z
940209,1,"Nice work. :)  However shouldn't we have a fail check if the MMaps are enabled but the folder isn't found? Similar to the Vmaps check.""",2012-02-06 23:19:51,xfurry,mangos,MaNGOS,07989b7cdeba3be31b84e17b5cc3d05a13243c56,xfurry,172444,"Nice work. :)

However shouldn't we have a fail check if the MMaps are enabled but the folder isn't found? Similar to the Vmaps check.
",2012-02-07T10:19:51Z,2012-02-07T10:19:51Z
941188,1,"My congratulations :)""",2012-02-07 03:36:10,SilverIce,mangos,MaNGOS,07989b7cdeba3be31b84e17b5cc3d05a13243c56,SilverIce,107977,"My congratulations :)
",2012-02-07T14:36:10Z,2012-02-07T14:36:10Z
941825,1,"Cool :)""",2012-02-07 06:05:05,kid10,mangos,MaNGOS,07989b7cdeba3be31b84e17b5cc3d05a13243c56,Exxenoz,548984,"Cool :)
",2012-02-07T17:05:05Z,2012-02-07T17:05:05Z
945968,1,"Nice :))""",2012-02-08 06:05:43,Konctantin,mangos,MaNGOS,07989b7cdeba3be31b84e17b5cc3d05a13243c56,Konctantin,82728,"Nice :))
",2012-02-08T17:05:43Z,2012-02-08T17:05:43Z
1005742,1,"pathfinding! wow! awesome!!""",2012-02-23 18:33:57,eilo,mangos,MaNGOS,07989b7cdeba3be31b84e17b5cc3d05a13243c56,eilo,527331,"pathfinding! wow! awesome!!
",2012-02-24T05:33:57Z,2012-02-24T05:33:57Z
916848,1,"Method of """"trial and error"""" - the most efficient in the case of the development of open source. Welcome to the real world :)""",2012-01-30 17:04:19,rsa,mangos,MaNGOS,48f5a8c6b4cee3e924e684794b4a3868c54baf4f,rsa,148874,"Method of ""trial and error"" - the most efficient in the case of the development of open source.
Welcome to the real world :)
",2012-01-31T04:04:19Z,2012-01-31T04:04:19Z
918086,1,"I also tried it, and hardly less than you:) so far obtained. though of course very easy to write ...""",2012-01-31 01:46:13,rsa,mangos,MaNGOS,48f5a8c6b4cee3e924e684794b4a3868c54baf4f,rsa,148874,"I also tried it, and hardly less than you:) so far obtained. though of course very easy to write ...
",2012-01-31T12:46:13Z,2012-01-31T12:46:13Z
918839,1,"Hahaha! This just happened to me. Super job on the dedication from a new MaNGOS user!""",2012-01-31 05:12:56,anonymous1009,mangos,MaNGOS,82508d520549a229d174ffda3382465a379b814f,anonymous1009,1394994,"Hahaha! This just happened to me. Super job on the dedication from a new MaNGOS user!
",2012-01-31T16:12:56Z,2012-01-31T16:12:56Z
873966,1,"good to see this on master repo after so much time""",2012-01-17 00:55:33,darkstalker,mangos,MaNGOS,227217f11c13a0380c4f23414bc81044febe19dd,wolfiestyle,356503,"good to see this on master repo after so much time
",2012-01-17T11:55:33Z,2012-01-17T11:55:33Z
890444,1,"might be possible, indeed :) """,2012-01-22 08:22:01,Schmoozerd,mangos,MaNGOS,227217f11c13a0380c4f23414bc81044febe19dd,Schmoozerd,299104,"might be possible, indeed :)
",2012-01-22T19:22:01Z,2012-01-22T19:22:01Z
773235,1,"yes :)  Edit: Well - most spells should actually work correct with dbc-values. the rest could be considered exceptions or custom.""",2011-12-06 06:51:56,Schmoozerd,mangos,MaNGOS,9f52382558bace0a28fbacbaff17e9c5d2c61dba,Schmoozerd,299104,"yes :)

Edit: Well - most spells should actually work correct with dbc-values. the rest could be considered exceptions or custom.
",2011-12-06T17:51:56Z,2011-12-06T18:15:28Z
763648,1,"fixed in [11856] - Thank you very much!""",2011-12-02 00:23:09,Schmoozerd,mangos,MaNGOS,ef966c818b4edc8e886fe956221acbad40914a02,Schmoozerd,299104,"fixed in [11856] - Thank you very much!
",2011-12-02T11:23:09Z,2011-12-02T11:23:09Z
654255,1,"Finally :)""",2011-10-15 23:53:33,SilverIce,mangos,MaNGOS,a81eb7ff60f0950d53d4611ddd6d068a0d26fb99,SilverIce,107977,"Finally :)
",2011-10-16T11:53:33Z,2011-10-16T11:53:33Z
654282,1,"Nice. Now hopefully this will be followed by the WorldStateMgr. :)""",2011-10-16 00:59:30,xfurry,mangos,MaNGOS,a81eb7ff60f0950d53d4611ddd6d068a0d26fb99,xfurry,172444,"Nice. Now hopefully this will be followed by the WorldStateMgr. :)
",2011-10-16T12:59:30Z,2011-10-16T12:59:30Z
1615465,1,"I work with GCC and  slave_itr = slaveGuidList.erase(slave_itr); works wonderful""",2012-07-22 20:59:36,Reamer,mangos,MaNGOS,a81eb7ff60f0950d53d4611ddd6d068a0d26fb99,Reamer,454320,"I work with GCC and  slave_itr = slaveGuidList.erase(slave_itr); works wonderful
",2012-07-23T08:59:36Z,2012-07-23T08:59:36Z
613953,1,"Thank you all for contributing, fixed in 11811""",2011-09-27 01:10:06,Schmoozerd,mangos,MaNGOS,b1dee7962d02131b83c9401cf2e31c51e920f54d,Schmoozerd,299104,"Thank you all for contributing, fixed in 11811
",2011-09-27T13:10:06Z,2011-09-27T13:10:06Z
600103,1,"why not officially post it in the forums? I guess there would be a new record of """"Thanked bys"""" for a post :D Well... thank you vlad :)""",2011-09-20 03:13:37,stfx,mangos,MaNGOS,56789beb992731ed9e8d68c26b6195ced04ade23,DomGries,341158,"why not officially post it in the forums? I guess there would be a new record of ""Thanked bys"" for a post :D Well... thank you vlad :)
",2011-09-20T15:13:37Z,2011-09-20T15:13:37Z
641263,1,"Thank you Vlad, you're a great dev and we'll miss you and your commits.""",2011-10-10 01:43:50,Fredi,mangos,MaNGOS,56789beb992731ed9e8d68c26b6195ced04ade23,fredimachado,29800,"Thank you Vlad, you're a great dev and we'll miss you and your commits.
",2011-10-10T13:43:50Z,2011-10-10T13:43:50Z
641764,1,"Thank you Vlad. Your contribution to Mangos and TC will be remembered. I admire you so much.""",2011-10-10 05:26:30,megamage,mangos,MaNGOS,56789beb992731ed9e8d68c26b6195ced04ade23,megamage,35114,"Thank you Vlad. Your contribution to Mangos and TC will be remembered. I admire you so much.
",2011-10-10T17:26:30Z,2011-10-10T17:26:30Z
577040,1,"Yea, had to edit something  anyway fixed in [11790] . Thanks =)""",2011-09-08 03:16:01,Laise,mangos,MaNGOS,af5889c24847566023d7d2b05c05508a92df7f31,Laise,108276,"Yea, had to edit something

anyway fixed in [11790] . Thanks =)
",2011-09-08T15:16:01Z,2011-09-08T15:16:13Z
568475,1,"Schmoozerd is finally a dev, cool :) Cheers! :)""",2011-09-03 19:32:24,Ambal,mangos,MaNGOS,3495e257d7288ca9558ab3a56ffc833750beb544,Ambal,101150,"Schmoozerd is finally a dev, cool :) Cheers! :)
",2011-09-04T07:32:24Z,2011-09-04T07:32:24Z
568513,1,"Congratulations!""",2011-09-03 20:56:53,SkirnirMaNGOS,mangos,MaNGOS,3495e257d7288ca9558ab3a56ffc833750beb544,SkirnirMaNGOS,80424,"Congratulations!
",2011-09-04T08:56:53Z,2011-09-04T08:56:53Z
568561,1,"Thank you guys :)""",2011-09-03 22:28:46,Schmoozerd,mangos,MaNGOS,3495e257d7288ca9558ab3a56ffc833750beb544,Schmoozerd,299104,"Thank you guys :)
",2011-09-04T10:28:46Z,2011-09-04T10:28:46Z
559060,1,"@cooler-SAI Usa tú el puto traductor de google y sigue los estándares del proyecto )  Some news about project status? =)  """,2011-08-29 21:09:05,kero99,mangos,MaNGOS,b3a67b4eb67d90f428e9dc9188f2d8770e0d9c2c,kero99,143736,"@cooler-SAI Usa tú el puto traductor de google y sigue los estándares del proyecto )

Some news about project status? =)
",2011-08-30T09:09:05Z,2011-08-30T09:09:05Z
517848,1,"Works like a charm. Thank you.""",2011-08-07 03:54:47,Lascax,mangos,MaNGOS,ad46ddcf239a2dd92d52c56275f7cabd94cd7f53,Lascax,949644,"Works like a charm. Thank you.
",2011-08-07T15:54:47Z,2011-08-07T15:54:47Z
496602,1,"whoa. great job!""",2011-07-25 23:05:30,LordJZ,mangos,MaNGOS,bc2ef4b99c0fd600a9379e2b5234a53625df46f2,LordJZ,32092,"whoa. great job!
",2011-07-26T11:05:30Z,2011-07-26T11:05:30Z
496634,1,"Cool, big thanks!""",2011-07-25 23:26:09,MaxXx2021,mangos,MaNGOS,bc2ef4b99c0fd600a9379e2b5234a53625df46f2,MaxXx2021,233922,"Cool, big thanks!
",2011-07-26T11:26:09Z,2011-07-26T11:26:09Z
496821,1,"yeah nice :) it is possible that you have the part already working but this is hidden in other parts of code: Is there some MovementInform call when the jump movement finishes? Also possible for scripting uses it might be helpfull (but likely not really """,2011-07-26 01:36:07,Schmoozerd,mangos,MaNGOS,bc2ef4b99c0fd600a9379e2b5234a53625df46f2,Schmoozerd,299104,"yeah nice :)
it is possible that you have the part already working but this is hidden in other parts of code: Is there some MovementInform call when the jump movement finishes?
Also possible for scripting uses it might be helpfull (but likely not really needed) to get a ""pointId"" for the JumpMovement as well
(I have Forgemaster Garfrost as example where there are two different jump-movements needed (with different action as result - but this can be stored in the phase system)
",2011-07-26T13:36:07Z,2011-07-26T13:36:07Z
477375,1,"Thank you ;-)""",2011-07-14 03:06:30,Undergarun,mangos,MaNGOS,f594ea20c57ccb796dd15e39d4d4165682c58b4c,Undergarun,817560,"Thank you ;-)
",2011-07-14T15:06:30Z,2011-07-14T15:06:30Z
474830,1,"ah - this was way easier than what I had in mind - thank you :)""",2011-07-12 23:23:21,Schmoozerd,mangos,MaNGOS,655d84afa4256512d383811cf2ef22a50327fcbe,Schmoozerd,299104,"ah - this was way easier than what I had in mind - thank you :)
",2011-07-13T11:23:21Z,2011-07-13T11:23:21Z
468822,1,"Silverice, please, give me sample for start parabolic movement. Ple-e-ease :)""",2011-07-08 21:07:28,rsa,mangos,MaNGOS,cee28237f73adfde3c8f0411ec0df98ee3f70d79,rsa,148874,"Silverice, please, give me sample for start parabolic movement. Ple-e-ease :)
",2011-07-09T09:07:28Z,2011-07-09T09:07:28Z
474419,1,"Great job, that was needed! I'm looking forward to see all the great imporvements here backported to the One branch.""",2011-07-12 17:43:09,Oniryck,mangos,MaNGOS,655d84afa4256512d383811cf2ef22a50327fcbe,Oniryck,644507,"Great job, that was needed! I'm looking forward to see all the great imporvements here backported to the One branch.
",2011-07-13T05:43:09Z,2011-07-13T05:43:09Z
468274,1,"Lol, i think in mangos many missing things that let wait for you with this ;)""",2011-07-08 06:52:28,VladimirMangos,mangos,MaNGOS,96e8b337bc51408787dca0c403b381bcc61cb7ab,VladimirMangos,29081,"Lol, i think in mangos many missing things that let wait for you with this ;)
",2011-07-08T18:52:28Z,2011-07-08T18:52:28Z
468300,1,"point for you =)""",2011-07-08 07:22:15,SkirnirMaNGOS,mangos,MaNGOS,96e8b337bc51408787dca0c403b381bcc61cb7ab,SkirnirMaNGOS,80424,"point for you =)
",2011-07-08T19:22:15Z,2011-07-08T19:22:15Z
467860,1,"Awesome...""",2011-07-08 03:03:11,Zakamurite,mangos,MaNGOS,326ba2c0b634d6b5306335b9e8d7f456c61fc340,Zakamurite,489591,"Awesome...
",2011-07-08T15:03:11Z,2011-07-08T15:03:11Z
467951,1,"who's da man! SilverIce :)""",2011-07-08 03:56:03,SkirnirMaNGOS,mangos,MaNGOS,326ba2c0b634d6b5306335b9e8d7f456c61fc340,SkirnirMaNGOS,80424,"who's da man! SilverIce :)
",2011-07-08T15:56:03Z,2011-07-08T15:56:03Z
467973,1,"Oooo... My God! Great job!""",2011-07-08 04:03:38,MaxXx2021,mangos,MaNGOS,326ba2c0b634d6b5306335b9e8d7f456c61fc340,MaxXx2021,233922,"Oooo... My God! Great job!
",2011-07-08T16:03:38Z,2011-07-08T16:03:38Z
467985,1,"That is just amazing. Thank you.""",2011-07-08 04:07:16,Tasssadar,mangos,MaNGOS,326ba2c0b634d6b5306335b9e8d7f456c61fc340,Tasssadar,120108,"That is just amazing. Thank you.
",2011-07-08T16:07:16Z,2011-07-08T16:07:16Z
459593,1,"Yay nice fix.""",2011-07-03 13:42:35,LordJZ,mangos,MaNGOS,570b0cfdb2b895e42e180e08ff66f416dd2cce21,LordJZ,32092,"Yay nice fix.
",2011-07-04T01:42:35Z,2011-07-04T01:42:35Z
454480,1,"I whisper this one: looks like a huge step to ahbot implementation. Yay ;-)""",2011-06-29 08:50:39,SkirnirMaNGOS,mangos,MaNGOS,67588d4f5020f1d6cc649712419e764430c32115,SkirnirMaNGOS,80424,"I whisper this one: looks like a huge step to ahbot implementation. Yay ;-)
",2011-06-29T20:50:39Z,2011-06-29T20:50:39Z
454985,1,"One more point for you on the unlimited """"why we love you""""-scale. Have a nice day.""",2011-06-29 17:36:53,SkirnirMaNGOS,mangos,MaNGOS,67588d4f5020f1d6cc649712419e764430c32115,SkirnirMaNGOS,80424,"One more point for you on the unlimited ""why we love you""-scale. Have a nice day.
",2011-06-30T05:36:53Z,2011-06-30T05:36:53Z
458149,1,"thank you :)""",2011-07-01 17:13:22,SkirnirMaNGOS,mangos,MaNGOS,67588d4f5020f1d6cc649712419e764430c32115,SkirnirMaNGOS,80424,"thank you :)
",2011-07-02T05:13:22Z,2011-07-02T05:13:22Z
451782,1,"at last ^^""",2011-06-28 04:00:47,Zakamurite,mangos,MaNGOS,b0ff0496cf98fb1f79ab64fc8c244b7a2803aa84,Zakamurite,489591,"at last ^^
",2011-06-28T16:00:47Z,2011-06-28T16:00:47Z
451861,1,"good work, thanks.""",2011-06-28 04:29:25,rsa,mangos,MaNGOS,b0ff0496cf98fb1f79ab64fc8c244b7a2803aa84,rsa,148874,"good work, thanks.
",2011-06-28T16:29:25Z,2011-06-28T16:29:25Z
453789,1,"Thank you for confirm!""",2011-06-29 03:18:10,VladimirMangos,mangos,MaNGOS,a9b961db50773fabf6b08bb3fd06ac3e1aa4931a,VladimirMangos,29081,"Thank you for confirm!
",2011-06-29T15:18:10Z,2011-06-29T15:18:10Z
437128,1,"Cool, thx =)""",2011-06-18 01:12:50,SeTM,mangos,MaNGOS,7241655fe2470ffd66abc523c69913c25c11b9eb,SeTM,31609,"Cool, thx =)
",2011-06-18T13:12:50Z,2011-06-18T13:12:50Z
426931,1,"i'm a good source of inspiration it seems ^^""",2011-06-12 07:22:13,darkstalker,mangos,MaNGOS,3248952107f9530b2403c5509ef977feb07d6372,wolfiestyle,356503,"i'm a good source of inspiration it seems ^^
",2011-06-12T19:22:13Z,2011-06-12T19:22:13Z
426904,1,"got clean mangos repo recloned from orig mangos but same probs :) strange :D  @lakilak if you have found a way pls tell me :) dont get it what i am doing wrong :)  @VladimirMangos also this diff is empty though....  again rebuilt,cleaned and resetted""",2011-06-12 06:55:22,Darkknight900,mangos,MaNGOS,a4e08e8f6d846947401a1925e34a31ea7ee4a716,Dikay900,448549,"got clean mangos repo recloned from orig mangos but same probs :) strange :D

@lakilak if you have found a way pls tell me :) dont get it what i am doing wrong :)

@VladimirMangos also this diff is empty though....

again rebuilt,cleaned and resetted my repo and recloned from here...
",2011-06-12T18:55:22Z,2011-06-12T18:55:22Z
427845,1,"wonderful :) so problem still there but no solution... will try more things tomorow x_X impossible that we are alone with this problem...  edit: @VladimirMangos """"git diff remotemangos/master"""" is also empty so far and as already told i fetched a new cl""",2011-06-13 04:00:24,Darkknight900,mangos,MaNGOS,a4e08e8f6d846947401a1925e34a31ea7ee4a716,Dikay900,448549,"wonderful :)
so problem still there but no solution... will try more things tomorow x_X impossible that we are alone with this problem...

edit:
@VladimirMangos
""git diff remotemangos/master"" is also empty so far and as already told i fetched a new clone :) don't get it what to do...
",2011-06-13T16:00:24Z,2011-06-13T16:04:31Z
429416,1,"Thank you Vladimir for fix. I did have full vs2008 with SP1 (also downloaded as .iso from microsoft)... but after [11630] problem solved...thank you once again... :)""",2011-06-13 23:21:51,lakilak,mangos,MaNGOS,a4e08e8f6d846947401a1925e34a31ea7ee4a716,lakilak,845038,"Thank you Vladimir for fix.
I did have full vs2008 with SP1 (also downloaded as .iso from microsoft)...
but after [11630] problem solved...thank you once again... :)
",2011-06-14T11:21:51Z,2011-06-14T11:21:51Z
412841,1,"Lets Go to Bar :)""",2011-06-02 21:26:39,Faq,mangos,MaNGOS,846f6943ec5c7b50a07aa244c85c4b34ad1f8344,Faq,322016,"Lets Go to Bar :)
",2011-06-03T09:26:39Z,2011-06-03T09:26:39Z
412098,1,"Cool research, thank you Vladimir.""",2011-06-02 08:23:44,boxa,mangos,MaNGOS,3af5fbc14bc8a81d162be7851135b70367868ad5,boxa,156509,"Cool research, thank you Vladimir.
",2011-06-02T20:23:44Z,2011-06-02T20:24:06Z
398878,1,"yeah """"Redunction"""" was too overpowered. Nerf was totally needed :D""",2011-05-24 21:27:51,stfx,mangos,MaNGOS,d33e9e4d2bdc6acde28717241ea5a93b53236776,DomGries,341158,"yeah ""Redunction"" was too overpowered. Nerf was totally needed :D
",2011-05-25T09:27:51Z,2011-05-25T09:27:51Z
400902,1,"i hope the next change will be fixing a bug that aura 269 affects resilience =)""",2011-05-25 21:50:48,Zakamurite,mangos,MaNGOS,d33e9e4d2bdc6acde28717241ea5a93b53236776,Zakamurite,489591,"i hope the next change will be fixing a bug that aura 269 affects resilience =)
",2011-05-26T09:50:48Z,2011-05-26T09:50:48Z
398756,1,"err... """"must NOT have....."""" maybe?)))))) ^_^""",2011-05-24 19:36:07,Inquisitor,mangos,MaNGOS,7e99433f2eafc1c9685ce59d0eaf1666fc763432,Inquisitor,203160,"err... ""must NOT have....."" maybe?)))))) ^_^
",2011-05-25T07:36:07Z,2011-05-25T07:36:07Z
396873,1,"thank you very much :)""",2011-05-24 01:30:13,DoesntMatter,mangos,MaNGOS,2bcbc0fbfe63fab389e4f4f875ac215852bff8b6,DoesntMatter,228580,"thank you very much :)
",2011-05-24T13:30:13Z,2011-05-24T13:30:13Z
395985,1,"In [11528]. Thank you :)""",2011-05-23 11:53:28,VladimirMangos,mangos,MaNGOS,8e2ece41246b977be8407362a0c7fe01f8dc3070,VladimirMangos,29081,"In [11528]. Thank you :)
",2011-05-23T23:53:28Z,2011-05-23T23:53:28Z
393589,1,"Fixed in [11522]. Thank you :)""",2011-05-21 10:11:38,VladimirMangos,mangos,MaNGOS,8679af2c9be9dd635a8e39719139999940999d46,VladimirMangos,29081,"Fixed in [11522]. Thank you :)
",2011-05-21T22:11:38Z,2011-05-21T22:11:38Z
394883,1,"ye,  summoning works fine. Also totem timers work already well, what a feeling to play a shamy :D thx""",2011-05-22 23:25:12,tibbi,mangos,MaNGOS,9be593b8fa3124a8acb73dce38af8a76955e49f0,tibbi,528931,"ye,  summoning works fine. Also totem timers work already well, what a feeling to play a shamy :D thx
",2011-05-23T11:25:12Z,2011-05-23T11:25:12Z
392827,1,"This is so cool!!! Arcane Missiles spell works great for now ^^""",2011-05-20 08:34:13,goldberg002,mangos,MaNGOS,16b634c377c82838b1d39316ce04fbd977799144,goldberg002,56787,"This is so cool!!! Arcane Missiles spell works great for now ^^
",2011-05-20T20:34:13Z,2011-05-20T20:34:13Z
389054,1,"Fixed in [11508]. Thank you. VS accept old version, lol.""",2011-05-18 04:45:47,VladimirMangos,mangos,MaNGOS,6e8d862b0ad8770d390b859449f6d307e2f8a0b9,VladimirMangos,29081,"Fixed in [11508]. Thank you. VS accept old version, lol.
",2011-05-18T16:45:47Z,2011-05-18T16:45:47Z
389837,1,">accept old version  if WIN32 is defined :)""",2011-05-18 14:35:16,cenfa,mangos,MaNGOS,6e8d862b0ad8770d390b859449f6d307e2f8a0b9,cenfa,216825,"> accept old version

if WIN32 is defined :)
",2011-05-19T02:35:16Z,2011-05-19T02:35:22Z
389839,1,"yes, make sense, it missed only in non-win case. I has been slow in understand this ^^""",2011-05-18 14:41:58,VladimirMangos,mangos,MaNGOS,6e8d862b0ad8770d390b859449f6d307e2f8a0b9,VladimirMangos,29081,"yes, make sense, it missed only in non-win case. I has been slow in understand this ^^
",2011-05-19T02:41:58Z,2011-05-19T02:41:58Z
386638,1,"Would it be hard to remove 2+ spaces? I think no. :D""",2011-05-16 21:28:09,Faq,mangos,MaNGOS,bc5a888645822ece764d9bd8ad69c65aaac28360,Faq,322016,"Would it be hard to remove 2+ spaces? I think no. :D
",2011-05-17T09:28:09Z,2011-05-17T09:28:09Z
426010,1,"i find another place where use suggested by you way implement operator for if() use ^^ One more time thanks for point to it ^^""",2011-06-10 23:47:29,VladimirMangos,mangos,MaNGOS,19ee350da4b259fe5f290ee0d3ccb5f4333b0cc4,VladimirMangos,29081,"i find another place where use suggested by you way implement operator for if() use ^^ One more time thanks for point to it ^^
",2011-06-11T11:47:29Z,2011-06-11T11:47:29Z
385021,1,"Thanks for finally submitting this, SilveIce :)""",2011-05-15 20:48:17,Ambal,mangos,MaNGOS,50efe72d3d35326fda66986ad60b039c9fe0dfd2,Ambal,101150,"Thanks for finally submitting this, SilveIce :)
",2011-05-16T08:48:17Z,2011-05-16T08:48:17Z
381037,1,"why should? :)""",2011-05-12 05:44:32,Schmoozerd,mangos,MaNGOS,e45dadd1b32da1a312107f5e34f76ffe5996e956,Schmoozerd,299104,"why should? :)
",2011-05-12T17:44:32Z,2011-05-12T17:44:32Z
380037,1,"Wow! Thanks. It's very long-anticipated search method.""",2011-05-11 16:10:40,rsa,mangos,MaNGOS,4d64972d4a14b8e8836cff1e26dbd9c9afe603c3,rsa,148874,"Wow! Thanks. It's very long-anticipated search method.
",2011-05-12T04:10:40Z,2011-05-12T04:10:40Z
380198,1,"Indeed, good one.""",2011-05-11 19:34:20,Faq,mangos,MaNGOS,4d64972d4a14b8e8836cff1e26dbd9c9afe603c3,Faq,322016,"Indeed, good one.
",2011-05-12T07:34:20Z,2011-05-12T07:34:20Z
383168,1,"Suggested fix added into [11481]. Thank you :)""",2011-05-13 10:29:40,VladimirMangos,mangos,MaNGOS,5caace198be7cc2e90f73b7166f5cf943345228a,VladimirMangos,29081,"Suggested fix added into [11481]. Thank you :)
",2011-05-13T22:29:40Z,2011-05-13T22:29:40Z
375444,1,"Fixed in [11459]. Thank you :)""",2011-05-09 07:21:07,VladimirMangos,mangos,MaNGOS,543c7f42ba43c208d78dad0353f7a48fd332d32d,VladimirMangos,29081,"Fixed in [11459]. Thank you :)
",2011-05-09T19:21:07Z,2011-05-09T19:21:07Z
375235,1,"you could also write ... if (roll < 73) ... to prevent calculating the random number in this line - one might be enough :)""",2011-05-09 04:57:04,stfx,mangos,MaNGOS,a9b664a4c7dde6c91c246fe687ff97f28619cfa7,DomGries,341158,"you could also write ... if (roll < 73) ... to prevent calculating the random number in this line - one might be enough :)
",2011-05-09T16:57:04Z,2011-05-09T16:57:04Z
374265,1,"It's funny how you treat your own contributors and watchers :D """,2011-05-08 11:05:01,Kiperr,mangos,MaNGOS,673aff36591cad38c45e978d36e18baa63b4ee62,Kiperr-zz,314740,"It's funny how you treat your own contributors and watchers :D
",2011-05-08T23:05:01Z,2011-05-08T23:05:01Z
366500,1,"all auction code expected executed in main world thread only, not in map threads. So remark about not safe just lol.""",2011-05-02 19:40:41,VladimirMangos,mangos,MaNGOS,52f19e0d8c0ccdd3c85a71719c3e4824521532ae,VladimirMangos,29081,"all auction code expected executed in main world thread only, not in map threads. So remark about not safe just lol.
",2011-05-03T07:40:41Z,2011-05-03T07:40:41Z
366612,1,"player handlers also? thanks, I'm happy""",2011-05-02 21:34:22,rsa,mangos,MaNGOS,52f19e0d8c0ccdd3c85a71719c3e4824521532ae,rsa,148874,"player handlers also? thanks, I'm happy
",2011-05-03T09:34:22Z,2011-05-03T09:34:22Z
359156,1,"Thank you, Neo2003. Nice patch :)""",2011-04-27 01:45:14,Ambal,mangos,MaNGOS,640c010009223063f93e0d76a251b459fccd937a,Ambal,101150,"Thank you, Neo2003. Nice patch :)
",2011-04-27T13:45:14Z,2011-04-27T13:45:14Z
351890,1,"tradition with waypoint record ^^""",2011-04-21 02:05:05,VladimirMangos,mangos,MaNGOS,04a27ea9163faed28fa6aacbaf0c1d29a1817273,VladimirMangos,29081,"tradition with waypoint record ^^
",2011-04-21T14:05:05Z,2011-04-21T14:05:05Z
348755,1,"thanks :) it's something new from Cata or already used in Wotlk?""",2011-04-18 23:48:23,SilverIce,mangos,MaNGOS,f8dffb86f97b490986776bed5861d037167b7dbe,SilverIce,107977,"thanks :)
it's something new from Cata or already used in Wotlk?
",2011-04-19T11:48:23Z,2011-04-19T11:53:52Z
344258,1,"Fixed in [11359]. Thank you :)""",2011-04-15 00:08:25,VladimirMangos,mangos,MaNGOS,1d1633eff66400aa302592844e592a5e29a498bf,VladimirMangos,29081,"Fixed in [11359]. Thank you :)
",2011-04-15T12:08:25Z,2011-04-15T12:08:25Z
346104,1,"I love you, man :-)""",2011-04-16 20:31:07,ssj17vegeta,mangos,MaNGOS,ba1d88a7d88b9ddde5ba35d057fb6016e156df1a,ssj17vegeta,734512,"I love you, man :-)
",2011-04-17T08:31:07Z,2011-04-17T08:31:07Z
340999,1,"...because this is how it was before :)""",2011-04-13 06:35:43,Ambal,mangos,MaNGOS,3362496a4707334dc8d2ed702833185c0d4c7dcf,Ambal,101150,"...because this is how it was before :)
",2011-04-13T18:35:43Z,2011-04-13T18:35:43Z
338846,1,"macro for aura cancel :D ?""",2011-04-12 01:28:07,Feanordev,mangos,MaNGOS,8c6dffdc8224b27115d3cde11ccbcee6ed96c634,Feanordev,191481,"macro for aura cancel :D ?
",2011-04-12T13:28:07Z,2011-04-12T13:28:07Z
338875,1,"Nice catch :)""",2011-04-12 01:47:47,VladimirMangos,mangos,MaNGOS,1b38a6d3738eb86d89470b8a9607cff4feac2284,VladimirMangos,29081,"Nice catch :)
",2011-04-12T13:47:47Z,2011-04-12T13:47:47Z
334779,1,"In [11327]. Thank you :)""",2011-04-08 07:28:19,VladimirMangos,mangos,MaNGOS,d03b17c6ddc8a871f3cacb4e4d8900dec9c1bad0,VladimirMangos,29081,"In [11327]. Thank you :)
",2011-04-08T19:28:19Z,2011-04-08T19:28:19Z
338900,1,"In [11337]. Thank you :)""",2011-04-12 02:04:18,VladimirMangos,mangos,MaNGOS,3e2a49ec25c22ded198d981b8df55018217a90dc,VladimirMangos,29081,"In [11337]. Thank you :)
",2011-04-12T14:04:18Z,2011-04-12T14:04:18Z
323617,1,"Great, DMR before duration calculation fixes few talents not working on 10+sec spells (Fear etc). Nice work :)""",2011-03-30 17:30:25,Feanordev,mangos,MaNGOS,09090acfbdf19e75374d773c511ef2574ceee260,Feanordev,191481,"Great, DMR before duration calculation fixes few talents not working on 10+sec spells (Fear etc). Nice work :)
",2011-03-31T05:30:25Z,2011-03-31T05:30:25Z
324546,1,"And yet I'm on me:) I went through all the code 2 times nothing to report on that side I raise a good compilation and I see I handed the file on my rest can goo better ^ ^""",2011-03-31 08:11:00,elementsdev,mangos,MaNGOS,09090acfbdf19e75374d773c511ef2574ceee260,elementsdev,640934,"And yet I'm on me:) I went through all the code 2 times nothing to report on that side I raise a good compilation and I see I handed the file on my rest can goo better ^ ^
",2011-03-31T20:11:00Z,2011-03-31T20:11:00Z
322654,1,"For me, the only fix I was able to do (without deep research) is 'DetectPosCollision = 0' and since vmap code has been added to core years ago :)""",2011-03-30 02:12:10,Neo2003,mangos,MaNGOS,a79ca96e4ae7b6ab1b70319e8b3011253068c841,Neo2003,28825,"For me, the only fix I was able to do (without deep research) is 'DetectPosCollision = 0' and since vmap code has been added to core years ago :)
",2011-03-30T14:12:10Z,2011-03-30T14:12:10Z
316177,1,"Thanks!!!! =)""",2011-03-25 14:49:14,kero99,mangos,MaNGOS,bfdc943535eaa1b2b8e07c8b1ed4762f15b24315,kero99,143736,"Thanks!!!! =)
",2011-03-26T01:49:14Z,2011-03-26T01:49:14Z
308795,1,"finally :)""",2011-03-20 22:21:18,Faq,mangos,MaNGOS,7e920787b8e5fda4c3de1dca9637025a70db2a8e,Faq,322016,"finally :)
",2011-03-21T09:21:18Z,2011-03-21T09:21:18Z
294701,1,"and more safe. Thanks :)""",2011-03-08 05:24:00,VladimirMangos,mangos,MaNGOS,b0a9a93a647af1178d0b94d38c9842426416379d,VladimirMangos,29081,"and more safe. Thanks :)
",2011-03-08T16:24:00Z,2011-03-08T16:24:00Z
295484,1,"I think that it may be better to handle the """"Trick"""" (roll_chance_i(50) returns false) through spell 24714 which requires script effect. Your """"Trick"""" code looks like it would work perfectly there though :)""",2011-03-08 16:14:24,Heuristicks,mangos,MaNGOS,84dc0bcf18b58483708e558bbe3f4ef8006de694,Heuristicks,207381,"I think that it may be better to handle the ""Trick"" (roll_chance_i(50) returns false) through spell 24714 which requires script effect. Your ""Trick"" code looks like it would work perfectly there though :)
",2011-03-09T03:14:24Z,2011-03-09T03:14:24Z
290270,1,"thanks. may be next step - move pet summon code from SpellEffects to class Pet? it's work good.""",2011-03-03 09:28:23,rsa,mangos,MaNGOS,c8534f6eb60489f288d4d8dbe9231de59aa0d397,rsa,148874,"thanks. may be next step - move pet summon code from SpellEffects to class Pet? it's work good.
",2011-03-03T20:28:23Z,2011-03-03T20:28:23Z
287237,1,"Ask google :P""",2011-03-01 00:47:02,Ankso,mangos,MaNGOS,e49699eb025c5a791f322cf5278641cb9e4ca36c,Ankso,153254,"Ask google :P
",2011-03-01T11:47:02Z,2011-03-01T11:47:02Z
279804,1,"Yeahhhhhhhhhhhhhhh thanks guys!!!!!!""",2011-02-22 07:30:33,kero99,mangos,MaNGOS,f5d551518b96e67b7f13a6d3609fb2963be12ee6,kero99,143736,"Yeahhhhhhhhhhhhhhh thanks guys!!!!!!
",2011-02-22T18:30:33Z,2011-02-22T18:30:33Z
299873,1,"Lover limit? Got a good laugh on that one :)""",2011-03-12 13:48:52,kamikazetg,mangos,MaNGOS,f5d551518b96e67b7f13a6d3609fb2963be12ee6,kamikazetg,387323,"Lover limit? Got a good laugh on that one :)
",2011-03-13T00:48:52Z,2011-03-13T00:48:52Z
270491,1,"This is just to good to be true. I'm almost crying 'caus of joy. Thanks a lot, this makes life a lot easier!""",2011-02-13 23:13:29,Gucky,mangos,MaNGOS,33fd34a42e806c7b43c5f0786c8ec50852d49cf1,Gucky,121690,"This is just to good to be true. I'm almost crying 'caus of joy.
Thanks a lot, this makes life a lot easier!
",2011-02-14T10:13:29Z,2011-02-14T10:13:29Z
270534,1,"Awesome! I hope you are also considering using only Cmake on Windows because that really makes the work of developers much easier :)""",2011-02-14 00:21:14,stfx,mangos,MaNGOS,33fd34a42e806c7b43c5f0786c8ec50852d49cf1,DomGries,341158,"Awesome! I hope you are also considering using only Cmake on Windows because that really makes the work of developers much easier :)
",2011-02-14T11:21:14Z,2011-02-14T11:21:14Z
275431,1,"Fixed in [11184]. Thank you :)""",2011-02-17 15:30:47,VladimirMangos,mangos,MaNGOS,33fd34a42e806c7b43c5f0786c8ec50852d49cf1,VladimirMangos,29081,"Fixed in [11184]. Thank you :)
",2011-02-18T02:30:47Z,2011-02-18T02:30:47Z
269513,1,"IsPositiveSpell check needed ? I mean, you should never miss positive spell.""",2011-02-12 11:19:16,Feanordev,mangos,MaNGOS,83fd26005698488e18a73f2aed3f53126b8a31a9,Feanordev,191481,"IsPositiveSpell check needed ? I mean, you should never miss positive spell.
",2011-02-12T22:19:16Z,2011-02-12T22:19:16Z
269207,1,"yes, this is another type which will require separate commit to fix :D""",2011-02-12 02:35:43,Ambal,mangos,MaNGOS,e677cdf9076e3c1f34fc3e53f87a48570a5496d8,Ambal,101150,"yes, this is another type which will require separate commit to fix :D
",2011-02-12T13:35:43Z,2011-02-12T13:35:43Z
268553,1,"Long live the thread-safe code! :)""",2011-02-11 07:41:43,rsa,mangos,MaNGOS,66d1972ac5392d7dd6748772f01c611600cb0c39,rsa,148874,"Long live the thread-safe code!
:)
",2011-02-11T18:41:43Z,2011-02-11T18:42:02Z
264168,1,"wow! great work.""",2011-02-07 18:58:20,rsa,mangos,MaNGOS,1d01f504a07d5c63621d31c022a3bbe5c671d544,rsa,148874,"wow! great work.
",2011-02-08T05:58:20Z,2011-02-08T05:58:20Z
264211,1,"This looks intresting, now.. hmm, to get up with some nice scripting idea using this :D""",2011-02-07 21:04:31,Feanordev,mangos,MaNGOS,1d01f504a07d5c63621d31c022a3bbe5c671d544,Feanordev,191481,"This looks intresting, now.. hmm, to get up with some nice scripting idea using this :D
",2011-02-08T08:04:31Z,2011-02-08T08:04:31Z
264221,1,"True - I wanted to make it in SD2 before handled by some spawned triggers but ye it would be messy and actually, never got to even start it :D""",2011-02-07 21:14:23,Feanordev,mangos,MaNGOS,1d01f504a07d5c63621d31c022a3bbe5c671d544,Feanordev,191481,"True - I wanted to make it in SD2 before handled by some spawned triggers but ye it would be messy and actually, never got to even start it :D
",2011-02-08T08:14:23Z,2011-02-08T08:14:23Z
264217,1,"yes. all OutDoorPvP may be easely rewrited with this code - not in core, in SD2. but need work :)""",2011-02-07 21:10:28,rsa,mangos,MaNGOS,1d01f504a07d5c63621d31c022a3bbe5c671d544,rsa,148874,"yes. all OutDoorPvP may be easely rewrited with this code - not in core, in SD2. but need work :)
",2011-02-08T08:10:28Z,2011-02-08T08:10:28Z
264405,1,"Nice commit! This will help me for encounters event :)""",2011-02-08 01:49:18,cyberium,mangos,MaNGOS,1d01f504a07d5c63621d31c022a3bbe5c671d544,cyberium,346907,"Nice commit! This will help me for encounters event :)
",2011-02-08T12:49:18Z,2011-02-08T12:49:18Z
262738,1,"nice, that's what I needed  Thnks""",2011-02-06 15:28:09,CharlesPs,mangos,MaNGOS,291fe28c1c5874685a87713372416e0a58d1d97f,CharlesPs,81291,"nice, that's what I needed

Thnks
",2011-02-07T02:28:09Z,2011-02-07T02:28:09Z
262709,1,"Grats on 11111 commits. :)""",2011-02-06 13:43:06,Patman64,mangos,MaNGOS,dc3a6a67c18faa0d4580c79ad8484ae8549e9666,PatSmuk,75297,"Grats on 11111 commits. :)
",2011-02-07T00:43:06Z,2011-02-07T00:43:06Z
262787,1,"Epic commit. As always, when magic commit number comes :))""",2011-02-06 19:19:54,PSZ,mangos,MaNGOS,dc3a6a67c18faa0d4580c79ad8484ae8549e9666,PSZ,154752,"Epic commit. As always, when magic commit number comes :))
",2011-02-07T06:19:54Z,2011-02-07T06:19:54Z
263006,1,"Need preserve tradition. ^^ But note: _not_ specially selected ;)""",2011-02-07 00:39:27,VladimirMangos,mangos,MaNGOS,dc3a6a67c18faa0d4580c79ad8484ae8549e9666,VladimirMangos,29081,"Need preserve tradition. ^^ But note: _not_ specially selected ;)
",2011-02-07T11:39:27Z,2011-02-07T11:39:27Z
255095,1,"Well, it's pretty safe to say there are different opinions :) I'll make a post in the forums so we at least can see if we are able to make a unified style on the SQL (SQL that goes in to the log files was my main concern)""",2011-01-29 02:11:03,NoFantasy,mangos,MaNGOS,a5272017e406c225f38ab459d11ace0ea2c1c7e5,NoFantasy,28895,"Well, it's pretty safe to say there are different opinions :) I'll make a post in the forums so we at least can see if we are able to make a unified style on the SQL (SQL that goes in to the log files was my main concern)
",2011-01-29T13:11:03Z,2011-01-29T13:11:03Z
248070,1,"I wanted to place MANGOS_ASSERT() there to crash some servers and find out how we can get in this case :D""",2011-01-22 04:18:13,Ambal,mangos,MaNGOS,b447452d860b6c7c3990b089e2e27570197ac1bf,Ambal,101150,"I wanted to place MANGOS_ASSERT() there to crash some servers and find out how we can get in this case :D
",2011-01-22T15:18:13Z,2011-01-22T15:18:13Z
245450,1,"Thank you, boyz :) Next target - prepared statements :)""",2011-01-19 10:02:29,Ambal,mangos,MaNGOS,e3f9836babaaf7ac525949656910a1fe44f5f58d,Ambal,101150,"Thank you, boyz :) Next target - prepared statements :)
",2011-01-19T21:02:29Z,2011-01-19T21:02:29Z
245438,1,"Indeed, great work as always, nice to see such optimizations in mangos!""",2011-01-19 09:54:40,Feanordev,mangos,MaNGOS,e3f9836babaaf7ac525949656910a1fe44f5f58d,Feanordev,191481,"Indeed, great work as always, nice to see such optimizations in mangos!
",2011-01-19T20:54:40Z,2011-01-19T20:54:40Z
245477,1,"Thank you Ambal for the patch. Go ahead for the next goal!! ¡¡Prepared statements!!  Cheers Axxus AKA Undergarun ;-)""",2011-01-19 10:22:45,Axxus,mangos,MaNGOS,e3f9836babaaf7ac525949656910a1fe44f5f58d,Axxus,149947,"Thank you Ambal for the patch. Go ahead for the next goal!! ¡¡Prepared statements!!

Cheers Axxus AKA Undergarun ;-)
",2011-01-19T21:22:45Z,2011-01-19T21:22:45Z
245514,1,"jethro84530, your issue should be fixed in [11049]. Thank you for reporting!""",2011-01-19 10:51:40,Ambal,mangos,MaNGOS,e3f9836babaaf7ac525949656910a1fe44f5f58d,Ambal,101150,"jethro84530, your issue should be fixed in [11049]. Thank you for reporting!
",2011-01-19T21:51:40Z,2011-01-19T21:53:07Z
237935,1,"Commit [11000], jeez! :) ...I joined when mangos rev was only [1527] and now it is 11k - nice progress, I'd say :)""",2011-01-11 05:58:43,Ambal,mangos,MaNGOS,874a72857f0197f7696f3f457a383de245f41f7a,Ambal,101150,"Commit [11000], jeez! :) ...I joined when mangos rev was only [1527] and now it is 11k - nice progress, I'd say :)
",2011-01-11T16:58:43Z,2011-01-11T16:58:43Z
238241,1,"it is told that 11111 will be vehicles implementation :) """,2011-01-11 11:02:56,Schmoozerd,mangos,MaNGOS,874a72857f0197f7696f3f457a383de245f41f7a,Schmoozerd,299104,"it is told that 11111 will be vehicles implementation :)
",2011-01-11T22:02:56Z,2011-01-11T22:02:56Z
238319,1,"yeah DasBlub I wanted to say that :D as it was for 10k commit removing empty line or so whatever, lol  So happy new year, guys ,and happy new thousand! ^_^""",2011-01-11 12:17:09,Inquisitor,mangos,MaNGOS,874a72857f0197f7696f3f457a383de245f41f7a,Inquisitor,203160,"yeah DasBlub I wanted to say that :D as it was for 10k commit removing empty line or so whatever, lol

So happy new year, guys ,and happy new thousand! ^_^
",2011-01-11T23:17:09Z,2011-01-11T23:17:36Z
235029,1,"I think MaNGOS startup-time is O(1), so the progress bars are really a must have :)""",2011-01-07 11:42:23,Schmoozerd,mangos,MaNGOS,4b347cb5c211809b6e474f0588fb1b5319e3c090,Schmoozerd,299104,"I think MaNGOS startup-time is O(1), so the progress bars are really a must have :)
",2011-01-07T22:42:23Z,2011-01-07T22:42:23Z
233522,1,"this one is nice :) would be good thing to see gossip future binded to world events (gossips appear when spcified event begins).""",2011-01-05 22:47:10,Faq,mangos,MaNGOS,84e29e0fc035810281398f58c88fc19b78bafa53,Faq,322016,"this one is nice :)
would be good thing to see gossip future binded to world events (gossips appear when spcified event begins).
",2011-01-06T09:47:10Z,2011-01-06T09:47:10Z
230188,1,"Happy new year guys!""",2011-01-01 10:25:24,FoOtY,mangos,MaNGOS,34d59f9e55557dfcee87f61896dc4b567b7d81f2,FoOtY,29133,"Happy new year guys!
",2011-01-01T21:25:24Z,2011-01-01T21:25:24Z
228275,1,"Scripting libraries need to be adjusted accordingly. <= NoFantasy will be """"happy"""" with this patch, thats for sure =)""",2010-12-29 06:07:53,Ambal,mangos,MaNGOS,808059e1c0b254d40f912e2f1f5328e829d97c78,Ambal,101150,"Scripting libraries need to be adjusted accordingly. <= NoFantasy will be ""happy"" with this patch, thats for sure =)
",2010-12-29T17:07:53Z,2010-12-29T17:07:53Z
228303,1,"jajajajajajajajaja xD """"Happy for sure""""""",2010-12-29 06:39:41,Axxus,mangos,MaNGOS,808059e1c0b254d40f912e2f1f5328e829d97c78,Axxus,149947,"jajajajajajajajaja xD ""Happy for sure""
",2010-12-29T17:39:41Z,2010-12-29T17:39:41Z
228392,1,":) without corrects of scriptmgr calls in SD2 library was not load :) """,2010-12-29 09:17:33,rsa,mangos,MaNGOS,808059e1c0b254d40f912e2f1f5328e829d97c78,rsa,148874,":) without corrects of scriptmgr calls in SD2 library was not load :) 
",2010-12-29T20:17:33Z,2010-12-29T20:17:33Z
229058,1,"oh that was fast, I didn't expect this patch so fast submitted to master ;) Thank you looks nice  edit: I should have checked sd2 svn before writing here""",2010-12-30 03:38:03,Schmoozerd,mangos,MaNGOS,808059e1c0b254d40f912e2f1f5328e829d97c78,Schmoozerd,299104,"oh that was fast, I didn't expect this patch so fast submitted to master ;)
Thank you looks nice

edit: I should have checked sd2 svn before writing here
",2010-12-30T14:38:03Z,2010-12-30T18:00:39Z
227055,1,"Thank you so much!!!""",2010-12-27 13:00:32,Axxus,mangos,MaNGOS,6ea13fcc792a519e4c7ba1b83783a97877eb5577,Axxus,149947,"Thank you so much!!!
",2010-12-28T00:00:32Z,2010-12-28T00:00:32Z
227756,1,"Lynx3d, your issue should be fixed in [10931]. Thank you for reporting!""",2010-12-28 10:39:42,Ambal,mangos,MaNGOS,6ea13fcc792a519e4c7ba1b83783a97877eb5577,Ambal,101150,"Lynx3d, your issue should be fixed in [10931]. Thank you for reporting!
",2010-12-28T21:39:42Z,2010-12-28T21:39:42Z
223199,1,"Welcome to the team, zergtmn :) Congratulations with first commit :)""",2010-12-21 03:09:08,Ambal,mangos,MaNGOS,551200a925bc679da2b97ec45213784773b4893d,Ambal,101150,"Welcome to the team, zergtmn :) Congratulations with first commit :)
",2010-12-21T14:09:08Z,2010-12-21T14:09:08Z
223214,1,"woot - really awesome to see you in here !""",2010-12-21 03:57:13,Feanordev,mangos,MaNGOS,551200a925bc679da2b97ec45213784773b4893d,Feanordev,191481,"woot - really awesome to see you in here !
",2010-12-21T14:57:13Z,2010-12-21T14:57:13Z
223345,1,"Gratz Zergtmn! Very good job!""",2010-12-21 06:18:31,cozzmoz,mangos,MaNGOS,551200a925bc679da2b97ec45213784773b4893d,arjanwoldring,167399,"Gratz Zergtmn! Very good job!
",2010-12-21T17:18:31Z,2010-12-21T17:18:31Z
222053,1,"Confirned by testing in game. Thank you :) I look currently how this can be used in code...""",2010-12-20 04:26:22,VladimirMangos,mangos,MaNGOS,76493297b0441e81ccd22d34e650414be2585214,VladimirMangos,29081,"Confirned by testing in game. Thank you :) I look currently how this can be used in code...
",2010-12-20T15:26:22Z,2010-12-20T15:26:22Z
216434,1,"Awesome, thank you. This reduces npc_trainer table size by at least 50%""",2010-12-13 02:59:07,emsy,mangos,MaNGOS,605ecf175f19883529bf4c39354d2b06da75a46d,emsy,74233,"Awesome, thank you. This reduces npc_trainer table size by at least 50%
",2010-12-13T13:59:07Z,2010-12-13T13:59:07Z
214747,1,"Thanks, Vladimir. Nice update, I haven't thought of it :)""",2010-12-09 20:34:38,Ambal,mangos,MaNGOS,282783cb1cdd39c55d5de5e8807673c1a1163795,Ambal,101150,"Thanks, Vladimir. Nice update, I haven't thought of it :)
",2010-12-10T07:34:38Z,2010-12-10T07:34:38Z
214158,1,"Nice - Awesome work, thx Kero and other testers for testing it, and ofc thx to You Ambal :)""",2010-12-09 07:44:44,Feanordev,mangos,MaNGOS,00ca081850dc7ba5e76ac90d2e56ddcb28d2b269,Feanordev,191481,"Nice - Awesome work, thx Kero and other testers for testing it, and ofc thx to You Ambal :)
",2010-12-09T18:44:44Z,2010-12-09T18:50:47Z
214209,1,"Great work.""",2010-12-09 08:14:42,rsa,mangos,MaNGOS,00ca081850dc7ba5e76ac90d2e56ddcb28d2b269,rsa,148874,"Great work.
",2010-12-09T19:14:42Z,2010-12-09T19:14:42Z
214222,1,"Wow!! Thank you!!! Great work!!""",2010-12-09 08:21:12,kero99,mangos,MaNGOS,00ca081850dc7ba5e76ac90d2e56ddcb28d2b269,kero99,143736,"Wow!! Thank you!!! Great work!!
",2010-12-09T19:21:12Z,2010-12-09T19:21:12Z
334752,1,"Maybe because I'd missed it while making a patch? :)""",2011-04-08 07:04:07,Ambal,mangos,MaNGOS,00ca081850dc7ba5e76ac90d2e56ddcb28d2b269,Ambal,101150,"Maybe because I'd missed it while making a patch? :)
",2011-04-08T19:04:07Z,2011-04-08T19:04:07Z
199029,1,"wohoo nice:)""",2010-11-21 00:10:38,roby10,mangos,MaNGOS,89ddc9073d9874c85e71fd593263b70e62e4acce,roby10,97956,"wohoo nice:)
",2010-11-21T11:10:38Z,2010-11-21T11:10:38Z
198814,1,"Ofc, but my secretary (monkey) in random typing by keyboard not always type proper texts to commit notes. ^^""",2010-11-20 12:25:41,VladimirMangos,mangos,MaNGOS,edf9c0f217bab89dce544911cc6979b3a38bf61b,VladimirMangos,29081,"Ofc, but my secretary (monkey) in random typing by keyboard not always type proper texts to commit notes. ^^
",2010-11-20T23:25:41Z,2010-11-20T23:25:41Z
198558,1,"big thanks. but typo - controLLed, not controLed :)""",2010-11-19 22:14:40,rsa,mangos,MaNGOS,4c2127a6f55dd929847a2d897c22d3be8720db9f,rsa,148874,"big thanks. but typo - controLLed, not controLed :)
",2010-11-20T09:14:40Z,2010-11-20T09:14:40Z
198711,1,"Exellent work. I think, the next step (step by step :) should be transfer Pet Action's from PetHandler.cpp to Unit.cpp (for use in CallForAllControlledUnits). Tested more than three months (based on Laise code). Need publish clean patch? ;)""",2010-11-20 07:55:15,rsa,mangos,MaNGOS,4c2127a6f55dd929847a2d897c22d3be8720db9f,rsa,148874,"Exellent work. I think, the next step (step by step :) should be transfer Pet Action's from PetHandler.cpp to Unit.cpp (for use in CallForAllControlledUnits). Tested more than three months (based on Laise code). Need publish clean patch? ;)
",2010-11-20T18:55:15Z,2010-11-20T18:55:15Z
198676,1,"Ok :) Just without question this is look like problem report """,2010-11-20 07:02:26,VladimirMangos,mangos,MaNGOS,9ec5b1cfbedf2b7e2dd3d8b4dd7b1d08574cc446,VladimirMangos,29081,"Ok :) Just without question this is look like problem report 
",2010-11-20T18:02:26Z,2010-11-20T18:02:26Z
196257,1,"Indeed, thanks for notice :D""",2010-11-17 07:07:50,NoFantasy,mangos,MaNGOS,cdb7a6494daa5a45b85cbcd02f46550257400d8d,NoFantasy,28895,"Indeed, thanks for notice :D
",2010-11-17T18:07:50Z,2010-11-17T18:07:50Z
195271,1,"Epic.  But will it be another great patch, after which mangos will recover for months? Hope not and Ambal's skills are sharp.""",2010-11-16 08:22:36,LordJZ,mangos,MaNGOS,ff5232c64809207b5fa59d62e9870f58a36b6f3f,LordJZ,32092,"Epic.

But will it be another great patch, after which mangos will recover for months? Hope not and Ambal's skills are sharp.
",2010-11-16T19:22:36Z,2010-11-16T19:22:36Z
195274,1,"Well, lets hope my skills are indeed sharp :)  And remember: mangos community is the only QA which our dev team has. So quality of this project is highly dependent on your participation in patch testing! If you miss your chance to report issues until patch""",2010-11-16 08:30:02,Ambal,mangos,MaNGOS,ff5232c64809207b5fa59d62e9870f58a36b6f3f,Ambal,101150,"Well, lets hope my skills are indeed sharp :)  And remember: mangos community is the only QA which our dev team has. So quality of this project is highly dependent on your participation in patch testing! If you miss your chance to report issues until patch goes live... Well, don't miss it after :)
",2010-11-16T19:30:02Z,2010-11-16T19:30:02Z
195450,1,"Cooollll! Thank you Ambal ;)""",2010-11-16 11:51:30,kero99,mangos,MaNGOS,ff5232c64809207b5fa59d62e9870f58a36b6f3f,kero99,143736,"Cooollll! Thank you Ambal ;)
",2010-11-16T22:51:30Z,2010-11-16T22:51:30Z
195685,1,"Woooow, nice work, thanks!!""",2010-11-16 15:13:44,Andrewzz,mangos,MaNGOS,ff5232c64809207b5fa59d62e9870f58a36b6f3f,Andrewzz,161734,"Woooow, nice work, thanks!!
",2010-11-17T02:13:44Z,2010-11-17T02:13:44Z
187548,1,"thanks!!!! Hope this will solve the problem with ACE-depend crashes""",2010-11-07 12:37:35,Limur,mangos,MaNGOS,3a82098dad035f9c4a3573ec266bc75b28c51cd5,Limur,130334,"thanks!!!! Hope this will solve the problem with ACE-depend crashes
",2010-11-07T23:37:35Z,2010-11-07T23:37:35Z
186040,1,"It traditionally forgoten ^^ Thank you for pointing. :) Will fix as complete with current commit.""",2010-11-05 02:40:11,VladimirMangos,mangos,MaNGOS,3bb9d7a429ec8dc347eb434537c6505e1701b111,VladimirMangos,29081,"It traditionally forgoten ^^ Thank you for pointing. :) Will fix as complete with current commit.
",2010-11-05T13:40:11Z,2010-11-05T13:40:11Z
185948,1,"It seams to work at the first sight. I will do further tests, but it is an improvement of this patch.  All non-Win'er will thank you ;)""",2010-11-04 23:30:49,Marik23,mangos,MaNGOS,10784a8c7cc81c468b5411e973d36ecf31de9603,Marik23,197524,"It seams to work at the first sight.
I will do further tests, but it is an improvement of this patch. 
All non-Win'er will thank you ;)
",2010-11-05T10:30:49Z,2010-11-05T10:30:49Z
179410,1,"wow, that's a commit ;)""",2010-10-27 20:14:29,Schmoozerd,mangos,MaNGOS,b1c371f4ac4e57f304064a29c8c53d20ae4082b0,Schmoozerd,299104,"wow, that's a commit ;)
",2010-10-28T08:14:29Z,2010-10-28T08:14:29Z
179917,1,"Big thanks for good work. ps awaiting CMSG_MOVE_TIME_SKIPPED :))""",2010-10-28 07:28:44,rsa,mangos,MaNGOS,b1c371f4ac4e57f304064a29c8c53d20ae4082b0,rsa,148874,"Big thanks for good work.
ps awaiting CMSG_MOVE_TIME_SKIPPED :))
",2010-10-28T19:28:44Z,2010-10-28T19:28:44Z
180298,1,"Axxus, looks like an old crash but just in new place ^^""",2010-10-28 19:33:04,insider42,mangos,MaNGOS,b1c371f4ac4e57f304064a29c8c53d20ae4082b0,insider42,137344,"Axxus, looks like an old crash but just in new place ^^
",2010-10-29T07:33:04Z,2010-10-29T07:33:04Z
175963,1,"comments would be helpful ..:)""",2010-10-24 03:05:37,roby10,mangos,MaNGOS,b68507dbcc2a8ac9a2882fc13b9118da2c588d03,roby10,97956,"comments would be helpful ..:)
",2010-10-24T15:05:37Z,2010-10-24T15:05:37Z
170612,1,"lol :D I haz fish!""",2010-10-17 01:18:06,NoFantasy,mangos,MaNGOS,69c1008d99051d3e076e1ed32667073940ea4e0e,NoFantasy,28895,"lol :D I haz fish!
",2010-10-17T13:18:06Z,2010-10-17T13:18:06Z
165510,1,"Thanks u so much!!""",2010-10-09 06:47:09,Axxus,mangos,MaNGOS,4144e06f089c90373683f2e08c73af1945219978,Axxus,149947,"Thanks u so much!!
",2010-10-09T18:47:09Z,2010-10-09T18:47:09Z
165527,1,"Cool!, finally crash in esES locales fixed ;-) """,2010-10-09 07:16:05,kero99,mangos,MaNGOS,4144e06f089c90373683f2e08c73af1945219978,kero99,143736,"Cool!, finally crash in esES locales fixed ;-) 
",2010-10-09T19:16:05Z,2010-10-09T19:16:05Z
165665,1,"Why english or russian? Are we special? :P""",2010-10-09 17:40:20,LordJZ,mangos,MaNGOS,4144e06f089c90373683f2e08c73af1945219978,LordJZ,32092,"Why english or russian? Are we special? :P
",2010-10-10T05:40:20Z,2010-10-10T05:40:20Z
165553,1,"Thanks a lot ^^""",2010-10-09 09:10:44,Ankso,mangos,MaNGOS,4144e06f089c90373683f2e08c73af1945219978,Ankso,153254,"Thanks a lot ^^
",2010-10-09T21:10:44Z,2010-10-09T21:10:44Z
165811,1,"Hi Vlad, patch http://gist.github.com/619398 work perfect, no locales crashes for client esES, Gameobject Ok, Items OK, PageText OK and Gossip OK. (GCC version 4.4.1)  Thanks soo much.""",2010-10-10 06:47:25,kero99,mangos,MaNGOS,4144e06f089c90373683f2e08c73af1945219978,kero99,143736,"Hi Vlad, patch http://gist.github.com/619398 work perfect, no locales crashes for client esES, Gameobject Ok, Items OK, PageText OK and Gossip OK. (GCC version 4.4.1)

Thanks soo much.
",2010-10-10T18:47:25Z,2010-10-10T18:48:06Z
165819,1,"Thank you for testing :)""",2010-10-10 07:10:31,VladimirMangos,mangos,MaNGOS,4144e06f089c90373683f2e08c73af1945219978,VladimirMangos,29081,"Thank you for testing :)
",2010-10-10T19:10:31Z,2010-10-10T19:10:31Z
159799,1,"Applaude :)""",2010-10-01 00:06:52,rsa,mangos,MaNGOS,8f3376494f71ff4f9dac8aad3272a2ded38cfc8d,rsa,148874,"Applaude :)
",2010-10-01T12:06:52Z,2010-10-01T12:06:52Z
165352,1,"maybe """"urand"""", instead """"frand"""" ? :)""",2010-10-08 18:17:23,vevileon,mangos,MaNGOS,5ee3212f71f9935882d5eead0e4aa11281b74e16,voidnu11,433213,"maybe ""urand"", instead ""frand"" ? :)
",2010-10-09T06:17:23Z,2010-10-09T06:17:23Z
155935,1,":D taking shape :)""",2010-09-26 21:54:49,roby10,mangos,MaNGOS,e6ca53306a4daa87983a3faaa15a0553c093c23a,roby10,97956,":D taking shape :)
",2010-09-27T09:54:49Z,2010-09-29T06:59:59Z
155965,1,"I cant believe it Oo Please keep track on vehicles. Thank you!""",2010-09-26 23:57:27,Forusim,mangos,MaNGOS,e6ca53306a4daa87983a3faaa15a0553c093c23a,Forusim,176811,"I cant believe it Oo
Please keep track on vehicles.
Thank you!
",2010-09-27T11:57:27Z,2010-09-27T11:57:27Z
158821,1,"Gratz for new status, DasBlub!""",2010-09-29 17:10:46,bwsrv,mangos,MaNGOS,e02e80662175265f7180af9604440dd6502cdc1b,bwsrv,314272,"Gratz for new status, DasBlub!
",2010-09-30T05:10:46Z,2010-09-30T05:10:46Z
154180,1,"Oh right, I didnt see it, ty  =)""",2010-09-23 14:49:33,Andrewzz,mangos,MaNGOS,33bdbcbc5b15b8aeebc7665d605e1a1c8ed3e517,Andrewzz,161734,"Oh right, I didnt see it, ty  =)
",2010-09-24T02:49:33Z,2010-09-24T02:49:33Z
153078,1,"Thank you vladimir. This should make compatibility between different branches of mangos and scripts a lot easier.""",2010-09-22 09:35:44,Patman64,mangos,MaNGOS,f387b3a1ef7c91dfcc3f5fb61c43fb88892fec03,PatSmuk,75297,"Thank you vladimir. This should make compatibility between different branches of mangos and scripts a lot easier.
",2010-09-22T21:35:44Z,2010-09-22T21:35:44Z
151544,1,"i understood that after a chat with vladimir :P """,2010-09-20 20:19:47,roby10,mangos,MaNGOS,e427c721a1baa0a9fd2203e579fbe83ed6886c74,roby10,97956,"i understood that after a chat with vladimir :P
",2010-09-21T08:19:47Z,2010-09-21T08:19:47Z
150189,1,"was thinking of doing this myself since a long time... good job.""",2010-09-18 09:29:36,darkstalker,mangos,MaNGOS,8bb66d798c34dd7bc2a0b207b329aba6d8121049,wolfiestyle,356503,"was thinking of doing this myself since a long time... good job.
",2010-09-18T21:29:36Z,2010-09-18T21:29:36Z
150313,1,"good, this one makes simplier doing backup""",2010-09-19 00:47:45,Revils,mangos,MaNGOS,8bb66d798c34dd7bc2a0b207b329aba6d8121049,Revils,142126,"good, this one makes simplier doing backup
",2010-09-19T12:47:45Z,2010-09-19T12:48:19Z
150690,1,"yes, you are right. This most clear way and consistent with other cases.  Added in [10510]. Thank you :)""",2010-09-19 21:30:10,VladimirMangos,mangos,MaNGOS,4554fee47990ddde0ed706927c23bb20be1401c4,VladimirMangos,29081,"yes, you are right. This most clear way and consistent with other cases.

Added in [10510]. Thank you :)
",2010-09-20T09:30:10Z,2010-09-20T09:30:10Z
148730,1,"lol :)""",2010-09-16 07:15:36,LordJZ,mangos,MaNGOS,a14cbac65e7e8d3383f9c242f9afa07802f92ce5,LordJZ,32092,"lol :)
",2010-09-16T19:15:36Z,2010-09-16T19:15:36Z
147324,1,"Lol, it should be """"0:idle, 1:random, 2:waypoint"""" in commit notes of course :)""",2010-09-14 21:53:49,NoFantasy,mangos,MaNGOS,93b478c5ab8f82ff89dab8e8079b1837bd86792d,NoFantasy,28895,"Lol, it should be ""0:idle, 1:random, 2:waypoint"" in commit notes of course :)
",2010-09-15T09:53:49Z,2010-09-15T09:54:27Z
146555,1,"Not yet, but planned :)""",2010-09-14 01:00:14,NoFantasy,mangos,MaNGOS,c95ad84d066a947594a45ef7bdeba06a8ab42eeb,NoFantasy,28895,"Not yet, but planned :)
",2010-09-14T13:00:14Z,2010-09-14T13:00:14Z
145723,1,"epic :D:D:D keep going :) good job""",2010-09-12 19:28:02,roby10,mangos,MaNGOS,999b972750168486acb484fc0ada2aff323a8f65,roby10,97956,"epic :D:D:D keep going :) good job
",2010-09-13T07:28:02Z,2010-09-13T07:28:02Z
147139,1,"I was confused because darkstalker added that to my patch on forum. Thanks for explanation!""",2010-09-14 14:51:52,vermie,mangos,MaNGOS,a1ce6edd3b1d7a24d3f4b5cb706af08d1cba817e,vermie,238162,"I was confused because darkstalker added that to my patch on forum.
Thanks for explanation!
",2010-09-15T02:51:52Z,2010-09-15T02:51:52Z
145073,1,"Again, rpoc should be proc, and I'd just like to add that you are an excellent developer. =D""",2010-09-10 14:57:37,Patman64,mangos,MaNGOS,dea692e6e2dcd51d7682bef1cb020f7adbedff19,PatSmuk,75297,"Again, rpoc should be proc, and I'd just like to add that you are an excellent developer. =D
",2010-09-11T02:57:37Z,2010-09-11T02:57:37Z
140851,1,"Very nice man!""",2010-09-04 03:59:34,goldberg002,mangos,MaNGOS,d8a9cad55f8197d714dde51949e8b01573f09142,goldberg002,56787,"Very nice man!
",2010-09-04T15:59:34Z,2010-09-04T15:59:34Z
140734,1,"Haha! I have to admit that is a funny commit message xD  With a little wink to Lynx3d ;)""",2010-09-03 21:33:02,cozzmoz,mangos,MaNGOS,d8a9cad55f8197d714dde51949e8b01573f09142,arjanwoldring,167399,"Haha! I have to admit that is a funny commit message xD 
With a little wink to Lynx3d ;)
",2010-09-04T09:33:02Z,2010-09-04T11:37:25Z
140450,1,"ahh also I'm right :)""",2010-09-03 09:03:14,Fabi,mangos,MaNGOS,cc1843b375391776a5573430e3bf2ce7a08a6935,Fabi,246718,"ahh also I'm right :)
",2010-09-03T21:03:14Z,2010-09-03T21:03:14Z
139589,1,"This is so good !!""",2010-09-02 06:28:26,goldberg002,mangos,MaNGOS,1a35175e1647123344534ab9b060b31a1faddd6c,goldberg002,56787,"This is so good !!
",2010-09-02T18:28:26Z,2010-09-02T18:28:26Z
133132,1,"It's just getting better and better. Can't wait support for different player highguids. Thank you.""",2010-08-22 21:34:50,LordJZ,mangos,MaNGOS,9c83c798c739cf0a45e5a04006f00498974d3ef1,LordJZ,32092,"It's just getting better and better. Can't wait support for different player highguids. Thank you.
",2010-08-23T09:34:50Z,2010-08-23T09:34:50Z
129829,1,"Yup, see what you mean... lol didn't even notice that ;)""",2010-08-16 19:08:34,Darkrulerz,mangos,MaNGOS,f83d7d8eb10fe952dbce034865bf706197b412a2,DarkYodah,188294,"Yup, see what you mean... lol didn't even notice that ;)
",2010-08-17T07:08:34Z,2010-08-17T07:08:34Z
128030,1,"Commit is dedicated to those how feel commits like this is always useless :D (we have a few of them around)""",2010-08-13 01:59:06,NoFantasy,mangos,MaNGOS,4c7b78a850dcca9d051b321c4874d727cd0b5943,NoFantasy,28895,"Commit is dedicated to those how feel commits like this is always useless :D (we have a few of them around)
",2010-08-13T13:59:06Z,2010-08-13T13:59:06Z
125124,1,"Don't make me blush :)""",2010-08-08 19:36:11,SkirnirMaNGOS,mangos,MaNGOS,824d75bbd37dd79c6d1c65f7e5707d2fe21f22fb,SkirnirMaNGOS,80424,"Don't make me blush :)
",2010-08-09T07:36:11Z,2010-08-09T07:36:11Z
120238,1,":) Happy day of system administrator!""",2010-07-30 04:35:41,rsa,mangos,MaNGOS,aa7005f44ccf849660661d1f524a8d697bf41a8b,rsa,148874,":) Happy day of system administrator!
",2010-07-30T16:35:41Z,2010-07-30T16:35:41Z
116187,1,"Thank you! Patch find and applied ^^""",2010-07-24 08:12:06,VladimirMangos,mangos,MaNGOS,5af49bef5e44392f6ef4d37049d3bf2580b275e3,VladimirMangos,29081,"Thank you! Patch find and applied ^^
",2010-07-24T20:12:06Z,2010-07-24T20:12:06Z
116072,1,"Take a break. Thank you! ;)""",2010-07-24 01:12:52,unloading,mangos,MaNGOS,9788f467332ca92f72b572b59430f2108271c20f,unloading,143634,"Take a break. Thank you! ;)
",2010-07-24T13:12:52Z,2010-07-24T13:12:52Z
110537,1,"Wow! Thanks. Maybe the patch and has no relation to the infinite spawn chests, but he solved it perfectly.""",2010-07-18 21:23:52,rsa,mangos,MaNGOS,72e1253a88459b5b5e805b66d088dba25dbe66eb,rsa,148874,"Wow! Thanks. Maybe the patch and has no relation to the infinite spawn chests, but he solved it perfectly.
",2010-07-19T09:23:52Z,2010-07-19T09:23:52Z
110121,1,"Agreed , Great Work. Keep it up you and your fellow developers dedication is greatly apprecaited.""",2010-07-17 10:36:16,Naxp,mangos,MaNGOS,53ee68b36db8c9a8fe3429eb32d48258e78a899d,Naxp,97776,"Agreed , Great Work. Keep it up you and your fellow developers dedication is greatly apprecaited.
",2010-07-17T22:36:16Z,2010-07-17T22:36:16Z
106057,1,"Very very nice! Gratz to all dev :)""",2010-07-08 19:25:34,cozzmoz,mangos,MaNGOS,76676ba0e5c16da3595a9b1e948f4b7eeadfa8d2,arjanwoldring,167399,"Very very nice! Gratz to all dev :)
",2010-07-09T07:25:34Z,2010-07-09T07:25:34Z
106307,1,"Epic commit indeed! VMAP needed a revamp and this is a huge step forward! Many thanks to all the devs involved in this one!""",2010-07-09 04:53:15,digitalni,mangos,MaNGOS,76676ba0e5c16da3595a9b1e948f4b7eeadfa8d2,digitalni,135907,"Epic commit indeed! VMAP needed a revamp and this is a huge step forward! Many thanks to all the devs involved in this one!
",2010-07-09T16:53:15Z,2010-07-09T16:53:15Z
106216,1,"cool ! now in a """"official"""" mangos. thanks to Lynx3d for a long time vmap developing in fork! """,2010-07-09 01:51:21,boxa,mangos,MaNGOS,76676ba0e5c16da3595a9b1e948f4b7eeadfa8d2,boxa,156509,"cool ! now in a ""official"" mangos.
thanks to Lynx3d for a long time vmap developing in fork!
",2010-07-09T13:51:21Z,2010-07-09T13:52:29Z
94498,1,"Yeah! Confirmed this commit fix: http://pastebin.com/EB6NcaCg  Thank you Vladimir ;-)""",2010-06-15 07:24:45,Axxus,mangos,MaNGOS,a1b5bdabf5be7cd3d2432dcbcd90a6b5c3d3f4ac,Axxus,149947,"Yeah! Confirmed this commit fix: http://pastebin.com/EB6NcaCg

Thank you Vladimir ;-)
",2010-06-15T19:24:45Z,2010-06-15T19:24:45Z
93872,1,"fixed in [10057]. thank you :)""",2010-06-14 06:08:55,VladimirMangos,mangos,MaNGOS,01a8f4fd28b8b7b8713b480cf2077b2ef4252be4,VladimirMangos,29081,"fixed in [10057]. thank you :)
",2010-06-14T18:08:55Z,2010-06-14T18:08:55Z
93534,1,"Very nice! :P """,2010-06-13 19:01:25,nanouniko,mangos,MaNGOS,5208b2bb94810cd70c198826092558e241441822,nanouniko,61754,"Very nice! :P 
",2010-06-14T07:01:25Z,2010-06-14T07:03:46Z
93527,1,"Cool ^^""",2010-06-13 18:51:37,Wowka321,mangos,MaNGOS,5208b2bb94810cd70c198826092558e241441822,Wowka321,108987,"Cool ^^
",2010-06-14T06:51:37Z,2010-06-14T06:51:37Z
92802,1,"lot of work for this commit:) good work""",2010-06-11 08:06:49,roby10,mangos,MaNGOS,03079ab9f724647d2a7519e15c7eeb8e477600b5,roby10,97956,"lot of work for this commit:) good work
",2010-06-11T20:06:49Z,2010-06-11T20:06:49Z
89708,1,"This is revision that is long enough for 10000 :-D""",2010-06-04 21:12:58,Destroyer,mangos,MaNGOS,82e99010b80ee48311eae434ab71f5f8173b482d,Destroyer,289988,"This is revision that is long enough for 10000 :-D
",2010-06-05T09:12:58Z,2010-06-05T09:12:58Z
88760,1,"while(0) :D :D :D""",2010-06-03 01:30:52,alexrp,mangos,MaNGOS,1b7e35b758bb9c12ef397f77dcb039c3b787d802,alexrp,44076,"while(0) :D :D :D
",2010-06-03T13:30:52Z,2010-06-03T13:30:52Z
86096,1,"Lol, Vladimir rulez! xD Congratulate all team! I'm going for beer. xD""",2010-05-28 04:56:52,Wowka321,mangos,MaNGOS,a352a45f56ec7dc1a82051a4f804d8ec503a4122,Wowka321,108987,"Lol, Vladimir rulez! xD
Congratulate all team! I'm going for beer. xD
",2010-05-28T16:56:52Z,2010-05-28T16:56:52Z
86106,1,"and 10 001 will revert this commit back :D""",2010-05-28 05:02:39,Destroyer,mangos,MaNGOS,a352a45f56ec7dc1a82051a4f804d8ec503a4122,Destroyer,289988,"and 10 001 will revert this commit back :D
",2010-05-28T17:02:39Z,2010-05-28T17:02:39Z
86111,1,"LOL Vladimir +1 xDD  ¡Congratulations for 10.000 MaNGOS revisions!""",2010-05-28 05:05:43,Axxus,mangos,MaNGOS,a352a45f56ec7dc1a82051a4f804d8ec503a4122,Axxus,149947,"LOL Vladimir +1 xDD

¡Congratulations for 10.000 MaNGOS revisions!
",2010-05-28T17:05:43Z,2010-05-28T17:05:43Z
86139,1,"EPIC!!!!!!!""",2010-05-28 05:55:06,Limur,mangos,MaNGOS,a352a45f56ec7dc1a82051a4f804d8ec503a4122,Limur,130334,"EPIC!!!!!!!
",2010-05-28T17:55:06Z,2010-05-28T17:55:06Z
86144,1,"LOL, very good teams :D""",2010-05-28 06:14:48,goldberg002,mangos,MaNGOS,a352a45f56ec7dc1a82051a4f804d8ec503a4122,goldberg002,56787,"LOL, very good teams :D
",2010-05-28T18:14:48Z,2010-05-28T18:14:48Z
86146,1,"I give my congratulation. :)""",2010-05-28 06:20:31,Anubisss,mangos,MaNGOS,a352a45f56ec7dc1a82051a4f804d8ec503a4122,Anubisss,123344,"I give my congratulation. :)
",2010-05-28T18:20:31Z,2010-05-28T18:20:31Z
86181,1,"I hoped for some vehicle support, but it will be released sooner or later :) Gratz for the 10K Revision!!!""",2010-05-28 07:43:54,Peshyy,mangos,MaNGOS,a352a45f56ec7dc1a82051a4f804d8ec503a4122,Peshyy,150753,"I hoped for some vehicle support, but it will be released sooner or later :)
Gratz for the 10K Revision!!!
",2010-05-28T19:43:54Z,2010-05-28T19:43:54Z
86187,1,"10000 Revision!, Congratulation and thank you for all people who helped to do this ;)""",2010-05-28 08:02:40,S0undX,mangos,MaNGOS,a352a45f56ec7dc1a82051a4f804d8ec503a4122,S0undX,187799,"10000 Revision!, Congratulation and thank you for all people who helped to do this ;)
",2010-05-28T20:02:40Z,2010-05-28T20:02:49Z
86029,1,"WOW!!!! rev 9999!! any surprise in rev 10.000? =)""",2010-05-28 03:57:43,kero99,mangos,MaNGOS,bc7143a7b05a8dfd4b89e492f1ae44e7efe720ca,kero99,143736,"WOW!!!! rev 9999!! any surprise in rev 10.000? =)
",2010-05-28T15:57:43Z,2010-05-28T15:57:43Z
86326,1,"Congratz and thanks for everything!""",2010-05-28 15:51:50,chemmyone,mangos,MaNGOS,a352a45f56ec7dc1a82051a4f804d8ec503a4122,chemmyone,183198,"Congratz and thanks for everything!
",2010-05-29T03:51:50Z,2010-05-29T03:51:50Z
86062,1,"vehicle working with custom patch :) but in master is nice dream :D""",2010-05-28 04:24:55,RCcoreBulo,mangos,MaNGOS,bc7143a7b05a8dfd4b89e492f1ae44e7efe720ca,BuloZB,234114,"vehicle working with custom patch :) but in master is nice dream :D
",2010-05-28T16:24:55Z,2010-05-28T16:24:55Z
81998,1,"its very useful but how it work?""",2010-05-19 10:51:35,heugabel,mangos,MaNGOS,6fa7fbe5d18115cb0d81708bfa2f697c154d3112,heugabel,167616,"its very useful but how it work?
",2010-05-19T22:51:35Z,2010-05-19T22:51:35Z
79616,1,"I do have to say, I noticed it a few revisions back, but didn't take much notice of it. Ayways, yeah, report on the forums please. :)""",2010-05-14 06:45:30,Olynn,mangos,MaNGOS,1d577a3a0c335fd1e1f9c44f37a6d5f671d79e3e,Olynn,248901,"I do have to say, I noticed it a few revisions back, but didn't take much notice of it. Ayways, yeah, report on the forums please. :)
",2010-05-14T18:45:30Z,2010-05-14T18:45:30Z
78896,1,"Very nice work mate. I know of a fair few quests that hold conversations between NPC/player and/or several NPCs. I can see them being a lot easier to do for you guys now. :)""",2010-05-13 02:45:06,Olynn,mangos,MaNGOS,6c1ce7473d641ff23be0733c03b82c198cc005f0,Olynn,248901,"Very nice work mate. I know of a fair few quests that hold conversations between NPC/player and/or several NPCs. I can see them being a lot easier to do for you guys now. :)
",2010-05-13T14:45:06Z,2010-05-13T14:45:06Z
78375,1,"EDIT: Laise is too fast, posted his response before I asked something similar about it. :P""",2010-05-12 00:15:44,Olynn,mangos,MaNGOS,361c00c5a46b1456d9b9647e6e851ea5285bffd3,Olynn,248901,"EDIT: Laise is too fast, posted his response before I asked something similar about it. :P
",2010-05-12T12:15:44Z,2010-05-12T12:30:13Z
78383,1,"Thank you very much for explaining Laise...this will be helpfull in the future ;-)""",2010-05-12 00:46:09,Darkrulerz,mangos,MaNGOS,361c00c5a46b1456d9b9647e6e851ea5285bffd3,DarkYodah,188294,"Thank you very much for explaining Laise...this will be helpfull in the future ;-)
",2010-05-12T12:46:09Z,2010-05-12T12:46:19Z
78732,1,"Damn now I cant wait to know what is comming into MaNGOS   :D P.D: Hope it to be """"near future""""  xD""",2010-05-12 14:32:26,Andrewzz,mangos,MaNGOS,669a3df4916e299ffd6ebd186402d1268a089213,Andrewzz,161734,"Damn now I cant wait to know what is comming into MaNGOS   :D
P.D: Hope it to be ""near future""  xD
",2010-05-13T02:32:26Z,2010-05-13T02:32:52Z
80087,1,"Could you update http://udbwiki.webhop.net/index.php/Main_Page ? I'll be greatful. :)""",2010-05-15 22:44:21,Grandres,mangos,MaNGOS,669a3df4916e299ffd6ebd186402d1268a089213,Grandres,219149,"Could you update http://udbwiki.webhop.net/index.php/Main_Page ? I'll be greatful. :)
",2010-05-16T10:44:21Z,2010-05-16T10:44:21Z
73051,1,"sounds good to me... i have no problem so long as vc90 stays for a while :)""",2010-04-30 09:39:59,3raZar3,mangos,MaNGOS,abe5e815fe280b684fcdc8ebec2c94007bba5326,3raZar3,168097,"sounds good to me... i have no problem so long as vc90 stays for a while :)
",2010-04-30T21:39:59Z,2010-04-30T21:39:59Z
71130,1,"Laise, this is a huge update. You are awesome. Thanks!""",2010-04-26 22:41:50,pyrophorous,mangos,MaNGOS,8d982dbf555a25c480c4dae7ec2c79c378d4ad3c,pyrophorous,193966,"Laise, this is a huge update. You are awesome. Thanks!
",2010-04-27T10:41:50Z,2010-04-27T10:41:50Z
71232,1,"I get it.. so you are saying that killing the caster wont immediately stop his DoT's from running thier course... right? sounds good to me!   also, wanted to welcome laise... your work is amazing bud!""",2010-04-27 02:28:15,3raZar3,mangos,MaNGOS,8d982dbf555a25c480c4dae7ec2c79c378d4ad3c,3raZar3,168097,"I get it.. so you are saying that killing the caster wont immediately stop his DoT's from running thier course... right? sounds good to me! 

also, wanted to welcome laise... your work is amazing bud!
",2010-04-27T14:28:15Z,2010-04-27T14:28:15Z
70771,1,"That would definitely be an interesting and useful command. :)""",2010-04-26 03:41:25,Olynn,mangos,MaNGOS,d71debb0f6772a876692aa0eab26e8f361f84eb0,Olynn,248901,"That would definitely be an interesting and useful command. :)
",2010-04-26T15:41:25Z,2010-04-26T15:41:25Z
70312,1,"Good to see that we use DBC's in more cases :)""",2010-04-24 06:08:52,cozzmoz,mangos,MaNGOS,eaa5e0fa3ba61a6908034e85d98ab2004732942d,arjanwoldring,167399,"Good to see that we use DBC's in more cases :)
",2010-04-24T18:08:52Z,2010-04-24T18:08:52Z
70451,1,"Big, very big thanks! Great work.  to wormyke - bsw class is useles and compatible, i check and test this. In case of conflict are taken data from dbc. However, it should be noted that not all chains are listed in the dbc.""",2010-04-25 01:25:39,rsa,mangos,MaNGOS,eaa5e0fa3ba61a6908034e85d98ab2004732942d,rsa,148874,"Big, very big thanks! Great work.

to wormyke - bsw class is useles and compatible, i check and test this. In case of conflict are taken data from dbc.
However, it should be noted that not all chains are listed in the dbc.
",2010-04-25T13:25:39Z,2010-04-25T13:25:39Z
70329,1,"Thanks Vladimir! Keep up the good work!""",2010-04-24 07:20:18,wormyke,mangos,MaNGOS,eaa5e0fa3ba61a6908034e85d98ab2004732942d,wormyke,66621,"Thanks Vladimir! Keep up the good work!
",2010-04-24T19:20:18Z,2010-04-24T19:20:18Z
69466,1,"with movement opcode xD Thx ^^""",2010-04-22 05:35:05,Wowka321,mangos,MaNGOS,242ba9e5fb7b75f0371f97880cb352ebfb380d95,Wowka321,108987,"with movement opcode xD
Thx ^^
",2010-04-22T17:35:05Z,2010-04-22T17:35:19Z
68887,1,"Yeah, I know, but he's bound to want to fix it he he finds it later, I'm just finding it for him now. :P""",2010-04-21 03:05:02,Olynn,mangos,MaNGOS,e8e3ff99724fca8345669b7d32adbebc83f937b4,Olynn,248901,"Yeah, I know, but he's bound to want to fix it he he finds it later, I'm just finding it for him now. :P
",2010-04-21T15:05:02Z,2010-04-21T15:05:16Z
65608,1,"thank you, very usefull to maintaining some tools ;-)""",2010-04-12 21:09:43,przemratajczak,mangos,MaNGOS,4b30361a275cf90727a208c9e9425ab7237fa546,przemratajczak,100858,"thank you, very usefull to maintaining some tools ;-)
",2010-04-13T09:09:43Z,2010-04-13T09:09:43Z
64492,1,"haha, you have made enough good commits already so no sweat ;)""",2010-04-09 10:04:41,cozzmoz,mangos,MaNGOS,0046288e965b19796fc493c49eb58557928036ec,arjanwoldring,167399,"haha, you have made enough good commits already so no sweat ;)
",2010-04-09T22:04:41Z,2010-04-09T22:04:41Z
63466,1,"OMG!!!! Great""",2010-04-07 12:38:43,Limur,mangos,MaNGOS,d614ee8bf533bc172b253e876f2b1ba9683865af,Limur,130334,"OMG!!!! Great
",2010-04-08T00:38:43Z,2010-04-08T00:38:43Z
62066,1,"Congrats with your first commit and developer status at mangos! Do we know you from forum? Good Luck and thanks for joining!""",2010-04-04 09:16:46,cozzmoz,mangos,MaNGOS,a00b8514eac100f36dc0ecdd9d96f316b88399fe,arjanwoldring,167399,"Congrats with your first commit and developer status at mangos! Do we know you from forum?
Good Luck and thanks for joining!
",2010-04-04T21:16:46Z,2010-04-04T21:16:46Z
62205,1,"Congratulations Laise! It was about bloody time you get in the dev team ;)""",2010-04-04 18:54:06,unloading,mangos,MaNGOS,a00b8514eac100f36dc0ecdd9d96f316b88399fe,unloading,143634,"Congratulations Laise!
It was about bloody time you get in the dev team ;)
",2010-04-05T06:54:06Z,2010-04-05T06:54:06Z
62213,1,"Haha yeah this seems stupid but I got again the Name-bug here on Github. Ownestly the author was Beaste instead of Laise when I checked the first time. Well nevertheless we had a laugh :) Ofcourse I know laise from forum. Thanks and sorry for the interrupt""",2010-04-04 20:32:25,cozzmoz,mangos,MaNGOS,a00b8514eac100f36dc0ecdd9d96f316b88399fe,arjanwoldring,167399,"Haha yeah this seems stupid but I got again the Name-bug here on Github. Ownestly the author was Beaste instead of Laise when I checked the first time. Well nevertheless we had a laugh :) Ofcourse I know laise from forum. Thanks and sorry for the interruption xD
",2010-04-05T08:32:25Z,2010-04-05T08:32:25Z
62076,1,"ah, thanks for fix and bug catch ;)""",2010-04-04 10:02:16,VladimirMangos,mangos,MaNGOS,39da0f1213140ebe5e363c7bffc66566b2a52fff,VladimirMangos,29081,"ah, thanks for fix and bug catch ;)
",2010-04-04T22:02:16Z,2010-04-04T22:02:16Z
61604,1,"A bi thanks for this  :)  we all are really happy that now this is fully supported by Core. Now is missing Vehicles support and MaNGOS will rulez   =D Congrats for all your work""",2010-04-02 12:51:31,Andrewzz,mangos,MaNGOS,6b825a11f2671035dbc66832f76d270d0a8ee9fb,Andrewzz,161734,"A bi thanks for this  :)  we all are really happy that now this is fully supported by Core.
Now is missing Vehicles support and MaNGOS will rulez   =D
Congrats for all your work
",2010-04-03T00:51:31Z,2010-04-03T00:51:31Z
61750,1,"Excellent work. More often to such commits instead of cutting away never stopped anyone from fields in the database ...""",2010-04-03 05:44:11,rsa,mangos,MaNGOS,6b825a11f2671035dbc66832f76d270d0a8ee9fb,rsa,148874,"Excellent work. More often to such commits instead of cutting away never stopped anyone from fields in the database ...
",2010-04-03T17:44:11Z,2010-04-03T17:44:11Z
61644,1,"Thank you for this, devs! /cheer /thanks /bow ;)""",2010-04-02 18:33:16,nowonshere,mangos,MaNGOS,6b825a11f2671035dbc66832f76d270d0a8ee9fb,nowonshere,135979,"Thank you for this, devs!
/cheer
/thanks
/bow
;)
",2010-04-03T06:33:16Z,2010-04-03T06:33:16Z
59287,1,"This is a project for education (wehey) purposes only and devs have raised 20 USD in donations so far (l.o.l.), so based on that, I'm happy there are any commits at all :) Message to all you private server owners who earn money off of mangos: DONATE some o""",2010-03-28 04:19:32,digitalni,mangos,MaNGOS,d6eccbd8e3ad269a129789c11c7e97d25549fcc7,digitalni,135907,"This is a project for education (wehey) purposes only and devs have raised 20 USD in donations so far (l.o.l.), so based on that, I'm happy there are any commits at all :) Message to all you private server owners who earn money off of mangos: DONATE some of your filthy money to Mangos project!
",2010-03-28T16:19:32Z,2010-03-28T16:19:32Z
59236,1,"Yessssssssssssssss!!!! good work!! more performance to db!!, now if we kill item_instance blob... db will fly!! ^^. Good work devel""",2010-03-28 00:20:53,kero99,mangos,MaNGOS,d65cf5b9f996325d582f10f365676f620b1d4e9f,kero99,143736,"Yessssssssssssssss!!!! good work!! more performance to db!!, now if we kill item_instance blob... db will fly!! ^^. Good work devel
",2010-03-28T12:20:53Z,2010-03-28T12:20:53Z
59917,1,"wow guys, congrats... a pretty big milestone imo""",2010-03-29 15:51:49,themegosh,mangos,MaNGOS,d65cf5b9f996325d582f10f365676f620b1d4e9f,themegosh,121984,"wow guys, congrats... a pretty big milestone imo
",2010-03-30T03:51:49Z,2010-03-30T03:51:49Z
58909,1,"you name real features is something looking like working button in game client? lol. I known this position: if someone not understand for what something that this is not important and lost time for him. Because if you understand for what this commit then y""",2010-03-26 13:16:19,VladimirMangos,mangos,MaNGOS,2c46a1c25d92d095a4426796b92737f9be13b9a4,VladimirMangos,29081,"you name real features is something looking like working button in game client? lol.
I known this position: if someone not understand for what something that this is not important and lost time for him.
Because if you understand for what this commit then you not write this useless note in it comments.
Make it easy: when DB devs or users make sql updates batches for DB update from prev DB version they concatenate sql updates
Sometime this done by tools and if sql update will not have end empty like then like concatenated sql updates start fail or silensly skipped, specailyl if mysql setup forbid apply many sql queries  in single line.

In any case i am by self can select what do with my time.
",2010-03-27T00:16:19Z,2010-03-27T00:17:07Z
55658,1,"Standard way of determinating euclidean distance. If you used it once you will recognize it :) http://en.wikipedia.org/wiki/Euclidean_distance""",2010-03-15 10:33:35,arrai,mangos,MaNGOS,d8ab302c0de47a2bb990e3e2de5ce639a338c9db,arrai,28822,"Standard way of determinating euclidean distance. If you used it once you will recognize it :) http://en.wikipedia.org/wiki/Euclidean_distance
",2010-03-15T21:33:35Z,2010-03-15T21:33:35Z
55141,1,"Don't worry gyus, Vladimir always make the best things. )) Very respected to you........................""",2010-03-13 04:58:54,boxa,mangos,MaNGOS,6451683343c7367dec0ef2866606ea1a390e4612,boxa,156509,"Don't worry gyus, Vladimir always make the best things. ))
Very respected to you........................
",2010-03-13T15:58:54Z,2010-03-13T15:58:54Z
51273,1,"Bloody hell, this is awesome!   Time to start rewriting GaMED's Mangos interface.. ^.^""",2010-02-27 01:03:46,FragFrog,mangos,MaNGOS,2e4a3ca5e6f3cb11cce5d70f45f997f158d8f908,FragFrog,167502,"Bloody hell, this is awesome! 

Time to start rewriting GaMED's Mangos interface.. ^.^
",2010-02-27T12:03:46Z,2010-02-27T12:03:46Z
51271,1,"I was hoping to see this get added since I read the forum topic. Good to see it made the cut. :)""",2010-02-27 00:16:51,Fyurie,mangos,MaNGOS,2e4a3ca5e6f3cb11cce5d70f45f997f158d8f908,Fyurie,207523,"I was hoping to see this get added since I read the forum topic. Good to see it made the cut. :)
",2010-02-27T11:16:51Z,2010-02-27T11:16:51Z
51284,1,"Since RA is the only part of MaNGOS which still uses the old socket library, it will either be rewritten to use ACE or dropped. Personally I advocate the rewrite option, RA is still a nice-to-have feature :)""",2010-02-27 02:46:31,arrai,mangos,MaNGOS,2e4a3ca5e6f3cb11cce5d70f45f997f158d8f908,arrai,28822,"Since RA is the only part of MaNGOS which still uses the old socket library, it will either be rewritten to use ACE or dropped. Personally I advocate the rewrite option, RA is still a nice-to-have feature :)
",2010-02-27T13:46:31Z,2010-02-27T13:46:31Z
51483,1,"Did you by chance see my comment on the forums? Using the 0.12 branch version of this change the SOAP result is always empty for some reason - would quite like your thoughts on that :)""",2010-02-28 08:37:22,FragFrog,mangos,MaNGOS,2e4a3ca5e6f3cb11cce5d70f45f997f158d8f908,FragFrog,167502,"Did you by chance see my comment on the forums? Using the 0.12 branch version of this change the SOAP result is always empty for some reason - would quite like your thoughts on that :)
",2010-02-28T19:37:22Z,2010-02-28T19:37:22Z
51481,1,"I've finished rewriting RA for ACE and it looks good, any feedback is welcome :)  http://github.com/arrai/mangos/commits/acera""",2010-02-28 08:31:57,arrai,mangos,MaNGOS,2e4a3ca5e6f3cb11cce5d70f45f997f158d8f908,arrai,28822,"I've finished rewriting RA for ACE and it looks good, any feedback is welcome :) 
http://github.com/arrai/mangos/commits/acera
",2010-02-28T19:31:57Z,2010-02-28T19:31:57Z
51215,1,"Thanks ;) ^^""",2010-02-26 12:23:12,morphau,mangos,MaNGOS,1b9aa215f15a66dbd9e4bb180ee6c5d8aac2b549,morphau,96575,"Thanks ;) ^^
",2010-02-26T23:23:12Z,2010-02-26T23:23:12Z
50773,1,"haa here it is, i get it now, would never had find this //helpers part def alone honestly . ok thanks to both of you guys and ofc no hard feelings NoFantasy :)""",2010-02-25 03:42:17,athor,mangos,MaNGOS,3f9804240a5bef172b87d5a3404344773cc9c7c0,athor,210124,"haa here it is, i get it now, would never had find this //helpers part def alone honestly . ok thanks to both of you guys and ofc no hard feelings NoFantasy :)
",2010-02-25T14:42:17Z,2010-02-25T14:42:17Z
49898,1,"thanks!! we need a lot of more crash fixes!""",2010-02-22 08:28:58,nanouniko,mangos,MaNGOS,cf4bec609ed00a8f2edfb4b3e1fd699c2d029980,nanouniko,61754,"thanks!! we need a lot of more crash fixes!
",2010-02-22T19:28:58Z,2010-02-22T19:28:58Z
49575,1,"great:D """,2010-02-20 14:52:40,roby10,mangos,MaNGOS,96fd28e5e688f16aeadba308b81c415b197f1371,roby10,97956,"great:D 
",2010-02-21T01:52:40Z,2010-02-21T01:52:40Z
49229,1,"yay, doxygen!! \o/ thanks Gotisch :)  @vlad: we know, that _YOU_ have the whole mangos code in your head (you can probably even run it in your head without need of any compiler...), but almost all other persons need some kind of documentation... ;) """,2010-02-19 05:41:24,DasBlub,mangos,MaNGOS,66fee05762930fbad71588b7cbd3a67b37cd1c6b,DasBlub,32297,"yay, doxygen!! \o/
thanks Gotisch :)

@vlad: we know, that _YOU_ have the whole mangos code in your head (you can probably even run it in your head without need of any compiler...), but almost all other persons need some kind of documentation... ;)
",2010-02-19T16:41:24Z,2010-02-19T16:41:24Z
48714,1,"Great work. So what's left now for Dual Spec? Just the talent points moving over?""",2010-02-17 11:21:00,apop,mangos,MaNGOS,00cc0e3b5c0b3fc107aba71a84e5dabda00dbf55,apop,205590,"Great work. So what's left now for Dual Spec? Just the talent points moving over?
",2010-02-17T22:21:00Z,2010-02-17T22:21:00Z
48380,1,"aaaaa okkk. Now i see. Thanks Vlad.""",2010-02-16 09:54:45,luisalvarado,mangos,MaNGOS,13e15238a33b3df8f3257b4850994d8cd833209b,luisalvarado,29236,"aaaaa okkk. Now i see. Thanks Vlad.
",2010-02-16T20:54:45Z,2010-02-16T20:54:45Z
47901,1,"ROFL, hard, but need =)""",2010-02-14 02:27:17,Wowka321,mangos,MaNGOS,652173d84f4a6a092d7b42287887329a7b92278f,Wowka321,108987,"ROFL, hard, but need =)
",2010-02-14T13:27:17Z,2010-02-14T13:27:17Z
47915,1,"Super!!!!!!!!!!!!!!!! ))))))))))))))))))))""",2010-02-14 06:09:02,boxa,mangos,MaNGOS,652173d84f4a6a092d7b42287887329a7b92278f,boxa,156509,"Super!!!!!!!!!!!!!!!! ))))))))))))))))))))
",2010-02-14T17:09:02Z,2010-02-14T17:09:02Z
47891,1,"Ah, no problem :)  Anyway as there is no edit possibility im replying again; Thanks for next part of dual spec, looking forward for talents set, which will make it all complete, good luck! ;)""",2010-02-14 01:17:27,Feanordev,mangos,MaNGOS,7b5c46ee6ec78504ca537d1f14538ddbb18d306e,Feanordev,191481,"Ah, no problem :) 
Anyway as there is no edit possibility im replying again;
Thanks for next part of dual spec, looking forward for talents set, which will make it all complete, good luck! ;)
",2010-02-14T12:17:27Z,2010-02-14T12:17:27Z
46993,1,"Note fully implemented yet, but i hope very soon. =)""",2010-02-10 09:22:21,Wowka321,mangos,MaNGOS,eb637ca3dc1a85ff125c3237f82ef5deeeb55145,Wowka321,108987,"Note fully implemented yet, but i hope very soon. =)
",2010-02-10T20:22:21Z,2010-02-10T20:22:21Z
46023,1,"now just need db support and vehicle working and more (scriptdev  aswell);)  btw nice work""",2010-02-05 12:48:25,roby10,mangos,MaNGOS,fbac195484901674f41104abd105aa4d9958f12a,roby10,97956,"now just need db support and vehicle working and more (scriptdev  aswell);)  btw nice work
",2010-02-05T23:48:25Z,2010-02-05T23:48:25Z
45399,1,"Thanks Tom and Zor for working on the new update! :)  Do you by chance know if this is a big update for characters records? In other words, do we need a character converter or are there changes on other tables for this client build?""",2010-02-03 00:04:40,cozzmoz,mangos,MaNGOS,dfdffab5f89ed54b30671d5465e73bfc490665ad,arjanwoldring,167399,"Thanks Tom and Zor for working on the new update! :)

Do you by chance know if this is a big update for characters records? In other words, do we need a character converter or are there changes on other tables for this client build?
",2010-02-03T11:04:40Z,2010-02-03T11:04:40Z
45464,1,"That's great! Love to hear that ;)""",2010-02-03 05:34:48,cozzmoz,mangos,MaNGOS,dfdffab5f89ed54b30671d5465e73bfc490665ad,arjanwoldring,167399,"That's great! Love to hear that ;)
",2010-02-03T16:34:48Z,2010-02-03T16:34:48Z
45385,1,"Congratulations, Lightguard! A new dev in the house! /cheers""",2010-02-02 22:48:36,nowonshere,mangos,MaNGOS,aff0a4807178cdc6ebc2e3fa0e5adfba8d6e4779,nowonshere,135979,"Congratulations, Lightguard! A new dev in the house!
/cheers
",2010-02-03T09:48:36Z,2010-02-03T09:48:36Z
44524,1,"By looking at the code, it seems so. Wonderful indeed.""",2010-01-29 10:30:48,digitalni,mangos,MaNGOS,af146f14c0999eed0e293bc0595a04e62df54f3e,digitalni,135907,"By looking at the code, it seems so. Wonderful indeed.
",2010-01-29T21:30:48Z,2010-01-29T21:30:48Z
42476,1,"thank you for improving movement system. now, i can see the face of boss when combat : ) """,2010-01-17 23:04:21,modox,mangos,MaNGOS,a8e08a897c47bbd99c7076a5b29e7ffcdfec5c0e,modox-zz,184495,"thank you for improving movement system.
now, i can see the face of boss when combat : )
",2010-01-18T10:04:21Z,2010-01-18T10:04:21Z
41766,1,"Thanks my good dardennf ^^ ;)""",2010-01-12 07:56:53,morphau,mangos,MaNGOS,38ec958b800cea090dc00189ae97908619ed53e8,morphau,96575,"Thanks my good dardennf ^^ ;)
",2010-01-12T18:56:53Z,2010-01-12T18:56:53Z
41459,1,"Nice work all!  I noticed you programmed in the new ticket system for 3.3, but is that a placeholder, or does it actually work? Because I'd love to see surveys and GM responses actually work.""",2010-01-09 20:04:08,henhouse,mangos,MaNGOS,0dfc84fb6d508d039ff626901d9c39b1a805551c,henhouse,30731,"Nice work all!

I noticed you programmed in the new ticket system for 3.3, but is that a placeholder, or does it actually work? Because I'd love to see surveys and GM responses actually work.
",2010-01-10T07:04:08Z,2010-01-10T07:04:08Z
393432,0,"I'll change it.""",2011-05-21 05:14:46,darkstalker,mangos,MaNGOS,9be593b8fa3124a8acb73dce38af8a76955e49f0,wolfiestyle,356503,"Nice one, this probably fixes TotemTimers addon as well.
",2011-05-21T17:14:46Z,2011-05-21T17:14:46Z
116335,2,"It does look weird. I assumed this is the way it should have been displayed when looking at the FAQ. I have changed it to one line now.""",2010-07-24 19:25:31,VladimirMangos,mangos,MaNGOS,b6bcb21563c3c6706a65f88575c92066d5ff2dbe,VladimirMangos,29081,"> Yeah it crashes even on my localhost when I use Eyes of the Beast :(

""yea, please, just test on clean, btw Eyes of the Beast is fine for me on latest.."" Also test by other reason recently and not problem for me.
So if you not like some chnages not make its source of all your problems...

> > btw line numbers in crash dumps dont match with clean src so.

Specially if used modified sources.

ACE config crash related to internal ACE code problem. It showup because we start use ACE config code.
This is not critical problem and possible will be fixed at next ACE version update...
If you want you can by self build and use more recent ACE version. Specially this easy if you use Unix host.
",2010-07-25T07:25:31Z,2010-07-25T07:29:26Z
33650,1,"Right, then parsedFilter is also Nullable :), also, for completeness, you can mark the filter() and parsedFilter() methods as Nullable""",2009-10-29 14:24:15,VladimirMangos,mangos,MaNGOS,748dcef4621278062fb3c6d2e2ae2f20d6d36688,VladimirMangos,29081,"More data: In old DB format you have quest mail loot by quests. So you _don't_ must in DB 2 quest with same mailTemplateId (that already wrong data in DB) but for avoid error you not have for like quests loot in old quest_mail_loot_template.
",2009-10-30T01:24:15Z,2009-10-30T01:24:15Z
2413742,0,"@Salja , If I remember correctly, the children immediately after kindergarten do not trust to manage nuclear weapons (or store of sexshop - no big difference) - they have long for this study and take exams. or am I wrong?""",2013-01-10 02:19:11,rsa,mangos,MaNGOS,709054cbfaa69558eabc9f14b9dcbfb97a0ec3e5,rsa,148874,"@Salja , If I remember correctly, the children immediately after kindergarten do not trust to manage nuclear weapons (or store of sexshop - no big difference) - they have long for this study and take exams. or am I wrong?
",2013-01-10T13:19:11Z,2013-01-10T13:19:11Z
2416006,0,"On Thu, 10 Jan 2013 11:03:10 -0800, rsa wrote: > @billy1arm [1] , If you have not realized, this """"developer""""  > completely > (by some last commits) destroyed the possibility of further work on > the code - that you yourself have yet to learn. As for workin""",2013-01-10 08:07:29,billy1arm,mangos,MaNGOS,709054cbfaa69558eabc9f14b9dcbfb97a0ec3e5,billy1arm,2219118,"On Thu, 10 Jan 2013 11:03:10 -0800, rsa wrote:

> @billy1arm [1] , If you have not realized, this ""developer"" 
> completely
> (by some last commits) destroyed the possibility of further work on
> the code - that you yourself have yet to learn. As for working on the
> code mangos - it goes. but not here, and by other peoples. Not as
> active as we would like, But it is a real work, not a stupid history
> damaging, like this commit.
> 
>  --
>  Reply to this email directly or view it on GitHub [2].
> ## Links:
> 
> [1] https://github.com/billy1arm
> [2]
> 
> https://github.com/mangos/server/commit/709054cbfaa69558eabc9f14b9dcbfb97a0ec3e5#commitcomment-2415975

I don't understand what has been done to 'completely (by some last 
commits) destroyed the possibility of further work on the code'

'that you yourself have yet to learn' - please explain.
",2013-01-10T19:07:29Z,2013-01-10T19:07:29Z
1757520,1,"@rsa Do not worry at all :) Though I didn't enjoy all of your comments you did usually comment about content which I respected and often considered important feedback. Me not continuouing here has nothing to do with you nor your actions at all. """,2012-08-23 06:56:57,Schmoozerd,mangos,MaNGOS,c10d5fb49617354f13948d83fa09ef8fa0ad0d2a,Schmoozerd,299104,"@rsa Do not worry at all :)
Though I didn't enjoy all of your comments you did usually comment about content which I respected and often considered important feedback.
Me not continuouing here has nothing to do with you nor your actions at all.
",2012-08-23T18:56:57Z,2012-08-23T18:56:57Z
1599773,0,"For note: http://getmangos.com/community and login to see all old posts""",2012-07-18 06:04:20,stfx,mangos,MaNGOS,fb1392b3cdab9b70f5497aab73a1babde515d5e0,DomGries,341158,"For note: http://getmangos.com/community and login to see all old posts
",2012-07-18T18:04:20Z,2012-07-18T18:04:20Z
1582829,0,"for handling real group of pets summoning need to do a huge hack this code variant...""",2012-07-15 03:24:05,rsa,mangos,MaNGOS,2561cc162fa708f85361196c43c83f94b5dac448,rsa,148874,"for handling real group of pets summoning need to do a huge hack this code variant...
",2012-07-15T15:24:05Z,2012-07-15T15:24:05Z
1534957,0,"no idea if thats actually correct but... in your (rsa) commit the same should have beeen done for gender as well. Or move area check to first place""",2012-07-03 08:00:22,stfx,mangos,MaNGOS,f761a3acc8e24cedc46b5e81b0bc88812497ee86,DomGries,341158,"no idea if thats actually correct but... in your (rsa) commit the same should have beeen done for gender as well. Or move area check to first place
",2012-07-03T20:00:22Z,2012-07-03T20:04:15Z
1497099,0,"well - for compilers supporting the override keyword, the token """"override"""" triggers the override keyword, which marks a function to overwrite (polymorphism) a function. This helps to track changes in the signature and similar. Actually all derived function""",2012-06-24 06:27:18,Schmoozerd,mangos,MaNGOS,82c6d0fe0e5f753a2bde5876dd4595e360dd2b75,Schmoozerd,299104,"well - for compilers supporting the override keyword, the token ""override"" triggers the override keyword, which marks a function to overwrite (polymorphism) a function. This helps to track changes in the signature and similar.
Actually all derived functions should have override behind them - just another compiler-side check ;)

in case the compiler does not support the override keyword, it will be replaced by empty content .

Edit: http://en.cppreference.com/w/cpp/language/override (not much of documentation, but enough i think)
",2012-06-24T18:27:18Z,2012-06-24T18:35:48Z
1456882,2,"I think rsa is right in this case. I did a hack of a job here. :(  Here is the correct patch: http://paste2.org/p/2052729 I'll fix the other part in SD2 and ACID  I apologize for this mistake.""",2012-06-13 19:49:27,xfurry,mangos,MaNGOS,45f2b3ba67e2fb81754cbfce19b743a4d6d1108f,xfurry,172444,"I think rsa is right in this case. I did a hack of a job here. :(

Here is the correct patch: http://paste2.org/p/2052729
I'll fix the other part in SD2 and ACID

I apologize for this mistake.
",2012-06-14T07:49:27Z,2012-06-14T07:49:27Z
1302441,0,"Alright, here it is http://pastebin.com/ZLeTtzsf  As you can see in sniff, the spell target destination is also set to caster's position (this is only case when dest = caster, no normal case in there)""",2012-05-07 09:48:35,Shauren,mangos,MaNGOS,b6db6c7e8cb9e1ae180855d92c3ac146bdb1afc9,Shauren,297439,"Alright, here it is http://pastebin.com/ZLeTtzsf

As you can see in sniff, the spell target destination is also set to caster's position (this is only case when dest = caster, no normal case in there)
",2012-05-07T21:48:35Z,2012-05-08T10:32:09Z
758869,2,"Hmm, sorry for forgetting credits - lost them while rebasing :(  First and biggest credit goes to virusav, as he wrote an original patch. Also credits goes to NeatElves and Infernos for problems research Also to crackm for inspiration and tests!""",2011-11-30 08:50:26,Schmoozerd,mangos,MaNGOS,ef966c818b4edc8e886fe956221acbad40914a02,Schmoozerd,299104,"Hmm, sorry for forgetting credits - lost them while rebasing :(

First and biggest credit goes to virusav, as he wrote an original patch.
Also credits goes to NeatElves and Infernos for problems research
Also to crackm for inspiration and tests!
",2011-11-30T19:50:26Z,2011-11-30T19:50:26Z
1615828,2,"@rsa Then suggest one, don't be a dickass once again.""",2012-07-22 22:47:00,LordJZ,mangos,MaNGOS,a81eb7ff60f0950d53d4611ddd6d068a0d26fb99,LordJZ,32092,"@rsa Then suggest one, don't be a dickass once again.
",2012-07-23T10:47:00Z,2012-07-23T10:57:03Z
1615871,2,"@rsa In this case do shut up and do not bother us from your worm den. Thanks for the url anyway.""",2012-07-22 23:04:10,LordJZ,mangos,MaNGOS,a81eb7ff60f0950d53d4611ddd6d068a0d26fb99,LordJZ,32092,"@rsa In this case do shut up and do not bother us from your worm den. Thanks for the url anyway.
",2012-07-23T11:04:10Z,2012-07-23T11:04:10Z
613273,2,"bad hack :( your must set stacks on max (already true limited) for triggered only, not cyclic recast in real (see sniffs). @zergtmn - triggered spells true selected by spelldifficulty - 66228, 67106, 67107, 67108.""",2011-09-26 18:17:14,rsa,mangos,MaNGOS,b1dee7962d02131b83c9401cf2e31c51e920f54d,rsa,148874,"bad hack :( your must set stacks on max (already true limited) for triggered only, not cyclic recast in real (see sniffs).
@zergtmn - triggered spells true selected by spelldifficulty - 66228, 67106, 67107, 67108.
",2011-09-27T06:17:14Z,2011-09-27T06:17:14Z
609466,1,"don't bother. It happens now and then to implement something wrong (as hack), but replacing it with another hack won't happen :)""",2011-09-24 06:55:46,Schmoozerd,mangos,MaNGOS,102b84de2ed3c66a6f3768b3f50fa0a285af2ef5,Schmoozerd,299104,"don't bother.
It happens now and then to implement something wrong (as hack), but replacing it with another hack won't happen :)
",2011-09-24T18:55:46Z,2011-09-24T18:56:33Z
609491,1,"move this in SD2/EAI - hack much more, then current commit :) all simple object interaction like this must be realized by spelleffects or procs - see sniffs.  PS curious why you started to worry about the quest, which in the current core is still impossib""",2011-09-24 07:18:14,rsa,mangos,MaNGOS,102b84de2ed3c66a6f3768b3f50fa0a285af2ef5,rsa,148874,"move this in SD2/EAI - hack much more, then current commit :) all simple object interaction like this must be realized by spelleffects or procs - see sniffs. 
PS curious why you started to worry about the quest, which in the current core is still impossible to implement? not a whole class of subsystems like PosessedCreature.
",2011-09-24T19:18:14Z,2011-09-24T19:18:14Z
522098,0,"forget to add: Creature::ForcedDespawn crashes should be fixed now""",2011-08-09 06:21:05,SilverIce,mangos,MaNGOS,4cf7e5f957aef1946c5d33df8e18dc9ba8557021,SilverIce,107977,"forget to add: Creature::ForcedDespawn crashes should be fixed now
",2011-08-09T18:21:05Z,2011-08-09T18:21:05Z
492340,0,"SpellEntry &#42;entry = const_cast&lt;SpellEntry&#42;&gt;(spellProto);  i tought mangos devs were against this kind of hacks""",2011-07-22 12:16:08,darkstalker,mangos,MaNGOS,e7da1b0c9b065fb3e28d8792839b882c97799ea1,wolfiestyle,356503,"SpellEntry &#42;entry = const_cast&lt;SpellEntry&#42;&gt;(spellProto);

i tought mangos devs were against this kind of hacks
",2011-07-23T00:16:08Z,2011-07-23T00:16:08Z
492604,0,"Maybe then better move like assigments in single place after dbc load with comments... If we move to this way apply not avoiable hacks (note: not nice bad understanding but in result fake data in dbc) then better have its in single place. If answer at orig""",2011-07-22 20:10:34,VladimirMangos,mangos,MaNGOS,e7da1b0c9b065fb3e28d8792839b882c97799ea1,VladimirMangos,29081,"Maybe then better move like assigments in single place after dbc load with comments...
If we move to this way apply not avoiable hacks (note: not nice bad understanding but in result fake data in dbc)
then better have its in single place. If answer at original question: we still strong possition when like data update (or in code replace that mostly same) appliable. 

If talk about my view point yes, early i think that code way at dbc data use more directly let show hack using with avoid hide hack use. 
But maybe have same in some common case also good way. Most important not see in this as in arcemu for example as ""common solution for all cases""
Any hacks and this hack also ofc need use only other ways impossible. In this specific case lat. way hack implementing will be adding aura field with mirror related values. I think this will not better that choised sollutions.
",2011-07-23T08:10:34Z,2011-07-23T08:10:34Z
475001,0,"changed code also send all info except password to console. Also this is success connection case, in error case reported mysql error string instead as old code do. """,2011-07-13 01:34:47,VladimirMangos,mangos,MaNGOS,655d84afa4256512d383811cf2ef22a50327fcbe,VladimirMangos,29081,"changed code also send all info except password to console. Also this is success connection case, in error case reported mysql error string instead as old code do.
",2011-07-13T13:34:47Z,2011-07-13T13:34:47Z
472733,0,"I guess Scmoo's talking about e. g. `.password foo bar bar` command. The password will appear in Server.log, am I right?""",2011-07-12 01:27:59,Inquisitor,mangos,MaNGOS,f9070447a02cff150354bdbb2a0c3a13882ca11d,Inquisitor,203160,"I guess Scmoo's talking about e. g. `.password foo bar bar` command. The password will appear in Server.log, am I right?
",2011-07-12T13:27:59Z,2011-07-12T13:27:59Z
472883,0,"I was more refering to the passwords of sql-access which are displayed in server.log on startup, but the other one as well and this line [code] while(head[largs] && !isWhiteSpace(head[largs]) [/code] remembered me of a tokenizer.. """,2011-07-12 03:07:15,Schmoozerd,mangos,MaNGOS,f9070447a02cff150354bdbb2a0c3a13882ca11d,Schmoozerd,299104,"I was more refering to the passwords of sql-access which are displayed in server.log on startup, but the other one as well
and this line
[code]
while(head[largs] && !isWhiteSpace(head[largs])
[/code]
remembered me of a tokenizer..
",2011-07-12T15:07:15Z,2011-07-12T15:07:15Z
475121,0,"also tested with playerlimit=0 by 4 same time login, work fine.""",2011-07-13 02:36:24,VladimirMangos,mangos,MaNGOS,2e5a285b04871ba8e3631030ea3fa5d721aca826,VladimirMangos,29081,"also tested with playerlimit=0 by 4 same time login, work fine.
",2011-07-13T14:36:24Z,2011-07-13T14:36:24Z
579081,0,"arg used as hashed player pointer in function. it can't be logical arg""",2011-09-08 22:03:04,VladimirMangos,mangos,MaNGOS,86a1d637f42482b6262f397fe2eb39dc5ff1a1e3,VladimirMangos,29081,"arg used as hashed player pointer in function. it can't be logical arg
",2011-09-09T10:03:04Z,2011-09-09T10:03:04Z
452191,1,"Nice, I remember I did some uber-hacky change to fix damage on missile spells lol now thats a clean fix :D""",2011-06-28 07:19:02,Feanordev,mangos,MaNGOS,b0ff0496cf98fb1f79ab64fc8c244b7a2803aa84,Feanordev,191481,"Nice, I remember I did some uber-hacky change to fix damage on missile spells lol now thats a clean fix :D
",2011-06-28T19:19:02Z,2011-06-28T19:19:02Z
446001,2,"script existence conflict with setting `creature_template`.`ScriptName` <-- I don't think this is a good idea: the only conflicting is if the assigned script has a GetAI hook; - for other cases (quest-*, gossip, spell-dummies) there is no conflict, and th""",2011-06-23 17:18:54,Schmoozerd,mangos,MaNGOS,696d1d135122c2990fb9fcc5f8868116ac3d6fe0,Schmoozerd,299104,"script existence conflict with setting `creature_template`.`ScriptName` <-- I don't think this is a good idea:
the only conflicting is if the assigned script has a GetAI hook; - for other cases (quest-*, gossip, spell-dummies) there is no conflict, and this error would be misleading
",2011-06-24T05:18:54Z,2011-06-24T05:18:54Z
426634,0,"setted explicit...  same files for error but following error message...  2>c:\documents and settings\administrator\desktop\mangos\src\game\ObjectGuid.h(275) : error C2664: 'std::tr1::hash_value' : cannot convert parameter 1 from 'uint64' to 'const Obje""",2011-06-11 23:34:17,Darkknight900,mangos,MaNGOS,a4e08e8f6d846947401a1925e34a31ea7ee4a716,Dikay900,448549,"setted explicit...

same files for error but following error message...

2>c:\documents and settings\administrator\desktop\mangos\src\game\ObjectGuid.h(275) : error C2664: 'std::tr1::hash_value' : cannot convert parameter 1 from 'uint64' to 'const ObjectGuid &'
2>        Reason: cannot convert from 'uint64' to 'const ObjectGuid'
2>        Constructor for class 'ObjectGuid' is declared 'explicit'

https://gist.github.com/1020531
this patch is the only one working till now for me...
",2011-06-12T11:34:17Z,2011-06-12T11:35:45Z
426943,2,"really weird, because i can't see how """"return hash_value(key.GetRawValue());"""" (ObjectGuid.cpp: 275) can possibly require any constructor, let alone an uint32 one...  Only reason i can think of is that the compiler doesn't know """"hash_value(uint64)"""" and de""",2011-06-12 07:39:49,Lynx3d,mangos,MaNGOS,a4e08e8f6d846947401a1925e34a31ea7ee4a716,Lynx3d,151539,"really weird, because i can't see how ""return hash_value(key.GetRawValue());"" (ObjectGuid.cpp: 275) can possibly require any constructor, let alone an uint32 one...

Only reason i can think of is that the compiler doesn't know ""hash_value(uint64)"" and desperately tries to call ""hash_value(ObjectGuid const& key)"" recusrively...if that's true, hash maps never actually worked properly with guids before...
-edit-
oh and in that case your ""fix"" would cause an infinite recursion resulting in eventual stack overflow if this function is ever called ^^
",2011-06-12T19:39:49Z,2011-06-12T19:42:12Z
355694,0,"When I was doing an add-on (http://img535.imageshack.us/img535/2131/wowmap.png)  using your source code, I found a little mistake. You have replaced the symbols """"X"""" and """"Y"""" in the following lines: https://github.com/mangos/mangos/blob/master/src/game/GridM""",2011-04-25 00:24:11,casso,mangos,MaNGOS,3eb739aaad3d36acd51d5bde7c1e8b1fc0b06f3e,casso,144655,"When I was doing an add-on (http://img535.imageshack.us/img535/2131/wowmap.png)
 using your source code, I found a little mistake.
You have replaced the symbols ""X"" and ""Y"" in the following lines:
https://github.com/mangos/mangos/blob/master/src/game/GridMap.cpp#L477
https://github.com/mangos/mangos/blob/master/src/game/GridMap.cpp#L478

Problem was probably exchanged the order of variables in the structure GridMapLiquidHeader. 

Sorry for my English. I am from Slovakia.
",2011-04-25T12:24:11Z,2011-04-25T12:33:30Z
369941,0,"That part is from your vehicle code whats on rsa repo now.  I wonder why u didnt implement more spell fields for creatures, as vehicles use more then 4 spells.""",2011-05-04 20:32:21,Faq,mangos,MaNGOS,4c82c86e20c5abba0cdaed187f8951c15dde4f5b,Faq,322016,"That part is from your vehicle code whats on rsa repo now.

I wonder why u didnt implement more spell fields for creatures, as vehicles use more then 4 spells.
",2011-05-05T08:32:21Z,2011-05-05T08:32:21Z
330911,0,"rsa, passing NaN values as input parameters will definitely cause issues with any geometry functions. Just because they expect them to be valid. RandomMovementGenerator<Creature>::_setRandomLocation() is the last function in call stack which triggered call""",2011-04-05 18:45:49,Ambal,mangos,MaNGOS,48b130a6a52fb3e3f00fabafd6f3be28d4b320f7,Ambal,101150,"rsa, passing NaN values as input parameters will definitely cause issues with any geometry functions. Just because they expect them to be valid. RandomMovementGenerator<Creature>::_setRandomLocation() is the last function in call stack which triggered call to IsNextZcoordOK() with incorrect input parameters:
respX = -nan(0x7f0000) <- you already have bugged coordinates , returned by Creature::GetRespawnCoord() function call!
",2011-04-06T06:45:49Z,2011-04-06T07:06:08Z
324057,0,"You might be missing a """"}"""" somewhere in SpellEffects.cpp, when you did the merge there must have some conflicts that you did not correct right.  rsa was saying that...when you merge yourself you need to learn how to merge in the correct manner, its not the""",2011-03-31 02:14:35,Singlem,mangos,MaNGOS,09090acfbdf19e75374d773c511ef2574ceee260,Singlem,216122,"You might be missing a ""}"" somewhere in SpellEffects.cpp, when you did the merge there must have some conflicts that you did not correct right.

rsa was saying that...when you merge yourself you need to learn how to merge in the correct manner, its not the source its the guy that merged that messed up...where I work its called NM(noob mistake) or NMHW(Never Mind His New), but I like IBKC(Idiot Between Keyboard and Chair) , please I'm not calling you idiot, we just say that if we make a small error like that
",2011-03-31T14:14:35Z,2011-03-31T14:14:35Z
324087,1,"Forget a """"}"""" I doubt it because the log gives me problems on several lines. I'll see to resolve this and I'll let you know. ;) All went well for the other files it's strange anyway =)""",2011-03-31 02:28:32,elementsdev,mangos,MaNGOS,09090acfbdf19e75374d773c511ef2574ceee260,elementsdev,640934,"Forget a ""}"" I doubt it because the log gives me problems on several lines. I'll see to resolve this and I'll let you know. ;) All went well for the other files it's strange anyway =)
",2011-03-31T14:28:32Z,2011-03-31T14:28:32Z
306448,0,"no need to change signature of assignment operator.""",2011-03-17 21:24:04,Ambal,mangos,MaNGOS,35c203a200c2ff29a747b3ef75b531e3a1f4a39e,Ambal,101150,"no need to change signature of assignment operator.
",2011-03-18T08:24:04Z,2011-03-18T08:24:04Z
273194,0,"I have seen something strange: Yesterday i was trying to compile last RSA commit, who also added CMake support, and, although i managed to build the solutions files for VS 2008, when i started compiling, i got an error: VS doesn't recognizes an argument na""",2011-02-16 00:45:57,ariath,mangos,MaNGOS,33fd34a42e806c7b43c5f0786c8ec50852d49cf1,ariath,612679,"I have seen something strange: Yesterday i was trying to compile last RSA commit, who also added CMake support, and, although i managed to build the solutions files for VS 2008, when i started compiling, i got an error: VS doesn't recognizes an argument named ""/upgrade"" .

Any idea?

P.D: I know MaNGOS isn't RSA, but ... :) .
",2011-02-16T11:45:57Z,2011-02-16T11:55:48Z
268658,0,"may offer this: https://github.com/rsa/mangos/commit/fdf656d23a114f5dd3fd17ec77b7ae766bade4a2 not need with current mangos code, but required for thread-safe. tested, worked fine.""",2011-02-11 08:57:13,rsa,mangos,MaNGOS,66d1972ac5392d7dd6748772f01c611600cb0c39,rsa,148874,"may offer this:
https://github.com/rsa/mangos/commit/fdf656d23a114f5dd3fd17ec77b7ae766bade4a2
not need with current mangos code, but required for thread-safe. tested, worked fine.
",2011-02-11T19:57:13Z,2011-02-11T19:57:13Z
232191,1,"I cherry-pick this above existed master code and it only different from added by function name and not affected to work code changes. So if i miss some more advansed version rsa prefer hide it from us ;) """,2011-01-04 12:18:40,VladimirMangos,mangos,MaNGOS,b29b0df35ec367eb2f2cc3ef8d6abb9a5b240f6a,VladimirMangos,29081,"I cherry-pick this above existed master code and it only different from added by function name and not affected to work code changes.
So if i miss some more advansed version rsa prefer hide it from us ;) 
",2011-01-04T23:18:40Z,2011-01-04T23:18:40Z
207293,1,"thx very much Vladimir, found this http://www.hellboundhackers.org/articles/914-c-c++-memory-structs-objects-and-unions.html - would never think that such thing is even possible.""",2010-12-01 12:11:40,Feanordev,mangos,MaNGOS,d7ad1d10c75d16db0d1aaa54207576e538628500,Feanordev,191481,"thx very much Vladimir, found this http://www.hellboundhackers.org/articles/914-c-c++-memory-structs-objects-and-unions.html
- would never think that such thing is even possible.
",2010-12-01T23:11:40Z,2010-12-01T23:11:40Z
197521,0,"Step by step development of optimal, when the code was originally developed in the right direction. If this piece of code is fundamentally incorrect and based on the Hacks, the attempt to modify the step will only worsen the situation. As in this instance""",2010-11-18 11:05:14,rsa,mangos,MaNGOS,a3b1a7cd23734ea431210258806e88addd590886,rsa,148874,"Step by step development of optimal, when the code was originally developed in the right direction. If this piece of code is fundamentally incorrect and based on the Hacks, the attempt to modify the step will only worsen the situation.
As in this instance - obviously necessary to add PROTECTOR_PET led adding another obviously hacks function GetProtectorPet ()
",2010-11-18T22:05:14Z,2010-11-18T22:05:14Z
197758,0,"You do not forget that the field UNIT_FIELD_CRITTER (not player field) is not used by mangos, but instead put hack m_miniPetGuid?""",2010-11-18 20:14:30,rsa,mangos,MaNGOS,a3b1a7cd23734ea431210258806e88addd590886,rsa,148874,"You do not forget that the field UNIT_FIELD_CRITTER (not player field) is not used by mangos, but instead put hack m_miniPetGuid?
",2010-11-19T07:14:30Z,2010-11-19T07:14:30Z
197875,0,"You right i not remember about UNIT_FIELD_CRITTER (in fact first time read about), BUT I not """"put hack"""". I update _existed_ field to ObjectGuid. Start use UNIT_FIELD_CRITTER field if it related to minipet can be good step but independent from this or late""",2010-11-19 00:59:21,VladimirMangos,mangos,MaNGOS,a3b1a7cd23734ea431210258806e88addd590886,VladimirMangos,29081,"You right i not remember about UNIT_FIELD_CRITTER (in fact first time read about), BUT I not ""put hack"". I update _existed_ field to ObjectGuid.
Start use UNIT_FIELD_CRITTER field if it related to minipet can be good step but independent from this or later commits. Remember, step by step ;) Tested patch for use this field will welcome.
",2010-11-19T11:59:21Z,2010-11-19T11:59:21Z
187935,0,"if has_items deleted in this place, his must be deleted in query code (PLAYER_LOGIN_QUERY_LOADMAILS) else all values after [5] is broken. solve - https://github.com/rsa/mangos/commit/3962fb4af354093cbe6594935882962e0cecc5f0""",2010-11-08 02:49:24,rsa,mangos,MaNGOS,b63a43e6a49e651dd42c36153af747e7e24575ee,rsa,148874,"if has_items deleted in this place, his must be deleted in query code (PLAYER_LOGIN_QUERY_LOADMAILS)
else all values after [5] is broken.
solve - https://github.com/rsa/mangos/commit/3962fb4af354093cbe6594935882962e0cecc5f0
",2010-11-08T13:49:24Z,2010-11-08T13:49:24Z
186572,2,"rsa i not meaning as fix your horiable hack written wihout attempt understand real problem.  My patch in gist fix _real_ porblem with wrong """"future"""" msecs time in object last update field. But not resolve all porblems.  You pointed """"fix"""" just """"recorrupt"""" b""",2010-11-05 09:38:58,VladimirMangos,mangos,MaNGOS,5ffa34aeeed38f9ef3f8e4fc3e2a2d6f5d43d6cf,VladimirMangos,29081,"rsa i not meaning as fix your horiable hack written wihout attempt understand real problem.

My patch in gist fix _real_ porblem with wrong ""future"" msecs time in object last update field. But not resolve all porblems.

You pointed ""fix"" just ""recorrupt"" broken data. signess no meaning in msecs time. And for diff also. Your ""negative"" values just long diff in result unexpected ""future"" time in left arg. getMSTimeDiff just not created (as any diff calculation in fact) for cases when next time less that old time.
But in uint32 range not negative values, all values can be correct diff just long.

You talk about like fix of problem as ""complete fixed"" then for me nothing disscuss with you in this case. Just lol.
",2010-11-05T20:38:58Z,2010-11-05T20:39:31Z
186858,0,"rsa, how your multi-threads related to clean mangos sources? Object created in same threads that Map::Update run. If muti-threading will be added to mangos core it will be per-Map mutitreading and then Map::Update still will called in same thread as objec""",2010-11-06 00:14:09,VladimirMangos,mangos,MaNGOS,5ffa34aeeed38f9ef3f8e4fc3e2a2d6f5d43d6cf,VladimirMangos,29081,"rsa, how your multi-threads related to clean mangos sources? Object created in same threads that Map::Update run.
If muti-threading will be added to mangos core it will be per-Map mutitreading and then Map::Update still will called in same thread as object creating.
Including any players actions in world in same Map thread context. Maybe i has been wrong revert base at test in broken design custom multi-threaded patches... But hard for me be sure when only single man provide test results for problem that i can't repeat at accessable platform and he use in same time same broken by design multi-thread patch (if you right in own description different threads use for same Map activity.
Ofc, if porblem only in used multi-threads support changes then in this part this is not mangos devs problem and you free fix it in any horriable ways select. I can reapply commit and apply my second fix that fix _real_ problem repeated at clean sources and not related in any way to multi-threads: fix for case when object created in Map::Update call context, so after fixed update time send to objects.

Your negative check in any way wrong independent from how wrong value generated. All 0..0xFFFFFFFF values in msecs is valid values.
getMSTimeDiff strongly expected have in right arg future value in comparison left arg. And i think you not understand that in case msecs timer
0xFFFFF123 can be correctly in past for 0x0000000, because msecs timer overflow is normal functionality and getMStimeDiff specially writed for return proper (past,future) pair diff in like cases.
",2010-11-06T11:14:09Z,2010-11-06T11:14:09Z
186866,1,"rsa, i glad to heard that you can configure your own compiler and, stop talking about multithreading, clean mangos sources has no MTMaps,   """,2010-11-06 00:36:13,teyrnon,mangos,MaNGOS,5ffa34aeeed38f9ef3f8e4fc3e2a2d6f5d43d6cf,teyrnon,313759,"rsa, i glad to heard that you can configure your own compiler
and, stop talking about multithreading, clean mangos sources has no MTMaps,
",2010-11-06T11:36:13Z,2010-11-06T11:42:07Z
182121,0,"I can offer http://github.com/rsa/mangos/commit/06342c16b4583672e2c8a1c03ac2cc45fb66087c as a logical continuation. tested and worked.""",2010-11-01 00:27:00,rsa,mangos,MaNGOS,2cceb9378113f31e762bd31eae9848d4c42d2fc1,rsa,148874,"I can offer
http://github.com/rsa/mangos/commit/06342c16b4583672e2c8a1c03ac2cc45fb66087c
as a logical continuation.
tested and worked.
",2010-11-01T11:27:00Z,2010-11-01T11:27:42Z
132499,1,"Wow! Big thanks, finally I can remove a whole bunch of hacks from my scripts ...""",2010-08-20 19:29:41,rsa,mangos,MaNGOS,20a81d7b21506531a4966ad3ba3b404f35b971d0,rsa,148874,"Wow! Big thanks, finally I can remove a whole bunch of hacks from my scripts ...
",2010-08-21T07:29:41Z,2010-08-21T07:29:41Z
125691,0,"Fix for other exploit with global cooldown. On the client side, you can replace column recovery time in spell.dbc with 0, and player can cast instant spell with no cooldown a lot of times. Maybe it's not the best way to fix this, but it's work. http://pa""",2010-08-09 16:50:00,DrKLO,mangos,MaNGOS,a2b4f6d61109d99d0108c0ba738186d6296c3abe,DrKLO,69369,"Fix for other exploit with global cooldown. On the client side, you can replace column recovery time in spell.dbc with 0, and player can cast instant spell with no cooldown a lot of times.
Maybe it's not the best way to fix this, but it's work.
http://paste2.org/p/944820
",2010-08-10T04:50:00Z,2010-08-10T04:50:00Z
110072,0,"It's a hack I think...""",2010-07-17 06:51:26,Timawyn,mangos,MaNGOS,42f7acbd2775768c041c7806d911b1488531f0a5,Timawyn,174571,"It's a hack I think...
",2010-07-17T18:51:26Z,2010-07-17T18:51:26Z
107937,0,"GRUNT is the client's name of the login protocol that MaNGOS relies on. Look at the connection.log file in the logs directory for the client.""",2010-07-13 08:10:20,BThallid,mangos,MaNGOS,a037eaf4182d2a49c4087428609f704361e1b41d,BThallid,181617,"GRUNT is the client's name of the login protocol that MaNGOS relies on. Look at the connection.log file in the logs directory for the client.
",2010-07-13T20:10:20Z,2010-07-13T20:10:20Z
81129,0,"also additional compile errors at linux  if g++ -DHAVE_CONFIG_H -I. -I../../../src/game -I../..  -I../../../dep/ACE_wrappers -I../../dep/ACE_wrappers  -I/usr/include/mysql -I/usr/kerberos/include    -I../../src/shared -I../../../src/game -I../../../src/g""",2010-05-18 01:50:11,insider42,mangos,MaNGOS,b595094c161600060de8971837c379303028b440,insider42,137344,"also additional compile errors at linux

if g++ -DHAVE_CONFIG_H -I. -I../../../src/game -I../..  -I../../../dep/ACE_wrappers -I../../dep/ACE_wrappers  -I/usr/include/mysql -I/usr/kerberos/include    -I../../src/shared -I../../../src/game -I../../../src/game/../../dep/include -I../../../src/game/../framework -I../../../src/game/../shared -I../../../src/game/../shared/vmap -I../../../src/game/../realmd -DSYSCONFDIR=\""/usr/local/mangos/etc/\""   -g -DMANGOS_DEBUG -DDO_MYSQL -O2 -pipe -MT GameObject.o -MD -MP -MF "".deps/GameObject.Tpo"" -c -o GameObject.o ../../../src/game/GameObject.cpp; \
        then mv -f "".deps/GameObject.Tpo"" "".deps/GameObject.Po""; else rm -f "".deps/GameObject.Tpo""; exit 1; fi
../../../src/game/QuestDef.h: In member function ‘bool Quest::IsAllowedInRaid() const’:
../../../src/game/QuestDef.h:245: ошибка: нет декларации ‘QUEST_TYPE_RAID’ в этой области видимости
../../../src/game/QuestDef.h:245: ошибка: нет декларации ‘QUEST_TYPE_RAID_10’ в этой области видимости
../../../src/game/QuestDef.h:245: ошибка: нет декларации ‘QUEST_TYPE_RAID_25’ в этой области видимости

this can be solved by add ""SharedDefines.h"" include to QuestDef.h
",2010-05-18T13:50:11Z,2010-05-18T13:54:34Z
76584,1,"no, my players doing this in duel. PvP priest vs warrior and priest win with spam of one button :lol: he also said """"noob"""" to this warrior xD I will try to test it self tomorrow, maybe i will find a way how to reproduce, i think it's no hard and related t""",2010-05-08 05:03:45,insider42,mangos,MaNGOS,d22c8b20f4ce752229ce1fe7fecac43226004c3f,insider42,137344,"no, my players doing this in duel. PvP priest vs warrior and priest win with spam of one button :lol:
he also said ""noob"" to this warrior xD
I will try to test it self tomorrow, maybe i will find a way how to reproduce, i think it's no hard and related to another talents / target's auras
",2010-05-08T17:03:45Z,2010-05-08T17:06:43Z
70324,0,"So for example RSA's scripts where they developed a Boss_Spell_Table is useless or will be not compatible?""",2010-04-24 07:10:35,wormyke,mangos,MaNGOS,eaa5e0fa3ba61a6908034e85d98ab2004732942d,wormyke,66621,"So for example RSA's scripts where they developed a Boss_Spell_Table is useless or will be not compatible?
",2010-04-24T19:10:35Z,2010-04-24T19:10:35Z
69224,1,"For the sake of my learning process, do you mind me asking why moving it a few lines down makes a difference? I'm not trying to be rude or offensive about it, I'm merely curious. :)  EDIT: I think I get it, it's because the pdamage variable is assigned a n""",2010-04-21 20:30:49,Olynn,mangos,MaNGOS,74895fb39018194e1b8ff8fe4be56ef81c2758be,Olynn,248901,"For the sake of my learning process, do you mind me asking why moving it a few lines down makes a difference? I'm not trying to be rude or offensive about it, I'm merely curious. :)

EDIT: I think I get it, it's because the pdamage variable is assigned a new value, and moving the combatlog code to it's new location reflects the new value into it. Right?
",2010-04-22T08:30:49Z,2010-04-22T09:37:35Z
129119,0,"Also, currently it is the ONLY use of account.v/s fields, leaving the fact that the whole auth system is exploitable right now.""",2010-08-15 11:58:16,LordJZ,mangos,MaNGOS,cc082e6d812d2c42e187801c2a537cb591447afc,LordJZ,32092,"Also, currently it is the ONLY use of account.v/s fields, leaving the fact that the whole auth system is exploitable right now.
",2010-08-15T23:58:16Z,2010-08-15T23:58:27Z
129118,0,"I mean the functions not fails, but _is_ a fail, because it is really returning Salt, not SessionKey.""",2010-08-15 11:56:45,LordJZ,mangos,MaNGOS,cc082e6d812d2c42e187801c2a537cb591447afc,LordJZ,32092,"I mean the functions not fails, but _is_ a fail, because it is really returning Salt, not SessionKey.
",2010-08-15T23:56:45Z,2010-08-15T23:58:36Z
64634,1,"Omg someone hacked DasBlub's account xD""",2010-04-09 21:41:58,digitalni,mangos,MaNGOS,0046288e965b19796fc493c49eb58557928036ec,digitalni,135907,"Omg someone hacked DasBlub's account xD
",2010-04-10T09:41:58Z,2010-04-10T09:41:58Z
62843,0,"Yes, not match) i  found only 69412 in 3.3.2 useful spell . With this commit this spell should work correct.Like many other in 3.3.3 with old EFFECT_CREATE_RANDOM_ITEM that moved to EFFECT_CREATE_ITEM_2   Thx. )) BTW, it is hard to stop spam in log (you c""",2010-04-06 08:10:35,Wowka321,mangos,MaNGOS,e3dbc0910d6e277a345af5664e58721b61945b2f,Wowka321,108987,"Yes, not match) i  found only 69412 in 3.3.2 useful spell . With this commit this spell should work correct.Like many other in 3.3.3 with old EFFECT_CREATE_RANDOM_ITEM that moved to EFFECT_CREATE_ITEM_2   Thx. ))
BTW, it is hard to stop spam in log (you create bla-bla-bla) about fake items?
",2010-04-06T20:10:35Z,2010-04-06T20:10:35Z
50125,2,"hmm why are there forums? ... ah yes because it is not polite to spam comments @ commits....""",2010-02-23 01:27:20,NetSky,mangos,MaNGOS,cf4bec609ed00a8f2edfb4b3e1fd699c2d029980,NetSky,42629,"hmm why are there forums? ... ah yes because it is not polite to spam comments @ commits....
",2010-02-23T12:27:20Z,2010-02-23T12:27:20Z
48020,0,"sLog.outError(""""Spell %u triggered by aura spell %u too deep in cast chain for cast. Cast not allowed for prevent overflow stack crash."""");  don't you have to provide an id for the spell? %u %u is expecting an unsigned integer ... sLog.outError(""""Spell %u t""",2010-02-15 03:18:31,marintrica,mangos,MaNGOS,658e6aaed3283e819a6cc95f48f7899e7f085fb3,silviu199208,174730,"sLog.outError(""Spell %u triggered by aura spell %u too deep in cast chain for cast. Cast not allowed for prevent overflow stack crash.""); 
don't you have to provide an id for the spell? %u %u is expecting an unsigned integer ...
sLog.outError(""Spell %u too deep in cast chain for cast. Cast not allowed for prevent overflow stack crash."");
here too!
",2010-02-15T14:18:31Z,2010-02-15T14:18:31Z
47337,1,"And a long time to wait vehicles, which also work normally in a patch..."""" One big hack can't be """"normal"""" patch ;) without dependence work it or not...""",2010-02-11 10:28:02,VladimirMangos,mangos,MaNGOS,eb637ca3dc1a85ff125c3237f82ef5deeeb55145,VladimirMangos,29081,"""And a long time to wait vehicles, which also work normally in a patch...""
One big hack can't be ""normal"" patch ;) without dependence work it or not...
",2010-02-11T21:28:02Z,2010-02-11T21:28:02Z
45955,2,"what problem with its? except clean horribale hackish way for detection... only one good: maps not big differen in diff versions, so one time need do...""",2010-02-05 08:19:42,VladimirMangos,mangos,MaNGOS,6cd49cd450b2c30c086bab30d081bed1531429dd,VladimirMangos,29081,"what problem with its? except clean horribale hackish way for detection... only one good: maps not big differen in diff versions, so one time need do...
",2010-02-05T19:19:42Z,2010-02-05T19:19:42Z
43132,2,"i'm dont enter to forum 2-3 last month ;~~( i'm re-register many times, but on login get message """"your type incorrect username or password"""". restore password by email also not worked...""",2010-01-21 05:54:42,rsa,mangos,MaNGOS,6919496e14ff49c0c6b3ab825ab140e36442b392,rsa,148874,"i'm dont enter to forum 2-3 last month ;~~( i'm re-register many times, but on login get message ""your type incorrect username or password"". restore password by email also not worked...
",2010-01-21T16:54:42Z,2010-01-21T16:54:42Z
39868,0,"One more spell must be casted when Mutating Injection expire - 28206""",2009-12-24 19:42:01,PSZ,mangos,MaNGOS,cadabfaedc89662d3c4fe11106ac5f8e289eb768,PSZ,154752,"One more spell must be casted when Mutating Injection expire - 28206
",2009-12-25T06:42:01Z,2009-12-25T06:42:01Z
40588,0,"In fact suggested unrelated patch also rejected, becasy we need in general fix how tartet mode pairs wotj with SELF2 target mode instead adding hacks.""",2010-01-01 06:52:55,VladimirMangos,mangos,MaNGOS,2d41d5e768cc284bd616f04adba6c079b8a85464,VladimirMangos,29081,"In fact suggested unrelated patch also rejected, becasy we need in general fix how tartet mode pairs wotj with SELF2 target mode instead adding hacks.
",2010-01-01T17:52:55Z,2010-01-01T17:52:55Z
36445,0,"hack reverted.""",2009-11-25 22:35:54,VladimirMangos,mangos,MaNGOS,5b96e3a2250755dec615e683c54a2ed056739370,VladimirMangos,29081,"hack reverted.
",2009-11-26T09:35:54Z,2009-11-26T09:35:54Z
34225,1,"ok does not forget this comment :)""",2009-11-05 00:41:22,NetSky,mangos,MaNGOS,0cd45c441d81eaafd198e4cd0c1ba831e6da66a5,NetSky,42629,"ok does not forget this comment :)
",2009-11-05T11:41:22Z,2009-11-05T11:41:22Z
32819,0,"compile error related to void AddObject(Corpse *object) { HashMapHolder<Corpse>::Insert(object); } detail :  ../../../src/game/ObjectAccessor.h: In static member function âstatic void HashMapHolder<T>::Insert(T*) [with T = Corpse]â: ../../../src/game/O""",2009-10-21 18:56:16,NetSky,mangos,MaNGOS,8ddaa2e3fda967def2d984fe121a90e14b3e85e6,NetSky,42629,"compile error related to void AddObject(Corpse *object) { HashMapHolder<Corpse>::Insert(object); }
detail :

../../../src/game/ObjectAccessor.h: In static member function âstatic void HashMapHolder<T>::Insert(T_) [with T = Corpse]â:
../../../src/game/ObjectAccessor.h:122:   instantiated from here
../../../src/game/ObjectAccessor.h:55: error: invalid use of incomplete type âstruct Corpseâ
../../../src/game/GridDefines.h:27: error: forward declaration of âstruct Corpseâ
../../../src/game/ObjectAccessor.h: In static member function âstatic void HashMapHolder<T>::Remove(T_) [with T = Corpse]â:
../../../src/game/ObjectAccessor.h:124:   instantiated from here
../../../src/game/ObjectAccessor.h:60: error: invalid use of incomplete type âstruct Corpseâ
../../../src/game/GridDefines.h:27: error: forward declaration of âstruct Corpseâ
",2009-10-22T06:56:16Z,2009-10-22T06:56:16Z
32404,0,"Oh - and keep in mind - HashMapHolder stores _actual objects_, not pointers.""",2009-10-18 02:30:58,alexrp,mangos,MaNGOS,2e4118a1e929cc8720e9ed4f73db36bec9f32b95,alexrp,44076,"Oh - and keep in mind - HashMapHolder stores _actual objects_, not pointers.
",2009-10-18T14:30:58Z,2009-10-18T14:30:58Z
32821,1,"HashMapHolder stores pointers to type specified in template ;)""",2009-10-21 19:06:23,apoc,mangos,MaNGOS,2e4118a1e929cc8720e9ed4f73db36bec9f32b95,apoc,28888,"HashMapHolder stores pointers to type specified in template ;)
",2009-10-22T07:06:23Z,2009-10-22T07:06:23Z
30090,2,"Ignore all this spam, sorry. I simply edited the line: if(!loginDatabase.CheckRequiredField(""""realmd_db_version"""",REVISION_DB_REALMD)  To a different table and in that table made the appropriate info. Sorry.""",2009-09-20 14:56:26,henhouse,mangos,MaNGOS,e24b0a2fadfa9df950b405a7fefd2cbb5c2335d9,henhouse,30731,"Ignore all this spam, sorry. I simply edited the line: if(!loginDatabase.CheckRequiredField(""realmd_db_version"",REVISION_DB_REALMD)

To a different table and in that table made the appropriate info. Sorry.
",2009-09-21T02:56:26Z,2009-09-21T02:56:26Z
26330,0,"onlinetime is spammed anytime worldsession opcodes are handled... its not like it is supposed to work i intend""",2009-07-28 11:34:40,NetSky,mangos,MaNGOS,37c9844d7deb6930411b6b398fa99a74fe59bbff,NetSky,42629,"onlinetime is spammed anytime worldsession opcodes are handled... its not like it is supposed to work i intend
",2009-07-28T23:34:40Z,2009-07-28T23:34:40Z
17504,0,"Fix that the problem while saving characters ?  cause when you log out and then login all your things are not saved and you have to start again""",2009-03-26 06:30:09,Aion,mangos,MaNGOS,1437835c3acfa9205545e17f249a27c394eb4e03,Aion,59208,"Fix that the problem while saving characters ? 
cause when you log out and then login all your things are not saved and you have to start again
",2009-03-26T17:30:09Z,2009-03-26T17:30:09Z
16061,2,"This required hack code in many places for lie faction to client (patch existed at forum) that affect performence of normal mode. Not nice for official sources. """,2009-03-04 08:46:44,VladimirMangos,mangos,MaNGOS,9425bbd8b87067441d59f4a722843338acf0c14d,VladimirMangos,29081,"This required hack code in many places for lie faction to client (patch existed at forum) that affect performence of normal mode. Not nice for official sources. 
",2009-03-04T19:46:44Z,2009-03-04T19:46:44Z
7408,0,"Before you couldn't change the realm after loging out, you had to relog. Now you can change realm after logging out.""",2008-11-03 02:03:10,joni1993,mangos,MaNGOS,09e4e57206feef50611ccdfefcee6ef9474ab130,joni1993,29347,"Before you couldn't change the realm after loging out, you had to relog.
Now you can change realm after logging out.
",2008-11-03T13:03:10Z,2008-11-03T13:03:10Z
7098,0,"SELECT 1 FROM account WHERE username = '%s' AND sha_pass_hash=SHA1(CONCAT('%s',':','%s'))"""",  login.c_str(), login.c_str(),pw.c_str());""",2008-10-24 22:21:25,wuzhu,mangos,MaNGOS,06ed6af86c36869f2781bf328802214f23e3f369,wuzhu,30972,"SELECT 1 FROM account WHERE username = '%s' AND sha_pass_hash=SHA1(CONCAT('%s',':','%s'))"", 
login.c_str(), login.c_str(),pw.c_str());
",2008-10-25T10:21:25Z,2008-10-25T10:21:25Z
7097,0,"QueryResult *check = loginDatabase.PQuery(       """"SELECT 1 FROM account WHERE username = '%s' AND sha_pass_hash=SHA1(CONCAT('%s',':','%s'))"""",       login.c_str(), login.c_str(),pw.c_str());    ?""",2008-10-24 22:19:59,wuzhu,mangos,MaNGOS,06ed6af86c36869f2781bf328802214f23e3f369,wuzhu,30972,"QueryResult *check = loginDatabase.PQuery(
                        ""SELECT 1 FROM account WHERE username = '%s' AND sha_pass_hash=SHA1(CONCAT('%s',':','%s'))"",
                        login.c_str(), login.c_str(),pw.c_str());

?
",2008-10-25T10:19:59Z,2008-10-25T10:19:59Z
1454800,2,"wrong realization AKA hack. see spells 48586-48589. """,2012-06-13 08:28:18,rsa,mangos,MaNGOS,45f2b3ba67e2fb81754cbfce19b743a4d6d1108f,rsa,148874,"wrong realization AKA hack. see spells 48586-48589. 
",2012-06-13T20:28:18Z,2012-06-13T20:28:18Z
1153264,2,"this problem may appear only in 2 cases - broken script/AI or GREAT HACK in EffectEnvironmentalDMG. need remove hacks and errors from code, but not insert """"gags"""" like this...""",2012-03-30 00:02:51,rsa,mangos,MaNGOS,b32730d6286a4400403d954e657e6ac96db5d2ce,rsa,148874,"this problem may appear only in 2 cases - broken script/AI or GREAT HACK in EffectEnvironmentalDMG. need remove hacks and errors from code, but not insert ""gags"" like this...
",2012-03-30T12:02:51Z,2012-03-30T12:02:51Z
918004,2,"trail and error has the downside of making backports for the subprojects real hard. For example its almost impossible to backport lots of stuff from TC because you never know if the backport is wrong or the commit simply was experimental stuff. Trust me, I""",2012-01-31 01:10:55,stfx,mangos,MaNGOS,48f5a8c6b4cee3e924e684794b4a3868c54baf4f,DomGries,341158,"trail and error has the downside of making backports for the subprojects real hard. For example its almost impossible to backport lots of stuff from TC because you never know if the backport is wrong or the commit simply was experimental stuff. Trust me, I tried...
",2012-01-31T12:10:55Z,2012-01-31T12:10:55Z
398660,2,"sorry to bother you again, but this does not work correctly :(  would this work as a hack in `GameObject::Create` to fix it for first time?      if (entry ID exception)         SetRotationQuat(rotation0,rotation1,1.0f,0.0002f);     else         SetRotation""",2011-05-24 18:24:47,DoesntMatter,mangos,MaNGOS,2bcbc0fbfe63fab389e4f4f875ac215852bff8b6,DoesntMatter,228580,"sorry to bother you again, but this does not work correctly :(

would this work as a hack in `GameObject::Create` to fix it for first time?

```
if (entry ID exception)
    SetRotationQuat(rotation0,rotation1,1.0f,0.0002f);
else
    SetRotationQuat(rotation0,rotation1,rotation2,rotation3);
```

PS: Solved! I set rotation2 and rotation3 in `BattleGround::AddObject` function :)
",2011-05-25T06:24:47Z,2011-05-25T08:31:10Z
1456287,1,"from sniff, as your always can see :) true chain 48590->{49586...}->temp summoner->48592. not need manual hack direction, also additional visual there... PS this maked correctly over year ago (not by me)...""",2012-06-13 15:34:26,rsa,mangos,MaNGOS,45f2b3ba67e2fb81754cbfce19b743a4d6d1108f,rsa,148874,"from sniff, as your always can see :) true chain 48590->{49586...}->temp summoner->48592. not need manual hack direction, also additional visual there...
PS this maked correctly over year ago (not by me)...
",2012-06-14T03:34:26Z,2012-06-14T03:34:26Z
1214434,1,"impressive virusav :)  But the sql-fill is rather far from optimal, is it?""",2012-04-15 21:38:55,Schmoozerd,mangos,MaNGOS,ccfeefbc01734bd25a6499abc46733fd0963a8e0,Schmoozerd,299104,"impressive virusav :)

But the sql-fill is rather far from optimal, is it?
",2012-04-16T09:38:55Z,2012-04-16T09:38:55Z
616248,1,"no sence to dispute with someone, who can read between the lines of sniff :)""",2011-09-27 18:00:48,rsa,mangos,MaNGOS,2068b50e0912ec89b49b78be2b348cfc9535b629,rsa,148874,"no sence to dispute with someone, who can read between the lines of sniff :)
",2011-09-28T06:00:48Z,2011-09-28T06:00:48Z
416655,1,"@VladimirMangos when you supply """"/dev/rsa"""" as commit author in git you instead put full path to git bins plus /dev/rsa :D lol  can be seen in twitter or here: https://github.com/mangos/mangos/commit/6d0667fb72827b7ad23096dc04def141c12ecaae.patch""",2011-06-06 03:49:34,LordJZ,mangos,MaNGOS,6d0667fb72827b7ad23096dc04def141c12ecaae,LordJZ,32092,"@VladimirMangos when you supply ""/dev/rsa"" as commit author in git you instead put full path to git bins plus /dev/rsa :D lol

can be seen in twitter or here: https://github.com/mangos/mangos/commit/6d0667fb72827b7ad23096dc04def141c12ecaae.patch
",2011-06-06T15:49:34Z,2011-06-06T15:49:34Z
424267,1,"lol, engrish will win and replace English! Virus plugged to minds >:)""",2011-06-09 19:52:47,VladimirMangos,mangos,MaNGOS,846f6943ec5c7b50a07aa244c85c4b34ad1f8344,VladimirMangos,29081,"lol, engrish will win and replace English! Virus plugged to minds >:)
",2011-06-10T07:52:47Z,2011-06-10T07:52:47Z
326172,1,"Well the problem is solved, I had a conflict with the Spell file, not always easy to juggle the modified RSA and mine:) thanks to y ;)""",2011-04-01 09:14:50,elementsdev,mangos,MaNGOS,09090acfbdf19e75374d773c511ef2574ceee260,elementsdev,640934,"Well the problem is solved, I had a conflict with the Spell file, not always easy to juggle the modified RSA and mine:)
thanks to y ;)
",2011-04-01T21:14:50Z,2011-04-01T21:14:50Z
264279,1,"great idea this. could be used to script arenas/bgs/opvp/wg instead of hacking up the core""",2011-02-07 22:17:47,stryker09,mangos,MaNGOS,1d01f504a07d5c63621d31c022a3bbe5c671d544,stryker09,434080,"great idea this. could be used to script arenas/bgs/opvp/wg instead of hacking up the core
",2011-02-08T09:17:47Z,2011-02-08T09:17:47Z
225319,1,"Found a site on which all the fields have been identified and commented... http://www.madx.dk/wowdev/wiki/index.php?title=CreatureDisplayInfoExtra.dbc not sure how much of it is trustfull, but it might help identifying more of the fields :)""",2010-12-23 08:48:22,Darkrulerz,mangos,MaNGOS,76493297b0441e81ccd22d34e650414be2585214,DarkYodah,188294,"Found a site on which all the fields have been identified and commented... http://www.madx.dk/wowdev/wiki/index.php?title=CreatureDisplayInfoExtra.dbc
not sure how much of it is trustfull, but it might help identifying more of the fields :)
",2010-12-23T19:48:22Z,2010-12-23T19:48:22Z
155515,1,"Is this is what I thing, Great this will reduce the console spam a lot  :D I am not sure, but this wasnt affecting performance in a hight loaded server when several users make the console spam this lot of times?""",2010-09-26 03:16:53,Andrewzz,mangos,MaNGOS,0d5b6534b37da6f698edda09bd2918645a5c6571,Andrewzz,161734,"Is this is what I thing, Great this will reduce the console spam a lot  :D
I am not sure, but this wasnt affecting performance in a hight loaded server when several users make the console spam this lot of times?
",2010-09-26T15:16:53Z,2010-09-26T15:16:53Z
80486,1,"RSA want to say, that if fixed one thing, it would be nice fixing it by more wide way for future development, something like this =) http://paste2.org/p/833860 """,2010-05-17 00:23:56,Wowka321,mangos,MaNGOS,05ca9ff771731f96cedbb0f90ef6ebd59022f2cb,Wowka321,108987,"RSA want to say, that if fixed one thing, it would be nice fixing it by more wide way for future development, something like this =)
http://paste2.org/p/833860
",2010-05-17T12:23:56Z,2010-05-17T12:23:56Z
76887,1,"Oh, thanks. I'm using such patch for 1,5 years, but always considered it as hack :) """,2010-05-09 08:24:05,PSZ,mangos,MaNGOS,7d53d11670f577254b4c6326c8ab4e8e7ee308a7,PSZ,154752,"Oh, thanks. I'm using such patch for 1,5 years, but always considered it as hack :)
",2010-05-09T20:24:05Z,2010-05-09T20:24:05Z
61655,1,"if we have  GRANT USAGE ON * . * TO 'mangos'@'localhost' IDENTIFIED BY 'mangos' ... So use login """"mangos"""" more correct than root.  No lol.""",2010-04-02 19:46:15,SplinterC,mangos,MaNGOS,7b359a6f0d1b35aa717f3f3e8bb528224d68640d,SplinterC,32366,"if we have 
GRANT USAGE ON \* . \* TO 'mangos'@'localhost' IDENTIFIED BY 'mangos' ...
So use login ""mangos"" more correct than root.

No lol.
",2010-04-03T07:46:15Z,2010-04-03T07:46:15Z
13159,1,"there are hard coded names of databases so if someone uses other names then characters/mangos dont forget to change them :)""",2009-01-28 12:51:24,Lake292,mangos,MaNGOS,0446647431b2ce9a79f745e2237047e630f6efc1,Lake292,48735,"there are hard coded names of databases so if someone uses other names then characters/mangos dont forget to change them :)
",2009-01-28T23:51:24Z,2009-01-28T23:51:24Z
1827858,2,"As I said, weird blizz hack.""",2012-09-09 02:06:44,Shauren,mangos,MaNGOS,915b77339711ec1278ac06ec80d206133bdb427a,Shauren,297439,"As I said, weird blizz hack.
",2012-09-09T14:06:44Z,2012-09-09T14:06:44Z
1484628,2,"bad work. rsa fully rigth. spell_dbc used loooong time, and don't have any problems.""",2012-06-20 10:50:31,boxa,mangos,MaNGOS,45c987170af9877eee36868950063c2434e9cbfc,boxa,156509,"bad work. rsa fully rigth.
spell_dbc used loooong time, and don't have any problems.
",2012-06-20T22:50:31Z,2012-06-20T22:53:58Z
609425,2,"very hackly way... this quest has separate spells on all 4 credits (51974, 51980, 51977, 51982). need implement his, but not hack like this...""",2011-09-24 06:10:12,rsa,mangos,MaNGOS,102b84de2ed3c66a6f3768b3f50fa0a285af2ef5,rsa,148874,"very hackly way... this quest has separate spells on all 4 credits (51974, 51980, 51977, 51982). need implement his, but not hack like this...
",2011-09-24T18:10:12Z,2011-09-24T18:10:12Z
478707,2,"If i disable cases 0, 1 and 5 crash move to case 8!!  http://pastebin.com/NMhSRN5D  How i can set GCC to UTF8 encode?""",2011-07-14 16:49:15,Undergarun,mangos,MaNGOS,96e8b337bc51408787dca0c403b381bcc61cb7ab,Undergarun,817560,"If i disable cases 0, 1 and 5 crash move to case 8!!

http://pastebin.com/NMhSRN5D

How i can set GCC to UTF8 encode?
",2011-07-15T04:49:15Z,2011-07-15T04:59:38Z
330235,2,"changes like this without spells == hack. 13 spells only in DBC, by sniff his much more.""",2011-04-05 06:13:47,rsa,mangos,MaNGOS,6f951894042accdb0d2ae827d126825496b4ad46,rsa,148874,"changes like this without spells == hack. 13 spells only in DBC, by sniff his much more.
",2011-04-05T18:13:47Z,2011-04-05T18:13:47Z
67030,2,"This is terrible. We cannot duplicate and free a whole buffer just to prevent a cast. If you are concerned about this cast, you'll have to update the entire hashing code so that the hashed data is constant -- that would be a nice thing to have. Without th""",2010-04-15 22:19:32,VladimirMangos,mangos,MaNGOS,087ededd983cdc9aed3bd7ab96acff19c01381e9,VladimirMangos,29081,"1) at each client switch some spell removed and need be detected as removed and removed in character_spell
2) when dual specs has been added talents stiil listed in character_spell and also need removed
(1) code exist long time (2) added recently. In both cases removed detected spell for _all_ characters if found for one.
Without key this can be slow
",2010-04-16T10:19:32Z,2010-04-16T10:19:32Z
33648,0,"Don't forget to close the parser here in the finally clause.""",2009-10-29 13:54:12,xiaofeng2010,mangos,MaNGOS,748dcef4621278062fb3c6d2e2ae2f20d6d36688,xiaofeng2010,146208,"Me too ！
",2009-10-30T00:54:12Z,2009-10-30T00:54:12Z
48062,0,"Why not a use a hash in the test?""",2010-02-15 08:27:00,SplinterC,mangos,MaNGOS,525788143c95ad42d883d59d586fdae718f57393,SplinterC,32366,":P
",2010-02-15T19:27:00Z,2010-02-15T19:27:00Z
