comment_id,polarity,text,created_at_gold,author_login_gold,owner,repo,commit_id,author_login_kaiaulu,author_id,body,created_at_kaiaulu,updated_at
4047698,1,"@josevalim :heart: much better now""",2013-09-09 06:28:14,spastorino,rails,rails,a41669563b960d604068013a5b808476391b1cb9,spastorino,52642,"@josevalim :heart: much better now
",2013-09-09T18:28:14Z,2013-09-09T18:28:14Z
3093527,1,"Hahaha, totally agreed I believe one is morally allowed to refactor touch typing while looking somewhere else :smile:.""",2013-04-25 21:11:46,fxn,rails,rails,23b6e9d85d4a57ab0a24ae5e03965ff6c8de5bca,fxn,3387,"Hahaha, totally agreed I believe one is morally allowed to refactor touch typing while looking somewhere else :smile:.
",2013-04-26T09:11:46Z,2013-04-26T09:11:46Z
2924348,1,":rocket: """,2013-04-01 14:08:22,arthurnn,rails,rails,3073c3d3aea793432d631a05b3f4cef632d38a8d,arthurnn,833383,":rocket: 
",2013-04-02T02:08:22Z,2013-04-02T02:08:22Z
3383236,0,"Maybe It was already solved: 687e68d88f5e1a7bb6a2d876fbbc5b8c4571d853 #9803""",2013-06-08 03:05:24,jugyo,rails,rails,dbd8bec525ea690daab15084330cabeab785f06d,jugyo,7354,"Maybe It was already solved: 687e68d88f5e1a7bb6a2d876fbbc5b8c4571d853 #9803
",2013-06-08T15:05:24Z,2013-06-08T15:05:24Z
2689927,1,":sake: """,2013-02-25 08:57:35,williscool,rails,rails,c0bc9ce38c6528916f9dd440984a386511e4297d,williscool,394931,":sake: 
",2013-02-25T19:57:35Z,2013-02-25T19:57:35Z
2367430,0,"We probably need a CONSTANT for guides url in master  `Rails::GUIDES_URL = """"http://edgeguides.rubyonrails.org""""` in *-stable `Rails::GUIDES_URL = """"http://guides.rubyonrails.org""""` and as part of the release process when we create *-stable branches we woul""",2012-12-30 06:48:14,spastorino,rails,rails,219e831d15b10eef43a7a65262bd0938e6baaabb,spastorino,52642,"We probably need a CONSTANT for guides url
in master  `Rails::GUIDES_URL = ""http://edgeguides.rubyonrails.org""`
in *-stable `Rails::GUIDES_URL = ""http://guides.rubyonrails.org""`
and as part of the release process when we create *-stable branches we would need to change from edgeguides to guides
",2012-12-30T17:48:14Z,2012-12-30T17:56:17Z
2368507,1,"Love them secret discussions on open source projects.""",2012-12-30 22:21:14,krainboltgreene,rails,rails,f9da785d0b1b22317cfca25c15fb555e9016accb,krainboltgreene,334809,"Love them secret discussions on open source projects.
",2012-12-31T09:21:14Z,2012-12-31T09:21:23Z
2386670,1,"@jeremy thanks SO MUCH for that writeup, explains why it was decided to be not fully baked, with a convincing and reasonable argument, and also explain what you are thinking about future directions.   It is VERY useful for us Rails-using developers to ha""",2013-01-04 12:36:43,jrochkind,rails,rails,f9da785d0b1b22317cfca25c15fb555e9016accb,jrochkind,149304,"@jeremy thanks SO MUCH for that writeup, explains why it was decided to be not fully baked, with a convincing and reasonable argument, and also explain what you are thinking about future directions. 

It is VERY useful for us Rails-using developers to have this, thanks for realizing such and providing. 

(Also, thanks _very much_ to Rails core for not releasing an API as part of Rails when you realize the design is not right, we indeed count on your active judgement of these things to keep Rails great. Throwing in half-baked things will help nobody.)
",2013-01-04T23:36:43Z,2013-01-04T23:39:04Z
2171140,0,"I think is better to use `set` instead of `use this`""",2012-11-18 02:43:22,rafaelfranca,rails,rails,d56cfadfe2c7547bbfd14b9e48ea484b35a53034,rafaelfranca,47848,"I think is better to use `set` instead of `use this`
",2012-11-18T13:43:22Z,2012-11-18T13:43:22Z
2061612,2,"Few alternative ORMs like Mongoid use ActiveModel pretty heavily :sob:""",2012-10-26 19:22:25,brainopia,rails,rails,9e4c41c903e8e58721f2c41776a8c60ddba7a0a9,brainopia,386,"Few alternative ORMs like Mongoid use ActiveModel pretty heavily :sob:
",2012-10-27T07:22:25Z,2012-10-27T07:25:29Z
1938323,0,"[WTC detected here](http://whatthecommit.com/) /cc @drogus """,2012-10-02 15:54:41,guilleiguaran,rails,rails,e4e84fee8b9ecd63e1cc7b62beb577f8fe7ce35d,guilleiguaran,160941,"[WTC detected here](http://whatthecommit.com/) /cc @drogus 
",2012-10-03T03:54:41Z,2012-10-03T03:54:41Z
1889939,1,"I saw what was your point. Fixed back here https://github.com/rails/rails/commit/5b99cf088c89eba655adc588af40b1970fdd76a9 anyway records.last.send(primary_key) was not needed just records.last.id was fine :)""",2012-09-21 10:43:58,spastorino,rails,rails,761bc751d31c22e2c2fdae2b4cdd435b68b6d783,spastorino,52642,"I saw what was your point. Fixed back here https://github.com/rails/rails/commit/5b99cf088c89eba655adc588af40b1970fdd76a9 anyway records.last.send(primary_key) was not needed just records.last.id was fine :)
",2012-09-21T22:43:58Z,2012-09-21T22:43:58Z
1686594,0,"I agree with @jonleighton, it is much more logical, when functionality related to the same scope works in the one common manner. Preciously in Rails if ```where``` was finding just one record we got a single object and if more than one then we got an array""",2012-08-08 00:49:50,styx,rails,rails,6a81ccd69d96f36f4322ef927191ab5a35e68d68,styx,39037,"I agree with @jonleighton, it is much more logical, when functionality related to the same scope works in the one common manner. Preciously in Rails if `where` was finding just one record we got a single object and if more than one then we got an array. That was confusing. `all` is also confusing.

@pixeltrix 

> If for some reason you need to run the query before rendering you're going to be littering your controller with #to_a.

Previously that was `.all`, now it will `.to_a` there is no regression here.

> after this commit there's no difference between Post.where(:foo => 'bar') and Post.where(:foo => 'bar').all

And what's the problem?

@henning-koch 

> How will this ""not break existing code""?

I do believe this can break the code only in one situation:

``` ruby
puts ""Mu-Ha-Ha"" if Post.all.is_a? Array
```
",2012-08-08T12:49:50Z,2012-08-08T12:54:27Z
1536009,1,"Do it!""",2012-07-03 12:00:24,tenderlove,rails,rails,ada571bfcdbad669ae43a4dd18277ef227680a0b,tenderlove,3124,"Do it!
",2012-07-04T00:00:24Z,2012-07-04T00:00:24Z
1488924,0,"Just out of curiosity, why not define the `to_s` method directly instead of this alias?""",2012-06-21 07:38:05,andmej,rails,rails,188cc90af9b29d5520564af7bd7bbcdc647953ca,mejibyte,9726,"Just out of curiosity, why not define the `to_s` method directly instead of this alias?
",2012-06-21T19:38:05Z,2012-06-21T19:38:05Z
1483802,0,"This test got failed with Oracle adapter. Oracle database handles equally NULL and empty string ( I know it's not an standard but it is what it is.)""",2012-06-20 07:38:01,yahonda,rails,rails,b9ec47da00e7f5e159ff130441585c3b42e41849,yahonda,73684,"This test got failed with Oracle adapter. Oracle database handles equally NULL and empty string ( I know it's not an standard but it is what it is.)
",2012-06-20T19:38:01Z,2012-06-20T19:38:01Z
1472447,0,"I think it should be either `has been removed` or `was removed`. Also, wdyt about adding the commit examples to the changelog?""",2012-06-18 07:50:23,carlosantoniodasilva,rails,rails,7fe0f27e2b97a2f175b31b97d14f92473688f66a,carlosantoniodasilva,26328,"I think it should be either `has been removed` or `was removed`. Also, wdyt about adding the commit examples to the changelog?
",2012-06-18T19:50:23Z,2012-06-18T19:50:23Z
1468978,0,"Shouldn't this be also changed in 3-2-stable, from 3.2 to 4.0?""",2012-06-17 16:06:20,spastorino,rails,rails,824733612eaa408f699c5c78018d72f49c34a061,spastorino,52642,"Shouldn't this be also changed in 3-2-stable, from 3.2 to 4.0?
",2012-06-18T04:06:20Z,2012-06-18T04:06:20Z
1400348,0,"If rake is always being required, shouldn't this line be changed to just read:      extend Rake::DSL""",2012-05-31 06:41:55,mhuggins,rails,rails,51af1e25789728248078db6b17989b252ac2e53c,mhuggins,169093,"If rake is always being required, shouldn't this line be changed to just read:

```
extend Rake::DSL
```
",2012-05-31T18:41:55Z,2012-05-31T18:41:55Z
1266357,0,"@heldopslippers Very little of what's in Rails is """"that hard to create"""". That's not the metric by which we gauge progress. Rails is progress by a thousand improvements.""",2012-04-27 01:29:49,dhh,rails,rails,adff4a706a5d7ad18ef05303461e1a0d848bd662,dhh,2741,"@heldopslippers Very little of what's in Rails is ""that hard to create"". That's not the metric by which we gauge progress. Rails is progress by a thousand improvements.
",2012-04-27T13:29:49Z,2012-04-27T13:29:49Z
1266457,1,"This is great. Shipping Rails with a queue API is going to help a lot of newbs make better design choices that their apps can grow more gracefully with.""",2012-04-27 01:55:21,lukemelia,rails,rails,adff4a706a5d7ad18ef05303461e1a0d848bd662,lukemelia,353,"This is great. Shipping Rails with a queue API is going to help a lot of newbs make better design choices that their apps can grow more gracefully with.
",2012-04-27T13:55:21Z,2012-04-27T13:55:21Z
1267662,0,"Rails is a collection of opinions for the correct way to construct an application. I don't see it as outside the scope of Rails at all to have an opinion on how to implement background processes. Convention (an opinion in Rails) over configuration (install""",2012-04-27 05:43:06,sdball,rails,rails,adff4a706a5d7ad18ef05303461e1a0d848bd662,sdball,45837,"Rails is a collection of opinions for the correct way to construct an application. I don't see it as outside the scope of Rails at all to have an opinion on how to implement background processes. Convention (an opinion in Rails) over configuration (installing a gem).
",2012-04-27T17:43:06Z,2012-04-27T17:43:06Z
1267968,0,"Just thinking - how about `call` instead of `run` to allow lambdas?""",2012-04-27 07:07:31,mfilej,rails,rails,adff4a706a5d7ad18ef05303461e1a0d848bd662,mfilej,3621,"Just thinking - how about `call` instead of `run` to allow lambdas?
",2012-04-27T19:07:31Z,2012-04-27T19:07:31Z
1268086,1,"This is great. API's for the win.  I hope we start seeing this trend more and more, rails providing the interfaces, and devs dropping in the implementations based on whatever requirements they have. Can't install Redis in your stack? use delayed job. nee""",2012-04-27 07:43:11,taelor,rails,rails,adff4a706a5d7ad18ef05303461e1a0d848bd662,taelor,20238,"This is great. API's for the win.

I hope we start seeing this trend more and more, rails providing the interfaces, and devs dropping in the implementations based on whatever requirements they have. Can't install Redis in your stack? use delayed job. need more control? roll your own. wanna experiment with jRuby and Torqebox, go for it.

But the good thing is, none of your main code has to change, the only thing you had to change is the back end implementation.
",2012-04-27T19:43:11Z,2012-04-27T19:43:11Z
1268121,1,"+1 @josevalim good points.""",2012-04-27 07:54:59,idontusegithub,rails,rails,adff4a706a5d7ad18ef05303461e1a0d848bd662,idontusegithub,1641197,"+1 @josevalim good points.
",2012-04-27T19:54:59Z,2012-04-27T19:54:59Z
1269946,1,"Will this also do scheduling?  If it could monitor loads then prioritise queues based on that would be pretty awesome.""",2012-04-28 03:33:03,jlebrech,rails,rails,adff4a706a5d7ad18ef05303461e1a0d848bd662,jlebrech,112134,"Will this also do scheduling?

If it could monitor loads then prioritise queues based on that would be pretty awesome.
",2012-04-28T15:33:03Z,2012-04-28T15:33:03Z
1129740,2,"-1   I prefer the code that was reverted, agree with @tarcieri """,2012-03-25 15:53:22,schneems,rails,rails,3756a3fdfe8d339a53bf347487342f93fd9e1edb,schneems,59744,"-1 

I prefer the code that was reverted, agree with @tarcieri 
",2012-03-26T03:53:22Z,2012-03-26T03:53:22Z
1141317,0,"For what it's worth, I retract my comment re downcase.include? vs regexp: I had erroneously assumed that a regexp was significantly costlier (both in object allocation and speed), and that regexps in Ruby were discouraged unless necessary for readability r""",2012-03-27 18:09:12,mipearson,rails,rails,3756a3fdfe8d339a53bf347487342f93fd9e1edb,mipearson,97317,"For what it's worth, I retract my comment re downcase.include? vs regexp: I had erroneously assumed that a regexp was significantly costlier (both in object allocation and speed), and that regexps in Ruby were discouraged unless necessary for readability reasons.
",2012-03-28T06:09:12Z,2012-03-28T06:09:12Z
1124610,1,"unique... :)""",2012-03-23 05:39:28,miclovich,rails,rails,86cd1b1d4669a383881aec746cda425d515f16ac,miclovich,122275,"unique... :)
",2012-03-23T16:39:28Z,2012-03-23T16:39:28Z
1119406,1,"ok! :)""",2012-03-22 04:29:50,sobrinho,rails,rails,fd68bd23b602ef2a7b038b66e787604df9192c6d,sobrinho,26460,"ok! :)
",2012-03-22T15:29:50Z,2012-03-22T15:29:50Z
1040459,1,"@holman Pretty fast response for a Sunday morning. Do you mind sharing some details of the patch? Was it Rails related? """,2012-03-04 07:07:08,filipeamoreira,rails,rails,b83965785db1eec019edf1fc272b1aa393e6dc57,filipeamoreira,8424,"@holman Pretty fast response for a Sunday morning. Do you mind sharing some details of the patch? Was it Rails related? 
",2012-03-04T18:07:08Z,2012-03-04T18:07:08Z
1040549,0,"I was wondering when this would descend into memes.""",2012-03-04 07:51:36,chjj,rails,rails,b83965785db1eec019edf1fc272b1aa393e6dc57,chjj,470564,"I was wondering when this would descend into memes.
",2012-03-04T18:51:36Z,2012-03-04T18:51:36Z
1043658,1,"I hereby associate myself with this epic commit thread.""",2012-03-05 05:16:27,mattcaldwell,rails,rails,b83965785db1eec019edf1fc272b1aa393e6dc57,madirey,611653,"I hereby associate myself with this epic commit thread.
",2012-03-05T16:16:27Z,2012-03-05T16:16:38Z
999429,1,"@rafaelfranca ah, thanks. I can see one broken test on my machine (railties/test/application/initializers/frameworks_test.rb:160) but I couldn't reproduce the one broken on travis-ci (railties/test/application/route_inspect_test.rb:72).  I'm running ruby""",2012-02-22 19:34:45,dlee,rails,rails,cdc1885d4198e1af8f3d15c4433fd19e2aa3e493,dlee,7035,"@rafaelfranca ah, thanks. I can see one broken test on my machine (railties/test/application/initializers/frameworks_test.rb:160) but I couldn't reproduce the one broken on travis-ci (railties/test/application/route_inspect_test.rb:72).

I'm running ruby-1.9.3p0 like travis-ci, and ran `bundle exec rake test` in both `/` and `/railties/` so I'm not sure what's going on. Do you have any clues?
",2012-02-23T06:34:45Z,2012-02-23T06:34:45Z
1004164,1,"@rafaelfranca Spot on. Thanks for the tip!""",2012-02-23 09:03:19,dlee,rails,rails,cdc1885d4198e1af8f3d15c4433fd19e2aa3e493,dlee,7035,"@rafaelfranca Spot on. Thanks for the tip!
",2012-02-23T20:03:19Z,2012-02-23T20:03:19Z
2659248,0,"@tenderlove @lucascaton I've just reverted this commit. Look for an explanation here https://github.com/rails/rails/commit/6871bd9818a9a7d9d8c7e21e253d64c0410fde1d""",2013-02-20 06:57:28,spastorino,rails,rails,bb842e8d2111e50b21a14b8bd6d89371a4b9cd68,spastorino,52642,"@tenderlove @lucascaton I've just reverted this commit. Look for an explanation here https://github.com/rails/rails/commit/6871bd9818a9a7d9d8c7e21e253d64c0410fde1d
",2013-02-20T17:57:28Z,2013-02-20T17:57:28Z
852049,0,"Fixed at https://github.com/lifo/docrails/commit/274607708c010a18d1d6a4fe1df1c04c88130158""",2012-01-09 18:10:54,rafaelfranca,rails,rails,5b9708840f4cc1d5414c64be43c5fc6b51d4ecbf,rafaelfranca,47848,"Fixed at https://github.com/lifo/docrails/commit/274607708c010a18d1d6a4fe1df1c04c88130158
",2012-01-10T05:10:54Z,2012-01-10T05:10:54Z
826470,0,"@jonleighton yes yes yes.  Plus one million.  Please put this in 3-2-stable, we need to deal with #950 before Rails 4.0.""",2011-12-29 05:05:27,tenderlove,rails,rails,c99d507fccca2e9e4d12e49b4387e007c5481ae9,tenderlove,3124,"@jonleighton yes yes yes.  Plus one million.  Please put this in 3-2-stable, we need to deal with #950 before Rails 4.0.
",2011-12-29T16:05:27Z,2011-12-29T16:05:27Z
850710,1,"@tenderlove cool, I will backport it today""",2012-01-09 08:49:09,drogus,rails,rails,618cb4429191290b957391c314a55b4d59f381f3,drogus,5004,"@tenderlove cool, I will backport it today
",2012-01-09T19:49:09Z,2012-01-09T19:49:09Z
851959,1,"@drogus thanks for working on this!""",2012-01-09 17:00:16,trevor,rails,rails,618cb4429191290b957391c314a55b4d59f381f3,trevor,5945,"@drogus thanks for working on this!
",2012-01-10T04:00:16Z,2012-01-10T04:00:16Z
781567,1,"Wow!  Before:      real 8m54.220s     user 7m18.483s     sys 0m50.399s  After:      real 7m46.224s     user 6m13.979s     sys 0m44.507s""",2011-12-08 23:30:51,exviva,rails,rails,d1abf29e796a86cbac315da217f3fe7addb88106,exviva,80070,"Wow!

Before:

```
real    8m54.220s
user    7m18.483s
sys 0m50.399s
```

After:

```
real    7m46.224s
user    6m13.979s
sys 0m44.507s
```
",2011-12-09T10:30:51Z,2011-12-09T10:30:51Z
2405243,0,"Looks like a typo was introduced here.  Probably not a big deal, though.""",2013-01-08 21:47:49,tehgeekmeister,rails,rails,71e84a3b514b6a2630dfd7f658f4e7597424d6e3,heartpunk,114833,"Looks like a typo was introduced here.  Probably not a big deal, though.
",2013-01-09T08:47:49Z,2013-01-09T08:47:49Z
578167,0,"My main argument is consistency. At least, I would then remove first_or_new from the API, the alias does not add anything.""",2011-09-08 10:53:53,josevalim,rails,rails,cbf1dc78429bcceb9e90a3ff3159eafd8af5c711,josevalim,9582,"My main argument is consistency. At least, I would then remove first_or_new from the API, the alias does not add anything.
",2011-09-08T22:53:53Z,2011-09-08T22:53:53Z
578202,0,"I am with José.  On one hand you have consistency with existing API, and find_or_initialize has been around since the invention of fire.  On the other hand I don't think we need to assume """"initialize"""" means a method name there. I've always interpreted """"fin""",2011-09-08 11:20:26,fxn,rails,rails,cbf1dc78429bcceb9e90a3ff3159eafd8af5c711,fxn,3387,"I am with José.

On one hand you have consistency with existing API, and find_or_initialize has been around since the invention of fire.

On the other hand I don't think we need to assume ""initialize"" means a method name there. I've always interpreted ""find_or_initialize"" as ""find or initialize an object for me with these attributes"", in an informal sense of the word ""initialize"".

Also, in my opinion it reads better.
",2011-09-08T23:20:26Z,2011-09-08T23:20:26Z
431372,0,"Should not these be handy in Date as well?""",2011-06-14 22:59:37,daeltar,rails,rails,d6cc0e56bdf1d657f16e5c4026f53d0a4e2dd37e,lukaskonarovsky,9624,"Should not these be handy in Date as well?
",2011-06-15T10:59:37Z,2011-06-15T10:59:37Z
395094,1,"@fxn I just tried out using ack and it did search through the textile files. @joshk: Check out Active Support Core Extensions Guide! :)""",2011-05-23 02:38:09,vijaydev,rails,rails,eff5d9aed468e8d6c4ffb103dad8e99b0a65465d,vijaydev,146214,"@fxn I just tried out using ack and it did search through the textile files. @joshk: Check out Active Support Core Extensions Guide! :)
",2011-05-23T14:38:09Z,2011-05-23T14:38:09Z
425507,0,"Isn't this terribly inefficient? You're essentially loading and instantiating all the records to return just one? """,2011-06-10 09:16:57,tekin,rails,rails,92c10760d7f5e1d308e492d5fd3d551df41bfabb,tekin,3687,"Isn't this terribly inefficient? You're essentially loading and instantiating all the records to return just one? 
",2011-06-10T21:16:57Z,2011-06-10T21:16:57Z
369434,1,"Not in the Gemfile.lock in branch chapter_7. :)""",2011-05-04 10:01:28,josevalim,rails,rails,951e18abea9c116fc5d6b330ca1dcd2890abe006,josevalim,9582,"Not in the Gemfile.lock in branch chapter_7. :)
",2011-05-04T22:01:28Z,2011-05-04T22:01:28Z
345778,0,"@josevalim: Great, well as great as _being stuck on 1.8.7_ can be.""",2011-04-16 08:21:09,fd,rails,rails,e30ca001efa861cc13259ca8287837174b24e679,fd,591,"@josevalim: Great, well as great as _being stuck on 1.8.7_ can be.
",2011-04-16T20:21:09Z,2011-04-16T20:21:09Z
340724,0,"(BTW, the application.js file is no longer shipping with .coffee added for the simple reason that it'll have no code. But if coffee is available, we'll be generating JS stubs for new controllers (like helpers) with the coffee extension on).""",2011-04-13 04:17:10,dhh,rails,rails,23aa7dacb559a8e2c578b641d615f7fb8cd7b900,dhh,2741,"(BTW, the application.js file is no longer shipping with .coffee added for the simple reason that it'll have no code. But if coffee is available, we'll be generating JS stubs for new controllers (like helpers) with the coffee extension on).
",2011-04-13T16:17:10Z,2011-04-13T16:17:10Z
340737,1,"@dhh I see your vision in taking web apps to the next level with new things like CoffeeScript and more JS heavy front-ends. It is very cool, and creating conventions / showing people solutions is a great idea to get the masses producing modern web apps. Bu""",2011-04-13 04:21:33,pkieltyka,rails,rails,9f09aeb8273177fc2d09ebdafcc76ee8eb56fe33,pkieltyka,18831,"@dhh I see your vision in taking web apps to the next level with new things like CoffeeScript and more JS heavy front-ends. It is very cool, and creating conventions / showing people solutions is a great idea to get the masses producing modern web apps. But, in my case, I'm not sold on any given pattern yet, in my case I prefer a JSON API (in Rails) with backbone.js. Obviously this can still be done, but I'd still consider the pattern to be influx.
",2011-04-13T16:21:33Z,2011-04-13T16:21:33Z
340865,2,"@nestlequ1k it's not appropriate for real software. Try this with C, and take a look at how many people will laugh at you. Frankly I don't us Rails anyway, but I thought it was funny that you guys cant/dont just write regular js""",2011-04-13 05:14:49,visionmedia,rails,rails,9f09aeb8273177fc2d09ebdafcc76ee8eb56fe33,tj,25254,"@nestlequ1k it's not appropriate for real software. Try this with C, and take a look at how many people will laugh at you. Frankly I don't us Rails anyway, but I thought it was funny that you guys cant/dont just write regular js
",2011-04-13T17:14:49Z,2011-04-13T17:14:49Z
341971,0,"But, hum, coffee-script is written in javascript, so, how can it generate .js from .coffee files without having a javascript compiler like node.js installed (and, don't tell me that we send everything to the browser and let it deal with the whole thing)""",2011-04-13 18:38:16,mat813,rails,rails,9f09aeb8273177fc2d09ebdafcc76ee8eb56fe33,mat813,75783,"But, hum, coffee-script is written in javascript, so, how can it generate .js from .coffee files without having a javascript compiler like node.js installed (and, don't tell me that we send everything to the browser and let it deal with the whole thing)
",2011-04-14T06:38:16Z,2011-04-14T06:38:16Z
344568,2,"![](http://images1.memegenerator.net/ImageMacro/7266902/EVERYONE-STFU-GET-BUSY-WORKING-OR-GTFO.jpg?imageSize=Medium&generatorName=Scumbag-Steve)  You don't HAVE to use coffeescript. I see a bigger waste of time bitching about it. I also see people bitch""",2011-04-15 04:28:07,justbaker,rails,rails,9f09aeb8273177fc2d09ebdafcc76ee8eb56fe33,slayyyyer,97520,"![](http://images1.memegenerator.net/ImageMacro/7266902/EVERYONE-STFU-GET-BUSY-WORKING-OR-GTFO.jpg?imageSize=Medium&generatorName=Scumbag-Steve)

You don't HAVE to use coffeescript. I see a bigger waste of time bitching about it.
I also see people bitching who don't even use rails.
@visionmedia Why are you even here? You add nothing to the discussion. You even said you don't use Rails. You just have shit to talk about the people here who like coffeescript.
Obviously it is not a toy. Toys have maybe one use; Coffeescript has practical applications everywhere.
I can write pure js, I can also write coffeescript. Coffescript is easier and faster for a programmer to code with. Why would you want to make your own job easier? Why don't you go ahead and use Brainfuck? 
Newb's troll, and you sir, are trolling.
",2011-04-15T16:28:07Z,2011-04-15T16:28:07Z
337935,0,"Updated AS guide to include this new methods: https://github.com/lifo/docrails/commit/7a1189a2c75b16f86a11c1d2379c50b11a7a2d66""",2011-04-11 11:11:26,smartinez87,rails,rails,635d991683c439da56fa72853880e88e6ac291ed,smartinez87,83449,"Updated AS guide to include this new methods: https://github.com/lifo/docrails/commit/7a1189a2c75b16f86a11c1d2379c50b11a7a2d66
",2011-04-11T23:11:26Z,2011-04-11T23:11:26Z
899693,0," i don't get it, why do you override DateTime#to_time?       DateTime.now => #<DateTime: 2012-01-25T11:33:21+01:00 ((2455952j,38001s,996469000n),+3600s,2299161j)>        DateTime.now.to_time => 2012-01-25 11:33:25 +0100   looks like offsets are allrig""",2012-01-24 23:48:50,carlhoerberg,rails,rails,bf0395837fc735bf98daed23f475b267e48c1118,carlhoerberg,180046," i don't get it, why do you override DateTime#to_time?

```
 DateTime.now => #<DateTime: 2012-01-25T11:33:21+01:00 ((2455952j,38001s,996469000n),+3600s,2299161j)>  
 DateTime.now.to_time => 2012-01-25 11:33:25 +0100 
```

looks like offsets are allright? 

ruby 1.9.3p0
",2012-01-25T10:48:50Z,2012-01-25T10:48:50Z
194572,0,"He explains his reasoning clearly enough in the commit message. This is an optimization. It also avoids creating a block.""",2010-11-15 12:30:24,stephencelis,rails,rails,e4591489d13a27e2f905988be02a7d48fb7a0664,stephencelis,658,"He explains his reasoning clearly enough in the commit message. This is an optimization. It also avoids creating a block.
",2010-11-15T23:30:24Z,2010-11-15T23:30:24Z
190425,1,"hehe yeah I first asked to myself, why we have to ask for defined? and not just initialize the value in the initializer. I started to delete that stuff and when I saw the initialize method I realize about the typo :).""",2010-11-10 05:56:37,spastorino,rails,rails,75dfd95618310a9522a73d8126b35351c8189042,spastorino,52642,"hehe yeah I first asked to myself, why we have to ask for defined? and not just initialize the value in the initializer. I started to delete that stuff and when I saw the initialize method I realize about the typo :).
",2010-11-10T16:56:37Z,2010-11-10T16:56:37Z
190462,1,"Hahaha.  I mean, I don't care.  ;-)  It seems like readability is most important in this case.  But I don't care either way.  I prefer method definitions that look like this:      def foo bar, baz       ....     end  So obviously my aesthetics are """,2010-11-10 06:25:57,tenderlove,rails,rails,994a1c2a4747efcca3c6278c119096d93f793da1,tenderlove,3124,"Hahaha.  I mean, I don't care.  ;-)

It seems like readability is most important in this case.  But I don't care either way.  I prefer method definitions that look like this:

```
def foo bar, baz
  ....
end
```

So obviously my aesthetics are unimportant.  ;-)
",2010-11-10T17:25:57Z,2010-11-10T17:25:57Z
191262,1,"Hehehe seems like we love this kind of discussions :P. I like it :). Xavier you're right in general terms, but this particular case of any? and all? makes them opposite.""",2010-11-11 02:33:20,spastorino,rails,rails,994a1c2a4747efcca3c6278c119096d93f793da1,spastorino,52642,"Hehehe seems like we love this kind of discussions :P. I like it :).
Xavier you're right in general terms, but this particular case of any? and all? makes them opposite.
",2010-11-11T13:33:20Z,2010-11-11T13:33:20Z
158369,1,"typo here :)""",2010-09-29 05:32:20,masterkain,rails,rails,14f9904e0fc6d8a1e5627ac64c4b5b14e95177c5,masterkain,12844,"typo here :)
",2010-09-29T17:32:20Z,2010-09-29T17:32:20Z
155148,1,"finally getting somewhere""",2010-09-25 04:15:13,salesking,rails,rails,51f1f550dab47c6ec3dcdba7b153258e2a0feb69,salesking,123604,"finally getting somewhere
",2010-09-25T16:15:13Z,2010-09-25T16:15:13Z
150592,1,"Hey thanks to everyone. @fj of course i've added a test take a look again, this file actionpack/test/template/form_helper_test.rb has one more test.""",2010-09-19 17:40:03,spastorino,rails,rails,b17b980a15ee4a5f2f629d91c6fa6ca7db74daa8,spastorino,52642,"Hey thanks to everyone.
@fj of course i've added a test take a look again, this file actionpack/test/template/form_helper_test.rb has one more test.
",2010-09-20T05:40:03Z,2010-09-20T05:40:24Z
121999,0,"Ya, I think it's dealt with when the sql AST is built.  I don't know exactly where though.""",2010-08-03 06:02:24,tenderlove,rails,rails,41c1aa607dc9633c05e7946b7d2cf6f5c6954317,tenderlove,3124,"Ya, I think it's dealt with when the sql AST is built.  I don't know exactly where though.
",2010-08-03T18:02:24Z,2010-08-03T18:02:24Z
118421,0,"I agree with drogus. Seeing something specific to IE here seems fine to me.""",2010-07-27 23:25:00,dmathieu,rails,rails,123eb25fd12c5a5ec63e18082dcdda6318bc942e,dmathieu,9347,"I agree with drogus. Seeing something specific to IE here seems fine to me.
",2010-07-28T11:25:00Z,2010-07-28T11:25:00Z
122303,0,"Sorry for my english i mean the commented code here is an example and it's better to go to a guide or on the documentation of the gems or plugins that are trying to modify the default behavior""",2010-08-03 13:29:29,spastorino,rails,rails,6ce761c8d98dafca0baeb298c10dd1fef5e4224f,spastorino,52642,"Sorry for my english i mean the commented code here is an example and it's better to go to a guide or on the documentation of the gems or plugins that are trying to modify the default behavior
",2010-08-04T01:29:29Z,2010-08-04T01:29:29Z
128456,0,"Guys gems/plugins do this things for youm check for instance rspec 2.0.0.beta.19. You shouldn't change this by hand. Please refer to gems/plugins documentation and feel free to add/change the guidelines they are in http://github.com/lifo/docrails and you a""",2010-08-13 18:43:02,spastorino,rails,rails,6ce761c8d98dafca0baeb298c10dd1fef5e4224f,spastorino,52642,"Guys gems/plugins do this things for youm check for instance rspec 2.0.0.beta.19. You shouldn't change this by hand. Please refer to gems/plugins documentation and feel free to add/change the guidelines they are in http://github.com/lifo/docrails and you are free to change it ;). Sorry for the delay in the answer i was out.
",2010-08-14T06:43:02Z,2010-08-14T06:43:02Z
3515339,0,"@carlosantoniodasilva I'm not sure how we handle the guides. Is `guides.rubyonrails.org` pointing to `4-0-stable`?""",2013-06-26 17:18:07,senny,rails,rails,577fad19089a370b3ab8fabb6fb744d2d7c0ff1c,senny,5402,"@carlosantoniodasilva I'm not sure how we handle the guides. Is `guides.rubyonrails.org` pointing to `4-0-stable`?
",2013-06-27T05:18:07Z,2013-06-27T05:18:07Z
102301,0,"Try $ gem install bundler --pre  instead of update""",2010-07-01 07:57:00,albus522,rails,rails,d7c1057652cfc971bb35ef09b0b1560fcd28ed70,albus522,7812,"Try
$ gem install bundler --pre

instead of update
",2010-07-01T19:57:00Z,2010-07-01T19:57:36Z
99032,1,"Any performance info available? i.e. did it speed up development mode a further 50% ? :-D""",2010-06-24 07:45:53,KieranP,rails,rails,4b5f417e63e4cdd7fd6837c10ebaa9dd4860f55e,KieranP,16620,"Any performance info available? i.e. did it speed up development mode a further 50% ? :-D
",2010-06-24T19:45:53Z,2010-06-24T19:45:53Z
92799,0,"Is there an effort to get away from string#constantize  in favor of Inflector.constantize ?""",2010-06-11 07:54:01,neerajdotname,rails,rails,ed61c3b64012f4e17eb25d42d5b962e13c69b47a,neerajsingh0101,6399,"Is there an effort to get away from string#constantize  in favor of Inflector.constantize ?
",2010-06-11T19:54:01Z,2010-06-11T19:54:01Z
76035,0,"FYI - this breaks rspec-rails' monkey patch of AC::TC, so rspec-rails-2.0.0.beta.8 does not support rails from this commit forward. I just addressed this in rspec-rails, and will try to get an rspec-rails beta 9 out soon.  http://github.com/rspec/rspec-rai""",2010-05-07 00:17:03,dchelimsky,rails,rails,731d4392e478ff5526b595074d9caa999da8bd0c,dchelimsky,1075,"FYI - this breaks rspec-rails' monkey patch of AC::TC, so rspec-rails-2.0.0.beta.8 does not support rails from this commit forward. I just addressed this in rspec-rails, and will try to get an rspec-rails beta 9 out soon.

http://github.com/rspec/rspec-rails/commit/ccb61c5868e5670ecb9af50264407dd02226c7ab
",2010-05-07T12:17:03Z,2010-05-07T12:17:03Z
71238,2,"A number of any kind is definitly not a string! to_f would make more sence to me""",2010-04-27 02:43:40,schorsch,rails,rails,c1d73270717f30498f8f4d55d6695509107c2834,schorsch,13575,"A number of any kind is definitly not a string!
to_f would make more sence to me
",2010-04-27T14:43:40Z,2010-04-27T14:43:40Z
64585,0,"That assumes that it's a module, which may not be the case, right?""",2010-04-09 17:24:43,nate,rails,rails,ac0280c39dab272710c25d54810b21c10fff9c52,corasaurus-hex,130,"That assumes that it's a module, which may not be the case, right?
",2010-04-10T05:24:43Z,2010-04-10T05:24:43Z
59857,0,"You should probably update this line too...""",2010-03-29 11:10:13,nertzy,rails,rails,02ab7890bfe87fbd5fd3b3fba04dca9bf22255c9,nertzy,2488,"You should probably update this line too...
",2010-03-29T23:10:13Z,2010-03-29T23:10:13Z
53115,0,"KieranP, using self.default_url_options at the *controller class* level remains the same, so yes.""",2010-03-05 17:28:02,jeremy,rails,rails,a82cf0a9327d85f5787427e1d06d0ae374b11103,jeremy,199,"KieranP, using self.default_url_options at the _controller class_ level remains the same, so yes.
",2010-03-06T04:28:02Z,2010-03-06T04:28:02Z
74195,1,"Nice!""",2010-05-03 22:58:27,anildigital,rails,rails,8f97e9d19abf02b33c5f7c0c1f1d5daf13e28893,anildigital,266,"Nice!
",2010-05-04T10:58:27Z,2010-05-04T10:58:27Z
48933,0,"I thought I had a test that asserted just the opposite. """"after initialize"""" should be like it says *after*, not before middleware initializers run.""",2010-02-18 06:59:59,josh,rails,rails,a5684dfa3c16472bfa5d5d861ba78cb6dbadcb59,josh,137,"I thought I had a test that asserted just the opposite. ""after initialize"" should be like it says _after_, not before middleware initializers run.
",2010-02-18T17:59:59Z,2010-02-18T17:59:59Z
45461,1,"Thanks for this fix. Its definitely better than the actual way. """,2010-02-03 05:27:23,alanandrade,rails,rails,d236827881d119fb9ad25c81ce8e7756f1966823,alan-andrade,97609,"Thanks for this fix. Its definitely better than the actual way. 
",2010-02-03T16:27:23Z,2010-02-03T16:27:23Z
44930,1,"This is a milestone in the Rails' history ROFL""",2010-02-01 04:46:55,valo,rails,rails,2ebea1c02d10e0fea26bd98d297a8f4d41dc1aff,valo,47639,"This is a milestone in the Rails' history ROFL
",2010-02-01T15:46:55Z,2010-02-01T15:46:55Z
41371,1,"Thanks, I will fix it. :)""",2010-01-08 12:12:38,josevalim,rails,rails,7045c4c279499eb7340fb420398d613497739eef,josevalim,9582,"Thanks, I will fix it. :)
",2010-01-08T23:12:38Z,2010-01-08T23:12:38Z
40292,0,"I'm probably using the wrong terminology, but by """"plugin"""" I mean any rails extension (in gems or whatever). So, what you ask for is possible on master right now. See activerecord/lib/active_record/rails.rb""",2009-12-29 10:24:59,carllerche,rails,rails,c02f2782631a1893e2e880e3ccc65fb9a734567a,carllerche,6180,"I'm probably using the wrong terminology, but by ""plugin"" I mean any rails extension (in gems or whatever). So, what you ask for is possible on master right now. See activerecord/lib/active_record/rails.rb
",2009-12-29T21:24:59Z,2009-12-29T21:24:59Z
38875,0,"dubek,  One of the major things that makes Ruby cool is readability, and the addition of Enumerable#exclude? certainly makes for more readability, and it does something we need all the time.""",2009-12-16 05:23:35,dtrasbo,rails,rails,7b61541ea53c309847753d5553baa2eed9cc6282,dtrasbo,111577,"dubek,

One of the major things that makes Ruby cool is readability, and the addition of Enumerable#exclude? certainly makes for more readability, and it does something we need all the time.
",2009-12-16T16:23:35Z,2009-12-16T16:23:35Z
30587,0,"@alloy Good call. You can create a patch if you want.  But this is kind of temporary/experimental direction. We want to be more friendly about namespacing your application so multiple rails apps can exist in the same space.""",2009-09-28 08:10:25,josh,rails,rails,85e0a6cd7df2081c5578fe4b563f26d1cc791b6b,josh,137,"@alloy Good call. You can create a patch if you want.

But this is kind of temporary/experimental direction. We want to be more friendly about namespacing your application so multiple rails apps can exist in the same space.
",2009-09-28T20:10:25Z,2009-09-28T20:10:25Z
23985,1,"Great !""",2009-06-18 03:39:25,slainer68,rails,rails,5267addd4f986c89df3d31f35e046abc3b1fbe26,nicolasblanco,12682,"Great !
",2009-06-18T15:39:25Z,2009-06-18T15:39:25Z
691119,0,"I was working with some integration testing in Rails 3.1.1, invoking the ```post``` method on ActionDispatch::Integration::RequestHelpers, when I found that my headers were never making it to the endpoint under test. The method is declared as ```def post(p""",2011-11-02 07:42:19,aiwilliams,rails,rails,4a6f4b92ad2f48dc7906d223fe4708d36624bd50,aiwilliams,2571,"I was working with some integration testing in Rails 3.1.1, invoking the `post` method on ActionDispatch::Integration::RequestHelpers, when I found that my headers were never making it to the endpoint under test. The method is declared as `def post(path, parameters = nil, headers = nil)`, and the documentation for `get` declares:

```
+headers+: Additional HTTP headers to pass, as a Hash. The keys will
automatically be upcased, with the prefix 'HTTP_' added if needed.
```

I've traced the problem all the way back to this commit. That is, it's a problem only in that the documentation is not correct, and the `headers` are in fact the `rack_environment` in the actual `process` method.

Am I mistaken?
",2011-11-02T18:42:19Z,2011-11-02T18:42:19Z
21257,0,"It ate it again... here's the comment inside a pastie: http://pastie.org/475402""",2009-05-11 21:02:54,melvinram,rails,rails,e1854e0b199fba352ddcaa58a3af168e8cc70e3a,melvinram,10756,"It ate it again... here's the comment inside a pastie: http://pastie.org/475402
",2009-05-12T09:02:54Z,2009-05-12T09:02:54Z
32481,1,"This is cool. Now really cool would be this:  script/generate scaffold MyModule::MyModel --seed or  script/generate scaffold MyModule::MyModel --seed  creates the file:  ..\db\seeds\my_module\my_model.rb  and then the command  rake db:seed Modu""",2009-10-19 05:58:58,fosrias,rails,rails,4932f7b38f72104819022abca0c952ba6f9888cb,fosrias,73336,"This is cool. Now really cool would be this:

script/generate scaffold MyModule::MyModel --seed
or 
script/generate scaffold MyModule::MyModel --seed

creates the file:

..\db\seeds\my_module\my_model.rb

and then the command

rake db:seed Module::model 

only runs the model seed file and 

rake db:seed 

runs all the seed files.

Then you've nailed the functionality.
",2009-10-19T17:58:58Z,2009-10-19T17:58:58Z
19363,0,"+1 for for 2.3""",2009-04-20 00:51:20,ultrasaurus,rails,rails,256b0ee8e3c1610967dfc89f864e24b98ed3c236,ultrasaurus,41906,"+1 for for 2.3
",2009-04-20T12:51:20Z,2009-04-20T12:51:20Z
19364,0,"Just saw binary42's response.  There reason to backport it, is that new code is still being written for Rails and this is a stumbling block when you want to make requests from Ajax, desktop client, or Flash.  I don't see this as a policy change, so much as""",2009-04-20 00:53:52,ultrasaurus,rails,rails,256b0ee8e3c1610967dfc89f864e24b98ed3c236,ultrasaurus,41906,"Just saw binary42's response.  There reason to backport it, is that new code is still being written for Rails and this is a stumbling block when you want to make requests from Ajax, desktop client, or Flash.  I don't see this as a policy change, so much as a bug fix.  (But I'm new to Rails, maybe I'm missing something)
",2009-04-20T12:53:52Z,2009-04-20T12:53:52Z
12601,0,"The semantics of this method are very specific and won't work with the all? block. The enumeration *must* call #valid? on every value to force generation of all errors, then the #all? will return whether the whole set if valid.""",2009-01-22 14:45:27,pivotal,rails,rails,ccda96093a3bf3fb360f7c6d61bbbf341b2ae034,pivotal-legacy,9148,"The semantics of this method are very specific and won't work with the all? block. The enumeration _must_ call #valid? on every value to force generation of all errors, then the #all? will return whether the whole set if valid.
",2009-01-23T01:45:27Z,2009-01-23T01:45:27Z
12309,0,"This makes the test pass (as all of the query forms used by the adapters are in IGNORED_SQL), but it renders it meaningless. There's no testing of the caching!""",2009-01-19 05:21:57,al2o3cr,rails,rails,3b1cd9e525fa74c681a1bd2261881d16d5d9106d,al2o3cr,1191,"This makes the test pass (as all of the query forms used by the adapters are in IGNORED_SQL), but it renders it meaningless. There's no testing of the caching!
",2009-01-19T16:21:57Z,2009-01-19T16:21:57Z
13487,1,"i see.  too bad, the oop'ish style made it much simpler to extend and reuse things.  anyway. thanks for all your great work :)""",2009-02-01 06:28:48,svenfuchs,rails,rails,104898fcb7958bcb69ba0239d6de8aa37f2da9ba,svenfuchs,2208,"i see.

too bad, the oop'ish style made it much simpler to extend and reuse things.

anyway. thanks for all your great work :)
",2009-02-01T17:28:48Z,2009-02-01T17:28:48Z
13486,2,"Way to many caching issues, memory leaks, and other complications :(  We can always take another stab at it for 3.0.""",2009-02-01 06:26:34,josh,rails,rails,104898fcb7958bcb69ba0239d6de8aa37f2da9ba,josh,137,"Way to many caching issues, memory leaks, and other complications :(

We can always take another stab at it for 3.0.
",2009-02-01T17:26:34Z,2009-02-01T17:26:34Z
11936,0,"There are a couple of places where there are comments above the code, rather than beside.  The end result can appear to be code which has been disabled, rather than an explanation.  In particular, I think that the annotation in activerecord/lib/active_reco""",2009-01-15 06:34:13,student,rails,rails,a2270ef2594b97891994848138614657363f2806,NathanZook,31952,"There are a couple of places where there are comments above the code, rather than beside.  The end result can appear to be code which has been disabled, rather than an explanation.  In particular, I think that the annotation in activerecord/lib/active_record/base.rb needs to be annotated.
",2009-01-15T17:34:13Z,2009-01-15T17:34:13Z
10580,2,"argh - textile formatting ate my == signs... It should have been == true and == false above.""",2008-12-27 12:19:29,al2o3cr,rails,rails,6e98adfc8e19a39fa45d4acd94145d318d151964,al2o3cr,1191,"argh - textile formatting ate my == signs...
It should have been == true and == false above.
",2008-12-27T23:19:29Z,2008-12-27T23:19:29Z
10013,0,"You can't kill the metal. The metal will live on.""",2008-12-16 09:52:53,judofyr,rails,rails,8c3a54366435eebc2c8aa63b63e1349ce74a7b38,judofyr,499,"You can't kill the metal.
The metal will live on.
",2008-12-16T20:52:53Z,2008-12-16T20:52:53Z
6454,0,"Yeah, this broke plugin gem loading for me too. Case in point: BackgrounDRb wants the packet gem, which is installed in vendor/gems -- worked fine in 4f53db0, broken in 2bf58aa.""",2008-10-08 20:00:22,tomstuart,rails,rails,2bf58aa782d3b493f2d98f153324b93c5b058ba6,tomstuart,3192,"Yeah, this broke plugin gem loading for me too. Case in point: BackgrounDRb wants the packet gem, which is installed in vendor/gems -- worked fine in 4f53db0, broken in 2bf58aa.
",2008-10-09T08:00:22Z,2008-10-09T08:00:22Z
12454,0,"@atnan Prior to this patch we were not using Passenger on production, and all our applications were running under subdomains. You're right, maybe setting up this in two places can take people to confussion, in fact, a couple weeks ago on the spanish mailin""",2009-01-21 04:24:12,fesplugas,rails,rails,a87462afcb6c642e59bfcd2e11e3351e2b718c38,fesplugas,2720,"@atnan Prior to this patch we were not using Passenger on production, and all our applications were running under subdomains. You're right, maybe setting up this in two places can take people to confussion, in fact, a couple weeks ago on the spanish mailing list (ror-es) there was a thread about this issue.
",2009-01-21T15:24:12Z,2009-01-21T15:24:12Z
10740,1,"@eric You make it sound so easy :)  If you can make a patch, I'd be happy to apply it.""",2008-12-30 05:17:18,josh,rails,rails,83e29b9773ac113ceacb1e36c2f333d692de2573,josh,137,"@eric You make it sound so easy :)

If you can make a patch, I'd be happy to apply it.
",2008-12-30T16:17:18Z,2008-12-30T16:17:18Z
8155,0,"Would anyone prefer methods like caddr?""",2008-11-18 03:56:59,raganwald,rails,rails,22af62cf486721ee2e45bb720c42ac2f4121faf4,raganwald,17715,"Would anyone prefer methods like caddr?
",2008-11-18T14:56:59Z,2008-11-18T14:56:59Z
8187,0,"More pointless bloat for the docs. What's next, revamping #succ to make 'first'.next # => 'second' ?""",2008-11-18 09:52:35,brennandunn,rails,rails,22af62cf486721ee2e45bb720c42ac2f4121faf4,brennandunn,3361,"More pointless bloat for the docs. What's next, revamping #succ to make 'first'.next # => 'second' ?
",2008-11-18T20:52:35Z,2008-11-18T20:52:35Z
5466,0,"I think it was related to preloading/threadsafety. Maybe it should be a cattr_accessor instead of a const?""",2008-09-10 10:40:28,josh,rails,rails,c08547d2266c75f0a82d06dd91c6d0500740e12e,josh,137,"I think it was related to preloading/threadsafety. Maybe it should be a cattr_accessor instead of a const?
",2008-09-10T22:40:28Z,2008-09-10T22:40:28Z
35560,1,"cool""",2009-11-17 21:33:34,faceyspacey,rails,rails,f1b6e1ae614ed98362d8b86c111ed1bd73d995ef,faceyspacey,154732,"cool
",2009-11-18T08:33:34Z,2009-11-18T08:33:34Z
919,0,"Are there any other ivars I missed ?""",2008-05-06 02:16:34,lifo,rails,rails,e520fd5db7cb839b862c03647effee50f9223d98,lifo,91,"Are there any other ivars I missed ?
",2008-05-06T14:16:34Z,2008-05-06T14:16:34Z
1873,0,"If there was an edit comment feature on Github, I'd edit my comment to make it less harsh and flame-ish, sorry about that.  Now, there's plenty of textmate users around, and this change voids many textmate users habits, especially the """"run focused unit t""",2008-06-02 02:21:32,augustl,rails,rails,e8170805df1a32119db9d328daee1239b338ac71,augustl,375,"If there was an edit comment feature on Github, I'd edit my comment to make it less harsh and flame-ish, sorry about that.

Now, there's plenty of textmate users around, and this change voids many textmate users habits, especially the ""run focused unit test"" command. Or just command + r to run just that test file.

You can at least run one file explicitly via the command line, but that's very tideous compared to doing it directly from textmate.
",2008-06-02T14:21:32Z,2008-06-02T14:21:32Z
2696,0,"@leethal: The point of Rails isn't to be easy or hassle-free, it's to provide a set of useful tools with sensible defaults that reliably handle common problem cases. In other words: not easy, but 'easy within certain parameters.' The TextMate thing is frus""",2008-06-22 08:37:41,ddemaree,rails,rails,e8170805df1a32119db9d328daee1239b338ac71,ddemaree,965,"@leethal: The point of Rails isn't to be easy or hassle-free, it's to provide a set of useful tools with sensible defaults that reliably handle common problem cases. In other words: not easy, but 'easy within certain parameters.' The TextMate thing is frustrating (especially given TM's loose understanding of the words ""current"", ""working"" and ""directory""), but I don't see how having to add a 6-char flag to your ruby invocation breaks easy-ness. 

@jeremy and @NZKoz: Thanks for taking the time to explain (and re-explain) the change.
",2008-06-22T20:37:41Z,2008-06-22T20:37:41Z
5795,0,"I would say take out the province of China thing since it offends so many people. Also, the """"what about Kosovo?"""" argument, well, that's a what if, the whole point of Getting Real is very anti-what-if. Deal with that if and when it happens. Worst-case scena""",2008-09-18 09:16:12,gilesbowkett,rails,rails,3353b85b0eae76bf36ae7c2f7b6adc1863278a8e,gilesbowkett,974,"I would say take out the province of China thing since it offends so many people. Also, the ""what about Kosovo?"" argument, well, that's a what if, the whole point of Getting Real is very anti-what-if. Deal with that if and when it happens. Worst-case scenario, you build a trivial polling app.

Alternatively, dump it out to a plugin and let anybody who complains enough fork the damn thing. That way people can decide based on which fork they use, and you don't have to care.

By the way, I admit to political bias. Hong Kong movies have gone to shit since Beijing took over. The PROC are evil, almost as evil as the US govmt, and their kung fu _sucks_.
",2008-09-18T21:16:12Z,2008-09-18T21:16:12Z
2223017,1,"@jonleighton said this: https://github.com/rails/rails/pull/7418#issuecomment-9369911  I just do his bidding. ;)""",2012-11-28 11:58:08,steveklabnik,rails,rails,22df38ca3306684033039fd0bc20b1025f4f8e2a,steveklabnik,27786,"@jonleighton said this: https://github.com/rails/rails/pull/7418#issuecomment-9369911

I just do his bidding. ;)
",2012-11-28T22:58:08Z,2012-11-28T22:58:08Z
264648,0,"Sure, but data serialization is relatively low level (ie. marshal) and needed to add methods to core classes for easy access. I see file watching more as a higher level operation and not something that fits in ActiveSupport.""",2011-02-08 05:54:41,Manfred,rails,rails,1fd9d978a737d36cf7cca698f0fcbfc6fcdbed98,Manfred,1195,"Sure, but data serialization is relatively low level (ie. marshal) and needed to add methods to core classes for easy access. I see file watching more as a higher level operation and not something that fits in ActiveSupport.
",2011-02-08T16:54:41Z,2011-02-08T16:54:41Z
783765,1,"One test broken in ActiveSupport :-)""",2011-12-09 18:11:17,arunagw,rails,rails,04ef93dae6d9cec616973c1110a33894ad4ba6ed,arunagw,3948,"One test broken in ActiveSupport :-)
",2011-12-10T05:11:17Z,2011-12-10T05:11:17Z
780129,1,"Nice!!!""",2011-12-08 09:28:35,sobrinho,rails,rails,d1abf29e796a86cbac315da217f3fe7addb88106,sobrinho,26460,"Nice!!!
",2011-12-08T20:28:35Z,2011-12-08T20:28:35Z
780141,1,"Awesome. Every speed bump helps.""",2011-12-08 09:34:30,codykrieger,rails,rails,d1abf29e796a86cbac315da217f3fe7addb88106,codykrieger,131179,"Awesome. Every speed bump helps.
",2011-12-08T20:34:30Z,2011-12-08T20:34:30Z
780145,1,":+1: for speed!""",2011-12-08 09:37:22,laserlemon,rails,rails,d1abf29e796a86cbac315da217f3fe7addb88106,laserlemon,34264,":+1: for speed!
",2011-12-08T20:37:22Z,2011-12-08T20:37:22Z
780206,1,"Good stuff!""",2011-12-08 10:04:01,devboy,rails,rails,d1abf29e796a86cbac315da217f3fe7addb88106,devboy,158461,"Good stuff!
",2011-12-08T21:04:01Z,2011-12-08T21:04:01Z
780502,1,"Amazing. Well done. """,2011-12-08 12:14:09,tilsammans,rails,rails,d1abf29e796a86cbac315da217f3fe7addb88106,tilsammans,14680,"Amazing. Well done. 
",2011-12-08T23:14:09Z,2011-12-08T23:14:09Z
842658,1,"Can we revert it now on master? =)""",2012-01-05 17:15:47,carlosantoniodasilva,rails,rails,d80e4ee20e690dfc0f4ec31c41b873d607462872,carlosantoniodasilva,26328,"Can we revert it now on master? =)
",2012-01-06T04:15:47Z,2012-01-06T04:15:47Z
779532,1,"SWEET.  I'll take a look""",2011-12-08 06:05:07,tenderlove,rails,rails,76c29a64b940ca82c7a15de5598f5340046b9cca,tenderlove,3124,"SWEET.  I'll take a look
",2011-12-08T17:05:07Z,2011-12-08T17:05:07Z
777063,1,"Interesting. Thank you!""",2011-12-07 08:55:04,gmile,rails,rails,12be0a59856d4f92a85c479843e296342be47789,gmile,207112,"Interesting. Thank you!
",2011-12-07T19:55:04Z,2011-12-07T19:55:04Z
842663,1,"Thanks! :) :heart:""",2012-01-05 17:19:05,carlosantoniodasilva,rails,rails,18ceed201b37d91ad6598d0f8b3c010e6cc48b15,carlosantoniodasilva,26328,"Thanks! :) :heart:
",2012-01-06T04:19:05Z,2012-01-06T04:19:05Z
766074,1,"I will fix, thanks bro. <3""",2011-12-02 23:02:24,josevalim,rails,rails,07f90f6bec702a6e08d65a33682ddd244050375f,josevalim,9582,"I will fix, thanks bro. <3
",2011-12-03T10:02:24Z,2011-12-03T10:02:24Z
746795,1,"Beloved Rails contributors, could any of you temporarily pluginize this? :)""",2011-11-25 08:31:39,josevalim,rails,rails,0a4035b12a6c59253cb60f9e3456513c6a6a9d33,josevalim,9582,"Beloved Rails contributors, could any of you temporarily pluginize this? :)
",2011-11-25T19:31:39Z,2011-11-25T19:31:39Z
842550,1,"@drogus nice! I missed that, thanks :)""",2012-01-05 16:07:25,carlosantoniodasilva,rails,rails,0a4035b12a6c59253cb60f9e3456513c6a6a9d33,carlosantoniodasilva,26328,"@drogus nice! I missed that, thanks :)
",2012-01-06T03:07:25Z,2012-01-06T03:07:25Z
4052009,2,"But this commit message makes me sad :cry:""",2013-09-09 16:38:45,sikachu,rails,rails,7a30bb112f81eec318d181d4c10f5ced58e4c082,sikachu,4912,"But this commit message makes me sad :cry:
",2013-09-10T04:38:45Z,2013-09-10T04:38:45Z
4037990,2,"Ok, I've opened #12157. Sorry for disturbance and actually I'm saying bullshit, we can't install Minitest 5 with Rails 4.0. :blush: """,2013-09-06 22:10:34,robin850,rails,rails,0643daaf4c5a0111842d3421a2b4fecac51916c5,robin850,354185,"Ok, I've opened #12157. Sorry for disturbance and actually I'm saying bullshit, we can't install Minitest 5 with Rails 4.0. :blush: 
",2013-09-07T10:10:34Z,2013-09-07T10:10:34Z
3120360,2,"Thanks, this issue has caused us serious confusion on numerous occasions. """,2013-04-30 11:19:57,toreriklinnerud,rails,rails,8227bf7ee9697d71547c6fa3cdc880952c6ba7ec,toreriklinnerud,13226,"Thanks, this issue has caused us serious confusion on numerous occasions. 
",2013-04-30T23:19:57Z,2013-04-30T23:19:57Z
2949657,2,"Ops, that seems to have [failed the build](https://travis-ci.org/rails/rails/builds/6066789) =(""",2013-04-04 12:57:05,carlosantoniodasilva,rails,rails,8f84cdd06f85c65c1949ea227285bbdeb47c5b14,carlosantoniodasilva,26328,"Ops, that seems to have [failed the build](https://travis-ci.org/rails/rails/builds/6066789) =(
",2013-04-05T00:57:05Z,2013-04-05T00:57:05Z
2847882,2,"Ok, I'm an idiot for not checking. This isn't Mac specific, because Travis isn't happy.""",2013-03-20 11:08:18,macksmind,rails,rails,34c7e73c1def1312e59ef1f334586ff2f668246e,MacksMind,17553,"Ok, I'm an idiot for not checking. This isn't Mac specific, because Travis isn't happy.
",2013-03-20T22:08:18Z,2013-03-20T22:08:18Z
2771964,2,"@jonleighton apparently [travis isn't that happy](https://travis-ci.org/rails/rails/jobs/5366764/#L233) =(. I get this running the test locally:  ```shell $ t test/application/console_test.rb  Run options: --seed 20833  # Running tests:  .....Quit:""",2013-03-09 04:52:37,carlosantoniodasilva,rails,rails,be3e10cd26bc8ec29c6474d03a08a8e733108e7d,carlosantoniodasilva,26328,"@jonleighton apparently [travis isn't that happy](https://travis-ci.org/rails/rails/jobs/5366764/#L233) =(. I get this running the test locally:

``` shell
$ t test/application/console_test.rb 
Run options: --seed 20833

# Running tests:

.....Quit: 3
```
",2013-03-09T15:52:37Z,2013-03-09T15:52:37Z
2821034,2,"Of course KILL probably invalidates the test. :frowning: """,2013-03-16 18:36:58,macksmind,rails,rails,be3e10cd26bc8ec29c6474d03a08a8e733108e7d,MacksMind,17553,"Of course KILL probably invalidates the test. :frowning: 
",2013-03-17T05:36:58Z,2013-03-17T05:36:58Z
2476592,2,"Ruby should really optimise these kind of things automatically :cry:""",2013-01-22 00:54:23,pixeltrix,rails,rails,2d9c4017dd294e336e0245251f67bf490370305d,pixeltrix,6321,"Ruby should really optimise these kind of things automatically :cry:
",2013-01-22T11:54:23Z,2013-01-22T11:54:23Z
2476294,2,"@fxn yeah =(.. Questions that can receive a different answer, from text fields or check boxes, depending on their types.""",2013-01-22 00:00:52,carlosantoniodasilva,rails,rails,cbec22ce5783c9530b3e2735a8e13eeeca00e0d2,carlosantoniodasilva,26328,"@fxn yeah =(.. Questions that can receive a different answer, from text fields or check boxes, depending on their types.
",2013-01-22T11:00:52Z,2013-01-22T11:00:52Z
2314303,2,"-_- ok well like you said above then. Personally I don't like it, but there is no really good solution that I can see. where.not seems hard to explain and confusing to a newbie. I know you have to make hard decisions so all props to you on that.""",2012-12-15 11:58:28,mrbrdo,rails,rails,8d02afeaee8993bd0fde69687fdd9bf30921e805,mrbrdo,167990,"-_- ok well like you said above then. Personally I don't like it, but there is no really good solution that I can see. where.not seems hard to explain and confusing to a newbie.
I know you have to make hard decisions so all props to you on that.
",2012-12-15T22:58:28Z,2012-12-15T22:59:25Z
2167780,2,"Don't know what happened here and I made these mistakes, strange. Sorry about that.""",2012-11-16 10:56:49,Agis-,rails,rails,d8596c4b8500a899d686c57fa093c549b0378c7a,agis,827224,"Don't know what happened here and I made these mistakes, strange. Sorry about that.
",2012-11-16T21:56:49Z,2012-11-16T21:56:49Z
2061615,2,"Oh, I've misread commit title, my bad :dancers: """,2012-10-26 19:25:02,brainopia,rails,rails,9e4c41c903e8e58721f2c41776a8c60ddba7a0a9,brainopia,386,"Oh, I've misread commit title, my bad :dancers: 
",2012-10-27T07:25:02Z,2012-10-27T07:25:02Z
2067904,2,":worried: """,2012-10-29 05:47:54,tinogomes,rails,rails,9e4c41c903e8e58721f2c41776a8c60ddba7a0a9,tinogomes,6305,":worried: 
",2012-10-29T16:47:54Z,2012-10-29T16:47:54Z
1873694,2,"RIP `attr_accessible` :cry:""",2012-09-18 13:43:34,radar,rails,rails,c49d959e9d40101f1712a452004695f4ce27d84c,radar,2687,"RIP `attr_accessible` :cry:
",2012-09-19T01:43:34Z,2012-09-19T01:43:34Z
1670984,2,"The fact we need this here makes me sad. It only exists because someone decided to replace all `include?` in the code by `in?`. I wish we could revert that. :S""",2012-08-03 22:46:48,josevalim,rails,rails,5ea6b0df9a36d033f21b52049426257a4637028d,josevalim,9582,"The fact we need this here makes me sad. It only exists because someone decided to replace all `include?` in the code by `in?`. I wish we could revert that. :S
",2012-08-04T10:46:48Z,2012-08-04T10:46:48Z
1651931,2,"Hey mate, this test is apparently [failing randomly on travis](http://travis-ci.org/#!/rails/rails/jobs/1999945/L163), but it's passing locally for me =(, mind taking a look?""",2012-07-31 01:24:27,carlosantoniodasilva,rails,rails,fa3c4ea6d0dee5995d0ac56699540eb9a3149224,carlosantoniodasilva,26328,"Hey mate, this test is apparently [failing randomly on travis](http://travis-ci.org/#!/rails/rails/jobs/1999945/L163), but it's passing locally for me =(, mind taking a look?
",2012-07-31T13:24:27Z,2012-07-31T13:24:27Z
1554095,2,"That's odd. For me they fail under postgresql""",2012-07-08 20:29:15,gmile,rails,rails,ee20be7c33538e6e9d334ddbd16d427190c7ff00,gmile,207112,"That's odd. For me they fail under postgresql
",2012-07-09T08:29:15Z,2012-07-09T08:29:15Z
1498167,2,"Uh oh, I didn't see that commit. Sorry for the noise :-(""",2012-06-24 19:47:39,splattael,rails,rails,629bc03bf885f8d1450a28972c5bea630a079e85,splattael,28908,"Uh oh, I didn't see that commit. Sorry for the noise :-(
",2012-06-25T07:47:39Z,2012-06-25T07:47:39Z
1675577,2,"sorry @garethrees been away from internets + don't think I can help you with your question :|""",2012-08-06 02:25:17,aurelian,rails,rails,79c8c4fed46775f30551f6d4b0c50b9ba397bc54,aurelian,350,"sorry @garethrees been away from internets + don't think I can help you with your question :|
",2012-08-06T14:25:17Z,2012-08-06T14:25:17Z
1414169,2,"I also hate that """"::"""".""",2012-06-04 08:58:18,carlosbrando,rails,rails,5db367a7fe528c33bc02a066e633c3e700496ac7,carlosbrando,2035,"I also hate that ""::"".
",2012-06-04T20:58:18Z,2012-06-04T20:58:18Z
1415085,2,"Hate the double colons.  Bring back the old style!""",2012-06-04 13:22:03,andyl,rails,rails,5db367a7fe528c33bc02a066e633c3e700496ac7,andyl,90030,"Hate the double colons.  Bring back the old style!
",2012-06-05T01:22:03Z,2012-06-05T01:22:03Z
2329291,2,"That's fair. It's in that weird gray zone; a 'feature' that's a big security issue...""",2012-12-18 14:38:40,steveklabnik,rails,rails,56cdc81c08b1847c5c1f699810a8c3b9ac3715a6,steveklabnik,27786,"That's fair. It's in that weird gray zone; a 'feature' that's a big security issue...
",2012-12-19T01:38:40Z,2012-12-19T01:38:40Z
2211685,2,"I strongly, strongly disagree with it. I am fine with them if they are private APIs but they should not be public API. Otherwise we are giving people are very powerful mechanism to shot their own foot and the only reason I have seen so far is for internal/""",2012-11-27 00:17:07,josevalim,rails,rails,8c2c60511beaad05a218e73c4918ab89fb1804f0,josevalim,9582,"I strongly, strongly disagree with it. I am fine with them if they are private APIs but they should not be public API. Otherwise we are giving people are very powerful mechanism to shot their own foot and the only reason I have seen so far is for internal/implementation purposes.
",2012-11-27T11:17:07Z,2012-11-27T11:17:07Z
1129694,2,"I don't see why this commit had to be reverted. This pretty much feels like a decision taken by a dictator.""",2012-03-25 15:21:46,andmej,rails,rails,3756a3fdfe8d339a53bf347487342f93fd9e1edb,mejibyte,9726,"I don't see why this commit had to be reverted. This pretty much feels like a decision taken by a dictator.
",2012-03-26T03:21:46Z,2012-03-26T03:21:46Z
1129737,2,"-1. This just seems like petty stubbornness.""",2012-03-25 15:51:40,tomdale,rails,rails,3756a3fdfe8d339a53bf347487342f93fd9e1edb,tomdale,90888,"-1. This just seems like petty stubbornness.
",2012-03-26T03:51:40Z,2012-03-26T03:51:40Z
1129729,2,"-1. WTF.  I understood """"it clears up the logic"""" when you changed this originally, even if it returned the worst truthy value you can possibly return. But why would you revert a version which is both clear and returns something much, much better than zero""",2012-03-25 15:40:54,tarcieri,rails,rails,3756a3fdfe8d339a53bf347487342f93fd9e1edb,tarcieri,797,"-1. WTF.

I understood ""it clears up the logic"" when you changed this originally, even if it returned the worst truthy value you can possibly return. But why would you revert a version which is both clear and returns something much, much better than zero to mean the truth: true.
",2012-03-26T03:40:54Z,2012-03-26T03:40:54Z
1137937,2,"I actually see zero reasons to revert this commit except for """"I never said it should return boolean, so fuck you all and don't touch my code.""""  It won't hurt if predicate method returns boolean. It's actually a better practice since most people expect bo""",2012-03-27 03:17:08,rwz,rails,rails,3756a3fdfe8d339a53bf347487342f93fd9e1edb,rwz,129043,"I actually see zero reasons to revert this commit except for ""I never said it should return boolean, so fuck you all and don't touch my code.""

It won't hurt if predicate method returns boolean. It's actually a better practice since most people expect boolean from it.

-1 on this commit.
",2012-03-27T15:17:08Z,2012-03-27T15:17:40Z
1177989,2,"The original commit should have been rejected, but didn't merit a revert, except for possible performance reasons. """,2012-04-05 04:12:06,azimux,rails,rails,3756a3fdfe8d339a53bf347487342f93fd9e1edb,azimux,17424,"The original commit should have been rejected, but didn't merit a revert, except for possible performance reasons.
",2012-04-05T16:12:06Z,2012-04-05T16:12:06Z
1094524,2,"This is really disappointing. I was really looking forward to this feature.""",2012-03-16 04:34:36,steveklabnik,rails,rails,6db930cb5bbff9ad824590b5844e04768de240b1,steveklabnik,27786,"This is really disappointing. I was really looking forward to this feature.
",2012-03-16T15:34:36Z,2012-03-16T15:34:36Z
1095889,2,"@jherdman @jeremy It makes me sad that an OSS project has outsiders. Besides the point.""",2012-03-16 08:56:42,isaacsanders,rails,rails,6db930cb5bbff9ad824590b5844e04768de240b1,isaacsanders,651597,"@jherdman @jeremy It makes me sad that an OSS project has outsiders. Besides the point.
",2012-03-16T19:56:42Z,2012-03-16T19:56:42Z
1040370,2,":rage:""",2012-03-04 06:26:29,kennethreitz,rails,rails,b83965785db1eec019edf1fc272b1aa393e6dc57,kennethreitz,119893,":rage:
",2012-03-04T17:26:29Z,2012-03-04T17:26:29Z
1040375,2,"Not sure if this is the best way to prove your point :rage:""",2012-03-04 06:28:43,brookemckim,rails,rails,b83965785db1eec019edf1fc272b1aa393e6dc57,brookemckim,245680,"Not sure if this is the best way to prove your point :rage:
",2012-03-04T17:28:43Z,2012-03-04T17:29:16Z
1040456,2,":+1: @holman.  but who knows how many apps have this issue and don't even realize it. :(""",2012-03-04 07:06:26,jacortinas,rails,rails,b83965785db1eec019edf1fc272b1aa393e6dc57,jacortinas,171215,":+1: @holman.

but who knows how many apps have this issue and don't even realize it. :(
",2012-03-04T18:06:26Z,2012-03-04T18:06:26Z
1040616,2,"Why did you terminate @homakov account? -_- He benevolently pointed out a vulnerability. Way to piss people off who are trying to be your friends...""",2012-03-04 08:31:15,Tie-fighter,rails,rails,b83965785db1eec019edf1fc272b1aa393e6dc57,Tie-fighter,170315,"Why did you terminate @homakov account? -_-
He benevolently pointed out a vulnerability. Way to piss people off who are trying to be your friends...
",2012-03-04T19:31:15Z,2012-03-04T19:31:15Z
1040649,2,"@DouweM don't be that rude. The post he deleted was while he was testing... he just showed us what can be done in github. Just showed us the vulnerabilities. He could done anything worst...""",2012-03-04 08:47:10,vanhalt,rails,rails,b83965785db1eec019edf1fc272b1aa393e6dc57,vanhalt,1271610,"@DouweM don't be that rude. The post he deleted was while he was testing... he just showed us what can be done in github. Just showed us the vulnerabilities. He could done anything worst...
",2012-03-04T19:47:10Z,2012-03-04T19:47:10Z
1040636,2,"@chrisrhoden He told me so... @DouweM But he did not mean to harm anybody, such things can happen by accident...""",2012-03-04 08:38:53,Tie-fighter,rails,rails,b83965785db1eec019edf1fc272b1aa393e6dc57,Tie-fighter,170315,"@chrisrhoden He told me so...
@DouweM But he did not mean to harm anybody, such things can happen by accident...
",2012-03-04T19:38:53Z,2012-03-04T19:38:53Z
1040737,2,"@DouweM I would consider that a proof of concept. Ah, but didn't he post an issue for that?  @abuffy full ack!  I, for one, am very disappointed by github and consider canceling my subscription :( P.S.: And if I do so, I will send him 1 year worth of""",2012-03-04 09:20:23,Tie-fighter,rails,rails,b83965785db1eec019edf1fc272b1aa393e6dc57,Tie-fighter,170315,"@DouweM I would consider that a proof of concept.
Ah, but didn't he post an issue for that?

@abuffy full ack!

I, for one, am very disappointed by github and consider canceling my subscription :(
P.S.: And if I do so, I will send him 1 year worth of subscription fees.
",2012-03-04T20:20:23Z,2012-03-04T20:23:00Z
1040898,2,"@homakov is an impatient little fuck who needs to be put to death.""",2012-03-04 10:25:54,savetheinternet,rails,rails,b83965785db1eec019edf1fc272b1aa393e6dc57,savetheinternet,463998,"@homakov is an impatient little fuck who needs to be put to death.
",2012-03-04T21:25:54Z,2012-03-04T21:25:54Z
1041365,2,"Welcome back @homakov. FWIW you got your message across. Not sure you could have done it any other way. Take this as a lesson all you devs, take all your bug reports seriously.""",2012-03-04 14:03:13,jberger,rails,rails,b83965785db1eec019edf1fc272b1aa393e6dc57,jberger,735765,"Welcome back @homakov. FWIW you got your message across. Not sure you could have done it any other way. Take this as a lesson all you devs, take all your bug reports seriously.
",2012-03-05T01:03:13Z,2012-03-05T01:03:13Z
1041860,2,"@Apelsin, yeah sorry about that. It's late. :-/  On Mar 5, 2012, at 12:52 AM, Apelsin<reply@reply.github.com> wrote:  > @jacortinas Please re-read what I wrote. I just said I did that already and what I am asking for is how to disable ALL notifications""",2012-03-04 20:08:16,jacortinas,rails,rails,b83965785db1eec019edf1fc272b1aa393e6dc57,jacortinas,171215,"@Apelsin, yeah sorry about that. It's late. :-/

On Mar 5, 2012, at 12:52 AM, Apelsinreply@reply.github.com wrote:

> @jacortinas Please re-read what I wrote. I just said I did that already and what I am asking for is how to disable ALL notifications.
> ---
> 
> Reply to this email directly or view it on GitHub:
> https://github.com/rails/rails/commit/b83965785db1eec019edf1fc272b1aa393e6dc57#commitcomment-1041836
",2012-03-05T07:08:16Z,2012-03-05T07:08:16Z
1048288,2,"If PHP code is producing errors with register_globals on you are terrible terrible programmer. If you are using magic_quotes you are simply stupid.""",2012-03-06 02:20:18,mishak87,rails,rails,b83965785db1eec019edf1fc272b1aa393e6dc57,mishak87,276500,"If PHP code is producing errors with register_globals on you are terrible terrible programmer. If you are using magic_quotes you are simply stupid.
",2012-03-06T13:20:18Z,2012-03-06T13:20:18Z
1057796,2,"holy crap""",2012-03-07 22:59:08,darth10,rails,rails,b83965785db1eec019edf1fc272b1aa393e6dc57,darth10,1171466,"holy crap
",2012-03-08T09:59:08Z,2012-03-08T09:59:08Z
1031664,2,"jeremy, are you talkinng to sobrinho? His code looks much clearer.  y all are trying to code using 1 line. it makes things more obscure :( """,2012-03-01 04:40:52,homakov,rails,rails,ceb66b61264657898cd6608c7e9ed78072169664,homakov,174693,"jeremy, are you talkinng to sobrinho? His code looks much clearer. 
y all are trying to code using 1 line. it makes things more obscure :( 
",2012-03-01T15:40:52Z,2012-03-01T15:40:52Z
923471,2,"@fcoury :sob:""",2012-02-01 07:42:26,pusewicz,rails,rails,9906492f5382b1d027d6dd64ba21dc6a6ed4f4f5,pusewicz,940,"@fcoury :sob:
",2012-02-01T18:42:26Z,2012-02-01T18:42:26Z
923360,2,"Sorry for the hassle folks!""",2012-02-01 07:17:10,rossmeissl,rails,rails,1873adf6e4863b65830473ce213768a02bea5fe7,rossmeissl,6133,"Sorry for the hassle folks!
",2012-02-01T18:17:10Z,2012-02-01T18:17:10Z
895516,2,"Seems after this Build is broken :-(  """,2012-01-23 22:42:03,arunagw,rails,rails,01176a7eaf40577e298b2c6e120e3fa17feabcc7,arunagw,3948,"Seems after this Build is broken :-( 
",2012-01-24T09:42:03Z,2012-01-24T09:42:03Z
2327379,2,"@pixeltrix nah, I'll just revert it.  I suppose we should figure out a test for this. :(""",2012-12-18 08:25:53,tenderlove,rails,rails,00c5342d96a3677c0a6a2bb8316c76182f5bdfdd,tenderlove,3124,"@pixeltrix nah, I'll just revert it.  I suppose we should figure out a test for this. :(
",2012-12-18T19:25:53Z,2012-12-18T19:25:53Z
824748,2,"@jonleighton sorry bro, I should have run the tests before merging this!""",2011-12-28 07:37:45,tenderlove,rails,rails,90df0d4f687596943bda108ab0b98dd99cacd46b,tenderlove,3124,"@jonleighton sorry bro, I should have run the tests before merging this!
",2011-12-28T18:37:45Z,2011-12-28T18:37:45Z
742198,2,"No tests bro :(""",2011-11-23 08:13:03,josevalim,rails,rails,8549f7a4f0c30c37050666f5661ea9e270a298fd,josevalim,9582,"No tests bro :(
",2011-11-23T19:13:03Z,2011-11-23T19:13:03Z
726529,2,"Looks like this commit makes Sam sad""",2011-11-16 16:00:24,guilleiguaran,rails,rails,38d26b0cb56d82093889efa95992a35ba3bb9f29,guilleiguaran,160941,"Looks like this commit makes Sam sad
",2011-11-17T03:00:24Z,2011-11-17T03:00:24Z
676649,2,"*sigh*.  I'll fix. :'(""",2011-10-26 05:11:12,tenderlove,rails,rails,450257c95b0ca2c61eca2cefbcb2afd69e90f4a9,tenderlove,3124,"_sigh_.  I'll fix. :'(
",2011-10-26T17:11:12Z,2011-10-26T17:11:12Z
676691,2,"1.8 is why we can't have nice things. :(""",2011-10-26 05:26:14,adrianpike,rails,rails,450257c95b0ca2c61eca2cefbcb2afd69e90f4a9,adrianpike,48357,"1.8 is why we can't have nice things. :(
",2011-10-26T17:26:14Z,2011-10-26T17:26:14Z
663283,2,"I'm not convinced that this is actually an improvement:  1. There is a still a dependency of name in the condition and inside the conditional, except now it is 'request_id' 2. Adds an assignment in the if condition, which is arguably a risky idiom 3. I""",2011-10-19 17:34:12,mkdynamic,rails,rails,4ef74536940ea4c8c7f8c2cb0252bfe5f0db6fdf,mkdynamic,4312,"I'm not convinced that this is actually an improvement:
1. There is a still a dependency of name in the condition and inside the conditional, except now it is 'request_id'
2. Adds an assignment in the if condition, which is arguably a risky idiom
3. It introduces another require (and another dependency)

One alternative to address the 2nd point, although this is possibly harder to parse:

``` ruby
id = env['HTTP_X_REQUEST_ID'].presence and id.gsub(/[^\w\d\-]/, """").first(255)
```

Very minor, and mainly thinking out loud...
",2011-10-20T05:34:12Z,2011-10-20T05:34:12Z
659000,2,"I forgot to replace it with Rack::ContentLength :(, done here https://github.com/rails/rails/commit/d44702c830669e2647c073133bd6b09d7016424d""",2011-10-18 06:16:21,spastorino,rails,rails,7f184aaf4352140c7e3bd33761058bb05737e11b,spastorino,52642,"I forgot to replace it with Rack::ContentLength :(, done here https://github.com/rails/rails/commit/d44702c830669e2647c073133bd6b09d7016424d
",2011-10-18T18:16:21Z,2011-10-18T18:16:21Z
534665,2,"@jonleighton you're right!  Sorry about that.  :(  Looks like this code is new in 3.1.  Are you comfortable with this going out for rc6?""",2011-08-16 05:33:53,tenderlove,rails,rails,4dd985ae9514fdb9688eab780d881decff8358fa,tenderlove,3124,"@jonleighton you're right!  Sorry about that.  :(

Looks like this code is new in 3.1.  Are you comfortable with this going out for rc6?
",2011-08-16T17:33:53Z,2011-08-16T17:33:53Z
574056,2,"The performance of some Rails 3.1 apps after this was 500ms or more slower :(  `lazy_zones_map` gets called for every `TimeZone#[]` lookup, and if that's doing a `require` every time things get really slow.  https://gist.github.com/1200301  If we're going """,2011-09-06 23:09:24,toolmantim,rails,rails,0d3615f04c79f6e90d8ab33fdfc920b8faac9cb8,toolmantim,153,"The performance of some Rails 3.1 apps after this was 500ms or more slower :(

`lazy_zones_map` gets called for every `TimeZone#[]` lookup, and if that's doing a `require` every time things get really slow.

https://gist.github.com/1200301

If we're going to do this for every `lazy_zones_map` call then we should really change `require_tzinfo` to include `unless defined?(::TZInfo)`
",2011-09-07T11:09:24Z,2011-09-07T11:09:24Z
779103,2,"@peterc, letting testing concerns seep into the core object like this gravely offends my sense of aesthetics. Big part of the reason why I dislike rspec syntax so much.""",2011-12-08 03:17:44,dhh,rails,rails,9482554f31f3ac7f941e6239890c60fcc01975e1,dhh,2741,"@peterc, letting testing concerns seep into the core object like this gravely offends my sense of aesthetics. Big part of the reason why I dislike rspec syntax so much.
",2011-12-08T14:17:44Z,2011-12-08T14:17:44Z
779260,2,"Double sad face :<<""",2011-12-08 04:19:12,pokonski,rails,rails,9482554f31f3ac7f941e6239890c60fcc01975e1,pokonski,135402,"Double sad face :<<
",2011-12-08T15:19:12Z,2011-12-08T15:19:12Z
457644,2,"Isn't action_view/context autoloaded as well? requiring a file that may have been autoloaded somewhere else can lead to double requires due to a ruby bug. :(""",2011-07-01 07:26:04,josevalim,rails,rails,fdaecbed84af426213cbb77568e25128cf01484c,josevalim,9582,"Isn't action_view/context autoloaded as well? requiring a file that may have been autoloaded somewhere else can lead to double requires due to a ruby bug. :(
",2011-07-01T19:26:04Z,2011-07-01T19:26:04Z
457643,2,"AV::AssetPaths is autoloaded. requiring a file that may have been autoloaded somewhere else can lead to double requires due to a ruby bug. :(""",2011-07-01 07:25:36,josevalim,rails,rails,987eb7d4236513978e3cfcd5c3c159d95d2a84c8,josevalim,9582,"AV::AssetPaths is autoloaded. requiring a file that may have been autoloaded somewhere else can lead to double requires due to a ruby bug. :(
",2011-07-01T19:25:36Z,2011-07-01T19:25:36Z
582694,2,"The bundler fix is great, but `gem install` will still give a confusing prompt about rails overwriting its own stuff :'(""",2011-09-11 18:08:07,jeremy,rails,rails,e3053ee753c3035e9d8337680212aba525c27376,jeremy,199,"The bundler fix is great, but `gem install` will still give a confusing prompt about rails overwriting its own stuff :'(
",2011-09-12T06:08:07Z,2011-09-12T06:08:07Z
582702,2,"@josevalim Do you mind commenting as to why we have the bin file in both the railties gem and the rails gem?  Maybe if we get to the bottom of that, we can get the rubygems team to help us out. :(""",2011-09-11 18:19:57,tenderlove,rails,rails,e3053ee753c3035e9d8337680212aba525c27376,tenderlove,3124,"@josevalim Do you mind commenting as to why we have the bin file in both the railties gem and the rails gem?  Maybe if we get to the bottom of that, we can get the rubygems team to help us out. :(
",2011-09-12T06:19:57Z,2011-09-12T06:19:57Z
1134590,2,"Looks like rubygems took out the warning. I think to be safe you need to have the executable in both gems. :-(  See https://github.com/rails/rails/issues/2400""",2012-03-26 09:51:54,alexch,rails,rails,e3053ee753c3035e9d8337680212aba525c27376,alexch,8524,"Looks like rubygems took out the warning. I think to be safe you need to have the executable in both gems. :-(

See https://github.com/rails/rails/issues/2400
",2012-03-26T21:51:54Z,2012-03-26T21:51:54Z
809062,2,"Y U NO LIKE BRITISH ENGLISH?! :(""",2011-12-20 00:15:35,drogus,rails,rails,8775ffa37231d381cba34f0ecacb8a7bbcf0573f,drogus,5004,"Y U NO LIKE BRITISH ENGLISH?! :(
",2011-12-20T11:15:35Z,2011-12-20T11:15:35Z
422882,2,"@chopmo Argh! You're right. It seems I didn't imagine that case. Let me take a look...""",2011-06-09 03:43:00,amatsuda,rails,rails,05adf524c6905eb5ac448e473cc64baa3571fd51,amatsuda,11493,"@chopmo Argh! You're right. It seems I didn't imagine that case. Let me take a look...
",2011-06-09T15:43:00Z,2011-06-09T15:43:00Z
395059,2,"Are there? I'm sorry, I will check into it further, my ack didn't pick anything up.""",2011-05-23 02:21:48,joshk,rails,rails,eff5d9aed468e8d6c4ffb103dad8e99b0a65465d,joshk,8701,"Are there? I'm sorry, I will check into it further, my ack didn't pick anything up.
",2011-05-23T14:21:48Z,2011-05-23T14:21:48Z
395950,2,"Y U REQUIRE RUBYGEMS HERE !?!?!?!?!? :bomb:""",2011-05-23 11:19:51,sikachu,rails,rails,c944cab6cec752c5c5582c5e351dd98d0619aa7a,sikachu,4912,"Y U REQUIRE RUBYGEMS HERE !?!?!?!?!? :bomb:
",2011-05-23T23:19:51Z,2011-05-23T23:19:51Z
364550,2,"Fuck Reddit, I'm reading only commit notes from now on""",2011-05-01 07:42:00,iain,rails,rails,23eb81a3d1eb154a3aefe569408d1bb2ed63c554,iain,12692,"Fuck Reddit, I'm reading only commit notes from now on
",2011-05-01T19:42:00Z,2011-05-01T19:42:00Z
360448,2,"This is going to leak memory like crazy in development.""",2011-04-27 19:30:36,josevalim,rails,rails,ad62f1928768bd2676958a4a08512bad342fe469,josevalim,9582,"This is going to leak memory like crazy in development.
",2011-04-28T07:30:36Z,2011-04-28T07:30:36Z
360915,2,"I didn't really think through class reloading in development :(.  That said, I'm not sure how your proposed change would work.   The reason I added this to keep track of the subclasses is because @dhh wanted last call to win, so in a case like:  ```ruby Po""",2011-04-28 02:34:02,myronmarston,rails,rails,ad62f1928768bd2676958a4a08512bad342fe469,myronmarston,49391,"I didn't really think through class reloading in development :(.

That said, I'm not sure how your proposed change would work.   The reason I added this to keep track of the subclasses is because @dhh wanted last call to win, so in a case like:

``` ruby
Post.observers.disable :all

#... later
ActiveRecord::Base.observers.enable :all
```

...the desired behavior is that the `enable :all` on AR::Base will propagate to subclasses since it was called last.  I'm not sure how to do that without keeping track of subclasses.

Do either of you have a recommendation for a different implementation to achieve the desired behavior? 
",2011-04-28T14:34:02Z,2011-04-28T14:34:02Z
355680,2,"Sure, let's see what it looks like. I'm a little worried that this, somewhat minority, feature is going to creep too far. But let's see what it looks like.""",2011-04-25 00:08:36,dhh,rails,rails,a08d04bedfd01cc0a517ccedf74f2ceac70eb28d,dhh,2741,"Sure, let's see what it looks like. I'm a little worried that this, somewhat minority, feature is going to creep too far. But let's see what it looks like.
",2011-04-25T12:08:36Z,2011-04-25T12:08:36Z
386060,2,"Yeah, that is a bug. And a embarrassing one. Pull request with a fix please?""",2011-05-16 10:16:24,josevalim,rails,rails,dab96a267eeccd7380ad99fa19cefdfd3cd5ad2b,josevalim,9582,"Yeah, that is a bug. And a embarrassing one. Pull request with a fix please?
",2011-05-16T22:16:24Z,2011-05-16T22:16:24Z
340657,2,"How is this a reasonable default? This is not newb friendly, imo.""",2011-04-13 03:46:04,dpickett,rails,rails,9f09aeb8273177fc2d09ebdafcc76ee8eb56fe33,dpickett,1082,"How is this a reasonable default? This is not newb friendly, imo.
",2011-04-13T15:46:04Z,2011-04-13T15:46:04Z
340844,2,"sigh...it is not a question of syntax preference. It's an abstraction that adds no value to the underlying scripting language. It's not worth having the argument of whether it's nice or not (which is entirely subjective)...it obscures without adding value """,2011-04-13 05:06:36,dpickett,rails,rails,9f09aeb8273177fc2d09ebdafcc76ee8eb56fe33,dpickett,1082,"sigh...it is not a question of syntax preference. It's an abstraction that adds no value to the underlying scripting language. It's not worth having the argument of whether it's nice or not (which is entirely subjective)...it obscures without adding value and therefore is an unreasonable default.
",2011-04-13T17:06:36Z,2011-04-13T17:06:36Z
340915,2,"This is a silly decision that does not represent the majority of the rails community. Official plugin? Absolutely. Core? **No fucking way**.""",2011-04-13 05:45:49,gf3,rails,rails,9f09aeb8273177fc2d09ebdafcc76ee8eb56fe33,gf3,18397,"This is a silly decision that does not represent the majority of the rails community. Official plugin? Absolutely. Core? **No fucking way**.
",2011-04-13T17:45:49Z,2011-04-13T17:45:49Z
341394,2,"die-hard designers would probably rage over SASS/LESS/Stylus as well, however css does have the fundamental issue of not being dynamic, so I think that is a different argument""",2011-04-13 09:15:36,visionmedia,rails,rails,9f09aeb8273177fc2d09ebdafcc76ee8eb56fe33,tj,25254,"die-hard designers would probably rage over SASS/LESS/Stylus as well, however css does have the fundamental issue of not being dynamic, so I think that is a different argument
",2011-04-13T21:15:36Z,2011-04-13T21:15:36Z
341905,2,"I personally am outraged that all of the things I have to spend time setting up for every Rails app are going to be the default. That's like, an hour I can't bill clients for anymore.  If you really want to make me broke, you'll make Haml and Rspec the d""",2011-04-13 16:57:26,jarinudom,rails,rails,9f09aeb8273177fc2d09ebdafcc76ee8eb56fe33,jarinudom,21100,"I personally am outraged that all of the things I have to spend time setting up for every Rails app are going to be the default. That's like, an hour I can't bill clients for anymore.

If you really want to make me broke, you'll make Haml and Rspec the defaults too.
",2011-04-14T04:57:26Z,2011-04-14T04:57:26Z
342267,2,"Everyone is just getting all butt hurt over change!""",2011-04-13 23:18:12,justbaker,rails,rails,9f09aeb8273177fc2d09ebdafcc76ee8eb56fe33,slayyyyer,97520,"Everyone is just getting all butt hurt over change!
",2011-04-14T11:18:12Z,2011-04-14T11:18:12Z
343003,2,"@jameskilton Rails jumped the shark because it has a lively community that is passionate about its direction?  Give me a break.""",2011-04-14 07:12:20,dlitz,rails,rails,9f09aeb8273177fc2d09ebdafcc76ee8eb56fe33,dlitz,99377,"@jameskilton Rails jumped the shark because it has a lively community that is passionate about its direction?  Give me a break.
",2011-04-14T19:12:20Z,2011-04-14T19:12:20Z
347116,2,"I noticed that the email notifications for these commit notes were not working :\\  @beno Github is for social coding, not a social network""",2011-04-18 00:13:57,NARKOZ,rails,rails,9f09aeb8273177fc2d09ebdafcc76ee8eb56fe33,NARKOZ,253398,"I noticed that the email notifications for these commit notes were not working :\

@beno Github is for social coding, not a social network
",2011-04-18T12:13:57Z,2011-04-18T12:14:45Z
354622,2,"What happened to most of the images? This needs to be immortalized :(""",2011-04-23 10:42:16,rmatei,rails,rails,9f09aeb8273177fc2d09ebdafcc76ee8eb56fe33,rmatei,48958,"What happened to most of the images? This needs to be immortalized :(
",2011-04-23T22:42:16Z,2011-04-23T22:42:16Z
1531945,2,"@prusswan that's one year and almost three months! damn fuzzy dates...""",2012-07-02 20:32:59,benatkin,rails,rails,9f09aeb8273177fc2d09ebdafcc76ee8eb56fe33,benatkin,4126,"@prusswan that's one year and almost three months! damn fuzzy dates...
",2012-07-03T08:32:59Z,2012-07-03T08:32:59Z
340132,2,"From my POV, it'll be a little bit less easy to determine what scopes are available for a Model, which is bad. :-/""",2011-04-12 20:26:49,ook,rails,rails,f0e198bfa1e3f9689e0cde1d194a44027fc90b3c,ook,559,"From my POV, it'll be a little bit less easy to determine what scopes are available for a Model, which is bad. :-/
",2011-04-13T08:26:49Z,2011-04-13T08:26:49Z
355271,2,"Well, we need to change to LOWER() because the current `match` function could cause false positives.  It's on my TODO list before 3.1 is out, I just haven't done it yet.  :-(""",2011-04-24 12:43:03,tenderlove,rails,rails,a30b440debe87722c0c072555db7945181ceffde,tenderlove,3124,"Well, we need to change to LOWER() because the current `match` function could cause false positives.  It's on my TODO list before 3.1 is out, I just haven't done it yet.  :-(
",2011-04-25T00:43:03Z,2011-04-25T00:43:03Z
1323662,2,"Thx for the suggestion. Thought it might be the perfect place since it's contextual, but now that you mention that I realize I'm probably polluting core members' notifications :\""",2012-05-12 03:05:19,tiegz,rails,rails,7872cc992bac76e976334d0c20649d69aad5652e,tiegz,5054,"Thx for the suggestion. Thought it might be the perfect place since it's contextual, but now that you mention that I realize I'm probably polluting core members' notifications :\
",2012-05-12T15:05:19Z,2012-05-12T15:05:19Z
278462,2,"Thanks, I hadn't seen the pull request. I still disagree and think this sets a bad example (i.e. people who don't have `.rvmrc` in their global `.gitignore` are doing it wrong; they should explicitly `git add -f` it on a per-project basis if they want to s""",2011-02-21 05:36:48,tomstuart,rails,rails,cd12c369961a612f6b083fc0e3b877cf59b737f4,tomstuart,3192,"Thanks, I hadn't seen the pull request. I still disagree and think this sets a bad example (i.e. people who don't have `.rvmrc` in their global `.gitignore` are doing it wrong; they should explicitly `git add -f` it on a per-project basis if they want to share it) but don't feel strongly enough to argue!
",2011-02-21T16:36:48Z,2011-02-21T16:37:20Z
276493,2,"mergefail!  :'(""",2011-02-18 12:09:44,tenderlove,rails,rails,f41bf6938fd4aa5a83777cc767f7f32ace5f6539,tenderlove,3124,"mergefail!  :'(
",2011-02-18T23:09:44Z,2011-02-18T23:09:44Z
261781,2,"OMG stupid me""",2011-02-04 12:48:54,spastorino,rails,rails,da2d24f7cf4dfb826843cda96b413ca2ba326158,spastorino,52642,"OMG stupid me
",2011-02-04T23:48:54Z,2011-02-04T23:48:54Z
627553,2,"I use """"domain"""" as a query parameter throughout my application.  Do I need to modify every route, url_for, link_to, and redirect_to to use something different?  :-(""",2011-10-03 08:52:03,GICodeWarrior,rails,rails,2fe43b694f36ddb2062a91eebe61a035147265b1,GICodeWarrior,19803,"I use ""domain"" as a query parameter throughout my application.  Do I need to modify every route, url_for, link_to, and redirect_to to use something different?  :-(
",2011-10-03T20:52:03Z,2011-10-03T20:52:03Z
191537,2,"Oh sorry man, I did not see your commit and I believe you're damn right: the patch doesnt take the inheritance_column into account. Do you wanna patch that yourself or can I do it?  (I definitely start to hate Lighthouse :/)""",2010-11-11 07:24:10,franckverrot,rails,rails,de2933e1a062f0752512eb0ec60f7217f4890f8c,franckverrot,108369,"Oh sorry man, I did not see your commit and I believe you're damn right: the patch doesnt take the inheritance_column into account. Do you wanna patch that yourself or can I do it?

(I definitely start to hate Lighthouse :/)
",2010-11-11T18:24:10Z,2010-11-11T18:24:10Z
190490,2,"Damn I'm hungry.  It's not even 10 yet.  :'(""",2010-11-10 06:37:30,tenderlove,rails,rails,994a1c2a4747efcca3c6278c119096d93f793da1,tenderlove,3124,"Damn I'm hungry.  It's not even 10 yet.  :'(
",2010-11-10T17:37:30Z,2010-11-10T17:37:30Z
181389,2,"oh crap.  I totally missed that.  The tests passed though...  strange.""",2010-10-30 06:10:50,tenderlove,rails,rails,67a3a702951dae905b6270d652dbd14853b01c26,tenderlove,3124,"oh crap.  I totally missed that.  The tests passed though...  strange.
",2010-10-30T18:10:50Z,2010-10-30T18:10:50Z
170707,2,"Some people prefer parens in this situation to signify that it is assignment rather than comparison.  Personally I hate assignment in a conditional test and would avoid it like the plague...""",2010-10-17 04:57:59,jonleighton,rails,rails,67df21f8954073ddc7f3409ec618c953f97cb412,jonleighton,1979,"Some people prefer parens in this situation to signify that it is assignment rather than comparison.

Personally I hate assignment in a conditional test and would avoid it like the plague...
",2010-10-17T16:57:59Z,2010-10-17T16:57:59Z
127582,2,"Snowman :( ...""",2010-08-12 09:09:33,seban,rails,rails,c6160898c83107ba63017ad2a8b3878733267136,seban,6630,"Snowman :( ...
",2010-08-12T21:09:33Z,2010-08-12T21:09:33Z
127873,2,"Oh no :( RIP Snowman ...""",2010-08-12 20:46:02,haihappen,rails,rails,c6160898c83107ba63017ad2a8b3878733267136,ream88,14321,"Oh no :( RIP Snowman ...
",2010-08-13T08:46:02Z,2010-08-13T08:46:02Z
125591,2,"Oh noes! This is a sad day for rails =/""",2010-08-09 10:46:07,reu,rails,rails,7171161124a2852ee7b40c5c632ba8e092c97409,reu,191614,"Oh noes! This is a sad day for rails =/
",2010-08-09T22:46:07Z,2010-08-09T22:46:07Z
125712,2,"I request a revert of this commit :(""",2010-08-09 19:00:34,sikachu,rails,rails,7171161124a2852ee7b40c5c632ba8e092c97409,sikachu,4912,"I request a revert of this commit :(
",2010-08-10T07:00:34Z,2010-08-10T07:00:34Z
125863,2,"Noooooooooo, not the snowman! :( I also request a revert of this commit.""",2010-08-10 01:32:39,stygeo,rails,rails,7171161124a2852ee7b40c5c632ba8e092c97409,stygeo,118188,"Noooooooooo, not the snowman! :( I also request a revert of this commit.
",2010-08-10T13:32:39Z,2010-08-10T13:32:39Z
116856,2,"I loved it :(""",2010-07-26 02:51:31,cypok,rails,rails,b0b9bf320409b66c6c6b680371aca590297cd4cc,cypok,16010,"I loved it :(
",2010-07-26T14:51:31Z,2010-07-26T14:51:31Z
115338,2,"Oops.  I'm getting the same thing.  :-(""",2010-07-22 19:00:53,tenderlove,rails,rails,b378b19430a4d2ee54cbe7f1935fbd4f8b3b331b,tenderlove,3124,"Oops.  I'm getting the same thing.  :-(
",2010-07-23T07:00:53Z,2010-07-23T07:00:53Z
123567,2,"This change at such a late time (just before RC/release) looks scary to me""",2010-08-05 05:19:50,csmuc,rails,rails,01629d180468049d17a8be6900e27a4f0d2b18c4,csmuc,16403,"This change at such a late time (just before RC/release) looks scary to me
",2010-08-05T17:19:50Z,2010-08-05T17:19:50Z
98564,2,"Terribly slow. If you want an alternative implementation: http://github.com/stouset/pathname3""",2010-06-23 11:47:03,josevalim,rails,rails,69abbe893413c99808c8cebd2f1d468c7921c573,josevalim,9582,"Terribly slow. If you want an alternative implementation: http://github.com/stouset/pathname3
",2010-06-23T23:47:03Z,2010-06-23T23:47:03Z
94477,2,"Shoot! Let's get this resolved :(""",2010-06-15 06:42:00,wycats,rails,rails,50ec0d9b2ec864c819cf7b053c756c09b2367379,wycats,4,"Shoot! Let's get this resolved :(
",2010-06-15T18:42:00Z,2010-06-15T18:42:00Z
73809,2,"Thanks for applying so quickly, I'm a little embarrassed one that slipped by me.""",2010-05-03 01:27:15,norman,rails,rails,756f762cdb1ee5ad0046e40e3620399d1707fee7,norman,5042,"Thanks for applying so quickly, I'm a little embarrassed one that slipped by me.
",2010-05-03T13:27:15Z,2010-05-03T13:27:15Z
64574,2,"isnt this going to be a bit weird ? """,2010-04-09 16:56:19,rishav,rails,rails,ac0280c39dab272710c25d54810b21c10fff9c52,rishav,45494,"isnt this going to be a bit weird ? 
",2010-04-10T04:56:19Z,2010-04-10T04:56:19Z
64018,2,"That's true, it is complicated. Maybe it's an idea for 3.1 ....""",2010-04-08 15:29:16,yfeldblum,rails,rails,5f808b865cc0bbb10af7733cc0c4da3add572a95,yfeldblum,169419,"That's true, it is complicated. Maybe it's an idea for 3.1 ....
",2010-04-09T03:29:16Z,2010-04-09T03:29:16Z
56087,2,"Ooooh no :(""",2010-03-16 20:09:20,dmathieu,rails,rails,d69e5616e821afc40efa5936c5ab6e087eb4e0c6,dmathieu,9347,"Ooooh no :(
",2010-03-17T07:09:20Z,2010-03-17T07:09:20Z
56182,2,"This seems like a step in the wrong direction. I believe some sort of explanation is warranted. Was it a huge pain point for upgrades or something?""",2010-03-17 03:30:43,jerodsanto,rails,rails,d69e5616e821afc40efa5936c5ab6e087eb4e0c6,jerodsanto,8212,"This seems like a step in the wrong direction. I believe some sort of explanation is warranted. Was it a huge pain point for upgrades or something?
",2010-03-17T14:30:43Z,2010-03-17T14:30:43Z
50321,2,"I think this may have broken something :(""",2010-02-23 15:01:07,aaronchi,rails,rails,24ab5665b2f12a589e96a4b742cc49c08bf0e9df,aaronchi,6336,"I think this may have broken something :(
",2010-02-24T02:01:07Z,2010-02-24T02:01:07Z
45849,2,"... and the solution:   gem install rake-gemcutter  Sorry! :$""",2010-02-04 16:07:51,fcoury,rails,rails,7b81f5981fd6dfcede61a89da80b09a1650e2c02,fcoury,1371,"... and the solution: 

gem install rake-gemcutter

Sorry! :$
",2010-02-05T03:07:51Z,2010-02-05T03:07:51Z
46371,2,"Made make_resourceful break :(  If I understand it correctly I'm supposed to write <tt>class.some_attr</tt> instead of <tt>class..read_inheritable_attribute(:some_attr)</tt>""",2010-02-08 01:13:32,TomK32,rails,rails,8ae25a8e41168801590fdb95891cc5990b4db21c,TomK32,3527,"Made make_resourceful break :(

If I understand it correctly I'm supposed to write
<tt>class.some_attr</tt>
instead of
<tt>class..read_inheritable_attribute(:some_attr)</tt>
",2010-02-08T12:13:32Z,2010-02-08T12:13:32Z
45875,2,"Jesus, another yak queuing up for being shaved :-(""",2010-02-05 00:05:23,martinrehfeld,rails,rails,4cbb9db0a5ff65b0a626a5b043331abefd89e717,martinrehfeld,12546,"Jesus, another yak queuing up for being shaved :-(
",2010-02-05T11:05:23Z,2010-02-05T11:05:23Z
44796,2,"LOLWY? :(""",2010-01-31 09:32:13,y8,rails,rails,2ebea1c02d10e0fea26bd98d297a8f4d41dc1aff,y8,80930,"LOLWY? :(
",2010-01-31T20:32:13Z,2010-01-31T20:32:13Z
44881,2,"Epic fail... let's build enterprise so?""",2010-01-31 23:55:22,tukan,rails,rails,2ebea1c02d10e0fea26bd98d297a8f4d41dc1aff,tukan,33668,"Epic fail... let's build enterprise so?
",2010-02-01T10:55:22Z,2010-02-01T10:55:22Z
44912,2,"Revert. revert, revert!""""""",2010-02-01 03:28:32,lukaszkorecki,rails,rails,2ebea1c02d10e0fea26bd98d297a8f4d41dc1aff,lukaszkorecki,104818,"""Revert. revert, revert!""
",2010-02-01T14:28:32Z,2010-02-01T14:28:32Z
44955,2,"I just spilled out a little for my fallen OmgOmgz :(""",2010-02-01 05:29:35,jacqui,rails,rails,2ebea1c02d10e0fea26bd98d297a8f4d41dc1aff,jacqui,3397,"I just spilled out a little for my fallen OmgOmgz :(
",2010-02-01T16:29:35Z,2010-02-01T16:29:35Z
44940,2,"You damn atheists! There is no hope for you in the afterlife.""",2010-02-01 05:00:03,mishawagon,rails,rails,2ebea1c02d10e0fea26bd98d297a8f4d41dc1aff,mishawagon,151957,"You damn atheists! There is no hope for you in the afterlife.
",2010-02-01T16:00:03Z,2010-02-01T16:00:03Z
45017,2,"Aw, such a shame...""",2010-02-01 09:43:59,tcoxon,rails,rails,2ebea1c02d10e0fea26bd98d297a8f4d41dc1aff,tcoxon,165720,"Aw, such a shame...
",2010-02-01T20:43:59Z,2010-02-01T20:43:59Z
45096,2,"I hope people don't git blame the removed lines...""",2010-02-01 12:53:55,carllerche,rails,rails,2ebea1c02d10e0fea26bd98d297a8f4d41dc1aff,carllerche,6180,"I hope people don't git blame the removed lines...
",2010-02-01T23:53:55Z,2010-02-01T23:53:55Z
41290,2,"Very crazy feature!!!!""",2010-01-07 23:04:39,igorbozato,rails,rails,0a79eb7889e7ac711ff171a453d65f3df57b9237,igorbozato,37040,"Very crazy feature!!!!
",2010-01-08T10:04:39Z,2010-01-08T10:04:39Z
34217,2,"I wrote a rspec built-in generator for rails3 yesterday (in my fork). I tried to write it as a plugin generator (like in lib/generators) but gave up finally due to the dependency hell :(  Is there any public api for plugin generator now? """,2009-11-04 22:52:02,janx,rails,rails,d627c932bdc5c0e2911e39cfb38952c29dab7afc,janx,5958,"I wrote a rspec built-in generator for rails3 yesterday (in my fork). I tried to write it as a plugin generator (like in lib/generators) but gave up finally due to the dependency hell :(

Is there any public api for plugin generator now? 
",2009-11-05T09:52:02Z,2009-11-05T09:52:02Z
1363512,2,"This line is so confusing. :cry:""",2012-05-22 12:06:44,tenderlove,rails,rails,bf9819f73d74e19052b7b8a7a9885972a27e8876,tenderlove,3124,"This line is so confusing. :cry:
",2012-05-23T00:06:44Z,2012-05-23T00:06:44Z
1363568,2,"agreed. :cry:""",2012-05-22 12:20:26,sikachu,rails,rails,bf9819f73d74e19052b7b8a7a9885972a27e8876,sikachu,4912,"agreed. :cry:
",2012-05-23T00:20:26Z,2012-05-23T00:20:26Z
28611,2,"No!!!! Damn you rubygems!""",2009-09-01 02:23:46,josh,rails,rails,a5588ffc08bd2860a39d7cb457aefa88dc08fd1a,josh,137,"No!!!! Damn you rubygems!
",2009-09-01T14:23:46Z,2009-09-01T14:23:46Z
25318,2,"Holy crap!""",2009-07-12 06:12:45,johndevor,rails,rails,01d92021e69f54def1ec8103b2b99f907dd88ec4,johndevor,75827,"Holy crap!
",2009-07-12T18:12:45Z,2009-07-12T18:12:45Z
48996,2,"As much as I appreciate HTML5 and the """"this is awesome"""" circle jerk, isn't anyone even a little bit skeptical about the potential drawbacks of this change? """,2010-02-18 10:32:23,tarcieri,rails,rails,01d92021e69f54def1ec8103b2b99f907dd88ec4,tarcieri,797,"As much as I appreciate HTML5 and the ""this is awesome"" circle jerk, isn't anyone even a little bit skeptical about the potential drawbacks of this change? 
",2010-02-18T21:32:23Z,2010-02-18T21:32:23Z
33991,2,"gah, sorry for the double post. /me fails at github""",2009-11-02 14:53:33,jenseng,rails,rails,1d9346428b3f12a42f717a7b1313cd4375d23e23,jenseng,109489,"gah, sorry for the double post. /me fails at github
",2009-11-03T01:53:33Z,2009-11-03T01:53:33Z
19939,2,"I think it's kind of weird that a method named validate_response! actually validates @request... Changing the name to validate_request! would be less confusing.""",2009-04-26 08:49:26,arthurschreiber,rails,rails,c8919f4c7ca13ad78987ea0c8497abe85249975b,arthurschreiber,2195,"I think it's kind of weird that a method named validate_response! actually validates @request... Changing the name to validate_request! would be less confusing.
",2009-04-26T20:49:26Z,2009-04-26T20:49:26Z
19649,2,"I felt a great disturbance in the Rails, as if millions of core extensions suddenly cried out in terror and were suddenly put to better use.""",2009-04-22 13:49:51,Aupajo,rails,rails,ab321268f86d9013cbd4ecd0b5f46e7b05ec55a9,Aupajo,14123,"I felt a great disturbance in the Rails, as if millions of core extensions suddenly cried out in terror and were suddenly put to better use.
",2009-04-23T01:49:51Z,2009-04-23T01:49:51Z
19018,2,"Yeah, this seems odd.""",2009-04-16 09:56:30,norbert,rails,rails,256b0ee8e3c1610967dfc89f864e24b98ed3c236,norbert,440,"Yeah, this seems odd.
",2009-04-16T21:56:30Z,2009-04-16T21:56:30Z
26787,2,"This is really terrible - changing :private to :public without any deprecation warning?  Not cool.""",2009-08-04 05:44:26,spencermiles,rails,rails,f2a32bd0dedf11021027e36cc2c99f97434cae17,spencermiles,4833,"This is really terrible - changing :private to :public without any deprecation warning?  Not cool.
",2009-08-04T17:44:26Z,2009-08-04T17:44:26Z
15494,2,"fast fingers fail :( Anyway, I hope you get the point.""",2009-02-24 13:24:00,splattael,rails,rails,b35562f432d0807517a614a540026c2fc557e2ac,splattael,28908,"fast fingers fail :(
Anyway, I hope you get the point.
",2009-02-25T00:24:00Z,2009-02-25T00:24:00Z
12990,2,"Oh my, I fail again… http://is.gd/hqCo """,2009-01-27 08:12:33,alloy,rails,rails,a1ac635d9655cd26f86593263c3e9b956d330141,alloy,2320,"Oh my, I fail again… http://is.gd/hqCo
",2009-01-27T19:12:33Z,2009-01-27T19:12:33Z
13485,2,"arg :( why's that?""",2009-02-01 06:23:12,svenfuchs,rails,rails,104898fcb7958bcb69ba0239d6de8aa37f2da9ba,svenfuchs,2208,"arg :( why's that?
",2009-02-01T17:23:12Z,2009-02-01T17:23:12Z
10134,2,"yeah. I also liked the way it was.  I think that the default 404 is going to cause the most confusion, It makes me think """"I dont want to return a 404!"""", and I'd probably delete it.  Saying that, a magical """"super"""" is probably equally as brittle.  A""",2008-12-17 08:59:24,matthewrudy,rails,rails,61a41154f7d50099da371e0d2f22fd25ab9113c2,matthewrudy,8659,"yeah.
I also liked the way it was.

I think that the default 404 is going to cause the most confusion,
It makes me think ""I dont want to return a 404!"",
and I'd probably delete it.

Saying that, a magical ""super"" is probably equally as brittle.

Anyway,
its good stuff.
",2008-12-17T19:59:24Z,2008-12-17T19:59:24Z
8945,2,"Too bad you're still using REXML :(""",2008-11-30 11:01:42,wycats,rails,rails,fea8d9d06ffaf85eb9e590ae3ac7cf082ad0c420,wycats,4,"Too bad you're still using REXML :(
",2008-11-30T22:01:42Z,2008-11-30T22:01:42Z
5491,2,"Why was this reverted? :(""",2008-09-11 00:08:43,habermann24,rails,rails,9994f0d90248db7d7eae36f0b597a15e8a427612,haberbyte,7480,"Why was this reverted? :(
",2008-09-11T12:08:43Z,2008-09-11T12:08:43Z
5327,2,"argh.  sorry for the double post, timed out on the first.""",2008-09-07 16:55:11,acf,rails,rails,83c6ba18899a9f797d79726ca0078bdf618ec3d4,acf,218,"argh.  sorry for the double post, timed out on the first.
",2008-09-08T04:55:11Z,2008-09-08T04:55:11Z
3733,2,"I don't know if it's just early or what, but I can't tell if this is supposed to be sarcasm or not. :-\""",2008-07-24 00:47:46,nbibler,rails,rails,55adaa2efc08c892bf7be55d79ac571848068256,nbibler,3775,"I don't know if it's just early or what, but I can't tell if this is supposed to be sarcasm or not. :-\
",2008-07-24T12:47:46Z,2008-07-24T12:47:46Z
2838,2,"Oops like Josh sent to me in a private message, render_file was already deprecated earlier. My bad!""",2008-06-25 13:43:38,chuyeow,rails,rails,ad772402c46a79c2d38979cef754b26dbd868196,chuyeow,213,"Oops like Josh sent to me in a private message, render_file was already deprecated earlier. My bad!
",2008-06-26T01:43:38Z,2008-06-26T01:43:38Z
2381,2,"ok, no idea how to format code blocks in github comments :-/""",2008-06-13 01:55:36,tsaleh,rails,rails,f74ba37f4e4175d5a1b31da59d161b0020b58e94,tammersaleh,2016,"ok, no idea how to format code blocks in github comments :-/
",2008-06-13T13:55:36Z,2008-06-13T13:55:36Z
2075,2,"About my comment above: it's actually .merge, sorry. My mistake.""",2008-06-06 00:52:35,Roman2K,rails,rails,e2c49e6a59f1b969a526586a3dd4dfd9c6f12b10,Roman2K,2480,"About my comment above: it's actually .merge, sorry. My mistake.
",2008-06-06T12:52:35Z,2008-06-06T12:52:35Z
1909,2,"We get shit for that (performance). Looks much nicer but I guess you don't need it for really low level stuff like this.""",2008-06-02 11:31:23,josh,rails,rails,952ec79bec313e0001adfc8c86f7970448d32db9,josh,137,"We get shit for that (performance). Looks much nicer but I guess you don't need it for really low level stuff like this.
",2008-06-02T23:31:23Z,2008-06-02T23:31:23Z
1785,2,"This kind of makes this commit (http://github.com/rails/rails/commit/888d5059bdb71e6d034d0c09d7e3b3e235fd8507) useless..""",2008-05-30 01:10:09,DefV,rails,rails,2ce1be3ac4823ccdfbe36ff5548a562aa5106d2e,DefV,3363,"This kind of makes this commit (http://github.com/rails/rails/commit/888d5059bdb71e6d034d0c09d7e3b3e235fd8507) useless..
",2008-05-30T13:10:09Z,2008-05-30T13:10:09Z
1935,2,"sorry for the bad formatted code...""",2008-06-03 01:33:32,EppO,rails,rails,4a07103687084496b773e18a03b1f2f5e686f7ad,EppO,6111,"sorry for the bad formatted code...
",2008-06-03T13:33:32Z,2008-06-03T13:33:32Z
991,2,"Oh, sorry... It's patch. :( In short: activerecord/lib/active_record/connection_adapters/postgresql_adapter.rb:856 add """"unless @config[:database] == ‘template1’"""" """,2008-05-08 00:16:55,eagleas,rails,rails,c26d10563eaa29961ae895a9fbe3afae7d24a9b1,eagleas,9677,"Oh, sorry... It's patch. :(
In short: activerecord/lib/active_record/connection_adapters/postgresql_adapter.rb:856
add ""unless @config[:database] == ‘template1’""
",2008-05-08T12:16:55Z,2008-05-08T12:16:55Z
138,2,"You're a nasty code smell.""",2008-04-12 06:00:58,joevandyk,rails,rails,9a7ab8b05b748932d25d3e05a3d09600afa99f7b,joevandyk,1179,"You're a nasty code smell.
",2008-04-12T18:00:58Z,2008-04-12T18:00:58Z
135,2,"If you mean #any_instance, you were better off not knowing.  It's a nasty code smell.""",2008-04-12 04:54:27,tomafro,rails,rails,9a7ab8b05b748932d25d3e05a3d09600afa99f7b,tomafro,1287,"If you mean #any_instance, you were better off not knowing.  It's a nasty code smell.
",2008-04-12T16:54:27Z,2008-04-12T16:54:27Z
318,2,"(apologies for the weird formatting there, i didn't realise it was going to use Markdown...)""",2008-04-15 08:47:51,lazyatom,rails,rails,9a7ab8b05b748932d25d3e05a3d09600afa99f7b,lazyatom,145,"(apologies for the weird formatting there, i didn't realise it was going to use Markdown...)
",2008-04-15T20:47:51Z,2008-04-15T20:47:51Z
196,2,"Most users has winrar installed, which afaik has some command line interface. A bit weird to rely on winrar, though.""",2008-04-13 04:36:06,augustl,rails,rails,4b17082107aced980fc4b511028ee763247bc5ab,augustl,375,"Most users has winrar installed, which afaik has some command line interface. A bit weird to rely on winrar, though.
",2008-04-13T16:36:06Z,2008-04-13T16:36:06Z
2460,2,"And WOW, how the crap did _that_ happen? Apologies for the double-post. I blame sunspots.""",2008-06-15 10:56:05,ddemaree,rails,rails,e8170805df1a32119db9d328daee1239b338ac71,ddemaree,965,"And WOW, how the crap did _that_ happen? Apologies for the double-post. I blame sunspots.
",2008-06-15T22:56:05Z,2008-06-15T22:56:05Z
2795,2,"The Rails core devs are starting to sound like debian core devs. Epeen ftl =/""",2008-06-24 09:00:25,augustl,rails,rails,e8170805df1a32119db9d328daee1239b338ac71,augustl,375,"The Rails core devs are starting to sound like debian core devs. Epeen ftl =/
",2008-06-24T21:00:25Z,2008-06-24T21:00:25Z
67561,2,"Ah my bad, seems it's been fixed, the current version of the docs online http://api.rubyonrails.org/classes/ActiveSupport/CoreExtensions/Time/Calculations.html still have this wrong""",2010-04-17 11:00:09,donaldpiret,rails,rails,d84846a636fbc180b3d6fcf52aa8559e1b7bb960,donaldpiret,35408,"Ah my bad, seems it's been fixed, the current version of the docs online http://api.rubyonrails.org/classes/ActiveSupport/CoreExtensions/Time/Calculations.html still have this wrong
",2010-04-17T23:00:09Z,2010-04-17T23:00:09Z
5765,2,"I'm shocked and appalled by the change.  Please revert the entry for Taiwan to """"Taiwan"""", which follows the standard practice of every major, important and recognized web site and software service of the world. Neither Amazon, IBM, Microsoft or Apple, to """,2008-09-18 04:48:39,lukhnos,rails,rails,3353b85b0eae76bf36ae7c2f7b6adc1863278a8e,lukhnos,25210,"I'm shocked and appalled by the change.

Please revert the entry for Taiwan to ""Taiwan"", which follows the standard practice of every major, important and recognized web site and software service of the world. Neither Amazon, IBM, Microsoft or Apple, to name a few, uses the term above in the latest commit.
",2008-09-18T16:48:39Z,2008-09-18T16:48:39Z
5769,2,"I don't see any benefit for the community to get involved into this highly controversial issue. The name itself is very political and brings nothing but argument. No one would ever introduce his friends from Taiwan as """"from Taiwan, Province of China"""", so w""",2008-09-18 05:31:45,pesty,rails,rails,3353b85b0eae76bf36ae7c2f7b6adc1863278a8e,pesty,25215,"I don't see any benefit for the community to get involved into this highly controversial issue. The name itself is very political and brings nothing but argument. No one would ever introduce his friends from Taiwan as ""from Taiwan, Province of China"", so why bother to use this name anyway? To keep it simple and clear, ""Taiwan"" is definitely better than this garrulous term.
",2008-09-18T17:31:45Z,2008-09-18T17:31:45Z
5778,2,"NZKoz,  I beg to differ. You are not really answering to the issue, only beating around the bush.  You made a profound change that affects all existing web sites built upon the code, and you based your decision on that you're syncing with a standard, w""",2008-09-18 07:05:45,lukhnos,rails,rails,3353b85b0eae76bf36ae7c2f7b6adc1863278a8e,lukhnos,25210,"NZKoz,

I beg to differ. You are not really answering to the issue, only beating around the bush.

You made a profound change that affects all existing web sites built upon the code, and you based your decision on that you're syncing with a standard, which in practice and in reality is not used per se (cf. those companies I mentioned above and their policies on this issue). And your change has posed a problem to developers, web sites that built on Rails, and users of those web sites.

And I don't think you're proposing a practical solution other than being cynical. You know very clearly that this part of the code has been there in Rails since long and probably will stay, and many sites are built upon it.

If the list had a typo, I'm sure you'd have no problem fixing it presto. Writing ""Taiwan, Province of China"" is like writing a typo, because no Taiwanese would use that term to call where they are from.

We demand respect on this issue.
",2008-09-18T19:05:45Z,2008-09-18T19:05:45Z
45392,0,"This should be NodeAliasUpdatedTransportAction?""",2010-02-02 23:22:14,dmathieu,rails,rails,d236827881d119fb9ad25c81ce8e7756f1966823,dmathieu,9347,"Yay ! :)
",2010-02-03T10:22:14Z,2010-02-03T10:22:14Z
959535,0,"Also in case you need it somewhere else""",2012-02-12 23:24:19,MGPalmer,rails,rails,8775ffa37231d381cba34f0ecacb8a7bbcf0573f,MGPalmer,300129,"@pboling, That repo is dead, the nearest thing I could find is https://github.com/JackDanger/simple_memoize .
",2012-02-13T10:24:19Z,2012-02-13T10:24:19Z
8207,2,"That's weird. If I added this at some point, it was probably to fix something.""",2008-11-18 13:13:00,ryanb,rails,rails,22af62cf486721ee2e45bb720c42ac2f4121faf4,ryanb,161,"@defunkt lol, and ""this one"":http://github.com/rails/rails/commit/e8170805df1a32119db9d328daee1239b338ac71 could be second.
",2008-11-19T00:13:00Z,2008-11-19T00:13:00Z
8134,1,"Would be good to have feedback about that from all of the core team I think.""",2008-11-18 00:45:41,labria,rails,rails,fcce1f17eaf9993b0210fe8e2a8117b61a1f0f69,labria,323,"At last!
",2008-11-18T11:45:41Z,2008-11-18T11:45:41Z
8137,1,"Awesome, thanks dude""",2008-11-18 01:02:38,DarkTatka,rails,rails,22af62cf486721ee2e45bb720c42ac2f4121faf4,vsalbaba,24458,"i completely agree with this commit, 3 of 5 my applications end with this as extension anyway. 
",2008-11-18T12:02:38Z,2008-11-18T12:02:38Z
3579903,0,"Shouldn't the example say something like `<a href=\""""/foo/bar\"""">...`? Although it may be different with non-canonical routes, right now the example makes it seem like the url hash is being ignored.""",2013-07-07 09:48:33,egilburg,rails,rails,b18a27375a62b7c9848cd2dc7b5cf152ef61b62f,egilburg,242532,"Shouldn't the example say something like `<a href=\""/foo/bar\"">...`? Although it may be different with non-canonical routes, right now the example makes it seem like the url hash is being ignored.
",2013-07-07T21:48:33Z,2013-07-07T21:48:33Z
4209055,0,"This masks the original exception backtrace and outputs the true error on stderr instead of in the exception message. Instead, this should rescue the gem activation error and raise a `BcryptMissing` error with this message.  Better yeah, get rid of the r""",2013-09-29 19:38:26,jeremy,rails,rails,7e07b7bb5da02f63d830eb70aae2835aa7d024ed,jeremy,199,"This masks the original exception backtrace and outputs the true error on stderr instead of in the exception message. Instead, this should rescue the gem activation error and raise a `BcryptMissing` error with this message.

Better yeah, get rid of the runtime gem activation entirely. If it's the app's responsibility to provide bcrypt, then simple require bcrypt here.
",2013-09-30T07:38:26Z,2013-09-30T07:38:26Z
2781288,2,"Because I always forget. :'( I'll put it in next time.""",2013-03-11 07:56:35,steveklabnik,rails,rails,dbd8bec525ea690daab15084330cabeab785f06d,steveklabnik,27786,"Because I always forget. :'( I'll put it in next time.
",2013-03-11T18:56:35Z,2013-03-11T18:56:35Z
2438051,1,"As a side note, it'd be awesome if we did not rely on cookies for that, though, but I couldn't stop to think of any other way yet.""",2013-01-15 04:38:07,carlosantoniodasilva,rails,rails,dcb05f264af2ebbd3bbff6e8473ebe27771eb4f1,carlosantoniodasilva,26328,"As a side note, it'd be awesome if we did not rely on cookies for that, though, but I couldn't stop to think of any other way yet.
",2013-01-15T15:38:07Z,2013-01-15T15:38:07Z
2335470,0,"Then shouldn't `lib/action_dispatch/journey/core-ext/hash.rb` be removed as well?""",2012-12-19 11:45:59,exviva,rails,rails,dc0542f8099067476370949b39e726ec4e4ae4fc,exviva,80070,"Then shouldn't `lib/action_dispatch/journey/core-ext/hash.rb` be removed as well?
",2012-12-19T22:45:59Z,2012-12-19T22:45:59Z
2303167,0,"Actually I don't think anyone would write `.where(""""something like 'some value%'"""")`. It is more likely to be something like `.where(""""something like ?"""", params[:name])` to protect against SQL injection. For this particular case I see how """".like"""" would be use""",2012-12-13 03:37:20,rosenfeld,rails,rails,8d02afeaee8993bd0fde69687fdd9bf30921e805,rosenfeld,32246,"Actually I don't think anyone would write `.where(""something like 'some value%'"")`. It is more likely to be something like `.where(""something like ?"", params[:name])` to protect against SQL injection. For this particular case I see how "".like"" would be useful. "".ilike"" should be useful as well (I don't like the idea of using ilike for `.like` queries).

But I agree there is no need for `not_like`. Just write `.not.like`. But for those cases I'd prefer an approach like Sequel's one:

`Book.where(author_id: 3).except(publisher_id: 1)...`
",2012-12-13T14:37:20Z,2012-12-13T14:37:20Z
2081388,2,"Sorry, I forget to add reason in commit message.  This is break multiple tests in AP test suite and the failures can't resolved quickly, I tried to handle the issue using exactly in the same way that is done in the PR but I started having troubles since """,2012-10-31 04:35:08,guilleiguaran,rails,rails,4b20cd9c663a417353e4d0388189af71cc642fca,guilleiguaran,160941,"Sorry, I forget to add reason in commit message.

This is break multiple tests in AP test suite and the failures can't resolved quickly, I tried to handle the issue using exactly in the same way that is done in the PR but I started having troubles since we are depending in request.formats being an empty array and requests.formats.first being nil when a request have an unknown format in multiple places in AP, so we will need to change more stuff internally to make this work correctly.
",2012-10-31T15:35:08Z,2012-10-31T15:35:08Z
2105469,1,"You're a smart cookie @jonleighton.""",2012-11-05 12:00:40,Spaceghost,rails,rails,9e4c41c903e8e58721f2c41776a8c60ddba7a0a9,Spaceghost,251370,"You're a smart cookie @jonleighton.
",2012-11-05T23:00:40Z,2012-11-05T23:00:40Z
1551175,0,"Isn't Rails supporting Ruby 1.8 Hash syntax anymore?""",2012-07-07 06:42:26,Holek,rails,rails,ea7b48b0748a7a9c87ec9409039e3e436bbe51fc,Holek,339861,"Isn't Rails supporting Ruby 1.8 Hash syntax anymore?
",2012-07-07T18:42:26Z,2012-07-07T18:42:26Z
1464554,1,"Oh forget it, `config_attribute` is being defined below :)""",2012-06-15 06:18:56,carlosantoniodasilva,rails,rails,e030f26ad3de98205edec9d8b59ecca9508cb57d,carlosantoniodasilva,26328,"Oh forget it, `config_attribute` is being defined below :)
",2012-06-15T18:18:56Z,2012-06-15T18:19:03Z
1415543,0,"I prefer the old style. I think Ruby went backward with the new hash syntax.  But, make :development a string, then it looks better.  ```ruby gem 'capistrano', group: 'development' ```""",2012-06-04 16:13:04,KieranP,rails,rails,5db367a7fe528c33bc02a066e633c3e700496ac7,KieranP,16620,"I prefer the old style. I think Ruby went backward with the new hash syntax.

But, make :development a string, then it looks better.

``` ruby
gem 'capistrano', group: 'development'
```
",2012-06-05T04:13:04Z,2012-06-05T04:13:04Z
1703886,1,"@grumpit and @drogus thanks for the replies.  I still think the fluid form reveals the intention better than a where clause with a hash, even though I'm usually all for shorter code :-)""",2012-08-12 13:44:21,JeffCohen,rails,rails,103ce300ec7507d235ca31efe61033f0b7a601c0,JeffCohen,8117,"@grumpit and @drogus thanks for the replies.  I still think the fluid form reveals the intention better than a where clause with a hash, even though I'm usually all for shorter code :-)
",2012-08-13T01:44:21Z,2012-08-13T01:44:21Z
1266202,0,"@oriolgual there already is https://github.com/oscardelben/words-about-code/blob/master/2012/04/rails-internals-secure-password.md""",2012-04-27 00:51:07,oscardelben,rails,rails,adff4a706a5d7ad18ef05303461e1a0d848bd662,oscardelben,3892,"@oriolgual there already is https://github.com/oscardelben/words-about-code/blob/master/2012/04/rails-internals-secure-password.md
",2012-04-27T12:51:07Z,2012-04-27T12:51:07Z
2328598,2,"Unfortunately, I found someone using this [in the wild](https://github.com/nbudin/devise_cas_authenticatable/blob/master/lib/devise_cas_authenticatable/routes.rb#L16).  I'll file a ticket up stream, but should we make this a warning?""",2012-12-18 12:05:00,tenderlove,rails,rails,56cdc81c08b1847c5c1f699810a8c3b9ac3715a6,tenderlove,3124,"Unfortunately, I found someone using this [in the wild](https://github.com/nbudin/devise_cas_authenticatable/blob/master/lib/devise_cas_authenticatable/routes.rb#L16).  I'll file a ticket up stream, but should we make this a warning?
",2012-12-18T23:05:00Z,2012-12-18T23:05:00Z
1144883,0,"I agree with the concept of the change that scopes should be encapsulated in a proc/block in order to prevent errors from execution  However, why is the method signature of 'scope' and 'default_scope' so different?  They should both either take a block or """,2012-03-28 07:23:28,drewblas,rails,rails,0a12a5f8169685915cbb7bf4d0a7bb482f7f2fd2,drewblas,4666,"I agree with the concept of the change that scopes should be encapsulated in a proc/block in order to prevent errors from execution  However, why is the method signature of 'scope' and 'default_scope' so different?  They should both either take a block or a lambda (or both).  But instead, scope takes a block and does something **totally** different with it.  Either they should both do the same thing with the block or not take a block at all.  Otherwise it becomes very confusing to track which method accepts which format.
",2012-03-28T19:23:28Z,2012-03-28T19:23:28Z
1090474,0,"The problem is that we haven't specified a public API but the documentation and examples show it is ok to inherit from the sanitizer and override a method like `process_removed_attributes`. Considering that many people are writing plugins due to the mass a""",2012-03-15 07:07:44,josevalim,rails,rails,eb8f0ddb67440d26eb0e179a0c43df8ea2a53b1e,josevalim,9582,"The problem is that we haven't specified a public API but the documentation and examples show it is ok to inherit from the sanitizer and override a method like `process_removed_attributes`. Considering that many people are writing plugins due to the mass assignment issue, I don't think we should change this API.

Also, it makes the error messages worse, because know we just know which attributes are being mass assigned one by one, instead of having the whole list at once.

Maybe we could optimize the debug method in some other way?
",2012-03-15T18:07:44Z,2012-03-15T18:07:44Z
1040691,0,"@Tie-fighter That's the thing: he should have reported, not exploited. What if everyone at GitHub had had a day off today? GitHub would be open to be exploited by anyone. He would've been able to get his point across just as well, were he to post a blogpos""",2012-03-04 09:05:35,DouweM,rails,rails,b83965785db1eec019edf1fc272b1aa393e6dc57,DouweM,159434,"@Tie-fighter That's the thing: he should have reported, not exploited. What if everyone at GitHub had had a day off today? GitHub would be open to be exploited by anyone. He would've been able to get his point across just as well, were he to post a blogpost on this tomorrow, after the vulnerabilities had been fixed.
",2012-03-04T20:05:35Z,2012-03-04T20:07:06Z
1040707,2,"@Tie-fighter How is deleting posts, posting as other people and commiting into repos you're not allowed in not exploiting vulnerabilities? Sure, he didn't do any real harm (except to the deleted post), but IMO the right course of action would have been to """,2012-03-04 09:11:08,DouweM,rails,rails,b83965785db1eec019edf1fc272b1aa393e6dc57,DouweM,159434,"@Tie-fighter How is deleting posts, posting as other people and commiting into repos you're not allowed in not exploiting vulnerabilities? Sure, he didn't do any real harm (except to the deleted post), but IMO the right course of action would have been to report this stuff to GitHub, and only announce it to the public after GitHub had had time to fix it. I can't think of a single way in which what he did was a ""better"" thing to do.

And you're asking if/how I know how he did it? Read through his last couple of posts, it's pretty clear he's exploiting models where GitHub forgot to protect attributes for mass-assignment by defining `attr_accessible`/`attr_protected`. And no, I can't reproduce it as [GitHub fixed it pretty quickly](https://github.com/rails/rails/commit/b83965785db1eec019edf1fc272b1aa393e6dc57#commitcomment-1040449) after the commit we're now commenting on was pushed.
",2012-03-04T20:11:08Z,2012-03-04T20:13:49Z
1040765,0,"@DouweM I think exploiting is (in this context) when you use a vulnerability to (""""to"""" as in """"on purpose, not by accident or carelessness"""") achieve a personal gain or inflict a loss on somebody else. I consider what he did is a proof-of-concept, he demonstr""",2012-03-04 09:33:32,Tie-fighter,rails,rails,b83965785db1eec019edf1fc272b1aa393e6dc57,Tie-fighter,170315,"@DouweM I think exploiting is (in this context) when you use a vulnerability to (""to"" as in ""on purpose, not by accident or carelessness"") achieve a personal gain or inflict a loss on somebody else. I consider what he did is a proof-of-concept, he demonstrated the vulnerability (doing so _without_ using the exploit is impossible (and doing so does not constitute malevolence)).
",2012-03-04T20:33:32Z,2012-03-04T20:33:32Z
1040783,2,"@DouweM But if it were his own repositories and posts he would be allowed to delete and commit... And if he created a second account we would have probably violated the ToS as well and somebody would hang him for that... dafuq dude :(  bbl...""",2012-03-04 09:42:36,Tie-fighter,rails,rails,b83965785db1eec019edf1fc272b1aa393e6dc57,Tie-fighter,170315,"@DouweM But if it were his own repositories and posts he would be allowed to delete and commit...
And if he created a second account we would have probably violated the ToS as well and somebody would hang him for that...
dafuq dude :(

bbl...
",2012-03-04T20:42:36Z,2012-03-04T20:42:36Z
1040790,2,"What would seem to be going on here, is that he was banned because github feels humiliated about what happened here (see how popular this is on Y combinator's hacker news?), and is reacting emotionally or trying to save face at the expense of the truth.  """,2012-03-04 09:46:36,anfurny,rails,rails,b83965785db1eec019edf1fc272b1aa393e6dc57,its-your-favorite,1141879,"What would seem to be going on here, is that he was banned because github feels humiliated about what happened here (see how popular this is on Y combinator's hacker news?), and is reacting emotionally or trying to save face at the expense of the truth. 

It's nearly impossible to argue that what homakov did was more harm than good for the developer community. This looks like a cut and dry political move by GitHub of villifying somebody who has demonstrated your weakness in a way to downplay your own responsibility.

I think what happened here is even preferable to it going through the reported channels, and silently being fixed, without attention being drawn to the larger issue here (i.e. rails security). Good for you, homakov, don't let anybody take out their defensiveness over their coding incompetence on you. 
",2012-03-04T20:46:36Z,2012-03-04T20:46:36Z
1040908,0,"![](http://img689.imageshack.us/img689/7277/15620874.jpg)""",2012-03-04 10:31:30,Lockal,rails,rails,b83965785db1eec019edf1fc272b1aa393e6dc57,AngryLoki,108563,"![](http://img689.imageshack.us/img689/7277/15620874.jpg)
",2012-03-04T21:31:30Z,2012-03-04T21:31:30Z
1041043,0,"I'll just add a couple of points, in case this is still relevant:-  * Regardless of whether you think Rails should handle this differently, this is not a """"0 day attack"""" or an exploit of a """"Rails security hole"""". The mechanism to secure Github is there wit""",2012-03-04 11:32:12,konklone,rails,rails,b83965785db1eec019edf1fc272b1aa393e6dc57,konklone,4592,"I'll just add a couple of points, in case this is still relevant:-
- Regardless of whether you think Rails should handle this differently, this is not a ""0 day attack"" or an exploit of a ""Rails security hole"". The mechanism to secure Github is there without any code changes to Rails, which is how Github could fix it within minutes. Exploiting a vulnerability and violating a site's TOS, at least as far as keeping one's account privileges, is a really serious action that requires serious justification. If this were actual 0day, it might plausibly be defensible, depending on the circumstances.
- Rails has chosen a pattern which makes it more likely that even a foundational Rails site built by some of the most experienced Rails developers in the world is susceptible to unauthorized data entry. This is an obvious problem, and it reflects poorly on the Rails development team that they wouldn't take it seriously up until now. It's hard to get away from the feeling that as experienced Rails devs themselves, they simply could not empathize with the broader Rails community and chose to blame any vulnerabilities on the incompetence of individual developers.

There is a problem here, but vilifying the Rails framework as having an 0day flaw, or heroizing @homakov for sticking it to the Rails team, are both wrong. It's not black and white, and all we can do is take the conversation to the Rails core team to figure out where to go from here. @wycats is trying to start that process now. 

How Github deals with @homakov's account is entirely up to them, and they're well within their rights to terminate his account.
",2012-03-04T22:32:12Z,2012-03-04T22:32:12Z
1041147,1,"if i were github, i'd send this guy truckloads of flowers, booze and money for saving their asses. if @homakov sold that exploit on a blackhat market, github -- and its paying customers -- would be in some really deep shit, maybe even on the brink of bankr""",2012-03-04 12:09:46,tomash,rails,rails,b83965785db1eec019edf1fc272b1aa393e6dc57,tomash,38259,"if i were github, i'd send this guy truckloads of flowers, booze and money for saving their asses. if @homakov sold that exploit on a blackhat market, github -- and its paying customers -- would be in some really deep shit, maybe even on the brink of bankrupcy (imagine all the lawsuits for private code stealings). so, this man is a hero and should be treated like one.

now's the time to get some sleep in my timezone, but i expect the upcoming monday to be pretty shitty for many maintainers of rails apps that also sport similar security hole. i'll start the day with checking my own apps for this, actually.
",2012-03-04T23:09:46Z,2012-03-04T23:09:46Z
1041826,0,"Actually, this one is hacked by Lei Feng from China.                                                         Mar 5 2012""",2012-03-04 19:41:52,i3zhe,rails,rails,b83965785db1eec019edf1fc272b1aa393e6dc57,i3zhe,1071138,"Actually, this one is hacked by Lei Feng from China.

```
                                                   Mar 5 2012
```
",2012-03-05T06:41:52Z,2012-03-05T06:41:52Z
1042508,0,"put this in your initializer and forget all about it:       ActiveRecord::Base.send(:attr_accessible, nil)""",2012-03-04 23:46:08,madsheep,rails,rails,b83965785db1eec019edf1fc272b1aa393e6dc57,madsheep,57415,"put this in your initializer and forget all about it: 

```
ActiveRecord::Base.send(:attr_accessible, nil)
```
",2012-03-05T10:46:08Z,2012-03-05T11:01:49Z
1056689,2,"He can hack...but can he spell?""",2012-03-07 15:03:14,jsauve,rails,rails,b83965785db1eec019edf1fc272b1aa393e6dc57,jsauve,55351,"He can hack...but can he spell?
",2012-03-08T02:03:14Z,2012-03-08T02:03:14Z
885040,0,"This changes the meaning of the code, aside from the switch from private to public.  The original code uses delegation to make `#attribute` always do whatever `#read_attribute` currently does — so if the behaviour of `#read_attribute` is later wrapped or""",2012-01-19 20:29:55,tomstuart,rails,rails,be7d2248e9505983d1aacf0b33c657e6e3ddd9db,tomstuart,3192,"This changes the meaning of the code, aside from the switch from private to public.

The original code uses delegation to make `#attribute` always do whatever `#read_attribute` currently does — so if the behaviour of `#read_attribute` is later wrapped or overridden, `#attribute` changes too — but `alias` binds `#attribute` to the _original_ definition of `#read_attribute`, so these two methods will go out of sync if the behaviour of `#read_attribute` is modified. This could cause bugs if `#attribute` is now part of the public API.

See #4408 for a related problem.
",2012-01-20T07:29:55Z,2012-01-20T07:29:55Z
824884,1,"Very nice!  I'm quite sure I'll forget about this by the time I would need it, though;-) Could you add some words to the CHANGELOG so people notice this little gem?""",2011-12-28 09:05:01,huerlisi,rails,rails,1877cf9b2a3e21bb77f33b28f9c42cc1071872a0,huerlisi,11375,"Very nice!

I'm quite sure I'll forget about this by the time I would need it, though;-) Could you add some words to the CHANGELOG so people notice this little gem?
",2011-12-28T20:05:01Z,2011-12-28T20:05:01Z
2760374,0,"Rails is decidedly in favor of the Ruby 1.9 syntax. For the most part, Rubyists and Rails-ists tend to use plain symbols for keys in hashes, not objects. I don't see any places recommending other objects as keys, only a few people deciding to use it that w""",2013-03-07 06:19:59,mattdbridges,rails,rails,9cf38be008aff555b3aecc53a6f18800cea30a71,mdespuits,442443,"Rails is decidedly in favor of the Ruby 1.9 syntax. For the most part, Rubyists and Rails-ists tend to use plain symbols for keys in hashes, not objects. I don't see any places recommending other objects as keys, only a few people deciding to use it that way.

Rails is opinionated.
",2013-03-07T17:19:59Z,2013-03-07T17:19:59Z
791465,0,"Bro, we are freezing the hash otherwise Ruby is going to dup it internally in order to use it as key. Since _set_detail is unlikely to be called after the first template is rendered, the freeze version should perform better. amirite?""",2011-12-13 08:39:20,josevalim,rails,rails,9d87a67590c05114d88eccd6a856d2f054860cdb,josevalim,9582,"Bro, we are freezing the hash otherwise Ruby is going to dup it internally in order to use it as key. Since _set_detail is unlikely to be called after the first template is rendered, the freeze version should perform better. amirite?
",2011-12-13T19:39:20Z,2011-12-13T19:39:20Z
1653614,0,"Testing with a less pathological case, the `#encode` implementation is slower, but avoids tons of object allocations: ``` #s = [192, 60].pack('CC') + '<>&""""' s = '<script>alert(""""foo & bar & baz"""");</script> Laborum next level organic nihil cardigan.' ```  ``""",2012-07-31 07:15:20,jeremy,rails,rails,63cd9432265a32d222353b535d60333c2a6a5125,jeremy,199,"Testing with a less pathological case, the `#encode` implementation is slower, but avoids tons of object allocations:

```
#s = [192, 60].pack('CC') + '<>&""'
s = '<script>alert(""foo & bar & baz"");</script> Laborum next level organic nihil cardigan.'
```

```
  original    85 chars:     12.3ms elapsed      16786 objects
 new_range    85 chars:     32.0ms elapsed       7827 objects
    new_tr    85 chars:     37.2ms elapsed       8680 objects
 new_slice    85 chars:     29.7ms elapsed       8682 objects
new_delete    85 chars:     30.5ms elapsed       7681 objects
  new_gsub    85 chars:     37.3ms elapsed      12680 objects
  original   850 chars:     85.2ms elapsed      88681 objects
 new_range   850 chars:    207.9ms elapsed       7682 objects
    new_tr   850 chars:    208.6ms elapsed       8681 objects
 new_slice   850 chars:    206.8ms elapsed       8683 objects
new_delete   850 chars:    205.5ms elapsed       7682 objects
  new_gsub   850 chars:    221.2ms elapsed      12681 objects
  original  8500 chars:    779.1ms elapsed     808682 objects
 new_range  8500 chars:   1997.9ms elapsed       7666 objects
    new_tr  8500 chars:   1989.3ms elapsed       8665 objects
 new_slice  8500 chars:   1944.1ms elapsed       8650 objects
new_delete  8500 chars:   1971.8ms elapsed       7649 objects
  new_gsub  8500 chars:   2042.0ms elapsed      12648 objects
  original 85000 chars:   8290.6ms elapsed    8008649 objects
 new_range 85000 chars:  19767.9ms elapsed       7649 objects
    new_tr 85000 chars:  20028.2ms elapsed       8241 objects
 new_slice 85000 chars:  19592.8ms elapsed       8243 objects
new_delete 85000 chars:  19884.5ms elapsed       7242 objects
  new_gsub 85000 chars:  20066.4ms elapsed      12241 objects
```
",2012-07-31T19:15:20Z,2012-07-31T19:15:20Z
1174288,0,"i just hit an issue with this code today - https://github.com/ahoward/rails_default_url_options/pull/1 - and also - https://github.com/customink/central_logger/pull/28  it's faster, but it breaks the interface completely: passing HashWithIndifferntAcess """,2012-04-04 08:10:30,ahoward,rails,rails,c41f08cefe6fa3747ee79001d9c88dc988e8064d,ahoward,6094,"i just hit an issue with this code today - https://github.com/ahoward/rails_default_url_options/pull/1 - and also - https://github.com/customink/central_logger/pull/28

it's faster, but it breaks the interface completely: passing HashWithIndifferntAcess or a Map will break badly since the target of symbolize_keys is reversed ;-/
",2012-04-04T20:10:30Z,2012-04-04T20:10:30Z
780851,0,"In the case of options is present, this will slow down a little bit:  ``` ruby require 'benchmark' require 'active_support/core_ext/hash/keys' require 'active_support/core_ext/object/try'  options = {}  puts Benchmark.realtime { 1_000_000.times { (options """,2011-12-08 15:24:56,sobrinho,rails,rails,c41f08cefe6fa3747ee79001d9c88dc988e8064d,sobrinho,26460,"In the case of options is present, this will slow down a little bit:

``` ruby
require 'benchmark'
require 'active_support/core_ext/hash/keys'
require 'active_support/core_ext/object/try'

options = {}

puts Benchmark.realtime { 1_000_000.times { (options || {}).symbolize_keys } }
puts Benchmark.realtime { 1_000_000.times { (options.try(:symbolize_keys) || {}) } }
```

```
0.923583
1.240442
```
",2011-12-09T02:24:56Z,2011-12-09T02:24:56Z
777406,0,"@josevalim it consumes less memory when the strings are keys to a hash.  If the keys are strings, hashes will dup them unless they are frozen.  ```ruby  require 'minitest/autorun'  class HashTest < MiniTest::Unit::TestCase   def test_hash_key_dups """,2011-12-07 10:44:48,tenderlove,rails,rails,12be0a59856d4f92a85c479843e296342be47789,tenderlove,3124,"@josevalim it consumes less memory when the strings are keys to a hash.  If the keys are strings, hashes will dup them unless they are frozen.

``` ruby

require 'minitest/autorun'

class HashTest < MiniTest::Unit::TestCase
  def test_hash_key_dups
    x = ""hi mom""
    z = { x => :y }
    refute_equal x.object_id, z.keys.first.object_id
  end

  ###
  # Freezing prevents hashes from duping strings when strings are keys.
  def test_frozen_does_not_dup
    x = ""hi mom"".freeze
    z = { x => :y }
    assert_equal x.object_id, z.keys.first.object_id
  end
end
```
",2011-12-07T21:44:48Z,2011-12-07T21:44:48Z
765085,0,"You may even remove `&block` from signature and use `Proc.new` instead of `&block` in a place where it's passed through. Of course, that would make the code more unobvious, but will avoid expensive implicit `to_proc` in half of the cases.  Just a thought""",2011-12-02 09:40:34,dmitriy-kiriyenko,rails,rails,3a967806ad9cb8e319edf90a88dae1fb1eb35935,dmitriy-kiriyenko,124430,"You may even remove `&block` from signature and use `Proc.new` instead of `&block` in a place where it's passed through. Of course, that would make the code more unobvious, but will avoid expensive implicit `to_proc` in half of the cases.

Just a thought, relevant to ""yield > block.call"".
",2011-12-02T20:40:34Z,2011-12-02T20:41:07Z
765171,0,"Yeah, I got it. To get the api integrity.""",2011-12-02 10:07:13,dmitriy-kiriyenko,rails,rails,ee45823072cb21cfca623ff45792ef381774e32d,dmitriy-kiriyenko,124430,"Yeah, I got it. To get the api integrity.
",2011-12-02T21:07:13Z,2011-12-02T21:07:13Z
833463,0,"I think it could be better to use `case` instead of `if` because it is easier to extend, it could catch errors (when it is not a hash nor a record), and it could be easier to read.  ``` ruby case record_or_options  when Hash    options = record_or_options """,2012-01-03 02:07:54,eloyesp,rails,rails,218c2729384be487b7b743a58ac39753cb5a8856,eloyesp,173797,"I think it could be better to use `case` instead of `if` because it is easier to extend, it could catch errors (when it is not a hash nor a record), and it could be easier to read.

``` ruby
case record_or_options
 when Hash
   options = record_or_options
   options.assert_valid_keys(:etag, :last_modified, :public)
  when ActiveRecord::Base
    record  = record_or_options
    options = { :etag => record, :last_modified => record.try(:updated_at) }.merge(additional_options)
  else
    raise ArgumentError, ""It must be a Hash or a Record""
end
```
",2012-01-03T13:07:54Z,2012-01-03T13:07:54Z
836685,1,"thanks! I've learned something today. :)  ``` ruby case record_or_options when Hash   options = record_or_options   options.assert_valid_keys(:etag, :last_modified, :public) else   record  = record_or_options   options = { :etag => record, :last_modified =""",2012-01-04 01:11:12,eloyesp,rails,rails,218c2729384be487b7b743a58ac39753cb5a8856,eloyesp,173797,"thanks! I've learned something today. :)

``` ruby
case record_or_options
when Hash
  options = record_or_options
  options.assert_valid_keys(:etag, :last_modified, :public)
else
  record  = record_or_options
  options = { :etag => record, :last_modified => record.try(:updated_at) }.merge(additional_options)
end
```
",2012-01-04T12:11:12Z,2012-01-04T12:11:12Z
676741,0,"How about keeping the duck typing, but simply blacklist `String` instances? `respond_to?(:each) && !is_a?(String)` kinda thing.""",2011-10-26 05:58:27,alindeman,rails,rails,902764379838d0d2b98e262c4039b7069cada3f8,alindeman,395621,"How about keeping the duck typing, but simply blacklist `String` instances? `respond_to?(:each) && !is_a?(String)` kinda thing.
",2011-10-26T17:58:27Z,2011-10-26T17:58:27Z
661952,0,"This is not thread safe. We should probably keep a hash where the key is the thread id and the tags the values.""",2011-10-19 06:12:08,josevalim,rails,rails,afde6fdd5ef3e6b0693a7e330777e85ef4cffddb,josevalim,9582,"This is not thread safe. We should probably keep a hash where the key is the thread id and the tags the values.
",2011-10-19T18:12:08Z,2011-10-19T18:12:08Z
650678,0,"@flippingbits: Actually, yes. The values in the Hash are stored in AR serialization in the format they arrive in. So if you set an integer in your tests / console you're fine. But when you're getting input from a rails form, it'll be a String because no ma""",2011-10-13 10:15:29,colszowka,rails,rails,85b64f98d100d37b3a232c315daa10fad37dccdc,colszowka,13972,"@flippingbits: Actually, yes. The values in the Hash are stored in AR serialization in the format they arrive in. So if you set an integer in your tests / console you're fine. But when you're getting input from a rails form, it'll be a String because no magic typecasting happens like with proper AR attributes. The worst thing about this are Booleans. Those arrive as ""1"" or """" from checkboxes in the form (I think, not 100% sure) by default and therefore you need to pre-process them manually to have true/false in your settings store. So a massive +1 on explicit typecasting based upon AR's column type casting mechanisms. I think it'd be possible to give this either an array or as @kurko propsed (with wrong brackets ;) a hash so people could still screw typecasting if they'd rather bother with the mess :)
",2011-10-13T22:15:29Z,2011-10-13T22:15:29Z
566567,1,"Sounds like we have a volunteer to maintain bcrypt-ruby!""",2011-09-02 05:41:30,tenderlove,rails,rails,67790644372ad3a771810f1d6d99687d795789ea,tenderlove,3124,"Sounds like we have a volunteer to maintain bcrypt-ruby!
",2011-09-02T17:41:30Z,2011-09-02T17:41:30Z
566587,0,"@guilleiguaran if you are going to revise it, I think it would also be a good idea to add a comment in has_secure_password itself, explaining why the gem call is there.""",2011-09-02 05:49:59,fxn,rails,rails,67790644372ad3a771810f1d6d99687d795789ea,fxn,3387,"@guilleiguaran if you are going to revise it, I think it would also be a good idea to add a comment in has_secure_password itself, explaining why the gem call is there.
",2011-09-02T17:49:59Z,2011-09-02T17:50:14Z
580109,2,"Without checking the version, we must make our code compatible with every version of bcrypt-ruby.  That is *very* bad.  I'd rather just remove brcypt all together than support every version.""",2011-09-09 06:50:13,tenderlove,rails,rails,67790644372ad3a771810f1d6d99687d795789ea,tenderlove,3124,"Without checking the version, we must make our code compatible with every version of bcrypt-ruby.  That is _very_ bad.  I'd rather just remove brcypt all together than support every version.
",2011-09-09T18:50:13Z,2011-09-09T18:50:13Z
580160,0,"Perhaps move `has_secure_password` to a new gem `activemodel-bcrypt`, which gets added by default to newly-generated `Gemfiles`? Until rubygems adds optional runtime dependencies....""",2011-09-09 07:15:34,yfeldblum,rails,rails,67790644372ad3a771810f1d6d99687d795789ea,yfeldblum,169419,"Perhaps move `has_secure_password` to a new gem `activemodel-bcrypt`, which gets added by default to newly-generated `Gemfiles`? Until rubygems adds optional runtime dependencies....
",2011-09-09T19:15:34Z,2011-09-09T19:15:34Z
580151,0,"@yfeldblum, FYI the message raised if you don't have bcrypt-ruby in the Gemfile is:   ```bcrypt-ruby is not part of the bundle. Add it to Gemfile.```   and the message raised if you have a wrong version (""""< 3"""" in the example) is:   ```can't activate """,2011-09-09 07:13:39,guilleiguaran,rails,rails,67790644372ad3a771810f1d6d99687d795789ea,guilleiguaran,160941,"@yfeldblum, FYI the message raised if you don't have bcrypt-ruby in the Gemfile is: 

`bcrypt-ruby is not part of the bundle. Add it to Gemfile.` 

and the message raised if you have a wrong version (""< 3"" in the example) is: 

`can't activate bcrypt-ruby (~> 3.0.0), already activated bcrypt-ruby-2.1.4. Make sure all dependencies are added to Gemfile.`

I think the messages raised by `gem` are pretty clear.
",2011-09-09T19:13:39Z,2011-09-09T19:13:39Z
580410,0,"@tenderlove appears to be involved in maintaining [coda-hale/bcrypt-ruby](https://github.com/codahale/bcrypt-ruby/commits/master). Perhaps he can add a `BCrypt::Version` constant and release bcrypt-ruby-3.1.0? Then it should be straightforward to add the `""",2011-09-09 09:15:13,yfeldblum,rails,rails,67790644372ad3a771810f1d6d99687d795789ea,yfeldblum,169419,"@tenderlove appears to be involved in maintaining [coda-hale/bcrypt-ruby](https://github.com/codahale/bcrypt-ruby/commits/master). Perhaps he can add a `BCrypt::Version` constant and release bcrypt-ruby-3.1.0? Then it should be straightforward to add the `defined?(BCrypt::Version)` check to `has_secure_password` (and possibly a version-constraint check if necessary).
",2011-09-09T21:15:13Z,2011-09-09T21:15:13Z
580576,0,"Even if rubygems is there, we cannot assume that bcrypt ruby is coming through the gem. It could as well come from vendor/bcrypt-ruby.  And we don't depend on bundler as well (that's why it is a rails gem dependency). It is simple a convenience, people a""",2011-09-09 10:58:47,josevalim,rails,rails,67790644372ad3a771810f1d6d99687d795789ea,josevalim,9582,"Even if rubygems is there, we cannot assume that bcrypt ruby is coming through the gem. It could as well come from vendor/bcrypt-ruby.

And we don't depend on bundler as well (that's why it is a rails gem dependency). It is simple a convenience, people are free to remove it from their apps.

All I am saying this code had bad assumptions. But as I am not going to use it anyway and I prefer this than a hard dependency, I am fine to drop this discussion.
",2011-09-09T22:58:47Z,2011-09-09T22:58:47Z
437711,0,"Breaks lot's of tests.   <pre>   1) Error: test_highlight_should_sanitize_input(TextHelperTest): NameError: undefined local variable or method `allowed_attributes' for #<HTML::WhiteListSanitizer:0x1010af260>     /Users/arun/checkouts/rails/actionpack""",2011-06-18 15:06:18,arunagw,rails,rails,0ce5fb8a2743042d05f8f43bf2ea6fb7924a2ce2,arunagw,3948,"Breaks lot's of tests. 

<pre>
  1) Error:
test_highlight_should_sanitize_input(TextHelperTest):
NameError: undefined local variable or method `allowed_attributes' for #<HTML::WhiteListSanitizer:0x1010af260>
    /Users/arun/checkouts/rails/actionpack/lib/action_controller/vendor/html-scanner/html/sanitizer.rb:136:in `tokenize'
    /Users/arun/checkouts/rails/actionpack/lib/action_controller/vendor/html-scanner/html/sanitizer.rb:8:in `sanitize'
    /Users/arun/checkouts/rails/actionpack/lib/action_view/helpers/sanitize_helper.rb:61:in `sanitize'
    /Users/arun/checkouts/rails/actionpack/lib/action_view/helpers/text_helper.rb:118:in `highlight'

458) Error:
test_alt_inheritance_find(InheritanceTest):
NoMethodError: undefined method `record_timestamps' for #<Firm:0xb54d8004>
</pre>
",2011-06-19T03:06:18Z,2011-06-19T03:06:18Z
775033,0,"```ruby def to_params   @to_params ||= to_hash.map do |key, value|     """"#{key}=#{value}""""   end.join(""""&"""") end ```  FTFY.""",2011-12-06 20:34:39,josevalim,rails,rails,8775ffa37231d381cba34f0ecacb8a7bbcf0573f,josevalim,9582,"``` ruby
def to_params
  @to_params ||= to_hash.map do |key, value|
    ""#{key}=#{value}""
  end.join(""&"")
end
```

FTFY.
",2011-12-07T07:34:39Z,2011-12-07T07:35:24Z
436670,0,"This doesn't seem to be in `v3.1.0.rc4` even though that was released two days after this commit. Any idea when this will make it into an RC?""",2011-06-17 10:05:19,jamesarosen,rails,rails,2684f17a17e4f97bdb89d20b4cd08585235263a2,jamesarosen,2406,"This doesn't seem to be in `v3.1.0.rc4` even though that was released two days after this commit. Any idea when this will make it into an RC?
",2011-06-17T22:05:19Z,2011-06-17T22:05:19Z
369868,0,"@spastorino, please don't forget to push this to exceptron as well!""",2011-05-04 19:23:28,josevalim,rails,rails,5b8801442ea02fc942ae0ee8ef81a9120525f5f0,josevalim,9582,"@spastorino, please don't forget to push this to exceptron as well!
",2011-05-05T07:23:28Z,2011-05-05T07:23:28Z
342087,0,"If you're starting a new app on 1.9, we're already doing other 1.9-specific things. Like the scaffold generators create 1.9-style hashes that won't work on 1.8. I'd rather have a clean Gemfile that doesn't pretend that the app will work on 1.8 out the gate""",2011-04-13 20:39:55,dhh,rails,rails,bd3b2241a43982f4f96015a1f841942cb8b0b973,dhh,2741,"If you're starting a new app on 1.9, we're already doing other 1.9-specific things. Like the scaffold generators create 1.9-style hashes that won't work on 1.8. I'd rather have a clean Gemfile that doesn't pretend that the app will work on 1.8 out the gate if it was started on 1.9. But of course it's still possible to make it so by manually using :platform in case you want to put in the diligence to allow your app to run under both 1.8 and 1.9.
",2011-04-14T08:39:55Z,2011-04-14T08:39:55Z
657776,0,"@tenderlove, first assignment is superfluous, isn't it?  ``` ruby @cookies[key.to_s] = value ```""",2011-10-17 19:38:16,avakhov,rails,rails,0ca69ca65f83b4bb34f81f077c1c38c66ad868b9,avakhov,92554,"@tenderlove, first assignment is superfluous, isn't it?

``` ruby
@cookies[key.to_s] = value
```
",2011-10-18T07:38:16Z,2011-10-18T07:38:16Z
332646,0,"Shouldn't it be _even_with_an_empty_cookie ?""",2011-04-07 00:10:25,josevalim,rails,rails,0d455673620a1646b1149e1e4a185143d46bb7b8,josevalim,9582,"Shouldn't it be _even_with_an_empty_cookie ?
",2011-04-07T12:10:25Z,2011-04-07T12:10:25Z
245530,2,I think we should:  1. Revert this 2. Send patches up stream to `test/unit` that fix it for 1.8.x 3. Write a plugin so that people who are not on 1.9 can opt-in to this functionality before 1.8.x is fixed  I am very -1 on adding these hacks.  It's brittle,2011-01-19 11:04:12,tenderlove,rails,rails,79a06225ef0e148eb5da541711f74163b5efb18d,tenderlove,3124,"I think we should:
1. Revert this
2. Send patches up stream to `test/unit` that fix it for 1.8.x
3. Write a plugin so that people who are not on 1.9 can opt-in to this functionality before 1.8.x is fixed

I am very -1 on adding these hacks.  It's brittle, it adds extra overhead on teardown when it isn't necessary (minitest), and it doesn't fix the problem for anyone outside of rails.
",2011-01-19T22:04:12Z,2011-01-19T22:04:12Z
713212,0,"How is this supposed to work as BCrypt::Password.new returns a hashed value, but unencrypted_password is the plaintext version of the password?  How will they ever be ==?""",2011-11-12 06:44:50,cpjolicoeur,rails,rails,43433b3fb4b9c054e0bcaaa1f7456b3fececd268,cpjolicoeur,863,"How is this supposed to work as BCrypt::Password.new returns a hashed value, but unencrypted_password is the plaintext version of the password?  How will they ever be ==?
",2011-11-12T17:44:50Z,2011-11-12T17:44:50Z
713218,0,"http://bcrypt-ruby.rubyforge.org/classes/BCrypt/Password.html#M000009""",2011-11-12 07:00:13,josevalim,rails,rails,43433b3fb4b9c054e0bcaaa1f7456b3fececd268,josevalim,9582,"http://bcrypt-ruby.rubyforge.org/classes/BCrypt/Password.html#M000009
",2011-11-12T18:00:13Z,2011-11-12T18:00:13Z
226920,0,"`values` hash has `Arel::Attribute` objects as keys and not attribute names therefore `primary_key` (which returns `Arel::Attribute` for primary key) should be used instead of `primary_key_name` which is String.""",2010-12-27 09:21:47,rsim,rails,rails,2b795050de72c6d68aba7513510f74ddc8959ee7,rsim,4736,"`values` hash has `Arel::Attribute` objects as keys and not attribute names therefore `primary_key` (which returns `Arel::Attribute` for primary key) should be used instead of `primary_key_name` which is String.
",2010-12-27T20:21:47Z,2010-12-27T20:21:47Z
209782,0,"I think this commit should be reverted because even for @attributes.dup attributes_before_type_cast[""""title""""].replace(""""bye bye original string"""") does affect @attributes hash  My new patch is here http://pastie.org/1348840""",2010-12-04 20:55:36,pahanix,rails,rails,3e842559427746eb9051ce5ee3cd36caeff303a3,pahanix,14978,"I think this commit should be reverted because even for @attributes.dup attributes_before_type_cast[""title""].replace(""bye bye original string"") does affect @attributes hash

My new patch is here http://pastie.org/1348840
",2010-12-05T07:55:36Z,2010-12-05T07:55:36Z
171119,1,"hehe is not login here -> logic""",2010-10-17 23:59:47,spastorino,rails,rails,dfb3ff66985fa6c292c51353cfb7699367810e0a,spastorino,52642,"hehe is not login here -> logic
",2010-10-18T11:59:47Z,2010-10-18T11:59:47Z
2790158,0,"If the value is base64 encoded it may end with a string like this:      UVNIn0=""""  In that case the last = sign is stripped from the token value, which causes problems downstream. Wondering if you have suggestions on how to fix or work around this probl""",2013-03-12 07:44:50,kgilpin,rails,rails,3f88f26d1e17277dfa85a22bb01c1db558b6addf,kgilpin,86395,"If the value is base64 encoded it may end with a string like this:

```
UVNIn0=""
```

In that case the last = sign is stripped from the token value, which causes problems downstream. Wondering if you have suggestions on how to fix or work around this problem.
",2013-03-12T18:44:50Z,2013-03-12T18:44:50Z
156710,0,"The JSON gem, ActiveSupport and yajl-ruby's JSON gem compatibility API all override that method. If someone includes 'yajl/json_gem' *after* ActiveSupport has been loaded, the above code will work but not the way the caller expects since the options hash f""",2010-09-27 13:55:20,brianmario,rails,rails,72f37bd8bc5b3beb1e8a2d1ac2de2c045cd0cfd2,brianmario,11571,"The JSON gem, ActiveSupport and yajl-ruby's JSON gem compatibility API all override that method. If someone includes 'yajl/json_gem' _after_ ActiveSupport has been loaded, the above code will work but not the way the caller expects since the options hash for ActiveSupport's version of to_json is completely different than that of the one in yajl-ruby's JSON gem compatibility API.

I was under the assumption as_json was added to help get around this by allowing one to provide a JSON encodable version of their object using primitives that are directly mappable to JSON from Ruby, and the other way around. Then to actually encode the object, it would be passed through ActiveSupport::JSON.encode which has no chance of being overridden elsewhere and as such would have consistent behavior everywhere.

Rails actually has a hack for this from long-standing issues in the past with the JSON gem and ActiveSupport both overriding to_json.
",2010-09-28T01:55:20Z,2010-09-28T01:55:20Z
155295,0,"Since it's going to be a hack anyway, can the Tempfile compatibility issue be solved like below?     def is_a?(klass)        Tempfile.ancestors.include?(klass) || super     end""",2010-09-25 10:33:43,pwnall,rails,rails,1da0dc2f906bbf6c248a33f8d18662fd1494cfba,pwnall,11460,"Since it's going to be a hack anyway, can the Tempfile compatibility issue be solved like below?
    def is_a?(klass)
       Tempfile.ancestors.include?(klass) || super
    end
",2010-09-25T22:33:43Z,2010-09-25T22:33:43Z
150160,1,"+1 :D  I can't count times when I forget about adding multipart to forms ;-)""",2010-09-18 07:37:10,drogus,rails,rails,b17b980a15ee4a5f2f629d91c6fa6ca7db74daa8,drogus,5004,"+1 :D

I can't count times when I forget about adding multipart to forms ;-)
",2010-09-18T19:37:10Z,2010-09-18T19:37:10Z
1126367,2,"@fxn you haven't actually given any rationale as to why you think it's actually a good idea, just endless appeal to authority.  Why is returning 0 instead of true a good idea?""",2012-03-23 14:33:48,tarcieri,rails,rails,0aa66f04e4b4698718023cacb18612e04a4c5eb1,tarcieri,797,"@fxn you haven't actually given any rationale as to why you think it's actually a good idea, just endless appeal to authority.

Why is returning 0 instead of true a good idea?
",2012-03-24T01:33:48Z,2012-03-24T01:34:48Z
1126483,0,"Then the OP was going from Rails 2.3 to 3.1 and had this hash      :ajax_request => request.xhr?  and so that code is relying on the value, while the predicate is just an ordinary Ruby predicate that says nothing in its contract about the way it says t""",2012-03-23 15:47:49,fxn,rails,rails,0aa66f04e4b4698718023cacb18612e04a4c5eb1,fxn,3387,"Then the OP was going from Rails 2.3 to 3.1 and had this hash

```
:ajax_request => request.xhr?
```

and so that code is relying on the value, while the predicate is just an ordinary Ruby predicate that says nothing in its contract about the way it says that the request is Ajax or not.
",2012-03-24T02:47:49Z,2012-03-24T02:47:49Z
144858,0,"So maybe we could do AR attributes method faster? Or have a new method called attributed_hash? My point is that ActiveModel ahould rely on a method (like attributes_hash) instead of an instance variable as API.""",2010-09-10 06:42:37,josevalim,rails,rails,e0e3adff0333cb23a63d61a2005cfc44f7f40b52,josevalim,9582,"So maybe we could do AR attributes method faster? Or have a new method called attributed_hash? My point is that ActiveModel ahould rely on a method (like attributes_hash) instead of an instance variable as API.
",2010-09-10T18:42:37Z,2010-09-10T18:42:37Z
2104930,0,"This doesn't work. If you have the case of `password` and `password_confirmation`  If `password` is set to 'test' and `password_confirmation` is `nil` you will not get an error message. It should be reverted to the previous logic""",2012-11-05 10:28:09,bcardarella,rails,rails,0ae81a21243961f4d2481e9b87e3c807291d21a9,bcardarella,18524,"This doesn't work. If you have the case of `password` and `password_confirmation`

If `password` is set to 'test' and `password_confirmation` is `nil` you will not get an error message. It should be reverted to the previous logic
",2012-11-05T21:28:09Z,2012-11-05T21:28:09Z
131567,0,"didn't the conditions hash go away with AR 3.0? should that be """":where => {:name => 'defaulty' }""""""",2010-08-19 07:05:14,jonathan,rails,rails,2e455429427a4078d2888cc39305f951bdf1e643,jonathan,2766,"didn't the conditions hash go away with AR 3.0? should that be "":where => {:name => 'defaulty' }""
",2010-08-19T19:05:14Z,2010-08-19T19:05:14Z
118684,0,"Agree with josh and mislav - putting IE hacks into Rails is the opposite direction it has been moving.  If Rails is going to have IE hacks in core, then browser-independent functionality like pagination and ssl_requirement should move back into core.  Plug""",2010-07-28 05:06:56,nateware,rails,rails,123eb25fd12c5a5ec63e18082dcdda6318bc942e,nateware,7328,"Agree with josh and mislav - putting IE hacks into Rails is the opposite direction it has been moving.  If Rails is going to have IE hacks in core, then browser-independent functionality like pagination and ssl_requirement should move back into core.  Plugin please.
",2010-07-28T17:06:56Z,2010-07-28T17:06:56Z
118741,0,"There are actually quite a few hacks already in Rails for Internet Explorer. I think most users expect Rails to make Internet Explorer behave as expected, without having to understand the problems that give rise to the issues in question, as long as we don""",2010-07-28 06:16:16,wycats,rails,rails,123eb25fd12c5a5ec63e18082dcdda6318bc942e,wycats,4,"There are actually quite a few hacks already in Rails for Internet Explorer. I think most users expect Rails to make Internet Explorer behave as expected, without having to understand the problems that give rise to the issues in question, as long as we don't resort to sniffing IE in particular.

IE hacks already in Rails:
- Rails modifies `original_filename` on uploaded file objects to hack around a bug where Internet Explorer was giving full Windows file paths
- Files sent via send_file set Content-Type to application/octet-stream to work around quirks in IE involving SSL
- Files sent via send_file set Cache-Control to ""private"" because the default ""no-cache"" broke the open/save dialog
- HTTP authentication handles a case in IE where the URL sent in the Authorization header is absolute (containing http:// etc)

We also handle (by default) a quirk in some versions of Safari in which it sends a trailing null character at the end of params, and another in which it does not correctly handle an empty body (so we send "" "" for render :text => :none)

Rails has always handled weird Internet Explorer quirks, because (like when using a JavaScript library), Rails users don't even want to know that these problems exist. If they had to wait until the first time a user reported a bug with a file download, research it, and find the Rails plugin that patched the cache headers, they would be (correctly) quite frustrated.

Again, the line that I personally draw is that we don't fix any user-agent bugs that absolutely require sniffing. Otherwise, making the vast majority of both Rails developers and users of applications written in Rails blissfully unaware of Internet Explorer quirks is what we're here for.
",2010-07-28T18:16:16Z,2010-07-28T18:19:52Z
118980,2,"off in development mode"""" -1  When I am going through the hell of fixing IE rendering bugs I am working in development mode. I want pages to look exactly the same when in production. I don't want to add a IE hack to find out it creates another bug in pr""",2010-07-28 10:21:32,Wijnand,rails,rails,123eb25fd12c5a5ec63e18082dcdda6318bc942e,Wijnand,13265,"""off in development mode"" -1

When I am going through the hell of fixing IE rendering bugs I am working in development mode. I want pages to look exactly the same when in production.
I don't want to add a IE hack to find out it creates another bug in production.
",2010-07-28T22:21:32Z,2010-07-28T22:21:32Z
107014,0,"I guess, reorder should be also added to ActiveRecord::Base delegations.""",2010-07-11 21:23:00,khustochka,rails,rails,65aa6a7db16b7387d5a3bf1ad7f5a602804a2f21,khustochka,137464,"I guess, reorder should be also added to ActiveRecord::Base delegations.
",2010-07-12T09:23:00Z,2010-07-12T09:23:00Z
100181,0,"@bartocc yep, it's a hack. I need to stick to 1.9.1 -> heroku""",2010-06-27 20:39:53,ncr,rails,rails,8d576b51a12fdb19e3993f3678ec64b2ea60fada,ncr,5796,"@bartocc yep, it's a hack. I need to stick to 1.9.1 -> heroku
",2010-06-28T08:39:53Z,2010-06-28T08:39:53Z
90502,0,"all_hashes"""" method is gone with this merge. Is this ok?""",2010-06-07 05:36:17,stid,rails,rails,9e065c6bc175621ad30a416c8c4345f95ce3c264,stid,50787,"""all_hashes"" method is gone with this merge. Is this ok?
",2010-06-07T17:36:17Z,2010-06-07T17:36:17Z
241976,0,"Not that I know of. I just posted this: http://support.github.com/discussions/site/2529-spam-account . I see other people reporting spam the same way.""",2011-01-15 17:40:36,caseyhoward,rails,rails,2538ef0d09954340701354e8fcf57e76c4210416,caseyhoward,16295,"Not that I know of. I just posted this: http://support.github.com/discussions/site/2529-spam-account . I see other people reporting spam the same way.
",2011-01-16T04:40:36Z,2011-01-16T04:40:36Z
69448,0,"After this ref I got many      NoMethodError: undefined method `stringify_keys!' for #<ActiveSupport::HashWithIndifferentAccess:0xb621fc94>  Errors running my tests with url generation.  Greetings Johannes""",2010-04-22 04:58:24,jo,rails,rails,2472f1026a7d3b3309937568204a5b46b60c2c3c,jo,17586,"After this ref I got many

```
NoMethodError: undefined method `stringify_keys!' for #<ActiveSupport::HashWithIndifferentAccess:0xb621fc94>
```

Errors running my tests with url generation.

Greetings
Johannes
",2010-04-22T16:58:24Z,2010-04-22T16:58:49Z
62172,0,"shouldn't these lines be:  raise """"You must set config.cookie_secret in your app's config"""" if config.cookie_secret.blank? request.cookie_jar(:signing_secret => config.cookie_secret)  since config.secret was changed to  config.cookie_secret""",2010-04-04 15:23:07,negonicrac,rails,rails,e3959970e1f669c6ecf79d645b5e4f9d7ed2a4ec,negonicrac,5223,"shouldn't these lines be:

raise ""You must set config.cookie_secret in your app's config"" if config.cookie_secret.blank?
request.cookie_jar(:signing_secret => config.cookie_secret)

since config.secret was changed to  config.cookie_secret
",2010-04-05T03:23:07Z,2010-04-05T03:23:49Z
53632,0,"    ivar_table.allow_forgery_protection = true""",2010-03-08 11:16:05,josh,rails,rails,01f0e47663bbbc593af0c36d4cf49124b200e3d8,josh,137,"```
ivar_table.allow_forgery_protection = true
```
",2010-03-08T22:16:05Z,2010-03-08T22:16:05Z
52803,0,"Session secret is now unneeded since it'll just use cookie signing. I could see having a global key, but that means changing your key invalidates all your signed messages, rather than just your cookies.""",2010-03-04 13:33:48,jeremy,rails,rails,e311622e7b20b3fdeab6a93418c8a45c6e7137b6,jeremy,199,"Session secret is now unneeded since it'll just use cookie signing. I could see having a global key, but that means changing your key invalidates all your signed messages, rather than just your cookies.
",2010-03-05T00:33:48Z,2010-03-05T00:33:48Z
46926,0,"That's only if """"anyone who doesn't know rails very well"""" uncomments every suggestion in the Gemfile without thinking about it or researching it first.  I agree that the capistrano gem dependency might do well to be assigned to the :development group (or """,2010-02-10 03:52:35,yfeldblum,rails,rails,834a45d8a2ae225b775c51d8ae266a4550e9fba1,yfeldblum,169419,"That's only if ""anyone who doesn't know rails very well"" uncomments every suggestion in the Gemfile without thinking about it or researching it first.

I agree that the capistrano gem dependency might do well to be assigned to the :development group (or alternatively to a :deployment group, since you need it for deployment rather than for development).
",2010-02-10T14:52:35Z,2010-02-10T14:52:35Z
44907,1,"You made it on top of hacker news. Congratz.""",2010-02-01 03:08:02,windock,rails,rails,2ebea1c02d10e0fea26bd98d297a8f4d41dc1aff,windock,79237,"You made it on top of hacker news. Congratz.
",2010-02-01T14:08:02Z,2010-02-01T14:08:02Z
46142,0,"Was this extracted? Or just given the boot?  AASM is broken in Rails 3 (though easy to fix), so is there no current state machine solution without some hacking?""",2010-02-06 09:41:46,stephencelis,rails,rails,db49c706b62e7ea2ab93f05399dbfddf5087ee0c,stephencelis,658,"Was this extracted? Or just given the boot?

AASM is broken in Rails 3 (though easy to fix), so is there no current state machine solution without some hacking?
",2010-02-06T20:41:46Z,2010-02-06T20:41:46Z
44453,0,"Is Hash yaml serialization busted on 1.9?""",2010-01-29 03:55:13,josh,rails,rails,7b8c6472ffb6df4d341b0657f82e63c19e9a429c,josh,137,"Is Hash yaml serialization busted on 1.9?
",2010-01-29T14:55:13Z,2010-01-29T14:55:13Z
2933328,0,"Hey what happened to the EncryptedCookieStore?""",2013-04-02 17:42:41,vovimayhem,rails,rails,274a3aa64cb903c52a41d1767cac0bc3eae44172,vovimayhem,1915931,"Hey what happened to the EncryptedCookieStore?
",2013-04-03T05:42:41Z,2013-04-03T05:42:41Z
39448,0,"filter_parameter_logging :password is enough  http://github.com/rails/rails/blob/master/actionpack/lib/action_controller/metal/filter_parameter_logging.rb#L32""",2009-12-20 21:26:36,vzctl,rails,rails,f09ad263cabe2e781c1994b85375fee8deba4317,vzctl,29357,"filter_parameter_logging :password is enough

http://github.com/rails/rails/blob/master/actionpack/lib/action_controller/metal/filter_parameter_logging.rb#L32
",2009-12-21T08:26:36Z,2009-12-21T08:26:36Z
127473,0,"Shouldn't be modifying the options hash destructively here and with reverse_merge! below.""",2010-08-12 06:31:11,jfirebaugh,rails,rails,e714b499cc1f7ebc84f8d0e96607b79e60f2828d,jfirebaugh,98601,"Shouldn't be modifying the options hash destructively here and with reverse_merge! below.
",2010-08-12T18:31:11Z,2010-08-12T18:31:11Z
32973,0,"ditto  I can't find arel 0.1.1 neither on RubyForge nor on GemCutter and, consequently, I can't install activerecord-3.0.pre.gem :S""",2009-10-23 01:17:50,weppos,rails,rails,66c4f28bd63d4c4cecc6ecf88259792fd4aa5fcf,weppos,5387,"ditto

I can't find arel 0.1.1 neither on RubyForge nor on GemCutter and, consequently, I can't install activerecord-3.0.pre.gem :S
",2009-10-23T13:17:50Z,2009-10-23T13:17:50Z
23447,0,"There's also still a test missing for blank credentials instead of `nil' and how about one with multibyte characters? (“café"""" vs “cafe”.)  Cheers""",2009-06-08 20:23:39,alloy,rails,rails,f68cc639f57a9fc261a2e432d1fdd749146d689d,alloy,2320,"There's also still a test missing for blank credentials instead of `nil' and how about one with multibyte characters? (“café"" vs “cafe”.)

Cheers
",2009-06-09T08:23:39Z,2009-06-09T08:23:39Z
33989,0,"In ruby 1.8.6 and prior, date.rb has a bug wherein fractional seconds above 59 result in an invalid date. Try a """"2005-02-27T23:50:59.275038"""".to_datetime and you'll see what I mean. Should we hack this to ignore fractional seconds above 59 when on broken ru""",2009-11-02 14:50:11,jenseng,rails,rails,1d9346428b3f12a42f717a7b1313cd4375d23e23,jenseng,109489,"In ruby 1.8.6 and prior, date.rb has a bug wherein fractional seconds above 59 result in an invalid date. Try a ""2005-02-27T23:50:59.275038"".to_datetime and you'll see what I mean. Should we hack this to ignore fractional seconds above 59 when on broken ruby versions? It's kind of annoying when a method only works 59 times out of 60.

http://blade.nagaokaut.ac.jp/cgi-bin/scat.rb/ruby/ruby-core/23501
",2009-11-03T01:50:11Z,2009-11-03T01:50:11Z
21255,0,"I don't understand this commit. I just did: <code> >> alternate = ActiveSupport::OrderedHash[1,2,3,4] => #<OrderedHash {1=>2, 3=>4}> >> alternate.class => ActiveSupport::OrderedHash >> alternate.kind_of?(Hash) => true >> alternate.kind_of?(ActiveSu""",2009-05-11 20:58:40,melvinram,rails,rails,e1854e0b199fba352ddcaa58a3af168e8cc70e3a,melvinram,10756,"I don't understand this commit. I just did:
<code>

> > alternate = ActiveSupport::OrderedHash[1,2,3,4]
> > => #<OrderedHash {1=>2, 3=>4}>
> > alternate.class
> > => ActiveSupport::OrderedHash
> > alternate.kind_of?(Hash)
> > => true
> > alternate.kind_of?(ActiveSupport::OrderedHash)
> > => true
> > </code>

inside of the console of a rails 2.3.2 project and inside an edge rails project console ... and they both returned exactly the same values. 

Can someone help me understand what this change does?
",2009-05-12T08:58:40Z,2009-05-12T08:58:40Z
21256,0,"Github ate my comment. Let's try this again: ================================  I don't understand this commit. I just did: <pre><code> >> alternate = ActiveSupport::OrderedHash[1,2,3,4] => #<OrderedHash {1=>2, 3=>4}> >> alternate.class => ActiveSup""",2009-05-11 21:00:06,melvinram,rails,rails,e1854e0b199fba352ddcaa58a3af168e8cc70e3a,melvinram,10756,"# Github ate my comment. Let's try this again:

I don't understand this commit. I just did:

<pre><code>
>> alternate = ActiveSupport::OrderedHash[1,2,3,4]
=> #<OrderedHash {1=>2, 3=>4}>
>> alternate.class
=> ActiveSupport::OrderedHash
>> alternate.kind_of?(Hash)
=> true
>> alternate.kind_of?(ActiveSupport::OrderedHash)
=> true
</code></pre>


inside of the console of a rails 2.3.2 project and inside an edge rails project console ... and they both returned exactly the same values. 

Can someone help me understand what this change does?
",2009-05-12T09:00:06Z,2009-05-12T09:00:06Z
19647,0,"Not sure if this is a diff parsing error, but it looks like there's an extra 't' at the end of this hash.""",2009-04-22 13:23:58,joshuaclayton,rails,rails,0a132c2fe13fb2b8d5dade9cf6abd70601376287,joshuaclayton,1574,"Not sure if this is a diff parsing error, but it looks like there's an extra 't' at the end of this hash.
",2009-04-23T01:23:58Z,2009-04-23T01:23:58Z
19664,0,"Not a diff parsing error. There's an extra 't' at the end of that hash.""",2009-04-22 18:34:29,fesplugas,rails,rails,0a132c2fe13fb2b8d5dade9cf6abd70601376287,fesplugas,2720,"Not a diff parsing error. There's an extra 't' at the end of that hash.
",2009-04-23T06:34:29Z,2009-04-23T06:34:29Z
19152,2,"@tilsammans: If the attacker is executing *custom browsers* on the user's computer, there's *nothing* we can do about it.  They could also be running keyloggers, screenshotters, botnets etc.  This is for protecting against CSRF attacks, not a silver bull""",2009-04-17 13:50:00,NZKoz,rails,rails,256b0ee8e3c1610967dfc89f864e24b98ed3c236,NZKoz,197,"@tilsammans: If the attacker is executing _custom browsers_ on the user's computer, there's _nothing_ we can do about it.  They could also be running keyloggers, screenshotters, botnets etc.

This is for protecting against CSRF attacks, not a silver bullet for all possible attacks ever inventable.
",2009-04-18T01:50:00Z,2009-04-18T01:50:00Z
19396,1,"What about local XSS attacks?  With unescaped output, something akin to the MySpace worm is enabled by this change.  Granted, Rails coders *always* remember to escape output!  :)  But was the intent to remove a layer of defensive programming?""",2009-04-20 03:50:38,paulrosania,rails,rails,256b0ee8e3c1610967dfc89f864e24b98ed3c236,tessro,1904,"What about local XSS attacks?  With unescaped output, something akin to the MySpace worm is enabled by this change.

Granted, Rails coders _always_ remember to escape output!  :)  But was the intent to remove a layer of defensive programming?
",2009-04-20T15:50:38Z,2009-04-20T15:50:38Z
20605,0,"@vrybas: instead of explicitly skipping the filter you should do:   protect_from_forgery :except=>[:aircrafts_by_manufacturer]  I'm also reasonably sure that you could do something along the lines of  protect_from_forgery :if=>:some_method_which_retu""",2009-05-04 03:39:06,NZKoz,rails,rails,256b0ee8e3c1610967dfc89f864e24b98ed3c236,NZKoz,197,"@vrybas: instead of explicitly skipping the filter you should do:

 protect_from_forgery :except=>[:aircrafts_by_manufacturer]

I'm also reasonably sure that you could do something along the lines of

protect_from_forgery :if=>:some_method_which_returns_true_when_ajax_or_whatever
",2009-05-04T15:39:06Z,2009-05-04T15:39:06Z
20598,0,"@ultrasaurus:     skip_before_filter :verify_authenticity_token, :only => [:aircrafts_by_manufacturer] ?""",2009-05-04 00:33:13,vrybas,rails,rails,256b0ee8e3c1610967dfc89f864e24b98ed3c236,vrybas,30538,"@ultrasaurus:
    skip_before_filter :verify_authenticity_token, :only => [:aircrafts_by_manufacturer]
?
",2009-05-04T12:33:13Z,2009-05-04T12:33:13Z
16640,1,"or.... you're hacking in too deep, depending on the name of instance vars that are prepended with an underscore (very private instance vars?)... ;)""",2009-03-12 09:54:23,iain,rails,rails,82c6597dc244715c40151c7eb10f2016ed5ebb47,iain,12692,"or.... you're hacking in too deep, depending on the name of instance vars that are prepended with an underscore (very private instance vars?)... ;)
",2009-03-12T20:54:23Z,2009-03-12T20:54:23Z
16535,0,"The functional test's session is just a mock and never get turns into a real session id or cookie.""",2009-03-11 07:53:09,josh,rails,rails,224a534400fd622dda57058d1eed349b8375e5e3,josh,137,"The functional test's session is just a mock and never get turns into a real session id or cookie.
",2009-03-11T18:53:09Z,2009-03-11T18:53:09Z
13246,1,"Looks great, 10x :) But I'm missing something but in HttpAuthentication::Digest.validate_digest_response you can just pass the controller.request, instead of the whole controller object, because you only use the request there. And if I'm then in HttpAuthe""",2009-01-29 10:44:42,RStankov,rails,rails,306cc2b920203cfa51cee82d2fc452484efc72f8,RStankov,9867,"Looks great, 10x :)
But I'm missing something but in HttpAuthentication::Digest.validate_digest_response you can just pass the controller.request, instead of the whole controller object, because you only use the request there. And if I'm then in HttpAuthentication::Digest.authenticate you will also need only the request object
",2009-01-29T21:44:42Z,2009-01-29T21:44:42Z
11718,0,"Please indicate if there is a failing test case, or if the problem is related to an overlapping commit.  I can re-factor the exception use in authenticate_or_request_with_http_digest easily enough. All other exceptions are used to provide useful failure """,2009-01-13 06:02:29,gkellogg,rails,rails,c99ef814b0ce5d6b6a677ee6116edac03c8a35b3,gkellogg,46296,"Please indicate if there is a failing test case, or if the problem is related to an overlapping commit.

I can re-factor the exception use in authenticate_or_request_with_http_digest easily enough. All other exceptions are used to provide useful failure information for application usage.
",2009-01-13T17:02:29Z,2009-01-13T17:02:29Z
15153,0,"I would suggest dropping the """"scoped_"""" preffix, as it IMO improves readability:  <pre>User.by_name_and_password.find(:all)</pre> <pre>User.by_name.by_password.find(:all, :order => 'created_at')</pre> """,2009-02-20 04:57:56,fabiokung,rails,rails,66ee5890c5f21995b7fe0c486547f1287afe2b55,fabiokung,5755,"I would suggest dropping the ""scoped_"" preffix, as it IMO improves readability:

<pre>User.by_name_and_password.find(:all)</pre>

<pre>User.by_name.by_password.find(:all, :order => 'created_at')</pre>
",2009-02-20T15:57:56Z,2009-02-20T15:57:56Z
10110,0,"Josh,  Not sure if this makes sense, but we've been using CookieSessionStore with a persistent session_id for a few months to be able to track features such as visitors to resource X also viewed resource Y etc.  Sole motivation being API compat with ot""",2008-12-17 04:54:39,methodmissing,rails,rails,ed708307137c811d14e5fd2cb4ea550add381a82,methodmissing,379,"Josh,

Not sure if this makes sense, but we've been using CookieSessionStore with a persistent session_id for a few months to be able to track features such as visitors to resource X also viewed resource Y etc.

Sole motivation being API compat with other stores that do yield a consistent session identifier minus having to use a server side session store.

I updated it today for compat. with this commit.

http://github.com/methodmissing/stable_session_id/tree/master

Would you consider such a feature useful at the framework level ?
",2008-12-17T15:54:39Z,2008-12-17T15:54:39Z
18428,2,"My bad, it's not """"dasherize"""".  The issue is line 223 of hash/conversions.rb - adding """"underscore"""".  Same problem, though, and a major change in functionality.""",2009-04-08 05:15:09,mdchaney,rails,rails,aa5cdb0d47fb5484bfdde8244df7efeb2175bf3a,mdchaney,25986,"My bad, it's not ""dasherize"".  The issue is line 223 of hash/conversions.rb - adding ""underscore"".  Same problem, though, and a major change in functionality.
",2009-04-08T17:15:09Z,2009-04-08T17:15:09Z
9318,0,"@raggi we need to get in touch. I don't want to start hacking on some of that stuff if you've already done the hard work.  Please email me, josh at joshpeek dot com""",2008-12-05 04:41:22,josh,rails,rails,9c9da6c892d715ca22c3cf51f50deb1d80029c66,josh,137,"@raggi we need to get in touch. I don't want to start hacking on some of that stuff if you've already done the hard work.

Please email me, josh at joshpeek dot com
",2008-12-05T15:41:22Z,2008-12-05T15:41:22Z
8409,1,"Did you forget to run the test after correcting fourty_two to forty_second? ;-)""",2008-11-20 22:11:28,kerryb,rails,rails,e50530ca3ab5db53ebc74314c54b62b91b932389,kerryb,1194,"Did you forget to run the test after correcting fourty_two to forty_second? ;-)
",2008-11-21T09:11:28Z,2008-11-21T09:11:28Z
8341,0,"I'll let others hash out the appropriate method name, but I agree that it should at least support arguments like #send.""",2008-11-20 03:01:09,wagenet,rails,rails,51730792ca930a896361eb92354a42bc56903de1,wagenet,9835,"I'll let others hash out the appropriate method name, but I agree that it should at least support arguments like #send.
",2008-11-20T14:01:09Z,2008-11-20T14:01:09Z
8580,0,"I don't think this should be turned on if the server doesn't have a certificate. Not all servers do, and it broke my ExceptionNotification, so I realized it two days late.""",2008-11-23 02:11:42,mdemare,rails,rails,732c724df61bc8b780dc42817625b25a321908e4,mdemare,4588,"I don't think this should be turned on if the server doesn't have a certificate. Not all servers do, and it broke my ExceptionNotification, so I realized it two days late.
",2008-11-23T13:11:42Z,2008-11-23T13:11:42Z
8937,0,"Actually, maybe not. I see that encode actually encodes all the attributes if body is blank. What if I want an empty post?""",2008-11-30 01:13:12,maccman,rails,rails,dffc2e2b64c89fdb0303bd18eccc7351ed0a0a58,maccman,2142,"Actually, maybe not. I see that encode actually encodes all the attributes if body is blank. What if I want an empty post?
",2008-11-30T12:13:12Z,2008-11-30T12:13:12Z
5932,0,"I've got a plugin that does the same, but the string sanitizing seems better.  You should take a look at http://github.com/Bounga/acts_as_nice_url/""",2008-09-23 00:31:32,Bounga,rails,rails,b8e8be83e952163e225f9b38bd7251cba9c44f38,Bounga,25862,"I've got a plugin that does the same, but the string sanitizing seems better.

You should take a look at http://github.com/Bounga/acts_as_nice_url/
",2008-09-23T12:31:32Z,2008-09-23T12:31:32Z
8571,0,"I'm updating to Rails 2.2 and I got a lot of deprecation messages like:  DEPRECATION WARNING: @change will no longer be implicitly assigned to change.  This deprecation check seems to be a little overzealous.  If I set an ivar @change in the action and""",2008-11-23 00:40:53,ryanlowe,rails,rails,dc0411fad78bfc92fe92dc88bbad726eb4d1a883,ryanlowe,1844,"I'm updating to Rails 2.2 and I got a lot of deprecation messages like:

DEPRECATION WARNING: @change will no longer be implicitly assigned to change.

This deprecation check seems to be a little overzealous.  If I set an ivar @change in the action and then pass it to a partial with:

:locals => { :change => @change }

then I get this deprecation message even if I use change and not @change in the partial.  I wasn't taking advantage of an implicit assignment.  If I don't use @change in the partial because I only use the local change, should I still get this deprecation message?
",2008-11-23T11:40:53Z,2008-11-23T11:40:53Z
5729,0,"The documentation wasn't updated. So encode has to_xml's documentation.  Also, why is the API changing in a point release (2.1.1)? Shouldn't this have waited until 2.2, and a deprecation warning added in 2.1.1? """,2008-09-17 09:19:03,wmoxam,rails,rails,16b9a554db7e1bf3f5f224cdc5b4d27480e053ff,wmoxam,1096,"The documentation wasn't updated. So encode has to_xml's documentation.

Also, why is the API changing in a point release (2.1.1)? Shouldn't this have waited until 2.2, and a deprecation warning added in 2.1.1? 
",2008-09-17T21:19:03Z,2008-09-17T21:19:03Z
5265,0,"granted, you'd have to do it like  foo = (bar if baz)  for the example here, which is maybe a little weird. I think I was thinking of situations where I did this behavior when assigning ivars, which of course relies on their defaulting to nil anyway. """,2008-09-06 02:09:53,greatseth,rails,rails,11eb29f60ab79caf22f7ca715500e32d9a1b03a2,greatseth,5200,"granted, you'd have to do it like

foo = (bar if baz)

for the example here, which is maybe a little weird. I think I was thinking of situations where I did this behavior when assigning ivars, which of course relies on their defaulting to nil anyway.

so probably nevermind my ill conceived comment.

-sheepish-
",2008-09-06T14:09:53Z,2008-09-06T14:09:53Z
4879,2,"Performance work you say. i18n lookups are 60 times slower than Hash access methods, dispatch process still relies on a lot of redundant wrappers around request. And you are doing performance work by removing 5 string instances in a method that is not nece""",2008-08-27 13:20:37,michaelklishin,rails,rails,8756dd75b257b17ddda92674d4cc0db307d2153b,michaelklishin,1090,"Performance work you say. i18n lookups are 60 times slower than Hash access methods, dispatch process still relies on a lot of redundant wrappers around request. And you are doing performance work by removing 5 string instances in a method that is not necessary used on every request... well, great job Joshua.
",2008-08-28T01:20:37Z,2008-08-28T01:20:37Z
4177,0,"I'd take zed's comments with a few grains of salt, some good stuff there and the traditional hyperbole.  The DB connection issue is real and remains outstanding.  That's why we need the connection pool branch from nick sieger before we're 'done' here. """,2008-08-06 04:57:52,NZKoz,rails,rails,177a35e711e3b21eac0eb19f03aeae7626e490f5,NZKoz,197,"I'd take zed's comments with a few grains of salt, some good stuff there and the traditional hyperbole.

The DB connection issue is real and remains outstanding.  That's why we need the connection pool branch from nick sieger before we're 'done' here.

Talk of requests crossing threads or objects moving magically between threads is vague hand waving that likely never happened.  We've heard this before with respect to active record connections, but no one has ever provided a reproducible test case, or a plausible theory that could explain it.    

We're bound to have missed something, threading bugs are notoriously difficult to track down.  The more testers the merrier ;)
",2008-08-06T16:57:52Z,2008-08-06T16:57:52Z
4643,0,"I think most of Zed's problems will have gone away.  However, in my own [none rails] tests about a year ago, the problem of methods 'mysteriously' being assigned to the wrong thread occurred, and also that of sockets sometimes reading input from another [d""",2008-08-20 08:30:31,rdp,rails,rails,177a35e711e3b21eac0eb19f03aeae7626e490f5,rdp,12496,"I think most of Zed's problems will have gone away.  However, in my own [none rails] tests about a year ago, the problem of methods 'mysteriously' being assigned to the wrong thread occurred, and also that of sockets sometimes reading input from another [different] socket also occurred.  That being said, the Mongrel guys haven't experienced that much [it only occurs with very heavy load], and using eventMachine you can avoid it further.  But it is still in there...lurking...

If you were to use eventmachine and a single-threaded style architecture [ex: ruby 1.9 + fibers so that it mimics multi-threaded] then I believe you have even less of the same problems.  Good luck.
-=R
",2008-08-20T20:30:31Z,2008-08-20T20:30:31Z
3153,0,"wouldn't inject be more succinct?  e.g.  <pre><code>   filter_chain.inject(Array.new) do |filters, filter_item|     filters << filter_item if filter_item.before?     filters   end </code></pre>""",2008-07-09 07:21:09,jherdman,rails,rails,ce4a1bb8538bd7cc5ee3cbf1156dc587482a7839,jherdman,3300,"wouldn't inject be more succinct?  e.g.

<pre><code>
  filter_chain.inject(Array.new) do |filters, filter_item|
    filters << filter_item if filter_item.before?
    filters
  end
</code></pre>
",2008-07-09T19:21:09Z,2008-07-09T19:21:09Z
8139,1,"I wanted 'second' when I'm iterating hashes.  But 'third' to 'tenth' sugar doesn't seem to taste that sweet. :)""",2008-11-18 01:11:07,jorrel,rails,rails,22af62cf486721ee2e45bb720c42ac2f4121faf4,jorrel,5777,"I wanted 'second' when I'm iterating hashes.  But 'third' to 'tenth' sugar doesn't seem to taste that sweet. :)
",2008-11-18T12:11:07Z,2008-11-18T12:11:07Z
1933,0,"The usage string should read """"Automatically provide the *password* from database.yml"""" """,2008-06-03 01:12:00,drothlis,rails,rails,0abf0da0016abc455145810d7060a10e0b56b0b6,drothlis,12424,"The usage string should read ""Automatically provide the _password_ from database.yml""
",2008-06-03T13:12:00Z,2008-06-03T13:12:00Z
1156,0,"This leaves the MySQL password in the output of ps. The same is true in the case of the environment variable used for postgres.""",2008-05-13 13:14:02,jordi,rails,rails,4a07103687084496b773e18a03b1f2f5e686f7ad,adeolemon,3104,"This leaves the MySQL password in the output of ps. The same is true in the case of the environment variable used for postgres.
",2008-05-14T01:14:02Z,2008-05-14T01:14:02Z
1934,0,"in the case of cross-referenced environnements (or just environnement aliases) like:  all:     adapter: postgresql     development: all    database: dev    login: ...     pass: ...  production: all    database: prod    login: ...     pass: ...""",2008-06-03 01:28:13,EppO,rails,rails,4a07103687084496b773e18a03b1f2f5e686f7ad,EppO,6111,"in the case of cross-referenced environnements (or just environnement aliases) like:

all: 
   adapter: postgresql

development: all
   database: dev
   login: ... 
   pass: ...

production: all
   database: prod
   login: ... 
   pass: ...

Error ""not supported for this database type"" is returned. Environnement should be built correctly
",2008-06-03T13:28:13Z,2008-06-03T13:28:13Z
2444,0,"-Itest adds to the load path so you don't have to hack relative paths in every test. This isn't external loading of dependencies at all; it's a simplification.""",2008-06-15 06:16:14,jeremy,rails,rails,e8170805df1a32119db9d328daee1239b338ac71,jeremy,199,"-Itest adds to the load path so you don't have to hack relative paths in every test. This isn't external loading of dependencies at all; it's a simplification.
",2008-06-15T18:16:14Z,2008-06-15T18:16:14Z
3801,0,"I am attempting to utilize mass-assign for my models, but can’t get the update_attributes to work correctly when I have association_collections as child models. My create methods work fine, since the hash passes in an Array value for these collections. I.""",2008-07-25 03:27:35,glennpow,rails,rails,0da2aa6d11b6cb8433a12a6707355cc15506583a,glennpow,18392,"I am attempting to utilize mass-assign for my models, but can’t get the update_attributes to work correctly when I have association_collections as child models.
My create methods work fine, since the hash passes in an Array value for these collections. I.E.:
emails => [ {...}, {...} ] )
But, when I try to edit/update my model, the field names in the form naturally have the :id of the email included in them, so that the resulting value passed to the mass-assign is not an Array, but a Hash of this form:
emails => {“5” => {...}, “6” => {...}}
Where the 5 and 6 are the :id values of the respective emails. This gets passed into the update_attributes, which eventually gets to:
AssociationCollection.replace(other_array)
which assumes “emails” to be an Array. Shouldn’t this replace method be “smarter” so that if a Hash is passed in, it will ascertain the :id values from it, and then reassign the model attributes accordingly?
Furthermore, what would happen if there were a combination of updated models (emails) and perhaps one new email (that didn’t have an :id). Does the mass-assign functionality handle this situation?
Any help would be appreciated.
-Glenn
",2008-07-25T15:27:35Z,2008-07-25T15:27:35Z
3219,0,"I understand that these functions are designed to mimic String equivalents, but I think that Array#from should either return [] or raise an exception if it is invoked with an index that is out of bounds.  """"pete"""".from(4) # => """""""" """"pete"""".from(5) # => """""""" %""",2008-07-10 12:55:40,peteforde,rails,rails,4d177ae0d6d9f60c4000f45fb6f6df27317afbff,peteforde,8744,"I understand that these functions are designed to mimic String equivalents, but I think that Array#from should either return [] or raise an exception if it is invoked with an index that is out of bounds.

""pete"".from(4) # => """"
""pete"".from(5) # => """"
%w( p e t e ).from(4) # => []
%w( p e t e ).from(5) # => nil

I feel like someone using Array#from is going to be expecting an array to be returned; a nil violates the principle of lease surprise.
",2008-07-11T00:55:40Z,2008-07-11T00:55:40Z
400129,0,"PS not sure why this line is needed. Commenting it out does what is expected...  Update: Nope, it is needed. Without it you do not get hashed asset paths in the css img tags.""",2011-05-25 09:35:30,lardawge,rails,rails,9701014b960e8679af8652c5cd0b413a0ad04f58,lardawge,35866,"PS not sure why this line is needed. Commenting it out does what is expected...

Update: Nope, it is needed. Without it you do not get hashed asset paths in the css img tags.
",2011-05-25T21:35:30Z,2011-05-28T23:09:56Z
1040644,2,"@DouweM sure. And the next one who finds a security exploit and get's ignored will sell the exploit straight to the bad guys... do you prefer that?""",2012-03-04 08:43:42,rmoriz,rails,rails,b83965785db1eec019edf1fc272b1aa393e6dc57,rmoriz,1527,"@DouweM sure. And the next one who finds a security exploit and get's ignored will sell the exploit straight to the bad guys... do you prefer that?
",2012-03-04T19:43:42Z,2012-03-04T19:43:42Z
1040658,2,"If his account has been deleted after failing to get someone to listen to the issue for 3 days - and then safely demonstrating the exploit in the open:  1) That's an outrage  2) It does nothing to encourage people to report issues in a constructive way""",2012-03-04 08:50:12,mtkd,rails,rails,b83965785db1eec019edf1fc272b1aa393e6dc57,mtkd,9174,"If his account has been deleted after failing to get someone to listen to the issue for 3 days - and then safely demonstrating the exploit in the open:

1) That's an outrage

2) It does nothing to encourage people to report issues in a constructive way and everything to encourage people to use exploits maliciously
",2012-03-04T19:50:12Z,2012-03-04T19:50:12Z
1116166,2,"Can we keep the constructor signature the same, and emit a warning if someone passes in a proc?  This borked my custom form builder subclass where I just call `super`. :(""",2012-03-21 10:41:38,tenderlove,rails,rails,56089ca986c767763f29159c8de0aa1ebabfd4d2,tenderlove,3124,"Can we keep the constructor signature the same, and emit a warning if someone passes in a proc?  This borked my custom form builder subclass where I just call `super`. :(
",2012-03-21T21:41:38Z,2012-03-21T21:41:38Z
810568,2,"I agree, 1.8 style supports any object as key and 1.9 style not.  Sure we can change when needed but rails projects will be a mix of hash style :(  Maybe is not responsibility of rails handle this but is a good start!""",2011-12-20 09:31:40,sobrinho,rails,rails,9cf38be008aff555b3aecc53a6f18800cea30a71,sobrinho,26460,"I agree, 1.8 style supports any object as key and 1.9 style not.

Sure we can change when needed but rails projects will be a mix of hash style :(

Maybe is not responsibility of rails handle this but is a good start!
",2011-12-20T20:31:40Z,2011-12-20T20:31:40Z
810405,2,"Noooooo! I actually prefer the old style hash syntax because the new one doesn't support objects as keys. :-(  ``` { author: person, person: [posts] } ```  won't work for example.  ``` { author: person, person => [posts] } ```  is a horrible mi""",2011-12-20 08:46:23,KieranP,rails,rails,9cf38be008aff555b3aecc53a6f18800cea30a71,KieranP,16620,"Noooooo! I actually prefer the old style hash syntax because the new one doesn't support objects as keys. :-(

```
{ author: person, person: [posts] }
```

won't work for example.

```
{ author: person, person => [posts] }
```

is a horrible mix of both syntaxes.

Ruby 1.9 never should have added the new format.
",2011-12-20T19:46:23Z,2011-12-20T19:46:38Z
345852,2,"No worries. About what, in particular? The fact that RoR is lost or about a pissed of dev jumping ship to a language inspired by the devil?  On 16 Apr 2011, at 23:20, thehack wrote:  > @dfischer Thanks for inspiring me to post. >  > --  > Reply to t""",2011-04-16 10:34:16,m0wfo,rails,rails,9f09aeb8273177fc2d09ebdafcc76ee8eb56fe33,m0wfo,9886,"No worries. About what, in particular? The fact that RoR is lost or about a pissed of dev jumping ship to a language inspired by the devil?

On 16 Apr 2011, at 23:20, thehack wrote:

> @dfischer Thanks for inspiring me to post.
> ## 
> 
> Reply to this email directly or view it on GitHub:
> https://github.com/rails/rails/commit/9f09aeb8273177fc2d09ebdafcc76ee8eb56fe33#commitcomment-345839
",2011-04-16T22:34:16Z,2011-04-16T22:34:16Z
99270,2,"Thanks for the patch, but now it's leaving extra lines. :( I guess the proper fix is to use <%- if %> <% end -%> instead of <%- if -%>.  Another solution, based on 2-3 behavior, is to clean up the attributes hash if no migration_action is given and then:  """,2010-06-24 19:52:22,josevalim,rails,rails,451594784552bd6955687d8ff617c484ec26946b,josevalim,9582,"Thanks for the patch, but now it's leaving extra lines. :( I guess the proper fix is to use <%- if %> <% end -%> instead of <%- if -%>.

Another solution, based on 2-3 behavior, is to clean up the attributes hash if no migration_action is given and then:

http://github.com/rails/rails/blob/2-3-stable/railties/lib/rails_generator/generators/components/migration/templates/migration.rb
",2010-06-25T07:52:22Z,2010-06-25T07:52:22Z
19556,2,"@paulrosania: In fact the twitter worm did exactly what NoKarma is describing.  XSS is the stack-smashing of web attacks, if you're attacked you're done.  Nothing can save you """,2009-04-21 19:46:36,NZKoz,rails,rails,256b0ee8e3c1610967dfc89f864e24b98ed3c236,NZKoz,197,"@paulrosania: In fact the twitter worm did exactly what NoKarma is describing.  XSS is the stack-smashing of web attacks, if you're attacked you're done.  Nothing can save you 
",2009-04-22T07:46:36Z,2009-04-22T07:46:36Z
2492271,1,"Not at all -- I just hadn't considered that an empty hash isn't supposed to pass. No one was harmed under this particular pile-on :)""",2013-01-24 00:51:01,tilsammans,rails,rails,2d9c4017dd294e336e0245251f67bf490370305d,tilsammans,14680,"Not at all -- I just hadn't considered that an empty hash isn't supposed to pass. No one was harmed under this particular pile-on :)
",2013-01-24T11:51:01Z,2013-01-24T11:51:01Z
1608237,1,"If I still wasn't explicit enough: 9cc49763934a2ec3016b5bb882c3b8efd2265376 I can either submit a pull request or just forget it :)""",2012-07-19 21:00:44,dmathieu,rails,rails,3b3ca133071419a42c0b1f55c96fc604ff73f2ac,dmathieu,9347,"If I still wasn't explicit enough: 9cc49763934a2ec3016b5bb882c3b8efd2265376
I can either submit a pull request or just forget it :)
",2012-07-20T09:00:44Z,2012-07-20T09:02:20Z
1040389,1,"Nice find, thanks for pointing this out. Need to be more cautious about XSS and mass-assignment  @brookemckim would you have listened if he didn't?""",2012-03-04 06:34:13,warmwaffles,rails,rails,b83965785db1eec019edf1fc272b1aa393e6dc57,warmwaffles,303133,"Nice find, thanks for pointing this out. Need to be more cautious about XSS and mass-assignment

@brookemckim would you have listened if he didn't?
",2012-03-04T17:34:13Z,2012-03-04T17:34:13Z
425782,1,"doh, I always forget about the gitconfig file. @joseicosta you now have one more commit to Rails :P""",2011-06-10 15:55:49,spastorino,rails,rails,94df84a8a4b183037c160d513bf9fa9d1858c36f,spastorino,52642,"doh, I always forget about the gitconfig file. @joseicosta you now have one more commit to Rails :P
",2011-06-11T03:55:49Z,2011-06-11T03:55:49Z
345880,1,"@thehack your vader meme made me laugh really hard. Your inspiration played off well. haha.""",2011-04-16 11:43:56,dfischer,rails,rails,9f09aeb8273177fc2d09ebdafcc76ee8eb56fe33,dfischer,2424,"@thehack your vader meme made me laugh really hard. Your inspiration played off well. haha.
",2011-04-16T23:43:56Z,2011-04-16T23:43:56Z
340121,1,"Great! There are some things to tidy up:  1) Will sprockets be an ActionPack dependency? If so, we should not forget at some point to add it as a dependency to the gemspec. 2) We need railties tests to ensure the full stack work, including rake tasks. 3) T""",2011-04-12 20:13:52,josevalim,rails,rails,f004c8868196f62a6810bc7e693b407fd27a5fa7,josevalim,9582,"Great! There are some things to tidy up:

1) Will sprockets be an ActionPack dependency? If so, we should not forget at some point to add it as a dependency to the gemspec.
2) We need railties tests to ensure the full stack work, including rake tasks.
3) This currently won't work with engines at all. Just plugins inside vendor/plugins. This is a step backward to the direction we are moving lately (more gems, less plugins). Using the engines paths API should fix that. I have written comments on the previous branch before the merge, do you still have them? It seems they are long gone and I don't remember all changes anymore! :(
4) We need documentation.
",2011-04-13T08:13:52Z,2011-04-13T08:18:49Z
452814,1,"@bzanchet can you file a ticket to have this backported?  I can't do it right now, and if we don't have a ticket, I'll forget.  Thanks!""",2011-06-28 14:06:27,tenderlove,rails,rails,7dab186fded971e69f9d8bf5db524c20da326b83,tenderlove,3124,"@bzanchet can you file a ticket to have this backported?  I can't do it right now, and if we don't have a ticket, I'll forget.  Thanks!
",2011-06-29T02:06:27Z,2011-06-29T02:06:27Z
209928,1,"Hahaha, lolinject was funny! I was not talking about your comment, but the thing in general. :)""",2010-12-05 05:42:05,josevalim,rails,rails,20ba81e47d04b0ffd510c4de9c65a439b22a00b2,josevalim,9582,"Hahaha, lolinject was funny! I was not talking about your comment, but the thing in general. :)
",2010-12-05T16:42:05Z,2010-12-05T16:42:05Z
39508,1,"good, this should be the default :) - but you don't need to specify :password_confirmation as it will be matched by the first :password argument""",2009-12-21 07:28:48,benpickles,rails,rails,f09ad263cabe2e781c1994b85375fee8deba4317,benpickles,3637,"good, this should be the default :) - but you don't need to specify :password_confirmation as it will be matched by the first :password argument
",2009-12-21T18:28:48Z,2009-12-21T18:28:48Z
2819190,1,"Trust me, I'm not a Rails committer, and I've been on the receiving side of that badgering. :-)""",2013-03-15 23:41:57,rubys,rails,rails,1a9055073dcc189b289a1e3f47cbc72ff7380f0a,rubys,4815,"Trust me, I'm not a Rails committer, and I've been on the receiving side of that badgering. :-)
",2013-03-16T10:41:57Z,2013-03-16T10:41:57Z
19088,1,"This is also a big win for cacheability, because we can remove user-specific authenticity tokens from ajaxified links and forms that don't need to support a non-ajax fallthrough.  Very nice!""",2009-04-17 03:01:37,gbuesing,rails,rails,256b0ee8e3c1610967dfc89f864e24b98ed3c236,gbuesing,6653,"This is also a big win for cacheability, because we can remove user-specific authenticity tokens from ajaxified links and forms that don't need to support a non-ajax fallthrough.

Very nice!
",2009-04-17T15:01:37Z,2009-04-17T15:01:37Z
19138,1,"Really great addition, will save me a lot unnecessary hacking  :)  @tilsammans  As far as I know protected_from_forgery, is for securing the frontend users, from other users/sites/scripts, who tried to pretend  to be the frontend user. I mean that a per""",2009-04-17 10:53:40,RStankov,rails,rails,256b0ee8e3c1610967dfc89f864e24b98ed3c236,RStankov,9867,"Really great addition, will save me a lot unnecessary hacking  :)

@tilsammans 
As far as I know protected_from_forgery, is for securing the frontend users, from other users/sites/scripts, who tried to pretend  to be the frontend user. I mean that a person who is compiling a browser himself, for example, could only take his session data, witch is his. This is the same as that I could change the html with FireBug and fire some forms, run ajax queries, and other things from every site.
",2009-04-17T22:53:40Z,2009-04-17T22:53:40Z
3320,1,"Looks like some kind of funny injection testing :)""",2008-07-13 21:44:45,ncr,rails,rails,95812d5eafc3b63ce5eeb0748a5d0132f5108b64,ncr,5796,"Looks like some kind of funny injection testing :)
",2008-07-14T09:44:45Z,2008-07-14T09:44:45Z
2223010,1,"Forget, discussion on #7418 :)""",2012-11-28 11:57:38,sobrinho,rails,rails,22df38ca3306684033039fd0bc20b1025f4f8e2a,sobrinho,26460,"Forget, discussion on #7418 :)
",2012-11-28T22:57:38Z,2012-11-28T22:57:38Z
1126386,2,"@tarcieri I don't appeal to the authority. We are talking about formal languages.  In Ruby 0 is true. That is a fact. Given that fact, the one that has to justify that it is a bad idea that 0 is true is you. And you need to argue with language designers.""",2012-03-23 14:45:26,fxn,rails,rails,0aa66f04e4b4698718023cacb18612e04a4c5eb1,fxn,3387,"@tarcieri I don't appeal to the authority. We are talking about formal languages.

In Ruby 0 is true. That is a fact. Given that fact, the one that has to justify that it is a bad idea that 0 is true is you. And you need to argue with language designers.

Ruby programmers learn the language and use it.

When you do Perl you learn an empty string is false. In Ruby it is not. No problem. They are formal languages, learn them and use them properly.
",2012-03-24T01:45:26Z,2012-03-24T01:45:26Z
128728,2,"I know the patch is only about the model... but my eyes hurt and I run screaming after seeing so many explicit hashes like { """"value"""" => """"1"""" } in the method calls. """,2010-08-14 13:06:51,fxn,rails,rails,59a0700b56cb6dc895d5f371b08ba7a339bc2d98,fxn,3387,"I know the patch is only about the model... but my eyes hurt and I run screaming after seeing so many explicit hashes like { ""value"" => ""1"" } in the method calls.
",2010-08-15T01:06:51Z,2010-08-15T01:06:51Z
100179,2,"@ncr what you did seems like a hack. I solved the issue moving from ruby 1.9.1 to 1.9.2""",2010-06-27 20:32:20,bartocc,rails,rails,8d576b51a12fdb19e3993f3678ec64b2ea60fada,bartocc,47953,"@ncr what you did seems like a hack.
I solved the issue moving from ruby 1.9.1 to 1.9.2
",2010-06-28T08:32:20Z,2010-06-28T08:32:20Z
19025,2,"@jameskilton rogue Ajax requests cannot produce CSRF attacks, so this was just an annoyance to people hand-writing JS.""",2009-04-16 11:49:56,wycats,rails,rails,256b0ee8e3c1610967dfc89f864e24b98ed3c236,wycats,4,"@jameskilton rogue Ajax requests cannot produce CSRF attacks, so this was just an annoyance to people hand-writing JS.
",2009-04-16T23:49:56Z,2009-04-16T23:49:56Z
208648,2,"Jeremy, don't you think that by removing commas from separators you broke compatibility with older browsers/webservers? As for our project, you did. We have a lot of """"Tampered at cookie"""" exp-s now. Thank you very much.""",2010-12-03 01:39:04,pavelvasev,rails,rails,b84a33ddd1f3c309a0bf13f487c7729eb6adccaa,pavelvasev,159179,"Jeremy, don't you think that by removing commas from separators you broke compatibility with older browsers/webservers?
As for our project, you did. We have a lot of ""Tampered at cookie"" exp-s now. Thank you very much.
",2010-12-03T12:39:04Z,2010-12-03T12:39:04Z
14544,0,"i think you should inject small circles inside the zero's, its just badly designed otherwise and inconsistent with the o's.""",2009-02-12 21:21:56,alloy,rails,rails,3942cb406e1d5db0ac00e03153809cc8dc4cc4db,alloy,2320,"Don't hope, try and give feedback :-)
",2009-02-13T08:21:56Z,2009-02-13T08:21:56Z
4866,0,"Will this not break SSL?""",2008-08-27 05:03:51,NZKoz,rails,rails,11787b802a1ea8152507e94940f9af394d343c4c,NZKoz,197,"BECAUSE

Please raise this on the core list not in pithy one word comments on changesets that are now months old.  In short, this change complies with the HTTP spec and lets you store URLs in there.
",2008-08-27T17:03:51Z,2008-08-27T17:03:51Z
