comment_id,polarity,text,created_at_gold,author_login_gold,owner,repo,commit_id,author_login_kaiaulu,author_id,body,created_at_kaiaulu,updated_at
3994944,0,"@Vasago: i tried to maintain (if i didn't made any mistake) the same restriction they had, with some changes. if a command .xxx has admin rights but .xxx yyy had player rights, now both are limited to admin. Before it was also useless to have player right""",2013-09-02 00:46:05,Spp-,TrinityCore,TrinityCore,3e45640135bd24886e76eea393a706bc5b6a86a4,xurxogr,259712,"@Vasago: i tried to maintain (if i didn't made any mistake) the same restriction they had, with some changes.
if a command .xxx has admin rights but .xxx yyy had player rights, now both are limited to admin. Before it was also useless to have player rights in the subcommand when the command itself has more restrictive access
",2013-09-02T12:46:05Z,2013-09-02T12:46:05Z
3973241,0,"Horsie yes, but vehicles were even more screwed up than I had thought. A few quests I fixed in the past got their share of issues with vehicles now.""",2013-08-29 01:27:13,Kirkhammett,TrinityCore,TrinityCore,c84f545708656a3448d9e69af626a20144d00e30,filipboev,1146940,"Horsie yes, but vehicles were even more screwed up than I had thought. A few quests I fixed in the past got their share of issues with vehicles now.
",2013-08-29T13:27:13Z,2013-08-29T13:27:13Z
3834745,0,"closes #10517""",2013-08-11 01:21:15,Faq,TrinityCore,TrinityCore,9e45731f3270b44d45d1b96e96d0fceb6ccf4ec3,Faq,322016,"closes #10517
",2013-08-11T13:21:15Z,2013-08-11T13:21:15Z
3802842,1,"Thank you, guy-who-probably-lives-in-the-Balkan.""",2013-08-06 10:58:53,Kirkhammett,TrinityCore,TrinityCore,c8bfb9cf4df450497263d94869880db6eb7f3c73,filipboev,1146940,"Thank you, guy-who-probably-lives-in-the-Balkan.
",2013-08-06T22:58:53Z,2013-08-06T22:58:53Z
3798053,0,"Creature with entry 2641700? Really?""",2013-08-06 02:26:22,Rohlik,TrinityCore,TrinityCore,79dd7222069f6fe6287d41e0f09bc0b680220837,Rohlik,2051154,"Creature with entry 2641700? Really?
",2013-08-06T14:26:22Z,2013-08-06T14:26:22Z
3782733,1,"wrong test spell :P  flame shock has SPELL_DIRECT_DAMAGE""",2013-08-03 09:43:54,Vincent-Michael,TrinityCore,TrinityCore,20a61b6400b17d09f7fc78bc75783aff16e7a029,Vincent-Michael,541725,"wrong test spell :P

flame shock has SPELL_DIRECT_DAMAGE
",2013-08-03T21:43:54Z,2013-08-03T21:44:27Z
3733945,1,"ok. than thanks for this one.""",2013-07-28 08:27:18,2010phenix,TrinityCore,TrinityCore,e3f7be12efbef67a0d6c7213fba79d09941b2197,2010phenix,544663,"ok. than thanks for this one.
",2013-07-28T20:27:18Z,2013-07-28T20:27:18Z
3696680,2,"Sorry, my mistake - haven't noticed it was dropped.""",2013-07-23 02:22:34,nelegalno,TrinityCore,TrinityCore,ebd9090d80df3494fe2b023110d402c5bb7a1460,nelegalno,937520,"Sorry, my mistake - haven't noticed it was dropped.
",2013-07-23T14:22:34Z,2013-07-23T14:22:34Z
3596369,0,"if (events.ExecuteEvent() == EVENT_DEATH_YELL) """,2013-07-09 06:50:17,joschiwald,TrinityCore,TrinityCore,17398a4043bced0f086b23e63644e290690ee7d7,joschiwald,736792,"if (events.ExecuteEvent() == EVENT_DEATH_YELL) 
",2013-07-09T18:50:17Z,2013-07-09T18:50:17Z
3487736,0,"events must start with 1, 0 means no event""",2013-06-23 20:51:03,joschiwald,TrinityCore,TrinityCore,9726a5174e22097373581bb5e20fad49e45b9a61,joschiwald,736792,"events must start with 1, 0 means no event
",2013-06-24T08:51:03Z,2013-06-24T08:51:03Z
3512725,1,"@Subv I think that is a good idea to add it smoothh alot the movement of the npc's which is a good idea i think""",2013-06-26 08:26:02,Dokman,TrinityCore,TrinityCore,aa645683b8b25bfb35cb977678daf5c56c1531e6,Dokman,2290904,"@Subv I think that is a good idea to add it smoothh alot the movement of the npc's which is a good idea i think
",2013-06-26T20:26:02Z,2013-06-26T20:26:02Z
3432493,2,"Pretty simple script for a TBC boss I say. I wonder who did it originally...""",2013-06-15 11:59:43,Subv,TrinityCore,TrinityCore,b3237630ecd6637f358d862ede00f92efba33f7a,Subv,357072,"Pretty simple script for a TBC boss I say. I wonder who did it originally...
",2013-06-15T23:59:43Z,2013-06-15T23:59:43Z
3319230,0,"This is a pointless check, no creature/gameobject/item can be created when its template does not exist - issue should have been resolved as """"false positive""""""",2013-05-29 23:34:10,Shauren,TrinityCore,TrinityCore,9664c0ab5cc7449f2e839fb60b6b87c9d56dfb92,Shauren,297439,"This is a pointless check, no creature/gameobject/item can be created when its template does not exist - issue should have been resolved as ""false positive""
",2013-05-30T11:34:10Z,2013-05-30T11:34:10Z
3209374,0,"Because that keyword only has use for constructors accepting 1 argument without a default value.""",2013-05-14 03:41:38,Shauren,TrinityCore,TrinityCore,f4b83273ec8c109e264e37b691e97dfb89606f86,Shauren,297439,"Because that keyword only has use for constructors accepting 1 argument without a default value.
",2013-05-14T15:41:38Z,2013-05-14T15:41:58Z
2782160,1,"RACE_WORGEN Nuuuu u don't : p""",2013-03-11 09:40:02,Ascathor,TrinityCore,TrinityCore,a3e4f05e1a1cc7f39de2b6eaf81eb1ec716da26e,EgoSumThan,2123930,"RACE_WORGEN
Nuuuu u don't : p
",2013-03-11T20:40:02Z,2013-03-11T20:40:02Z
2787578,0,"weird, will check when back at home""",2013-03-12 03:03:32,Warpten,TrinityCore,TrinityCore,a3e4f05e1a1cc7f39de2b6eaf81eb1ec716da26e,Warpten,563936,"weird, will check when back at home
",2013-03-12T14:03:32Z,2013-03-12T14:03:32Z
2721147,0,"look screen please  http://www.imageup.ru/img271/1231214/wowscrnshot_030113_151400.jpg  After Use focusing iris go no despawn and double spawn malygos,and boss not aggro (IMMUNE_TO_PC flag from boss)""",2013-03-01 00:29:13,Expecto,TrinityCore,TrinityCore,4f40dad714ffbc73f2ae3c3ee1236dffb5a92811,Expecto,961673,"look screen please

http://www.imageup.ru/img271/1231214/wowscrnshot_030113_151400.jpg

After Use focusing iris go no despawn and double spawn malygos,and boss not aggro (IMMUNE_TO_PC flag from boss)
",2013-03-01T11:29:13Z,2013-03-01T11:35:23Z
2624152,1,"Nice 'n Blizzlike""",2013-02-14 05:48:33,Krogonos,TrinityCore,TrinityCore,8befbdcc5675d2249e4e252ba303c149df0ecad3,Krogonos,2513997,"Nice 'n Blizzlike
",2013-02-14T16:48:33Z,2013-02-14T16:48:33Z
2606331,0,"cofirm @digz6666 double loot... """,2013-02-12 02:26:33,L30m4nc3r,TrinityCore,TrinityCore,ccc19366601afe6afad528308530e0811e7aa80d,L30m4nc3r,710285,"cofirm @digz6666
double loot... 
",2013-02-12T13:26:33Z,2013-02-12T13:26:33Z
2549681,0,"And everything else that came in that expansion and before too.""",2013-02-02 16:16:05,Pesthuf,TrinityCore,TrinityCore,1cdfc659591fc556852e95a1cfea4d94a0c13d62,Pesthuf,827493,"And everything else that came in that expansion and before too.
",2013-02-03T03:16:05Z,2013-02-03T03:16:05Z
2642049,0,"https://github.com/TrinityCore/TrinityCore/blob/master/src/server/shared/Logging/LogWorker.cpp Check LogWorker::svc() it's deleted there. """,2013-02-18 03:50:28,Spp-,TrinityCore,TrinityCore,526bdc076488cc5d6507d181790a7ba965cedbef,xurxogr,259712,"https://github.com/TrinityCore/TrinityCore/blob/master/src/server/shared/Logging/LogWorker.cpp Check LogWorker::svc() it's deleted there. 
",2013-02-18T14:50:28Z,2013-02-18T14:50:28Z
2442171,0,"did you wrote any spellscript?""",2013-01-15 14:09:15,joschiwald,TrinityCore,TrinityCore,8081704c6653e3fab3acda907ec1d5c0295d7d0c,joschiwald,736792,"did you wrote any spellscript?
",2013-01-16T01:09:15Z,2013-01-16T01:09:15Z
2361784,0,"No, old way was incorrect, maybe someone can do a config for this allowing to don't send whispers instead blizzlike way.""",2012-12-27 20:18:09,Aokromes,TrinityCore,TrinityCore,01ef119703ed9ce8276e9a899d3260ec05495d0a,Aokromes,539374,"No, old way was incorrect, maybe someone can do a config for this allowing to don't send whispers instead blizzlike way.
",2012-12-28T07:18:09Z,2012-12-28T07:18:09Z
2347735,2,"Ooo, I want to kill it!""",2012-12-21 12:57:17,Krogonos,TrinityCore,TrinityCore,95a201352d025ba2864e12f4c01c5b753128a756,Krogonos,2513997,"Ooo, I want to kill it!
",2012-12-21T23:57:17Z,2012-12-21T23:57:17Z
2248669,1,"... oh. good to have a backup of unmodified script_texts table.""",2012-12-03 23:53:15,Gacko,TrinityCore,TrinityCore,33c44594cd85e6ddbaae566e65ec13809b870d51,Gacko,935479,"... oh. good to have a backup of unmodified script_texts table.
",2012-12-04T10:53:15Z,2012-12-04T10:55:50Z
2211340,0,"break;""",2012-11-26 23:10:05,Expecto,TrinityCore,TrinityCore,cea752fadf3f86a6317768d8a1c4dac1cb2b0a23,Expecto,961673,"break;
",2012-11-27T10:10:05Z,2012-11-27T10:10:05Z
2201838,0,"Well, 1 was added back already.""",2012-11-24 21:44:04,Aokromes,TrinityCore,TrinityCore,e29be154329c4a972d6a4728ac6028e0c8a4d4cd,Aokromes,539374,"Well, 1 was added back already.
",2012-11-25T08:44:04Z,2012-11-25T08:44:04Z
2181759,0,"@eilo header files should avoid including other headers but use forward declarations. The actual code should be implemented in cpp files where headers are to be included. Reasons are basically what spp- said. And that's what he is doing.  @Spp- I have o""",2012-11-20 04:19:35,blipi,TrinityCore,TrinityCore,b5c9ab88023c49ab0e3ab2365c789cd27a6629f1,gpascualg,1239061,"@eilo header files should avoid including other headers but use forward declarations. The actual code should be implemented in cpp files where headers are to be included. Reasons are basically what spp- said.
And that's what he is doing.

@Spp- I have one question, why are you changing variables to pointers? (for example: AchievementMgr*)
",2012-11-20T15:19:35Z,2012-11-20T15:20:04Z
2128818,0,"Not compile:  * Install core to        : C:/Program Files/TrinityCore  * Build world/auth       : Yes (default) * Build with scripts     : Yes (default) * Build map/vmap tools   : No  (default) * Build core w/PCH       : Yes (default) * Build scrip""",2012-11-09 03:16:47,burnham,TrinityCore,TrinityCore,333b8e5159ada2f1b8cbfd1dd8eb9072754477d7,burnham,249632,"Not compile:
- Install core to        : C:/Program Files/TrinityCore
- Build world/auth       : Yes (default)
- Build with scripts     : Yes (default)
- Build map/vmap tools   : No  (default)
- Build core w/PCH       : Yes (default)
- Build scripts w/PCH    : Yes (default)
- Show compile-warnings  : No  (default)
- Use coreside debug     : No  (default)
- Use MySQL sourcetree   : Yes (default)

CMake Error at dep/acelite/ace/CMakeLists.txt:336 (add_native_precompiled_header):
  Unknown CMake command ""add_native_precompiled_header"".
",2012-11-09T14:16:47Z,2012-11-09T14:16:47Z
2122007,0,"uint32, for cata is value uint64 because max gold in inventory, trade, auction or other is 999 999g""",2012-11-08 03:15:11,Rad3k,TrinityCore,TrinityCore,fcc524d5985b9a7f5b30dd600aa99a184654a0bb,Rad3k,746669,"uint32, for cata is value uint64 because max gold in inventory, trade, auction or other is 999 999g
",2012-11-08T14:15:11Z,2012-11-08T14:15:11Z
2121248,0,"Read the commit message, please.""",2012-11-08 00:15:52,Warpten,TrinityCore,TrinityCore,704a563fcde577efd01363b1286b2502b31d3706,Warpten,563936,"Read the commit message, please.
",2012-11-08T11:15:52Z,2012-11-08T11:15:52Z
2034988,2,"subv you noob""",2012-10-22 08:57:52,Shocker,TrinityCore,TrinityCore,e475b50f587f5501a61eb9d39ba4f45dc2ff4b3e,Shocker,511388,"subv you noob
",2012-10-22T20:57:52Z,2012-10-22T20:57:52Z
1980816,0,"spell has: AttributesEx5: 0x00020008 (SPELL_ATTR5_USABLE_WHILE_STUNNED, SPELL_ATTR5_USABLE_WHILE_FEARED)""",2012-10-11 00:46:49,Vincent-Michael,TrinityCore,TrinityCore,104b86f3d42fb148df60eedf374a06c8460d8067,Vincent-Michael,541725,"spell has: AttributesEx5: 0x00020008 (SPELL_ATTR5_USABLE_WHILE_STUNNED, SPELL_ATTR5_USABLE_WHILE_FEARED)
",2012-10-11T12:46:49Z,2012-10-11T12:46:49Z
1968183,1,"lol""",2012-10-09 02:35:55,vlad852,TrinityCore,TrinityCore,0620d2249131d681529f8a69f8bbec5e1773ad4d,vlad852,547426,"lol
",2012-10-09T14:35:55Z,2012-10-09T14:35:55Z
1915132,1,":D""",2012-09-27 03:57:36,karama300,TrinityCore,TrinityCore,9004580ee6af00e090628ca67904522699ac68e8,karama300,1657595,":D
",2012-09-27T15:57:36Z,2012-09-27T15:57:36Z
1892472,1,"Thanks :)""",2012-09-23 02:24:19,Stylerdk,TrinityCore,TrinityCore,ce6785d9db569b31cb88e5d3e65077ffbced40e8,Stylerdk,1755695,"Thanks :)
",2012-09-23T14:24:19Z,2012-09-23T14:24:19Z
1892302,0,"It works, beacon now heals properly, but when a player puts beacon on someone, and heals someone else, it shows up that the player with the beacon is being healed by the player with the beacon, instead of the player casting the spell.""",2012-09-22 23:32:49,Morgoporc,TrinityCore,TrinityCore,3f6428613242c7cc8a2877b67a199616ab94181a,Morgoporc,2163439,"It works, beacon now heals properly, but when a player puts beacon on someone, and heals someone else, it shows up that the player with the beacon is being healed by the player with the beacon, instead of the player casting the spell.
",2012-09-23T11:32:49Z,2012-09-23T11:32:49Z
1851057,1,"nice""",2012-09-13 06:05:17,Vitasic,TrinityCore,TrinityCore,f03e650474463ad7454294e0fb5d6f169719ecbd,VitalyPokataev,1458493,"nice
",2012-09-13T18:05:17Z,2012-09-13T18:05:17Z
1838457,0,"My patch tested and working 3 month more). But we must fix it in blizzlike way) BTW animation is well. And it seems this item created by blizz for transmogrif""",2012-09-11 06:31:33,vlad852,TrinityCore,TrinityCore,7a8652c06f71e430c3cff9667edcbb0335be7cc0,vlad852,547426,"My patch tested and working 3 month more).
But we must fix it in blizzlike way)
BTW animation is well. And it seems this item created by blizz for transmogrif
",2012-09-11T18:31:33Z,2012-09-11T18:32:14Z
2959408,2,"You realize that you post on 7 month old commit?""",2013-04-06 08:02:11,Shauren,TrinityCore,TrinityCore,be181b2ccdb1e9d0cce1972008e4e89359593c98,Shauren,297439,"You realize that you post on 7 month old commit?
",2013-04-06T20:02:11Z,2013-04-06T20:02:11Z
1804958,0,"99c8399772701af9bf3c79e4c514aead57cdc7d6""",2012-09-04 00:30:45,stfx,TrinityCore,TrinityCore,0db5573d4de436cf14c9f6d113a28800fa278c2c,DomGries,341158,"99c8399772701af9bf3c79e4c514aead57cdc7d6
",2012-09-04T12:30:45Z,2012-09-04T12:30:45Z
1700553,0,"GM_%u.log""",2012-08-10 11:42:24,joschiwald,TrinityCore,TrinityCore,97c4b92eb02fc673d1230aadaee23aa7827a9761,joschiwald,736792,"GM_%u.log
",2012-08-10T23:42:24Z,2012-08-10T23:42:24Z
1643595,0,"@Kretol what for pets commands?""",2012-07-28 21:05:32,Vincent-Michael,TrinityCore,TrinityCore,6f69a3326dd77547b66b6097da7d4c9fe96ac54e,Vincent-Michael,541725,"@Kretol what for pets commands?
",2012-07-29T09:05:32Z,2012-07-29T09:05:32Z
1543014,0,"someone please test https://github.com/TrinityCore/TrinityCore/issues/6981 after this""",2012-07-05 05:28:13,maxxx,TrinityCore,TrinityCore,869ea349879f85f2246921569c3a02807e266479,maxxx,123766,"someone please test https://github.com/TrinityCore/TrinityCore/issues/6981 after this
",2012-07-05T17:28:13Z,2012-07-05T17:28:13Z
1495299,0,"I know this is possible and I am doing it but making mounts working on all areas for gm would be good if something needs testing with it. Aso you cannot even move on fly mount with gm and player not!""",2012-06-22 23:21:33,Vasago,TrinityCore,TrinityCore,96286790e7263d4f611c58b2bcf8da67ce18a9c5,Vasago,241543,"I know this is possible and I am doing it but making mounts working on all areas for gm would be good if something needs testing with it. Aso you cannot even move on fly mount with gm and player not!
",2012-06-23T11:21:33Z,2012-06-23T11:21:33Z
1468427,0,"'EventId' is not a class or namespace i've get this while compiling""",2012-06-17 08:54:34,Geodar,TrinityCore,TrinityCore,8c16cc2260a6819083153d7b4ca707c0ba315caa,Plenyx,1507236,"'EventId' is not a class or namespace
i've get this while compiling
",2012-06-17T20:54:34Z,2012-06-17T20:54:34Z
1464494,0,"no ive checkd it. you should be able to use the parachute without falling and once you start falling it opens up.""",2012-06-15 06:02:11,kandera,TrinityCore,TrinityCore,9d19be2ee5be7cf46ea3eb6b197647737266c69e,Star-lion,930757,"no ive checkd it. you should be able to use the parachute without falling and once you start falling it opens up.
",2012-06-15T18:02:11Z,2012-06-15T18:02:11Z
1448441,0,"I just compile the core and I got an error:  [C:\Trinity\TrinityCore\src\server\game\Entities\Player\Player.cpp(23389): error C2662: 'Group::GetFirstMember' : can not convert a pointer 'this' from 'const Group' to 'Group &' Conversion loses qualifiers] """,2012-06-12 06:14:24,dahod,TrinityCore,TrinityCore,c6c23b7f7ef148f88b64346a44a46f51d2cad212,dahod,1809532,"I just compile the core and I got an error:

[C:\Trinity\TrinityCore\src\server\game\Entities\Player\Player.cpp(23389): error C2662: 'Group::GetFirstMember' : can not convert a pointer 'this' from 'const Group' to 'Group &' Conversion loses qualifiers]
",2012-06-12T18:14:24Z,2012-06-12T18:28:32Z
1447360,0,"no. when you /cower at him he roars. when you /angry at him he cowers. this is correct""",2012-06-12 03:03:28,kandera,TrinityCore,TrinityCore,9fe66cafbef1eeae5e7da7dcb90ba5136a645e76,Star-lion,930757,"no. when you /cower at him he roars. when you /angry at him he cowers. this is correct
",2012-06-12T15:03:28Z,2012-06-12T15:03:28Z
1620040,0,"Kandera can u tell me what commit was that? Because part of this bug still persist for me. Deathbringer's Will buffs are being removed when you use Bladestorm.""",2012-07-23 16:06:43,Havenard,TrinityCore,TrinityCore,870503059341723bb9ec76b3ef103d1cfc7a9134,Havenard,605966,"Kandera can u tell me what commit was that? Because part of this bug still persist for me. Deathbringer's Will buffs are being removed when you use Bladestorm.
",2012-07-24T04:06:43Z,2012-07-24T04:06:43Z
1422288,1,"Thank you for that Malcrom :)""",2012-06-06 00:28:07,Myrinia,TrinityCore,TrinityCore,4ca77c5b0bf01752f9302a7591ba0c4226b889e1,Myrinia,642187,"Thank you for that Malcrom :)
",2012-06-06T12:28:07Z,2012-06-06T12:28:07Z
1408153,1,"Gunship rocks""",2012-06-02 09:18:18,Chipsi,TrinityCore,TrinityCore,b90050a528f685865fdc5a7430c2631548ac42f7,FilipLukac,862354,"Gunship rocks
",2012-06-02T21:18:18Z,2012-06-02T21:18:18Z
1379501,1,"Great it turn now :)""",2012-05-25 15:28:23,Kinzcool,TrinityCore,TrinityCore,eb08c4d4b4a35a178f6368ed4a4388f74d3cc04e,Kinzcool,1700544,"Great it turn now :)
",2012-05-26T03:28:23Z,2012-05-26T03:28:23Z
1373538,0,"mhm, okay""",2012-05-24 07:51:59,Vincent-Michael,TrinityCore,TrinityCore,4bdc5573822fd8c2d4ed0422abb2bd29e772e6de,Vincent-Michael,541725,"mhm, okay
",2012-05-24T19:51:59Z,2012-05-24T19:51:59Z
1356649,0,"heh ye, those procflags look kinda random. Ive made it 65876 (including proc on ranged hit, wont hurt being there), not sure if it should heal on aoe dmg and dot ticks too.""",2012-05-21 06:50:04,tibbi,TrinityCore,TrinityCore,7e62c34b247d886d89aea8bd5e8e9241d8cefa44,tibbi,528931,"heh ye, those procflags look kinda random. Ive made it 65876 (including proc on ranged hit, wont hurt being there), not sure if it should heal on aoe dmg and dot ticks too.
",2012-05-21T18:50:04Z,2012-05-21T18:50:04Z
1342871,2,"im feeling sad for him.""",2012-05-17 01:12:21,Warpten,TrinityCore,TrinityCore,ac844f99537dc9867242269f63c3cd58be96e1b2,Warpten,563936,"im feeling sad for him.
",2012-05-17T13:12:21Z,2012-05-17T13:12:21Z
1329570,0,"I thnik, this two ifs, can be merged to one.. if (spellProto && ....""",2012-05-14 07:07:01,Chipsi,TrinityCore,TrinityCore,06e019b72225e824711fc41b6f4d0443b715b8cc,FilipLukac,862354,"I thnik, this two ifs, can be merged to one.. if (spellProto && ....
",2012-05-14T19:07:01Z,2012-05-14T19:07:01Z
1324903,0,"Indeed sorry :x Then I tried the same thing for heal ring, but it's not working, any idea why ? DELETE FROM `spell_proc_event` WHERE `entry` = 72419; INSERT INTO `spell_proc_event` (`entry`,`SchoolMask`,`SpellFamilyName`,`SpellFamilyMask0`,`SpellFamilyMask""",2012-05-12 23:37:09,Larya,TrinityCore,TrinityCore,62b1d4b8e13f35688fae7cc212699a86033f4887,Larya,800637,"Indeed sorry :x
Then I tried the same thing for heal ring, but it's not working, any idea why ?
DELETE FROM `spell_proc_event` WHERE `entry` = 72419;
INSERT INTO `spell_proc_event` (`entry`,`SchoolMask`,`SpellFamilyName`,`SpellFamilyMask0`,`SpellFamilyMask1`,`SpellFamilyMask2`,`procFlags`,`procEx`,`ppmRate`,`CustomChance`,`Cooldown`) VALUES (72419,0,0,0,0,0,278528,0,0,0,60);
",2012-05-13T11:37:09Z,2012-05-13T11:37:09Z
1315221,1,"oh shush you two. i do this all the time ^^""",2012-05-10 00:44:52,kandera,TrinityCore,TrinityCore,5057a8156dc0b2f8664ca952d1da2954f385b2f2,Star-lion,930757,"oh shush you two. i do this all the time ^^
",2012-05-10T12:44:52Z,2012-05-10T12:44:52Z
1314983,1,"Fixed in 5057a8156dc0b2f8664ca952d1da2954f385b2f2. Thanks and sorry. :)""",2012-05-09 23:53:21,Discover-,TrinityCore,TrinityCore,0ecd9e72d0745ed0e79f8730f808153139a795a1,JasperAppec,875209,"Fixed in 5057a8156dc0b2f8664ca952d1da2954f385b2f2. Thanks and sorry. :)
",2012-05-10T11:53:21Z,2012-05-10T11:53:21Z
1295671,2,"no seriously what does this do ??""",2012-05-04 22:11:38,terabyte101,TrinityCore,TrinityCore,58b05da8df4a0b330d55ccdd296730608b749490,terabyte101,1330528,"no seriously what does this do ??
",2012-05-05T10:11:38Z,2012-05-05T10:11:38Z
1246406,1,"and missing sql for add :P""",2012-04-23 06:43:22,Vincent-Michael,TrinityCore,TrinityCore,b07341f998bb9305707f300f52bfce5515d555a5,Vincent-Michael,541725,"and missing sql for add :P
",2012-04-23T18:43:22Z,2012-04-23T18:43:22Z
1224499,0,"Well it was worth mentioning but the diff made no difference (diff...erence).  And yeah.. as Warpten said, use SQLYog.""",2012-04-17 18:18:28,Discover-,TrinityCore,TrinityCore,5dd561dcacfaf16bdbdd3932a40a94a7cd85a633,JasperAppec,875209,"Well it was worth mentioning but the diff made no difference (diff...erence).

And yeah.. as Warpten said, use SQLYog.
",2012-04-18T06:18:28Z,2012-04-18T06:18:28Z
1209116,0,"codestyle^^""",2012-04-13 11:47:25,Vincent-Michael,TrinityCore,TrinityCore,a28742bffeca3764468b3f307a86c14e2f3e3607,Vincent-Michael,541725,"codestyle^^
",2012-04-13T23:47:25Z,2012-04-13T23:47:25Z
1198174,0,"Fixes one of sources in #5538 (not all)""",2012-04-11 04:05:31,Shauren,TrinityCore,TrinityCore,be5b91f6bb9f98d40723807a03da6dc00d6b6aff,Shauren,297439,"Fixes one of sources in #5538 (not all)
",2012-04-11T16:05:31Z,2012-04-11T16:05:31Z
1149971,0," Because the fields in db are tinyint and not int""",2012-03-29 05:26:04,DDuarte,TrinityCore,TrinityCore,3ba43cc08ac3ce3dc3519992638cd5cda717c0f5,DDuarte,530940," Because the fields in db are tinyint and not int
",2012-03-29T17:26:04Z,2012-03-29T17:26:04Z
1133133,1,"thanks dasio""",2012-03-26 04:22:06,kandera,TrinityCore,TrinityCore,7b357a502859825cfb9fd47adc6b461859e3dcc1,Star-lion,930757,"thanks dasio
",2012-03-26T16:22:06Z,2012-03-26T16:22:06Z
1130083,0,"Shouldn't this be?  ```DIFF -            damageInfo->HitInfo      = HITINFO_NORMALSWING2; +            damageInfo->HitInfo      = HITINFO_AFFECTS_VICTIM; ```""",2012-03-25 18:53:58,nelegalno,TrinityCore,TrinityCore,786c226b7442ae81479c0124409585293fdf6a76,nelegalno,937520,"Shouldn't this be?

``` DIFF
-            damageInfo->HitInfo      = HITINFO_NORMALSWING2;
+            damageInfo->HitInfo      = HITINFO_AFFECTS_VICTIM;
```
",2012-03-26T06:53:58Z,2012-03-26T06:53:58Z
1128986,1,"Awww ya got me.""",2012-03-25 07:27:10,raczman,TrinityCore,TrinityCore,fa1d3f305b6a31c11b068a3d10924d2adc9d8279,raczman,79683,"Awww ya got me.
",2012-03-25T19:27:10Z,2012-03-25T19:27:10Z
1122590,0,"You really think dns lookup can allow to know the city of someone? The db for country is updated every month. Also, more detailed DBs (with city of someone) are pay dbs.""",2012-03-22 19:38:59,Aokromes,TrinityCore,TrinityCore,0fe4580fe0f526b864586a9cc3e7727be1980323,Aokromes,539374,"You really think dns lookup can allow to know the city of someone? The db for country is updated every month. Also, more detailed DBs (with city of someone) are pay dbs.
",2012-03-23T06:38:59Z,2012-03-23T06:40:18Z
1116683,1,":O Thanks.""",2012-03-21 13:35:55,aedansilver,TrinityCore,TrinityCore,e8c3cb1c10f8c7cb8edcddeb6b7b0705563c161c,aedansilver,656750,":O Thanks.
",2012-03-22T00:35:55Z,2012-03-22T00:35:55Z
1089957,1,"woops.. fixed fe46cf97961a82c43c9f287deecf40049b1fed19""",2012-03-15 05:41:53,kandera,TrinityCore,TrinityCore,01bc6c483bc0756850ee8853f98bd8de4a2316bc,Star-lion,930757,"woops.. fixed fe46cf97961a82c43c9f287deecf40049b1fed19
",2012-03-15T16:41:53Z,2012-03-15T16:41:53Z
1071872,1,"delete world. :) """,2012-03-11 20:39:38,Chipsi,TrinityCore,TrinityCore,2b2d054f64f1fa137364d2f840c7005e7936bdc2,FilipLukac,862354,"delete world. :)
",2012-03-12T07:39:38Z,2012-03-12T07:39:38Z
1057947,1,"read the commit message ;P""",2012-03-08 00:07:10,Fredi,TrinityCore,TrinityCore,a1a7a2d7c06e9a8d1cbf3a8901d8d134dcd1ee6a,fredimachado,29800,"read the commit message ;P
",2012-03-08T11:07:10Z,2012-03-08T11:07:10Z
1053536,1,"@DDuarte LMAO""",2012-03-07 02:54:15,delro92,TrinityCore,TrinityCore,e5d23103f37c40d2e946fa0e2db66d2f527ad9af,delro92,795485,"@DDuarte LMAO
",2012-03-07T13:54:15Z,2012-03-07T13:54:15Z
1050209,0,"ALTER TABLE `character_queststatus_seasonal` ENGINE=MYISAM; in world misc ?""",2012-03-06 09:36:21,blindspell,TrinityCore,TrinityCore,f506674ab85107d5866c2f90111e7bf949233711,blindspell,134264,"ALTER TABLE `character_queststatus_seasonal` ENGINE=MYISAM; in world misc ?
",2012-03-06T20:36:21Z,2012-03-06T20:36:21Z
1041180,0,"@vincent-michael it would summon the NPC at the wrong coords""",2012-03-04 12:27:38,Subv,TrinityCore,TrinityCore,45ef7dbfcba4625d514f5e4d07e34634f3282292,Subv,357072,"@vincent-michael it would summon the NPC at the wrong coords
",2012-03-04T23:27:38Z,2012-03-04T23:27:38Z
1024415,0,"not work on Debian In file included from /home/mangos/sources/Trinity/src/server/game/Entities/Object/Updates/UpdateData.h:22,                  from /home/mangos/sources/Trinity/src/server/game/Entities/Object/Object.h:24,                  from /home/ma""",2012-02-28 18:30:11,SeTM,TrinityCore,TrinityCore,77c848b93743db59eec8009a2ff0293479560dbe,SeTM,31609,"not work on Debian
In file included from /home/mangos/sources/Trinity/src/server/game/Entities/Object/Updates/UpdateData.h:22,
                 from /home/mangos/sources/Trinity/src/server/game/Entities/Object/Object.h:24,
                 from /home/mangos/sources/Trinity/src/server/game/Grids/GridStates.h:23,
                 from /home/mangos/sources/Trinity/src/server/game/Maps/MapManager.h:27,
                 from /home/mangos/sources/Trinity/src/server/game/PrecompiledHeaders/gamePCH.h:7,
                 from /home/mangos/sources/Trinity/build/src/server/game/game_pch_dephelp.cxx:1:
/home/mangos/sources/Trinity/src/server/shared/Packets/ByteBuffer.h:37: error: pure-specifier on function-definition
",2012-02-29T05:30:11Z,2012-02-29T05:30:11Z
1025660,0,"Unstable for Public servers? They are not supported by Trinity xD""",2012-02-29 00:49:33,cooler-SAI,TrinityCore,TrinityCore,02b0cc825e14f1f5c899ee1599a21b856ee802b8,cooler-SAI,812439,"Unstable for Public servers? They are not supported by Trinity xD
",2012-02-29T11:49:33Z,2012-02-29T11:49:33Z
1016161,0,"warning C4351: new behavior: elements of array 'PlayerTaxi::m_taximask' will be default initialized""",2012-02-27 06:42:28,Expecto,TrinityCore,TrinityCore,d38bc3a17857c36a3ab871deac57b314987194bb,Expecto,961673,"warning C4351: new behavior: elements of array 'PlayerTaxi::m_taximask' will be default initialized
",2012-02-27T17:42:28Z,2012-02-27T17:42:28Z
1011650,0," There seems to be a problem with SMART_ACTION_MOVE_FORWARD & SMART_ACTION_FORCE_DESPAWN  When the creature despawns and respawns again, it appears in that point where it walked. So in these case the goblin respawns out of the cage and the cage doesn't re""",2012-02-25 12:41:34,Muzashi,TrinityCore,TrinityCore,bed3fb6d98e6c43c8588318e6baa8c4433da80ac,Muzashi,1129264," There seems to be a problem with SMART_ACTION_MOVE_FORWARD & SMART_ACTION_FORCE_DESPAWN
 When the creature despawns and respawns again, it appears in that point where it walked. So in these case the goblin respawns out of the cage and the cage doesn't reset its state.
 I was trying to fix another NPC that walks and then despawns and I have the same issue.

 Hope the information can help, and sorry for the bad english. Great job Malcrom!
",2012-02-25T23:41:34Z,2012-02-25T23:41:34Z
994904,0,"why ? i used this rev, and i get this error on this rev, my commit is ok for this rev or ? i dont know with rev makes this compile error""",2012-02-21 20:56:29,Betaman2k,TrinityCore,TrinityCore,6870ee58483c5dc3ebec9c8b6225aaee295c5133,Betaman2k,205935,"why ?
i used this rev, and i get this error on this rev, my commit is ok for this rev or ?
i dont know with rev makes this compile error
",2012-02-22T07:56:29Z,2012-02-22T07:56:29Z
981207,2,"thats very strange as i KNOW i fixed those numbers before pushing them up""",2012-02-18 04:52:00,kandera,TrinityCore,TrinityCore,c517806a23751dd92d6a064b7f721507f182bc75,Star-lion,930757,"thats very strange as i KNOW i fixed those numbers before pushing them up
",2012-02-18T15:52:00Z,2012-02-18T15:52:00Z
970734,1,"That's exactly what I meant, actually.  Edit: Trololol, """"@exactly what I meant""""""",2012-02-15 08:00:35,Discover-,TrinityCore,TrinityCore,d55126aacb784dfefaf9455ab174a50293536399,JasperAppec,875209,"That's exactly what I meant, actually.

Edit:
Trololol, ""@exactly what I meant""
",2012-02-15T19:00:35Z,2012-02-15T19:01:13Z
965025,1,"It's more disappointing how long it takes @Subv to add a simple Typeid check :)""",2012-02-14 04:49:09,3kids,TrinityCore,TrinityCore,5ea49613d24ad10b305891a39340155058e5a67e,3kids,377342,"It's more disappointing how long it takes @Subv to add a simple Typeid check :)
",2012-02-14T15:49:09Z,2012-02-14T15:49:09Z
957713,2,"actually no. #3433 is completely not related to what this commit is supposed to fix (i dont care what people comment on the issue, what matters is the first post)""",2012-02-12 02:58:13,Shauren,TrinityCore,TrinityCore,05b18ca9ba81c9a6a656e4476e132807489894bf,Shauren,297439,"actually no. #3433 is completely not related to what this commit is supposed to fix (i dont care what people comment on the issue, what matters is the first post)
",2012-02-12T13:58:13Z,2012-02-12T13:59:27Z
953254,0,"I got a bug after this update - whenever the basket don't get used it never despawn till server restart, it should dissapear on umbrella dissapearing. Can anyone confirm this bug or it is my error only? Like you get ~ baskets all over dalaran or other plac""",2012-02-10 01:21:07,Trista,TrinityCore,TrinityCore,32b2fccf331e545b83e8e584a0eb4804539173c4,s7an-it,816840,"I got a bug after this update - whenever the basket don't get used it never despawn till server restart, it should dissapear on umbrella dissapearing. Can anyone confirm this bug or it is my error only? Like you get ~ baskets all over dalaran or other places.
A side misscalculation, atm you can get the achievement without using the food, it auto caunt it as being eaten when you click on the basket, so 1 of the spells makes the server recognise it as being eaten - maybe one of these 
-    SPELL_MEAL_PERIODIC = 45103, // Holiday - Valentine - Romantic Picnic Meal Periodic - effect dummy /so this should be casted on actual use of the food I guess.
-    SPELL_MEAL_EAT_VISUAL = 45120, // Holiday - Valentine - Romantic Picnic Meal Eat Visual
-    // SPELL_MEAL_PARTICLE = 45114, // Holiday - Valentine - Romantic Picnic Meal Particle - unused. And these both for the eating viusual from the basket.
  or the criteria is to just have the aura at this moment, the achievement should be to get when eat buttermilk delight after having the aura http://www.wowhead.com/item=22236.
",2012-02-10T12:21:07Z,2012-02-10T12:27:50Z
933161,0,"Mmmm should be: +        if (effectMask & (1 << effectNumber) && unit->IsImmunedToSpellEffect(m_spellInfo, effectNumber))""",2012-02-04 05:13:57,devilcoredev,TrinityCore,TrinityCore,9d185c5d6657c74b24041356916d095ddb6f0d73,devilcoredev,1059502,"Mmmm should be:
-        if (effectMask & (1 << effectNumber) && unit->IsImmunedToSpellEffect(m_spellInfo, effectNumber))
",2012-02-04T16:13:57Z,2012-02-04T16:13:57Z
933170,0,"There is a mistake, see on https://github.com/TrinityCore/TrinityCore/commit/9d185c5d6657c74b24041356916d095ddb6f0d73#commitcomment-933161""",2012-02-04 05:19:23,devilcoredev,TrinityCore,TrinityCore,9d185c5d6657c74b24041356916d095ddb6f0d73,devilcoredev,1059502,"There is a mistake, see on https://github.com/TrinityCore/TrinityCore/commit/9d185c5d6657c74b24041356916d095ddb6f0d73#commitcomment-933161
",2012-02-04T16:19:23Z,2012-02-04T16:19:23Z
839684,0,"Can you give some examples?""",2012-01-04 21:42:24,oMadMano,TrinityCore,TrinityCore,08bcbc89b04b5848596ec6073d3d7ef9e98b4dec,oMadMano,867216,"Can you give some examples?
",2012-01-05T08:42:24Z,2012-01-05T08:42:24Z
830324,1,"haha :D happy new year ;)""",2012-01-01 04:45:52,boomy,TrinityCore,TrinityCore,8299627ed950a0ebe4395951c00805ace9bde533,marvin-w,708887,"haha :D happy new year ;)
",2012-01-01T15:45:52Z,2012-01-01T15:45:52Z
819967,1,"Merry Christmas everyone""",2011-12-25 00:08:47,2010phenix,TrinityCore,TrinityCore,f8e636490594113031d34964b7c972067bce27c5,2010phenix,544663,"Merry Christmas everyone
",2011-12-25T11:08:47Z,2011-12-25T11:08:47Z
815616,1,"so this fix is also related to my post here i see: http://www.trinitycore.org/f/topic/5197-can-this-cause-indeed-crashes/ thanks for the fix!""",2011-12-22 02:03:13,jobbais,TrinityCore,TrinityCore,e9ee82daf7261742fd2427e7336df78c3322132a,jobbais,601862,"so this fix is also related to my post here i see: http://www.trinitycore.org/f/topic/5197-can-this-cause-indeed-crashes/
thanks for the fix!
",2011-12-22T13:03:13Z,2011-12-22T13:03:13Z
742306,2,"Great, again client freezes ....""",2011-11-23 08:46:58,Aokromes,TrinityCore,TrinityCore,0eb193f2b416af7f34bd89641aec88d843c9197e,Aokromes,539374,"Great, again client freezes ....
",2011-11-23T19:46:58Z,2011-11-23T19:46:58Z
742471,0,"PVS Studio. Also it's free (month license) for opensource projects (http://www.viva64.com/en/b/0092/).""",2011-11-23 09:35:23,Chaplain,TrinityCore,TrinityCore,44693cfa99b871dd46b794594334d5e286c4e881,Erfa1l,932515,"PVS Studio. Also it's free (month license) for opensource projects (http://www.viva64.com/en/b/0092/).
",2011-11-23T20:35:23Z,2011-11-23T20:35:23Z
733311,1,"Tx for restore working TC.  Machiavelli - if U need testers- i ready to become a tester""",2011-11-20 02:17:37,SignFinder,TrinityCore,TrinityCore,cab3def3a4f81a9763f9bea84864e7aa9ae6f794,SignFinder,299814,"Tx for restore working TC. 
Machiavelli - if U need testers- i ready to become a tester
",2011-11-20T13:17:37Z,2011-11-20T13:18:42Z
730305,0,"problem in duel in elvin forest - its not sanctuary zone""",2011-11-18 01:55:50,SignFinder,TrinityCore,TrinityCore,28d1cc9cfe8ba1b7f30f0d918b40eaf6d54170b3,SignFinder,299814,"problem in duel in elvin forest - its not sanctuary zone
",2011-11-18T12:55:50Z,2011-11-18T12:55:50Z
678172,0,"SMART_ACTION_ENTER_VEHICLE should be removed and its implementations by SMART_ACTION_CAST_SPELL (sp?) and cast the appropriate vehicle riding spell. SMART_ACTION_LEAVE_VEHICLE should remove the aura on the target vehicle from the specified caster. Not sur""",2011-10-26 20:26:45,Machiavell1,TrinityCore,TrinityCore,f958fdf246b16b11103d0b8ce6a9d17909da42a9,Machiavell1,536397,"SMART_ACTION_ENTER_VEHICLE should be removed and its implementations by SMART_ACTION_CAST_SPELL (sp?) and cast the appropriate vehicle riding spell.
SMART_ACTION_LEAVE_VEHICLE should remove the aura on the target vehicle from the specified caster. Not sure if there's a unapply aura SAI type at the moment, but it should be used imo.
SMART_ACTION_REMOVE_PASSENGERS should probably also use the unapply aura SAI type (remove all SPELL_AURA_CONTROL_VEHICLE on current unit).
",2011-10-27T08:26:45Z,2011-10-27T08:27:13Z
668957,1,"That was already fixed yesterday, but thanks anyNay.""",2011-10-22 22:40:16,DDuarte,TrinityCore,TrinityCore,1f2e4535c1dd2d2b4a74fd45699d8068489f24b2,DDuarte,530940,"That was already fixed yesterday, but thanks anyNay.
",2011-10-23T10:40:16Z,2011-10-23T10:40:16Z
646412,0,"Fix: https://github.com/Vincent-Michael/BlubCore/commit/564ab349e4250e2bc99cf17183c6289528670f4a""",2011-10-11 23:17:46,Vincent-Michael,TrinityCore,TrinityCore,12c30b0c98d7bebb2a47ff8748e2554bd72e332c,Vincent-Michael,541725,"Fix: https://github.com/Vincent-Michael/BlubCore/commit/564ab349e4250e2bc99cf17183c6289528670f4a
",2011-10-12T11:17:46Z,2011-10-12T11:17:46Z
639243,0,"@Shauren 0bb86a3e97cf720512ae00c9bee209a30c5fb928 This patch still needs some further fix.""",2011-10-08 08:12:19,megamage,TrinityCore,TrinityCore,1e44044a8f21c36847bdc544dcf89f83b02b941a,megamage,35114,"@Shauren
0bb86a3e97cf720512ae00c9bee209a30c5fb928
This patch still needs some further fix.
",2011-10-08T20:12:19Z,2011-10-08T20:12:19Z
607478,0,"EFFECT_IMPLICIT_TARGET_CASTER is not used anywhere? Why not use TARGET_OBJECT_TYPE_PET to replace EFFECT_IMPLICIT_TARGET_PET and make """"implicit target type"""" a bool?""",2011-09-23 01:38:10,megamage,TrinityCore,TrinityCore,13a1d90130a8d5bb49ffa5c193640f0cb4396f26,megamage,35114,"EFFECT_IMPLICIT_TARGET_CASTER is not used anywhere?
Why not use TARGET_OBJECT_TYPE_PET to replace EFFECT_IMPLICIT_TARGET_PET and make ""implicit target type"" a bool?
",2011-09-23T13:38:10Z,2011-09-23T13:38:10Z
571395,0,"apparently you did not read commit message.  """"check performed inside IsInMeleeRange""""""",2011-09-05 21:49:06,Shauren,TrinityCore,TrinityCore,b7882e0fa811a20d6986ae1fd4dc4050d80d830d,Shauren,297439,"apparently you did not read commit message.

""check performed inside IsInMeleeRange""
",2011-09-06T09:49:06Z,2011-09-06T09:49:06Z
568085,0,"I'll copy/past what I said on the original post by Saarjuk, hope someone can answer it :  I have a question about this awesome work, for warrior you used the 3.3.0 values, but in 3.3.2, threat with Shield Slam was up by 30%, is it fix too ? (I've made a""",2011-09-03 07:20:27,Larya,TrinityCore,TrinityCore,b40bf693194abd3f1b9e35ab6792f0df2369d1dc,Larya,800637,"I'll copy/past what I said on the original post by Saarjuk, hope someone can answer it :

I have a question about this awesome work, for warrior you used the 3.3.0 values, but in 3.3.2, threat with Shield Slam was up by 30%, is it fix too ?
(I've made an issue about that : https://github.com/TrinityCore/TrinityCore/issues/2236 )

Thanks for all. ;)

Edit : And threat from Icy Touch is broken too, it is not 7 times damage (*2 for FP) for now the *7 is missing on latest rev, but I can't see it in the SQL sheet, am I wrong or did he still work correctly for you ?

Edit² : Just in case :
- (49909, 0, 7.00, 0.0), -- Icy Touch
  Hope I'm not totaly wrong :x

Edit^3 : Maybe for Shield Slam it will be multiplied by 1.30 then ?
- (23922, 228, 1.30, 0.0), -- Shield Slam (Rank 1)
- (23923, 268, 1.30, 0.0), -- Shield Slam (Rank 2)
- (23924, 307, 1.30, 0.0), -- Shield Slam (Rank 3)
- (23925, 347, 1.30, 0.0), -- Shield Slam (Rank 4)
- (25258, 387, 1.30, 0.0), -- Shield Slam (Rank 5)
- (30356, 426, 1.30, 0.0), -- Shield Slam (Rank 6)
- (47487, 650, 1.30, 0.0), -- Shield Slam (Rank 7)
- (47488, 770, 1.30, 0.0), -- Shield Slam (Rank 8)
",2011-09-03T19:20:27Z,2011-09-03T19:20:27Z
568847,0,"Just use issue tracker.""",2011-09-04 05:10:22,QAston,TrinityCore,TrinityCore,b40bf693194abd3f1b9e35ab6792f0df2369d1dc,QAston,126822,"Just use issue tracker.
",2011-09-04T17:10:22Z,2011-09-04T17:10:22Z
549670,0,"Doesn't it close #2729 ?""",2011-08-24 04:39:09,Fredi,TrinityCore,TrinityCore,7a3b1f1ed51d6d310e42ddfc517c76a17f2bd073,fredimachado,29800,"Doesn't it close #2729 ?
",2011-08-24T16:39:09Z,2011-08-24T16:39:09Z
541372,0,"Fixed in f94bd733e3226b790e869691e3bf5d7a920628bb""",2011-08-19 07:10:07,Lopin,TrinityCore,TrinityCore,8166e338ad2701601d2fb282a0fc3d5b915e4ebd,Lopin,554214,"Fixed in f94bd733e3226b790e869691e3bf5d7a920628bb
",2011-08-19T19:10:07Z,2011-08-19T19:10:07Z
540792,0,"yeah ok i used only the latest source ce7cc421f505f72ba477 ( not your changed ) i wanna only inform u, and the latest rev same error ( fc5e92413851835879f0 )""",2011-08-19 01:22:36,Betaman2k,TrinityCore,TrinityCore,ce7cc421f505f72ba477c4cda003c64f1efa9d67,Betaman2k,205935,"yeah ok i used only the latest source ce7cc421f505f72ba477 ( not your changed ) i wanna only inform u, and the latest rev same error ( fc5e92413851835879f0 )
",2011-08-19T13:22:36Z,2011-08-19T13:22:36Z
538606,0,"Creature* c > Creature* creature  Heh. D=""",2011-08-18 00:44:21,Discover-,TrinityCore,TrinityCore,701649cb3fc78eb1e74d6ae94eaee47c0c743166,JasperAppec,875209,"Creature\* c > Creature\* creature

Heh. D=
",2011-08-18T12:44:21Z,2011-08-18T12:44:21Z
530087,1,"+1 :D (i never used that)""",2011-08-13 08:21:55,LiMCrosS,TrinityCore,TrinityCore,30a54e43cac0de35e59f695c8926577c491ec2f8,limcross,584752,"+1 :D (i never used that)
",2011-08-13T20:21:55Z,2011-08-13T20:21:55Z
507316,1,"NIce""",2011-08-01 12:35:26,SkyFire,TrinityCore,TrinityCore,cb5ba6b3c99919acd964bc86caaff0aa47e1ea9a,SkyFire,32227,"NIce
",2011-08-02T00:35:26Z,2011-08-02T00:35:26Z
504170,0,"its commit fix this issue? https://github.com/TrinityCore/TrinityCore/issues/2356""",2011-07-29 21:24:13,SignFinder,TrinityCore,TrinityCore,1df57ae522c03ba8fb296364998948eeedd33bee,SignFinder,299814,"its commit fix this issue? https://github.com/TrinityCore/TrinityCore/issues/2356
",2011-07-30T09:24:13Z,2011-07-30T09:24:13Z
504235,1,"Cyrex I talked with him and asked him to fix this ;) he wss just nice enough to do it :p I found what caused the bug, he fixed it (As I do not wanna touch HIS ICC :p)""",2011-07-29 23:59:25,Liberate,TrinityCore,TrinityCore,0cb2a95a04c4ba4e3f56894c389d5b71f475218e,tbaart,585093,"Cyrex I talked with him and asked him to fix this ;) he wss just nice enough to do it :p I found what caused the bug, he fixed it (As I do not wanna touch HIS ICC :p)
",2011-07-30T11:59:25Z,2011-07-30T11:59:25Z
500104,0,"Shouldn't this be after if (unitTarget->GetTypeId() == TYPEID_PLAYER)?""",2011-07-27 11:42:41,The-Game,TrinityCore,TrinityCore,4c8c0ce1935e8b3ef4d182d3c322275d7c23e1e1,The-Game,512609,"Shouldn't this be after if (unitTarget->GetTypeId() == TYPEID_PLAYER)?
",2011-07-27T23:42:41Z,2011-07-27T23:42:41Z
501012,0,"@LihO: this change should not affect functionality, however some typos might occur (and they did:() @wonopon: manual changes + find &replace in visual studio c++""",2011-07-28 01:31:11,QAston,TrinityCore,TrinityCore,b0fe236265465a0f39aa98a8cee2916d1ccfaa02,QAston,126822,"@LihO: this change should not affect functionality, however some typos might occur (and they did:()
@wonopon: manual changes + find &replace in visual studio c++
",2011-07-28T13:31:11Z,2011-07-28T13:31:11Z
493510,1,"Niiiice!""",2011-07-23 23:09:44,Discover-,TrinityCore,TrinityCore,ef57bc34393397ba99da2d70d5d756668852b050,JasperAppec,875209,"Niiiice!
",2011-07-24T11:09:44Z,2011-07-24T11:09:44Z
471748,0,"fix for this? http://www.deathsoft.com/forum/index.php?showtopic=18349&st=0""",2011-07-11 10:56:43,OneB1t,TrinityCore,TrinityCore,145ff6638287a14984480c0c4c1c2e229552b379,OneB1t,320479,"fix for this? http://www.deathsoft.com/forum/index.php?showtopic=18349&st=0
",2011-07-11T22:56:43Z,2011-07-11T22:56:43Z
456384,1,"Thanks for your amazing work, Malcrom ^_^""",2011-06-30 11:27:57,StewieGriffin,TrinityCore,TrinityCore,b007836d272e55c2231cf1446f6ed821bd12e054,StewieGriffin,808521,"Thanks for your amazing work, Malcrom ^_^
",2011-06-30T23:27:57Z,2011-06-30T23:27:57Z
452068,1,"Nice ^_^""",2011-06-28 06:22:30,StewieGriffin,TrinityCore,TrinityCore,1eff27f57c69e39aa1763201ec796b55e8fed8e4,StewieGriffin,808521,"Nice ^_^
",2011-06-28T18:22:30Z,2011-06-28T18:22:30Z
452151,1,"yeah thx 4 the answer m8 great work""",2011-06-28 07:00:04,Betaman2k,TrinityCore,TrinityCore,f580cddc09c9c08d91a7b45a2999a822465e9c23,Betaman2k,205935,"yeah thx 4 the answer m8
great work
",2011-06-28T19:00:04Z,2011-06-28T19:00:04Z
448416,0,"that's wrong. the encounter must start if someone pulls the trash in front of her.""",2011-06-25 23:36:12,WarHead,TrinityCore,TrinityCore,bcd62b8d298089313534de7b3280e34255c56742,WarHead,30747,"that's wrong. the encounter must start if someone pulls the trash in front of her.
",2011-06-26T11:36:12Z,2011-06-26T11:36:12Z
443866,0,"Does this fix this crash? http://pastebin.com/KkUUK0K9 Or i have to set a report?""",2011-06-22 09:25:56,Vasago,TrinityCore,TrinityCore,78a90e7bad9b0857ccfef226858f01cfe121dd61,Vasago,241543,"Does this fix this crash? http://pastebin.com/KkUUK0K9 Or i have to set a report?
",2011-06-22T21:25:56Z,2011-06-22T21:25:56Z
442838,0,"Now it is even more crashing with this https://github.com/TrinityCore/TrinityCore/issues/1422""",2011-06-22 00:29:41,Vasago,TrinityCore,TrinityCore,fe8cb75bf1616291abd93204d230a91fe4d69c5a,Vasago,241543,"Now it is even more crashing with this https://github.com/TrinityCore/TrinityCore/issues/1422
",2011-06-22T12:29:41Z,2011-06-22T12:29:41Z
460552,0,"Hi Tob,  Starfall splash *should* be instantly hitting the main star target. This isn't a fix. https://github.com/TrinityCore/TrinityCore/issues/2209#issuecomment-1497780""",2011-07-04 06:52:38,Clovis5119,TrinityCore,TrinityCore,a02d145a17eee1aff3652c7371d8f6502dc62788,Clovis5119,892607,"Hi Tob,

Starfall splash _should_ be instantly hitting the main star target. This isn't a fix.
https://github.com/TrinityCore/TrinityCore/issues/2209#issuecomment-1497780
",2011-07-04T18:52:38Z,2011-07-04T18:52:38Z
436553,1,"This. Is. BEAST!""",2011-06-17 08:53:22,Discover--,TrinityCore,TrinityCore,6f361be1bafe38b3c7b3b59f5fec4dbcf6f76b1c,Wattiqelumes,767667,"This. Is. BEAST!
",2011-06-17T20:53:22Z,2011-06-17T20:53:22Z
435962,0,"Don't you mean Lives?""",2011-06-17 03:55:11,The-Game,TrinityCore,TrinityCore,dc8cc7c68315062b4de65e32f7b9468d86906399,The-Game,512609,"Don't you mean Lives?
",2011-06-17T15:55:11Z,2011-06-17T15:55:11Z
429473,0,"these objects has appeared as destroyed even if they doesn't""",2011-06-13 23:59:24,tobmaps,TrinityCore,TrinityCore,be5116103725005c7481ad99cd0113d5867bef86,tobmaps,541428,"these objects has appeared as destroyed even if they doesn't
",2011-06-14T11:59:24Z,2011-06-14T11:59:24Z
422368,1,"thx!""",2011-06-08 22:55:35,maxxx,TrinityCore,TrinityCore,e1483329e0dd1abb3159aec8d22129d29672ff44,maxxx,123766,"thx!
",2011-06-09T10:55:35Z,2011-06-09T10:55:35Z
419170,1,"This rev makes some spells need db data, don't panic :)""",2011-06-07 08:05:01,QAston,TrinityCore,TrinityCore,6c5f68e8fc00323a64f98a2e9e67f420d4befae3,QAston,126822,"This rev makes some spells need db data, don't panic :)
",2011-06-07T20:05:01Z,2011-06-07T20:05:01Z
408274,1,"@Kapoeira, yeah. Vehicle Id, not creature entry  @Tassader, both spells will be in that case then ;) that's why it's there""",2011-05-31 06:32:27,Lopin,TrinityCore,TrinityCore,5254f3490b4a80d031b7d10072f102a198c9c0cf,Lopin,554214,"@Kapoeira, yeah. Vehicle Id, not creature entry

@Tassader, both spells will be in that case then ;) that's why it's there
",2011-05-31T18:32:27Z,2011-05-31T18:32:27Z
406500,1,"That demotivator is GREAT.""",2011-05-30 04:45:53,Warpten,TrinityCore,TrinityCore,ee794c5b1c042182c0647811a60a9cfac3a29662,Warpten,563936,"That demotivator is GREAT.
",2011-05-30T16:45:53Z,2011-05-30T16:45:53Z
406716,0,"7 seconds after combat and she will enrage not 20000 and I think is better to add ScheduleEvent at EnterCombat""",2011-05-30 07:29:54,MindBreakerVictor,TrinityCore,TrinityCore,c143319b052daa2ba79afd36e438fd6de09fd459,vtstanescu,611511,"7 seconds after combat and she will enrage not 20000 and I think is better to add ScheduleEvent at EnterCombat
",2011-05-30T19:29:54Z,2011-05-30T19:29:54Z
406567,0,"I'm tested and now get runic power, but if not have a target also get runic power (when damage), doubt is in description:  """"Patch 3.1.2 (2009-05-19): If no target is available for Blood Boil to hit, the spell will now cast and consume a blood rune but ge""",2011-05-30 05:32:25,Jildor,TrinityCore,TrinityCore,0dedf84bd99cdd0bdfe40d2e3116965c99a35d56,Jildor,521036,"I'm tested and now get runic power, but if not have a target also get runic power (when damage), doubt is in description:

""Patch 3.1.2 (2009-05-19): If no target is available for Blood Boil to hit, the spell will now cast and consume a blood rune but generate no runic power.""

Should get Runic power when you have a target or when cause damage?

thx
",2011-05-30T17:32:25Z,2011-05-30T17:32:25Z
405491,0,"Now Valithria Dreamwalker and mobs around respawn in a loop in 10 sec) Seems working ValithriaDespawner by action ACTION_DEATH of combat trigger. BTW there are double threat check.""",2011-05-29 07:36:59,vlad852,TrinityCore,TrinityCore,65fc7f7a28b55aa668619d0985da6e8f6fd2499e,vlad852,547426,"Now Valithria Dreamwalker and mobs around respawn in a loop in 10 sec)
Seems working ValithriaDespawner by action ACTION_DEATH of combat trigger.
BTW there are double threat check.
",2011-05-29T19:36:59Z,2011-05-29T19:36:59Z
403227,0,"yes""",2011-05-27 02:36:53,click,TrinityCore,TrinityCore,2d1b3ccaa143f11d7cabd0d01072fa011e0481e1,click,537477,"yes
",2011-05-27T14:36:53Z,2011-05-27T14:36:53Z
399529,0,"ScriptName removal won't be needed? -> http://pastebin.com/zF5xks2v (Still got to find out how to put proper comments in here) Ha, this should be it<pre> -- Inquisitor Hallard scriptname removement UPDATE `creature_template` SET `ScriptName`='' WHERE `entr""",2011-05-25 03:39:32,Studioworks,TrinityCore,TrinityCore,6c4d2c8332d16bc210d2b75f4b900451eedfc487,Studioworks,540534,"ScriptName removal won't be needed? -> http://pastebin.com/zF5xks2v
(Still got to find out how to put proper comments in here)
Ha, this should be it<pre> -- Inquisitor Hallard scriptname removement
UPDATE `creature_template` SET `ScriptName`='' WHERE `entry`=27316; </pre>
-- LaserJet
",2011-05-25T15:39:32Z,2011-05-25T15:44:42Z
393621,0,"Could you explain this one a bit better, please? :)""",2011-05-21 10:54:45,Discover--,TrinityCore,TrinityCore,78ea0075e1f10c887c81a2794a74273769067fac,Wattiqelumes,767667,"Could you explain this one a bit better, please? :)
",2011-05-21T22:54:45Z,2011-05-21T22:54:45Z
392834,2,"HOLY F*CKING CHRIST!""",2011-05-20 08:46:38,Discover--,TrinityCore,TrinityCore,0ab5cdef2e1b700c60fbe3c807206c3369b7fc1a,Wattiqelumes,767667,"HOLY
F*CKING
CHRIST!
",2011-05-20T20:46:38Z,2011-05-20T20:46:38Z
381122,1,"He-he  http://filebeam.com/ab2603ca3af8b3130bbcac8da807677c.jpg  I wrote: """"Sorry, wrong patch)   Please delete this issue """" )))))))))))))""",2011-05-12 06:42:46,Lordron,TrinityCore,TrinityCore,146e7d1599aef5baf16c4bb1f62d12ec5bc6840a,Lordron,284210,"He-he

http://filebeam.com/ab2603ca3af8b3130bbcac8da807677c.jpg

I wrote: ""Sorry, wrong patch)
  Please delete this issue "" )))))))))))))
",2011-05-12T18:42:46Z,2011-05-12T18:42:46Z
378380,0,"seems you even didn't tested this change. This bug already fixed by this commit (see DB part)""",2011-05-10 20:06:47,tobmaps,TrinityCore,TrinityCore,09fb6f555f5cd8bd41b396e3fcc58b7cdc071925,tobmaps,541428,"seems you even didn't tested this change. This bug already fixed by this commit (see DB part)
",2011-05-11T08:06:47Z,2011-05-11T08:06:47Z
373954,1,"mhm, yeah, good to know :) thanks, Kaelima & QAston :)""",2011-05-08 04:24:16,Lopin,TrinityCore,TrinityCore,467eb062e346babec52a5a3b47cfa8a953697ffb,Lopin,554214,"mhm, yeah, good to know :)
thanks, Kaelima & QAston :)
",2011-05-08T16:24:16Z,2011-05-08T16:24:16Z
354394,0,"why so? NULL represents the value 0 as well, doesn't it?""",2011-04-23 04:51:03,LihO,TrinityCore,TrinityCore,8898db8b272cc3745a76f4cd284912866ca884c5,LihO,545348,"why so? NULL represents the value 0 as well, doesn't it?
",2011-04-23T16:51:03Z,2011-04-23T16:51:03Z
345391,2,"seriously, stop discussing your bugs on completely unrelated commits""",2011-04-15 22:17:31,Shauren,TrinityCore,TrinityCore,ea5dd86f292df24595d2a4005237b3d3f8784e16,Shauren,297439,"seriously, stop discussing your bugs on completely unrelated commits
",2011-04-16T10:17:31Z,2011-04-16T10:17:31Z
325024,2,"I know that style guide is not ready yet, but we used to discuss that variables should be named in lowerCamel case.  Variable Gender makes me feel uncomfortable.""",2011-03-31 15:14:37,Azazel,TrinityCore,TrinityCore,1b0843194f261fcebfd733eceaf859e4bc70888f,Azazel,159498,"I know that style guide is not ready yet, but we used to discuss that variables should be named in lowerCamel case. 
Variable Gender makes me feel uncomfortable.
",2011-04-01T03:14:37Z,2011-04-01T03:14:37Z
315029,0,"Indeed, it should not. Turn Evil has MECHANIC_TURN but not MECHANIC_FEAR. These mobs are not immune to that mechanic.""",2011-03-24 22:25:35,DDuarte,TrinityCore,TrinityCore,0be209c5a04627c037ce1aa98b3107950243fef2,DDuarte,530940,"Indeed, it should not. Turn Evil has MECHANIC_TURN but not MECHANIC_FEAR. These mobs are not immune to that mechanic.
",2011-03-25T09:25:35Z,2011-03-25T09:25:35Z
306540,0,"this commit fix items with duration?""",2011-03-17 23:41:46,SignFinder,TrinityCore,TrinityCore,e49b5b44d6588b04ba7176f2814f4515006ba5ef,SignFinder,299814,"this commit fix items with duration?
",2011-03-18T10:41:46Z,2011-03-18T10:41:46Z
300362,1,"you are hero of the day after all core redone mem leak is a sick place  on tc thx man.""",2011-03-13 10:34:02,2010phenix,TrinityCore,TrinityCore,a874fe07642c0640008d1a709745e4ec829ab8a1,2010phenix,544663,"you are hero of the day
after all core redone mem leak is a sick place  on tc
thx man.
",2011-03-13T21:34:02Z,2011-03-13T21:34:02Z
294884,0,"Need this to Kologarn too""",2011-03-08 07:36:46,lazzalf,TrinityCore,TrinityCore,ebca4c03264e3f5093fff4c0606b4817eb295b3c,lazzalf,541925,"Need this to Kologarn too
",2011-03-08T18:36:46Z,2011-03-08T18:36:46Z
286426,0,"Make sure you are running on the latest revision of the source (we are constantly pushing changes, so your issue might have been resolved already)"""" in our tracker's guidelines. That issue was fixed in  76f393717d374a732a57eda00198a3584a24f442""",2011-02-28 10:36:33,DDuarte,TrinityCore,TrinityCore,3ac80ee3a48223f25a2a633130de177ffcd5df11,DDuarte,530940,"""Make sure you are running on the latest revision of the source (we are constantly pushing changes, so your issue might have been resolved already)"" in our tracker's guidelines.
That issue was fixed in  76f393717d374a732a57eda00198a3584a24f442
",2011-02-28T21:36:33Z,2011-02-28T21:36:33Z
280118,0,"will this fix the client crashes in ICC, Ulduar, SOTA and IOC?""",2011-02-22 11:53:30,gigatotem,TrinityCore,TrinityCore,918f1ce8ecae8d7d200cbd25d52bacba843c8f39,gigatotem,284193,"will this fix the client crashes in ICC, Ulduar, SOTA and IOC?
",2011-02-22T22:53:30Z,2011-02-22T22:53:30Z
268765,0,"And not it is better to delete it when this all ready?""",2011-02-11 10:10:54,Jildor,TrinityCore,TrinityCore,05e075ce0ec0b758bca9a183b3a401c620fd58a7,Jildor,521036,"And not it is better to delete it when this all ready?
",2011-02-11T21:10:54Z,2011-02-11T21:10:54Z
263785,0,"hmm ok or is it from the GM status? though .gm off and .gm visible on  """,2011-02-07 11:38:50,Wimboss,TrinityCore,TrinityCore,dc1b02d35d682e1fee28ddc9ebe790fe8c3e711f,Wimboss,554316,"hmm ok or is it from the GM status? though .gm off and .gm visible on
",2011-02-07T22:38:50Z,2011-02-07T22:38:50Z
262096,0,"Nothing there is related to this commit. I would guess you do not know what are you importing, mixing old character and world updates together.""",2011-02-05 06:45:37,DDuarte,TrinityCore,TrinityCore,c63545ddb3c4998474868525adc23a48f7d8e0a3,DDuarte,530940,"Nothing there is related to this commit. I would guess you do not know what are you importing, mixing old character and world updates together.
",2011-02-05T17:45:37Z,2011-02-05T17:45:37Z
262148,0,"Nope, your guess is wrong, not mixing old character and world updates together. That error came when i imported this update in the world db. But I found what the issue was in my world db - 2 duplicate entries on the creature table. Fixed and imports 100% """,2011-02-05 08:12:53,Leviathansa,TrinityCore,TrinityCore,c63545ddb3c4998474868525adc23a48f7d8e0a3,R-e-c-k-e-r,541327,"Nope, your guess is wrong, not mixing old character and world updates together. That error came when i imported this update in the world db.
But I found what the issue was in my world db - 2 duplicate entries on the creature table. Fixed and imports 100% now.
",2011-02-05T19:12:53Z,2011-02-05T20:39:14Z
249474,1,"no 0 won't disable the check but would prevent players from doing any dungeon you can simply set it to a high number :) after all it's per hour or can make it disable the check on -1""",2011-01-24 05:48:14,ogeraisi,TrinityCore,TrinityCore,867bc197efbdcf24bf063e842c91c12bba8b0c4c,ogeraisi,37454,"no 0 won't disable the check but would prevent players from doing any dungeon
you can simply set it to a high number :) after all it's per hour
or can make it disable the check on -1
",2011-01-24T16:48:14Z,2011-01-24T16:48:14Z
277254,0,"Bizzy - yes. with Chaosua instruction work fine""",2011-02-19 23:13:29,SignFinder,TrinityCore,TrinityCore,920b3b0b37a572f91a7015b09e0575b29b68fd55,SignFinder,299814,"Bizzy - yes. with Chaosua instruction work fine
",2011-02-20T10:13:29Z,2011-02-20T10:13:29Z
246211,0,"http://www.trinitycore.org/t/trinitycore/ticket/307""",2011-01-20 04:55:21,maanuel,TrinityCore,TrinityCore,76e4b6dda48c7ac20b2b6bfc874fd89deea9398b,maanuel,304168,"http://www.trinitycore.org/t/trinitycore/ticket/307
",2011-01-20T15:55:21Z,2011-01-20T15:55:21Z
239437,1,"thanks""",2011-01-12 14:02:19,Hangman,TrinityCore,TrinityCore,8d59953f9372c6876e0cd8078b44de6893082cbe,Hangman,108926,"thanks
",2011-01-13T01:02:19Z,2011-01-13T01:02:19Z
235922,0,"Would it not be clearer / more readable to stay with 0 instead of NULL here? (since VehicleSeat::passenger is no pointer anymore)""",2011-01-09 05:58:03,tomis42,TrinityCore,TrinityCore,58f795d171e1a15aec6c7c8f619a741d623e4d52,tomis42,181231,"Would it not be clearer / more readable to stay with 0 instead of NULL here? (since VehicleSeat::passenger is no pointer anymore)
",2011-01-09T16:58:03Z,2011-01-09T16:58:29Z
228702,0,"Still can not get the version number  """,2010-12-29 19:22:14,laly,TrinityCore,TrinityCore,b311bc2ad62a1d594bf23e99ab6d825bfa795b02,laly-zz,245889,"Still can not get the version number
",2010-12-30T06:22:14Z,2010-12-30T06:30:48Z
2592557,0,"TrinityCore rev. 0000-00-00 00:00:00 +0000 (Archived) (Win32, Debug) (authserver) <Ctrl-C> to stop.  Using configuration file authserver.conf. OpenSSL 1.0.0d 8 Feb 2011 (Library: OpenSSL 1.0.0d 8 Feb 2011) Opening DatabasePool 'auth'. Asynchronous con""",2013-02-09 07:10:52,kem008,TrinityCore,TrinityCore,943c866da97871d382db2f52e965ed38558695b0,iceman-twitch,3519988,"TrinityCore rev. 0000-00-00 00:00:00 +0000 (Archived) (Win32, Debug) (authserver)
<Ctrl-C> to stop.

Using configuration file authserver.conf.
OpenSSL 1.0.0d 8 Feb 2011 (Library: OpenSSL 1.0.0d 8 Feb 2011)
Opening DatabasePool 'auth'. Asynchronous connections: 1, synchronous connections: 1.
MySQL client library: 5.5.9
MySQL server ver: 5.5.19-log 
[WARNING] MySQL client/server version mismatch; may conflict with behaviour of prepared statements.
Connected to MySQL database at 127.0.0.1
In mysql_stmt_prepare() id: 40, sql: ""UPDATE account SET mutetime = ? , mutereason = ? , muteby = ? WHERE id = ?""
Unknown column 'mutereason' in 'field list'
MySQL client library: 5.5.9
MySQL server ver: 5.5.19-log 
[WARNING] MySQL client/server version mismatch; may conflict with behaviour of prepared statements.
Connected to MySQL database at 127.0.0.1
In mysql_stmt_prepare() id: 0, sql: ""SELECT id, name, address, localAddress, localSubnetMask, port, icon, flag, timezone, allowedSecurityLevel, population, gamebuild FROM realmlist WHERE flag <> 3 ORDER BY name""
Unknown column 'localAddress' in 'field list'
In mysql_stmt_prepare() id: 55, sql: ""SELECT a.username, aa.gmlevel, a.email, a.last_ip, DATE_FORMAT(a.last_login, '%Y-%m-%d %T'), a.mutetime, a.mutereason, a.muteby FROM account a LEFT JOIN account_access aa ON (a.id = aa.id AND (aa.RealmID = ? OR aa.RealmID = -1)) WHERE a.id = ?""
Unknown column 'a.mutereason' in 'field list'
DatabasePool auth NOT opened. There were errors opening the MySQL connections. Check your SQLDriverLogFile for specific errors.
Cannot connect to database
",2013-02-09T18:10:52Z,2013-02-09T18:10:52Z
1713394,1,"thank u.""",2012-08-14 06:20:31,cyberbrest,TrinityCore,TrinityCore,e761458b249b8f2a128867ea0bd7adf5eaec4769,d7561985,148529,"thank u.
",2012-08-14T18:20:31Z,2012-08-14T18:20:31Z
1723382,1,"good work.""",2012-08-16 01:01:35,cyberbrest,TrinityCore,TrinityCore,c27dfa224d056b97dbd80df67d46bd191f212d65,d7561985,148529,"good work.
",2012-08-16T13:01:35Z,2012-08-16T13:01:35Z
2025942,1,"Thank you!""",2012-10-19 11:16:22,cocolino,TrinityCore,TrinityCore,c40e9e259599273b4317fe7a980c8f487e6f76e2,cocolino,1143446,"Thank you!
",2012-10-19T23:16:22Z,2012-10-19T23:16:22Z
2344068,1,"thanks madmano , it worked.""",2012-12-20 22:45:01,Remix99,TrinityCore,TrinityCore,a06a57a6c1f911d642dbbf499e70aa58990ba22c,Remix99,1176765,"thanks madmano , it worked.
",2012-12-21T09:45:01Z,2012-12-21T09:45:13Z
2348294,0,"Agreed""",2012-12-21 20:26:54,Rad3k,TrinityCore,TrinityCore,b5a3947a805c9ca9eca1150aa7a935c2611d742a,Rad3k,746669,"Agreed
",2012-12-22T07:26:54Z,2012-12-22T07:26:54Z
2007036,0,"@Silvermcd123 If its the loading after character screen can confirm this.  Doesn't happen all the time have had it one character so far though.""",2012-10-16 15:04:27,bloodfangx,TrinityCore,TrinityCore,b49891e348c01ae7f240ef07c05e09bc361f4c58,bloodfangx,1126858,"@Silvermcd123 If its the loading after character screen can confirm this.

Doesn't happen all the time have had it one character so far though.
",2012-10-17T03:04:27Z,2012-10-17T03:08:08Z
2410507,0,"You fail here it's shoul be uint32 becouse it's crash at map 1, 26/34 :dart:   map 1 is to large (i test on cataclysm maps, better be compatible with both cata and wotlk)  debuger say try to access invalid adress in: ```c++ coord[2] = v[index2]; ```""",2013-01-09 12:43:01,armano2,TrinityCore,TrinityCore,cbf9324f61984727163150ed09a72288da45e3a4,armano2,625469,"You fail here it's shoul be uint32 becouse it's crash at map 1, 26/34 :dart: 

map 1 is to large (i test on cataclysm maps, better be compatible with both cata and wotlk)

debuger say try to access invalid adress in:

``` c++
coord[2] = v[index2];
```

``` c++
    void TerrainBuilder::getLiquidCoord(int index, int index2, float xOffset, float yOffset, float* coord, float* v)
    {
        // wow coords: x, y, height
        // coord is mirroed about the horizontal axes
        coord[0] = (xOffset + index%(V9_SIZE)*GRID_PART_SIZE) * -1.f;
        coord[1] = (yOffset + (int)(index/(V9_SIZE))*GRID_PART_SIZE) * -1.f;
        coord[2] = v[index2];
    }
```
",2013-01-09T23:43:01Z,2013-01-09T23:46:12Z
1989807,0,"<a href=https://github.com/TrinityCore/WowPacketParser/commit/20175283bcb0c4020e4753834b8e97b64ff23c5e>This</a> should help you with """"Display countdown when bg start (packet related)"""" first uint32 - i've seen only 0 here, but i'm not sure about it.. it do""",2012-10-12 10:48:53,horn,TrinityCore,TrinityCore,b881f131c1c86560b43a346c058f8faeb9754d4c,horn,794073,"<a href=https://github.com/TrinityCore/WowPacketParser/commit/20175283bcb0c4020e4753834b8e97b64ff23c5e>This</a> should help you with ""Display countdown when bg start (packet related)""
first uint32 - i've seen only 0 here, but i'm not sure about it.. it doesn't show the timer when 1 is sent here
",2012-10-12T22:48:53Z,2012-10-12T22:51:02Z
1674740,0,"    if (Initialized() && !Finalized())         full spline is sent""",2012-08-05 22:24:03,Shauren,TrinityCore,TrinityCore,8cbfba255decdcfeff9227104c62552662abea0a,Shauren,297439,"```
if (Initialized() && !Finalized())
    full spline is sent
```
",2012-08-06T10:24:03Z,2012-08-06T10:24:03Z
811401,0,"Or maybe this one is vehicle seat? Just got the struct from client""",2011-12-20 16:09:12,kaelima,TrinityCore,TrinityCore,b8eed5d127479abca64e0c7e4cc3e860e903e390,kaelima,214721,"Or maybe this one is vehicle seat? Just got the struct from client
",2011-12-21T03:09:12Z,2011-12-21T03:09:12Z
872872,2,"Crap, I thought I had set the author right... *confused*  This was entirely done by Lordron""",2012-01-16 15:20:10,DDuarte,TrinityCore,TrinityCore,dcd915c9b9f4490fd05fe8854c3e23cd3778f530,DDuarte,530940,"Crap, I thought I had set the author right... _confused_

This was entirely done by Lordron
",2012-01-17T02:20:10Z,2012-01-17T02:20:10Z
452662,0,"This should translate to """" Get in queue for Wintergrasp """" or something around that.""",2011-06-28 11:33:08,sebid,TrinityCore,TrinityCore,d6ede722de1207555e19b15b03adfcfcd037084e,sebid,761115,"This should translate to "" Get in queue for Wintergrasp "" or something around that.
",2011-06-28T23:33:08Z,2011-06-28T23:33:08Z
4149648,0,"blame CastedCreatureOrGO removal xD https://github.com/TrinityCore/TrinityCore/blob/7776016106e748fee8cb3e052ec3c8e575e84a55/sql/updates/world/2013_08_30_06_world_eai_sai.sql""",2013-09-21 16:46:50,Aokromes,TrinityCore,TrinityCore,56b3e52f067f5f5d671559e6f8ce28506afce635,Aokromes,539374,"blame CastedCreatureOrGO removal xD
https://github.com/TrinityCore/TrinityCore/blob/7776016106e748fee8cb3e052ec3c8e575e84a55/sql/updates/world/2013_08_30_06_world_eai_sai.sql
",2013-09-22T04:46:50Z,2013-09-22T04:46:50Z
3788060,0,"why is this not in master branch?""",2013-08-05 01:02:14,joschiwald,TrinityCore,TrinityCore,341dabb4234f0cf7911c9d1f3365d0537642967f,joschiwald,736792,"why is this not in master branch?
",2013-08-05T13:02:14Z,2013-08-05T13:02:14Z
3832793,0,"wat""",2013-08-10 02:42:46,Shauren,TrinityCore,TrinityCore,ba6e62fd6ec00dcd03ae1fa5332a8499ec139ca0,Shauren,297439,"wat
",2013-08-10T14:42:46Z,2013-08-10T14:42:46Z
3679880,0,"* indentation: 4 espaces, pas de tabulation * GetDamageDoneInPastSecs: I raise a denial to merge this as long as this function will be here, it is NOT needed. I have the DK mastery fixed  but no computer to push. * Plein d'autres choses mais c'est trop pén""",2013-07-20 06:18:07,Warpten,TrinityCore,TrinityCore,ee1a2d6d7935c877ea5cd78c1ec449246913c71c,Warpten,563936,"- indentation: 4 espaces, pas de tabulation
- GetDamageDoneInPastSecs: I raise a denial to merge this as long as this function will be here, it is NOT needed. I have the DK mastery fixed
  but no computer to push.
- Plein d'autres choses mais c'est trop pénible sur téléphone et je ne peux pas commenter par ligne.
",2013-07-20T18:18:07Z,2013-07-20T18:18:07Z
2553723,0,"Where did these values come from? 3.3.5a or 4.3.4 WorldSafeLocs.dbc don't have a field for it""",2013-02-04 01:54:22,Shauren,TrinityCore,TrinityCore,1a92b11ae3b3ad7d3db883f7fc6fbaa9a31d8379,Shauren,297439,"Where did these values come from? 3.3.5a or 4.3.4 WorldSafeLocs.dbc don't have a field for it
",2013-02-04T12:54:22Z,2013-02-04T12:54:22Z
4100222,2,"That's why this is called a learning project. We are sorry that your servers don't work as immaculate as they should. Things are done with trial and error, and believe it or not this is still volunteer work, so no one should really answer to every cry for """,2013-09-16 00:26:29,Kirkhammett,TrinityCore,TrinityCore,042df135067b9f18d4ffe0e54ff54f31ee45dd10,filipboev,1146940,"That's why this is called a learning project. We are sorry that your servers don't work as immaculate as they should. Things are done with trial and error, and believe it or not this is still volunteer work, so no one should really answer to every cry for help on particular issues, it all comes in due time.
",2013-09-16T12:26:29Z,2013-09-16T12:26:29Z
3940523,2,":cry: """,2013-08-25 15:52:44,H4D3S,TrinityCore,TrinityCore,ba22baebbd1394cc69366d7a19d879da43885430,H4D3S,848354,":cry: 
",2013-08-26T03:52:44Z,2013-08-26T03:52:44Z
3889462,2,"Try out the patch i've posted, this is definitely not an outdated ace issue, sorry for the inconvenience.""",2013-08-19 00:46:23,QAston,TrinityCore,TrinityCore,0513d9c8d007eab717b1658a1d87a383caa27c9a,QAston,126822,"Try out the patch i've posted, this is definitely not an outdated ace issue, sorry for the inconvenience.
",2013-08-19T12:46:23Z,2013-08-19T12:46:23Z
3887952,2,"Seems like something is leaking memory :(""",2013-08-18 20:20:36,digz6666,TrinityCore,TrinityCore,19343ddd557fd03aecf7a19d310f46c62a8f336f,digz6666,1736110,"Seems like something is leaking memory :(
",2013-08-19T08:20:36Z,2013-08-19T08:20:36Z
3848379,2,"Kinda hard to make it feel neither like """"whatever these lazy bastards want to work on"""" nor """"DO IT YOURSELF DUMBASS"""", actually :(.""",2013-08-13 00:23:33,Nami-Doc,TrinityCore,TrinityCore,147c7d5243aa6282581389053ba39eb833bb4a0a,vendethiel,199499,"Kinda hard to make it feel neither like ""whatever these lazy bastards want to work on"" nor ""DO IT YOURSELF DUMBASS"", actually :(.
",2013-08-13T12:23:33Z,2013-08-13T12:23:33Z
3835698,2,"It is fixed in your next commit, sorry. :+1: """,2013-08-11 08:09:31,untaught,TrinityCore,TrinityCore,d394d380c63df61d0ca15b7ed3d00b83404748e8,untaught,3070134,"It is fixed in your next commit, sorry. :+1: 
",2013-08-11T20:09:31Z,2013-08-11T20:09:31Z
3878239,2,"sorry for the inconvenience in any case.""",2013-08-16 04:03:34,Pirricli,TrinityCore,TrinityCore,75b4b0594f34fb29318ae78725178c54486cf135,Pirricli,1678519,"sorry for the inconvenience in any case.
",2013-08-16T16:03:34Z,2013-08-16T16:03:34Z
3800433,2,"i hate such things as renaming long ago named tables. Bad boys. this is not a commit - this is a mockery Now everybody must make many changes to their tools or find up fixed tool to work with DB. If they want latest core updates """,2013-08-06 06:38:36,chaosua,TrinityCore,TrinityCore,a71fcee27d1d69dd46cdc31e6267325deb98e22a,chaosua,544218,"i hate such things as renaming long ago named tables. Bad boys. this is not a commit - this is a mockery
Now everybody must make many changes to their tools or find up fixed tool to work with DB. If they want latest core updates
",2013-08-06T18:38:36Z,2013-08-06T18:44:07Z
3694624,2,"am so sorry for stupid question, but why so good person and dev like joschiwald not invited to TC community?""",2013-07-22 21:17:49,2010phenix,TrinityCore,TrinityCore,5463f211b4217d769be61992fcb3480f4fc241b4,2010phenix,544663,"am so sorry for stupid question, but why so good person and dev like joschiwald not invited to TC community?
",2013-07-23T09:17:49Z,2013-07-23T09:17:49Z
3460045,2,"Does it fix bugs like fear and disorientation throwing the player underground?""",2013-06-19 05:45:26,Havenard,TrinityCore,TrinityCore,aa645683b8b25bfb35cb977678daf5c56c1531e6,Havenard,605966,"Does it fix bugs like fear and disorientation throwing the player underground?
",2013-06-19T17:45:26Z,2013-06-19T17:45:26Z
3261017,2,"Still needs another include, sorry about the commits, was hoping to fix it without an actual full recompile""",2013-05-21 10:47:02,Shocker,TrinityCore,TrinityCore,0ae066254dd7f3333b1275e0fd17fc209093002d,Shocker,511388,"Still needs another include, sorry about the commits, was hoping to fix it without an actual full recompile
",2013-05-21T22:47:02Z,2013-05-21T22:47:02Z
2637506,2,"crash ! :(""",2013-02-17 02:30:11,Vamzle,TrinityCore,TrinityCore,6590cf4f9e3101a0406d900a5441c309de5697ce,Sworken,3225909,"crash ! :(
",2013-02-17T13:30:11Z,2013-02-17T13:30:11Z
2571031,2,"Was that it? THE THING THAT CAUSED SO MUCH HORROR. D:<""",2013-02-06 05:01:30,Zhelyazkov,TrinityCore,TrinityCore,0b3170c2281a1ce17b3392b8df65b291b49d03f2,zzhel,875596,"Was that it? THE THING THAT CAUSED SO MUCH HORROR. D:<
",2013-02-06T16:01:30Z,2013-02-06T16:01:30Z
2559574,2,"All my players can use all gm commands :( I've just run the sql updates :(""",2013-02-04 20:02:16,digz6666,TrinityCore,TrinityCore,b980aff83e214bab60f141c879c2a392789a4d16,digz6666,1736110,"All my players can use all gm commands :( I've just run the sql updates :(
",2013-02-05T07:02:16Z,2013-02-05T07:02:16Z
2357938,2,"holy damn >_>!""",2012-12-26 19:25:05,Ric101,TrinityCore,TrinityCore,4a7e3937d32b8758a5619436644b949fed430489,Ric101,904403,"holy damn >_>!
",2012-12-27T06:25:05Z,2012-12-27T06:25:05Z
2361679,2,"It was fine before this commit, this commit broken :(""",2012-12-27 18:54:23,digz6666,TrinityCore,TrinityCore,01ef119703ed9ce8276e9a899d3260ec05495d0a,digz6666,1736110,"It was fine before this commit, this commit broken :(
",2012-12-28T05:54:23Z,2012-12-28T05:54:23Z
2208775,2,":O, Good job! This invovled a lot of data research. Now only Last Line of Defence lies as a challenge of the series.""",2012-11-26 11:16:46,Trista,TrinityCore,TrinityCore,b67afe1fa0fdb9091cb513b8eb36c016421cc4d2,s7an-it,816840,":O, Good job! This invovled a lot of data research. Now only Last Line of Defence lies as a challenge of the series.
",2012-11-26T22:16:46Z,2012-11-26T22:22:07Z
2134436,2,"meh you forgot commit author :(""",2012-11-11 03:28:30,Kinzcool,TrinityCore,TrinityCore,7bdd596e6d5d491162ff0e8d936d67b8c8c36d9e,Kinzcool,1700544,"meh you forgot commit author :(
",2012-11-11T14:28:30Z,2012-11-12T22:13:20Z
1907826,2,"i fails :[""",2012-09-26 01:20:40,kandera,TrinityCore,TrinityCore,dc935ef8b14721fba81f9aff4c7190df8de5db09,Star-lion,930757,"i fails :[
",2012-09-26T13:20:40Z,2012-09-26T13:20:40Z
1797167,2,"was fixed in https://github.com/TrinityCore/TrinityCore/commit/4bc983d7b756d235477eef8b7529cacfb7a1f247 sorry for that mess up guys.""",2012-09-01 06:18:45,myran2,TrinityCore,TrinityCore,908ae08a0aed76c3d6a1a66848c9811ece44a1e7,myran2,196247,"was fixed in https://github.com/TrinityCore/TrinityCore/commit/4bc983d7b756d235477eef8b7529cacfb7a1f247
sorry for that mess up guys.
",2012-09-01T18:18:45Z,2012-09-01T18:18:45Z
1666814,2,"Looks ugly =( it would be enough http://pastebin.com/ggB7iduP and http://pastebin.com/TLdepdae""",2012-08-02 22:19:21,vlad852,TrinityCore,TrinityCore,71a872c63d2a9050c24e88b034d13758d545abf3,vlad852,547426,"Looks ugly =(
it would be enough http://pastebin.com/ggB7iduP and http://pastebin.com/TLdepdae
",2012-08-03T10:19:21Z,2012-08-03T10:19:21Z
1553496,2,"yea i failed sorry!""",2012-07-08 16:25:10,kandera,TrinityCore,TrinityCore,2bcc29136ab2b4982fae765b360b16518ca67880,Star-lion,930757,"yea i failed sorry!
",2012-07-09T04:25:10Z,2012-07-09T04:25:10Z
1500256,2,"I should have pull requested this :(""",2012-06-25 04:40:21,Warpten,TrinityCore,TrinityCore,1f0ecf2c3e7e153d53c65974327425a7a26eb25f,Warpten,563936,"I should have pull requested this :(
",2012-06-25T16:40:21Z,2012-06-25T16:40:21Z
1527017,2,":O EVENT_TYPE 73....? Not in the wiki..? What is this sorcery!""",2012-07-01 21:43:05,Aaron126,TrinityCore,TrinityCore,0b947c90b0ef486643d25e5153f2fb36b3f93924,Zedron,1389046,":O EVENT_TYPE 73....? Not in the wiki..? What is this sorcery!
",2012-07-02T09:43:05Z,2012-07-02T09:43:05Z
1428387,2,":-(""",2012-06-07 02:57:09,joschiwald,TrinityCore,TrinityCore,37f0e1fcb524e35d082fc1cdb3f11d36a5501c68,joschiwald,736792,":-(
",2012-06-07T14:57:09Z,2012-06-07T14:57:09Z
1460409,2,"Shauren, ALARM!!! There is bug again =( Try enter vehicle directly from another vehicle... """,2012-06-14 08:52:00,vlad852,TrinityCore,TrinityCore,810f21efbceaa2e3a4f9ca487c904dfaa5e7a4ba,vlad852,547426,"Shauren, ALARM!!!
There is bug again =(
Try enter vehicle directly from another vehicle...
",2012-06-14T20:52:00Z,2012-06-14T20:52:00Z
1421282,2,"Yeah, sorry you misunderstood me, I did not mean the script above, I mean scripts like Quests or even """"Bosses"""". """,2012-06-05 18:39:37,boomy,TrinityCore,TrinityCore,4ca77c5b0bf01752f9302a7591ba0c4226b889e1,marvin-w,708887,"Yeah, sorry you misunderstood me, I did not mean the script above, I mean scripts like Quests or even ""Bosses"". 
",2012-06-06T06:39:37Z,2012-06-06T06:39:37Z
1387929,2,"Fag, learn to read the source!""",2012-05-29 02:16:56,Warpten,TrinityCore,TrinityCore,013fe44b9229469e142bd152b43e80841dc9cb0e,Warpten,563936,"Fag, learn to read the source!
",2012-05-29T14:16:56Z,2012-05-29T14:16:56Z
1367827,2,"I don't have a script. But I can do it for you if you wanna for a few minutes-hour.. P.S. I did not want to offend the author of script, but you should check at least how it works. =(""",2012-05-23 06:54:11,vlad852,TrinityCore,TrinityCore,f4c8f6ed7321aadb3ce3372064f63f6f4e51adfa,vlad852,547426,"I don't have a script. But I can do it for you if you wanna for a few minutes-hour..
P.S. I did not want to offend the author of script, but you should check at least how it works. =(
",2012-05-23T18:54:11Z,2012-05-23T19:05:20Z
1359889,2,"crap i thought i converted from hex to decimal so i wouldnt need the 0x >.> sorry!""",2012-05-22 01:04:00,kandera,TrinityCore,TrinityCore,7e62c34b247d886d89aea8bd5e8e9241d8cefa44,Star-lion,930757,"crap i thought i converted from hex to decimal so i wouldnt need the 0x >.> sorry!
",2012-05-22T13:04:00Z,2012-05-22T13:04:00Z
1348553,2,":@ I WANTED TO DO THIS :rage:""",2012-05-18 03:52:07,Warpten,TrinityCore,TrinityCore,7688c7609f6686c2a045860c10d9502b3af5f055,Warpten,563936,":@ I WANTED TO DO THIS :rage:
",2012-05-18T15:52:07Z,2012-05-18T15:52:16Z
1342536,2,"No one? Wrong! =(""",2012-05-16 23:32:33,Discover-,TrinityCore,TrinityCore,ac844f99537dc9867242269f63c3cd58be96e1b2,JasperAppec,875209,"No one? Wrong! =(
",2012-05-17T11:32:33Z,2012-05-17T11:32:33Z
1315176,2,"<pre>one quest and milion commits -.-</pre> I'm sorry, @Chipsi. I'll just keep my fixes for my own instead of pushing them for public use, is that what you want? Asshole.""",2012-05-10 00:37:09,Discover-,TrinityCore,TrinityCore,5057a8156dc0b2f8664ca952d1da2954f385b2f2,JasperAppec,875209,"<pre>one quest and milion commits -.-</pre>

I'm sorry, @Chipsi. I'll just keep my fixes for my own instead of pushing them for public use, is that what you want?
Asshole.
",2012-05-10T12:37:09Z,2012-05-10T13:00:21Z
1316522,2,"Fuck yourself arogant idiot""",2012-05-10 05:01:20,Chipsi,TrinityCore,TrinityCore,5057a8156dc0b2f8664ca952d1da2954f385b2f2,FilipLukac,862354,"Fuck yourself arogant idiot
",2012-05-10T17:01:20Z,2012-05-10T17:01:20Z
1298937,2,"My bad - misread!""",2012-05-06 18:06:47,enVias,TrinityCore,TrinityCore,aa482f7b58fe87c93f8c4f5b4995928ce4436117,enVias,1429438,"My bad - misread!
",2012-05-07T06:06:47Z,2012-05-07T06:06:47Z
1223480,2,"Well, I'm sorry if you see this as not useful but I could not import it because of that white space. Thought that somebody else might have same problems so I thought it was worth mentioning.""",2012-04-17 10:25:22,Exodius,TrinityCore,TrinityCore,5dd561dcacfaf16bdbdd3932a40a94a7cd85a633,Exodius,817464,"Well, I'm sorry if you see this as not useful but I could not import it because of that white space. Thought that somebody else might have same problems so I thought it was worth mentioning.
",2012-04-17T22:25:22Z,2012-04-17T22:25:22Z
1261810,2,"Sorry, I tested some else spell with same name, but true Holy Shock still doesnt heal opposite faction players in one group... and I have the latest  revision...""",2012-04-26 03:15:10,Weley,TrinityCore,TrinityCore,839abe4dca9ae326b7c8397212318d98acdbcb05,Weley,1004073,"Sorry, I tested some else spell with same name, but true Holy Shock still doesnt heal opposite faction players in one group... and I have the latest  revision...
",2012-04-26T15:15:10Z,2012-04-26T15:15:10Z
1216901,2,"ignore attempt. i changed the commit message but my git messed up :[  real commit message =  Core/Entities: convert updatewaterstate for use with pets and vehicles. allow pets and vehicles to have auras with interrupt flags of in water and not in water """,2012-04-16 04:46:05,kandera,TrinityCore,TrinityCore,bb97ff7601161bb4a76bc2102605edb71bea0099,Star-lion,930757,"ignore attempt. i changed the commit message but my git messed up :[

real commit message = 
Core/Entities: convert updatewaterstate for use with pets and vehicles. allow pets and vehicles to have auras with interrupt flags of in water and not in water to be removed
",2012-04-16T16:46:05Z,2012-04-16T16:46:05Z
1201761,2,":(  There is not needed remove trinity_string entries too?""",2012-04-11 23:09:54,4m1g0,TrinityCore,TrinityCore,74b5b3bd8e55d9c9f1d3eb97012604134d6e2484,4m1g0,204293,":(

There is not needed remove trinity_string entries too?
",2012-04-12T11:09:54Z,2012-04-12T11:12:45Z
1174130,2,"> \ No newline at end of file  :( Also, this might fix #4517""",2012-04-04 07:27:10,Anonimo17,TrinityCore,TrinityCore,98687770ffb3edd98e839eb8b532220852870ed5,Anonimo17,703871,"> \ No newline at end of file

:(
Also, this might fix #4517
",2012-04-04T19:27:10Z,2012-04-04T19:27:23Z
1149595,2,"OMG, I am blind,really sorry, that last I have forgot  """,2012-03-29 04:08:18,telsamat,TrinityCore,TrinityCore,766475ea4f0817780540a5ef89c4701aac92e461,telsamat,1430611,"OMG, I am blind,really sorry, that last I have forgot
",2012-03-29T16:08:18Z,2012-03-29T16:10:00Z
1136003,2,"what would happend if """"USE SFMT"""" was left un-checked in CMake? Thank you for your time and sorry for the nooby question.""",2012-03-26 18:55:25,delro92,TrinityCore,TrinityCore,6afaed4a02ff5e29510a9e1afffea803e02f3d69,delro92,795485,"what would happend if ""USE SFMT"" was left un-checked in CMake?
Thank you for your time and sorry for the nooby question.
",2012-03-27T06:55:25Z,2012-03-27T06:55:25Z
1134256,2,"makes me more sad to see people complaining that we fix our own mistakes...""",2012-03-26 08:22:46,click,TrinityCore,TrinityCore,613d5368a56e0a1c4a1e1ace16339f4af62c391d,click,537477,"makes me more sad to see people complaining that we fix our own mistakes...
",2012-03-26T20:22:46Z,2012-03-26T20:22:46Z
1134424,2,"@Vasago: No, you didn't get a ban from a bigheaded misunderstood developer. You got a ban from a developer that has grown tired of constant nagging and bickering, after explaing X times to you that we do have our own agenda, doing this on our own private (""",2012-03-26 09:02:29,click,TrinityCore,TrinityCore,613d5368a56e0a1c4a1e1ace16339f4af62c391d,click,537477,"@Vasago: No, you didn't get a ban from a bigheaded misunderstood developer. You got a ban from a developer that has grown tired of constant nagging and bickering, after explaing X times to you that we do have our own agenda, doing this on our own private (FREE) time.
And yes, we DO have obligations internal in the team as well, and that will be rectified.
If you have further information that might be of assistance to any of the developers on the team, then feel free, we'll read what you write, BUT you need to understand that you're not ALONE on asking/requesting/begging/complaining/arguing about how we do things, and as such we (developers and contributors) grow insanely tired of the continued nuisance of people doing so.
Here's what I normally tell people to read AND understand :
   http://www.catb.org/~esr/faqs/smart-questions.html

This will explain in detail what you should do when you want to ask about something, be it codewise, supportwise or even as a contributor / developer. We do our research, and that is something we also expect our users to do when they come up with issues.

I hope this explains in detail how things are for you.
",2012-03-26T21:02:29Z,2012-03-26T21:02:29Z
1134404,2,"man, am sorry but who you are to ask developers do anything?""",2012-03-26 08:56:53,2010phenix,TrinityCore,TrinityCore,613d5368a56e0a1c4a1e1ace16339f4af62c391d,2010phenix,544663,"man, am sorry but who you are to ask developers do anything?
",2012-03-26T20:56:53Z,2012-03-26T20:57:20Z
1137954,2,"Aparently those missing parts are what is fucking shit up. I know what you are doing and hope you figure out, but while you don't, I beleave those pushbacks are too bad to deserve some place in here. TC was vulnerable to these """"packet spoofers"""" for all its""",2012-03-27 03:20:24,Havenard,TrinityCore,TrinityCore,41cc704bf86dc1832a18cdd7ecd387fbb9137775,Havenard,605966,"Aparently those missing parts are what is fucking shit up. I know what you are doing and hope you figure out, but while you don't, I beleave those pushbacks are too bad to deserve some place in here. TC was vulnerable to these ""packet spoofers"" for all its existance, I guess it can survive it a little longer.
",2012-03-27T15:20:24Z,2012-03-27T16:04:05Z
1091520,2,"Confirmed Shield Slam ability is now bugged!""",2012-03-15 11:41:56,Vasago,TrinityCore,TrinityCore,b23ff228a43e375712e3a2ed3fc6bcd5ff5fcb74,Vasago,241543,"Confirmed Shield Slam ability is now bugged!
",2012-03-15T22:41:56Z,2012-03-15T22:41:56Z
1070971,2,"Why rest in peace? More like burn in hell.  Edit I really wrote 'rest in piece'. Good lord...""",2012-03-11 10:04:36,Discover-,TrinityCore,TrinityCore,2b2d054f64f1fa137364d2f840c7005e7936bdc2,JasperAppec,875209,"Why rest in peace? More like burn in hell.

Edit
I really wrote 'rest in piece'. Good lord...
",2012-03-11T21:04:36Z,2012-03-11T21:06:11Z
1010235,2,"I knew you couldn't keep up a serious conversation... disappointed (but not surprised).""",2012-02-24 16:54:06,DDuarte,TrinityCore,TrinityCore,c4b6dc3a15ccf5eb3b28d453d65a1e0556188015,DDuarte,530940,"I knew you couldn't keep up a serious conversation... disappointed (but not surprised).
",2012-02-25T03:54:06Z,2012-02-25T03:54:17Z
998439,2,"Its bcz server send some cheat data, wait for client reply, send cheat data, wait for client reply, etc, etc, etc.  So, sometimes this can take 5min or more to detect a cheat :\""",2012-02-22 11:52:42,kliver,TrinityCore,TrinityCore,8e3a4b956e8fcc3ec31240d847a7a630eaf2bba2,kliver,251667,"Its bcz server send some cheat data, wait for client reply, send cheat data, wait for client reply, etc, etc, etc.

So, sometimes this can take 5min or more to detect a cheat :\
",2012-02-22T22:52:42Z,2012-02-22T22:52:42Z
983574,2,"so sorry about this. evidently when i did one of my merges some things got messed up""",2012-02-19 17:13:36,kandera,TrinityCore,TrinityCore,34a41d01521464a1734c576950af4ae96f9e887b,Star-lion,930757,"so sorry about this. evidently when i did one of my merges some things got messed up
",2012-02-20T04:13:36Z,2012-02-20T04:13:36Z
976309,2,"It's not working for me  Update: Fully reverting 65d269f6de2da9c7c26e9177d7cfcb0498782089 seems working fine, i've no time to figure out what's the problem, sorry""",2012-02-16 14:46:23,A-Metaphysical-Drama,TrinityCore,TrinityCore,7ce78536069233deff626b70ac914423a23b2492,A-Metaphysical-Drama,541070,"It's not working for me

Update: Fully reverting 65d269f6de2da9c7c26e9177d7cfcb0498782089 seems working fine, i've no time to figure out what's the problem, sorry
",2012-02-17T01:46:23Z,2012-02-17T02:32:49Z
981018,2,"Oh sorry ...""",2012-02-18 02:10:46,Sethi,TrinityCore,TrinityCore,65d269f6de2da9c7c26e9177d7cfcb0498782089,Sethi,865813,"Oh sorry ...
",2012-02-18T13:10:46Z,2012-02-18T13:10:46Z
933262,2,"Strange, it works fine for me :|""",2012-02-04 06:33:55,devilcoredev,TrinityCore,TrinityCore,22bd06fc57eb0af599f4c9e5181bf702c769b90a,devilcoredev,1059502,"Strange, it works fine for me :|
",2012-02-04T17:33:55Z,2012-02-04T17:33:55Z
867700,2,"After this is bugged pet react, they doesn't attack while has agressive or defensive react...""",2012-01-14 09:29:28,damnedsoul,TrinityCore,TrinityCore,dbbac0bdaae4b6d8a0125999962c4a686092bd80,damnedsoul,1330584,"After this is bugged pet react, they doesn't attack while has agressive or defensive react...
",2012-01-14T20:29:28Z,2012-01-14T20:41:27Z
859789,2,"Kk, too lazy to doublecheck, thanks :/""",2012-01-11 19:42:48,Warpten,TrinityCore,TrinityCore,233d8919528879a26b1aa03373fee590f2307c9d,Warpten,563936,"Kk, too lazy to doublecheck, thanks :/
",2012-01-12T06:42:48Z,2012-01-12T06:42:48Z
848995,2,"Oh no :(""",2012-01-08 23:00:13,Norfik,TrinityCore,TrinityCore,6cb495048916a916804ebf8bde19e9619b12f897,Norfik,564935,"Oh no :(
",2012-01-09T10:00:13Z,2012-01-09T10:00:13Z
834670,2,"Shauren is right, revert!""",2012-01-03 09:05:21,Discover-,TrinityCore,TrinityCore,5884f4be315a435c6d45ac7357ad4de7a6beb576,JasperAppec,875209,"Shauren is right, revert!
",2012-01-03T20:05:21Z,2012-01-03T20:05:21Z
832133,2,"guys, anyone using newer rev than b4ecd85da46302 with UP time more than 10 hours? ... I consider b4ecd85da46302 for last stable rev. for now :(""",2012-01-02 09:21:39,LihO,TrinityCore,TrinityCore,73f79c41a1a35eb24cea79259b6c184ff8b378a7,LihO,545348,"guys, anyone using newer rev than b4ecd85da46302 with UP time more than 10 hours?
... I consider b4ecd85da46302 for last stable rev. for now :(
",2012-01-02T20:21:39Z,2012-01-02T20:21:39Z
832177,2,"sorry, I just wanted to point out, that in last 6 days there were changes that have somehow made the core unstable (maybe it's already fixed, haven't tried this one)""",2012-01-02 09:51:54,LihO,TrinityCore,TrinityCore,73f79c41a1a35eb24cea79259b6c184ff8b378a7,LihO,545348,"sorry, I just wanted to point out, that in last 6 days there were changes that
have somehow made the core unstable (maybe it's already fixed, haven't tried
this one)
",2012-01-02T20:51:54Z,2012-01-02T20:51:54Z
820105,2,"I hate you guys. :( I removed all tabs at once and re-done them manually as I copied the code from a version with too many tabs!""",2011-12-25 04:26:51,Discover-,TrinityCore,TrinityCore,78ac79220f7ac9bba6e2fec181e6c124475df1b8,JasperAppec,875209,"I hate you guys. :(
I removed all tabs at once and re-done them manually as I copied the code from a version with too many tabs!
",2011-12-25T15:26:51Z,2011-12-25T15:26:51Z
748149,2,"Oof. Got scared.""",2011-11-26 11:47:06,Warpten,TrinityCore,TrinityCore,dd06dc75e6afde438b7f2fee3725f06e090dc640,Warpten,563936,"Oof. Got scared.
",2011-11-26T22:47:06Z,2011-11-26T22:47:06Z
1872118,2,"COE always bugs Ebons Plague ... =/""",2012-09-18 07:37:13,Morgoporc,TrinityCore,TrinityCore,01d44a83e37d74de0a9abb97c84a492d315bbc3c,Morgoporc,2163439,"COE always bugs Ebons Plague ... =/
",2012-09-18T19:37:13Z,2012-09-18T19:37:13Z
741828,2,"That typo was just crazy!""",2011-11-23 06:20:40,Fredi,TrinityCore,TrinityCore,44693cfa99b871dd46b794594334d5e286c4e881,fredimachado,29800,"That typo was just crazy!
",2011-11-23T17:20:40Z,2011-11-23T17:20:40Z
683407,2,"Forgot to save the whole file... fixing. Edit: Fixed, sorry about that.""",2011-10-29 15:05:56,DDuarte,TrinityCore,TrinityCore,82fa5c97d64e9862787295917dd4ef9bfdeb5d33,DDuarte,530940,"Forgot to save the whole file... fixing.
Edit: Fixed, sorry about that.
",2011-10-30T02:05:56Z,2011-10-30T02:08:08Z
610182,2,"hmm... then i'm really confused... because since this commit i get """"not declared in this scope"""" errors at compile for these ones... :-(  EDIT: i'll make a clean compile and let me surprise...  EDIT2: but it's defined as -> class AuraScript : public _Sp""",2011-09-25 04:53:24,WarHead,TrinityCore,TrinityCore,e949ad3adbfe22c11ec4d731b0fcfb9cc284f064,WarHead,30747,"hmm... then i'm really confused... because since this commit i get ""not declared in this scope"" errors at compile for these ones... :-(

EDIT: i'll make a clean compile and let me surprise...

EDIT2: but it's defined as -> class AuraScript : public _SpellScript

EDIT3: after clean compile still getting the above error... then i must search the really source of the changes to this...
",2011-09-25T16:53:24Z,2011-09-25T17:18:11Z
610247,2,"simply unbelievable! :-( something must have changed a file of my repo. :-( after resetting the file to a older version the above things are not used in this file... :-( sorry, perhaps a merge fault - i don't know... :-(""",2011-09-25 06:07:53,WarHead,TrinityCore,TrinityCore,e949ad3adbfe22c11ec4d731b0fcfb9cc284f064,WarHead,30747,"simply unbelievable! :-( something must have changed a file of my repo. :-( after resetting the file to a older version the above things are not used in this file... :-( sorry, perhaps a merge fault - i don't know... :-(
",2011-09-25T18:07:53Z,2011-09-25T18:07:53Z
611327,2,"more working : http://pastebin.com/3dPDTJNg  ps: sometimes summon the trigger in tank.  sorry, for my english. :-/""",2011-09-25 23:40:14,Vincent-Michael,TrinityCore,TrinityCore,9ea40a4746c4d74e7de120f5efedcdc533a667c4,Vincent-Michael,541725,"more working : http://pastebin.com/3dPDTJNg

ps: sometimes summon the trigger in tank.

sorry, for my english. :-/
",2011-09-26T11:40:14Z,2011-09-26T11:53:44Z
684989,2,"agree with Betaman2k... where is summon fix ?) we can`t find the problem :(""",2011-10-31 02:34:15,AreYouSiries,TrinityCore,TrinityCore,8ce80db6e6787ecb967c36e84791042eef5ac5e0,unspike,636164,"agree with Betaman2k... where is summon fix ?) we can`t find the problem :(
",2011-10-31T13:34:15Z,2011-10-31T13:34:15Z
595027,2,"This was in old Unit::CanAttack check :(""",2011-09-16 22:16:50,QAston,TrinityCore,TrinityCore,31e755c2910d26c1616c098a39b343101c398e96,QAston,126822,"This was in old Unit::CanAttack check :(
",2011-09-17T10:16:50Z,2011-09-17T10:16:50Z
595491,2,"i have build crash :( whan add to my core """,2011-09-17 09:00:23,Int007,TrinityCore,TrinityCore,791acfebac8c3b794ee9fbfa048acb6e727476ce,Int007,934949,"i have build crash :( whan add to my core 
",2011-09-17T21:00:23Z,2011-09-17T21:00:23Z
570242,2,"Oh.. you custom stuff freaks.. I still hate you""",2011-09-05 03:44:13,DDuarte,TrinityCore,TrinityCore,fd3bd4c49d511569fcd19826eaa38c69696db1d4,DDuarte,530940,"Oh.. you custom stuff freaks.. I still hate you
",2011-09-05T15:44:13Z,2011-09-05T15:44:13Z
640363,2,"I spoke too soon. PlayersSlain works, but any PlayersSlain quest is auto-completed, so as soon as you pick it up, you can turn it in. This didn't fix anything :(  1. On an Alliance toon: 2. .npc add 30344 3. .quest add 13233 (or accept the """"No Mercy!"""" """,2011-10-09 15:44:26,gregariousjb,TrinityCore,TrinityCore,fd3bd4c49d511569fcd19826eaa38c69696db1d4,GregariousJB,540857,"I spoke too soon. PlayersSlain works, but any PlayersSlain quest is auto-completed, so as soon as you pick it up, you can turn it in. This didn't fix anything :(
1. On an Alliance toon:
2. .npc add 30344
3. .quest add 13233 (or accept the ""No Mercy!"" quest from the NPC you just spawned)
4. Turn it in.
",2011-10-10T03:44:26Z,2011-10-10T03:44:45Z
568843,2,"you know what everyone? gtfo. this patch was on forums, WE ASKED YOU TO TEST IT AND REPORT PROBLEMS  noone did. so dont complain about bugs now""",2011-09-04 05:03:50,Shauren,TrinityCore,TrinityCore,b40bf693194abd3f1b9e35ab6792f0df2369d1dc,Shauren,297439,"you know what everyone? gtfo. this patch was on forums, WE ASKED YOU TO TEST IT AND REPORT PROBLEMS

noone did. so dont complain about bugs now
",2011-09-04T17:03:50Z,2011-09-04T17:03:50Z
563397,2,"Sorry, i guess it was too late for me to think :(""",2011-08-31 18:27:38,QAston,TrinityCore,TrinityCore,0fb5c2947f81657f4ae347bf7c5d8be8757c00f7,QAston,126822,"Sorry, i guess it was too late for me to think :(
",2011-09-01T06:27:38Z,2011-09-01T06:27:38Z
608786,2,"not working for me too ! my water elemental attack the target and i eat the food and change my gear :/""",2011-09-23 13:31:11,DrBronx,TrinityCore,TrinityCore,1bbab51284d7517a2505eb15004779749726746f,MRezaSafari,1060150,"not working for me too !
my water elemental attack the target and i eat the food and change my gear :/
",2011-09-24T01:31:11Z,2011-09-24T01:31:11Z
548615,2,"Aww I was using that :(""",2011-08-23 18:18:35,Rochet2,TrinityCore,TrinityCore,30a54e43cac0de35e59f695c8926577c491ec2f8,Rochet2,468816,"Aww I was using that :(
",2011-08-24T06:18:35Z,2011-08-24T06:18:35Z
527238,2,"it's when you change stances too fast, you're stuck in normal form, and can't get back into shadowform ... which sucks pretty much when you're a spriest.""",2011-08-11 11:05:38,ololroflbbq,TrinityCore,TrinityCore,b81fb4d42366bb93201f5736e3d5005200f74197,ololroflbbq,846105,"it's when you change stances too fast, you're stuck in normal form, and can't get back into shadowform ... which sucks pretty much when you're a spriest.
",2011-08-11T23:05:38Z,2011-08-11T23:05:38Z
516676,2,"WHEN REPORTING ERRORS, INCLUDE THE GOD DAMNED ERRORMESSAGE/COMPILERERRORS!""",2011-08-05 16:32:46,click,TrinityCore,TrinityCore,5b0b53a8c08ecc0d7478dd57de53fa19a966e2f4,click,537477,"WHEN REPORTING ERRORS, INCLUDE THE GOD DAMNED ERRORMESSAGE/COMPILERERRORS!
",2011-08-06T04:32:46Z,2011-08-06T04:32:46Z
506024,2,"Fixed, Typo in search and replace :(""",2011-08-01 00:58:39,Spp-,TrinityCore,TrinityCore,acd0fc79f63f6881ead6fff2985755dd45ea3a5d,xurxogr,259712,"Fixed, Typo in search and replace :(
",2011-08-01T12:58:39Z,2011-08-01T12:58:39Z
527829,2,"Close your mouth stupid Shauren !""",2011-08-11 20:10:48,Batters,TrinityCore,TrinityCore,8753a182631cc7930e7c652092b7176812932435,Batters,507098,"Close your mouth stupid Shauren !
",2011-08-12T08:10:48Z,2011-08-12T08:10:48Z
504625,2,"WOOT this bug was annoying!""",2011-07-30 12:40:04,u2blah,TrinityCore,TrinityCore,2effb7acdc08536727b1f83583473ae047245daf,u2blah,755502,"WOOT this bug was annoying!
",2011-07-31T00:40:04Z,2011-07-31T00:40:04Z
503373,2,"@Machiavelli - I WILL NOT SIR! Are you trying to get my hands burned even more!! You crazy man you!""",2011-07-29 05:43:14,luisalvarado,TrinityCore,TrinityCore,3d56bd5eb8bef8032e9448929533c2feaa11f08f,luisalvarado,29236,"@Machiavelli - I WILL NOT SIR! Are you trying to get my hands burned even more!! You crazy man you!
",2011-07-29T17:43:14Z,2011-07-29T17:43:14Z
499035,2,"i dont get it what is this for ?? sorry for my noobish question""",2011-07-27 02:52:24,oMadMano,TrinityCore,TrinityCore,0b5c03f66b0ce82add6a9d2f8df89e67c936f21f,oMadMano,867216,"i dont get it what is this for ?? sorry for my noobish question
",2011-07-27T14:52:24Z,2011-07-27T14:52:24Z
510345,2,"Sadly, I have to agree with @Elevim because of too many broken spells now :(""",2011-08-02 23:23:17,horn,TrinityCore,TrinityCore,b0fe236265465a0f39aa98a8cee2916d1ccfaa02,horn,794073,"Sadly, I have to agree with @Elevim because of too many broken spells now :(
",2011-08-03T11:23:17Z,2011-08-03T11:23:17Z
491078,2,"it was a little joke :-(""",2011-07-22 00:55:50,joschiwald,TrinityCore,TrinityCore,6a89bd767f4d44397f6236e4b9199d4ccdbf80c0,joschiwald,736792,"it was a little joke :-(
",2011-07-22T12:55:50Z,2011-07-22T12:55:50Z
479334,2,"DrDamage coeff is 2.193, it means 2.193 / 4 ticks = 0.5483 for tick. There is no other info source about coeffs of this spell :(""",2011-07-15 01:22:49,tobmaps,TrinityCore,TrinityCore,37185c77494a7e708c94077e0d2a9a07acc49d51,tobmaps,541428,"DrDamage coeff is 2.193, it means 2.193 / 4 ticks = 0.5483 for tick. There is no other info source about coeffs of this spell :(
",2011-07-15T13:22:49Z,2011-07-15T13:23:45Z
454512,2,"but but but  ferals are fluffy, not overpowered :'(""",2011-06-29 09:01:24,Sarjuuk,TrinityCore,TrinityCore,6f0af070c0b07c99226df0f5431e77a1e2eab471,Sarjuuk,848030,"but but but

ferals are fluffy, not overpowered :'(
",2011-06-29T21:01:24Z,2011-06-29T21:01:24Z
445097,2,"problem with me is with the spell that kill npcs by Hodir.  sry for my english. :(""",2011-06-23 04:47:18,Vincent-Michael,TrinityCore,TrinityCore,3f5453c657f765d33c24849a2aac5abe7392625f,Vincent-Michael,541725,"problem with me is with the spell that kill npcs by Hodir.

sry for my english. :(
",2011-06-23T16:47:18Z,2011-06-23T16:47:18Z
439301,2,"ok, sorry for my reaction, fixed in recent commit""",2011-06-20 03:49:00,Lopin,TrinityCore,TrinityCore,24f4cf6cb5a0b416617db0fcdadee3fbcf3c9cfc,Lopin,554214,"ok, sorry for my reaction, fixed in recent commit
",2011-06-20T15:49:00Z,2011-06-20T15:49:00Z
437890,2,"This is madness!""",2011-06-19 00:16:02,3kids,TrinityCore,TrinityCore,aebb75b816538d3e0f15aa5f15ecfc56b5476472,3kids,377342,"This is madness!
",2011-06-19T12:16:02Z,2011-06-19T12:16:02Z
418966,2,"Bad ZULP copypaste, sorry.""",2011-06-07 06:12:17,Machiavell1,TrinityCore,TrinityCore,e8bc02f3bd23c8e13243b3f298700c9027f90857,Machiavell1,536397,"Bad ZULP copypaste, sorry.
",2011-06-07T18:12:17Z,2011-06-07T18:12:17Z
418377,2,"Arcane Blast"""" no stack :-(""",2011-06-07 01:29:16,SignFinder,TrinityCore,TrinityCore,3effdb2c23b9690e53376e9fcb77d48ebd91780e,SignFinder,299814,"""Arcane Blast"" no stack :-(
",2011-06-07T13:29:16Z,2011-06-07T13:29:16Z
418779,2,"i need one too for penance haste bug :-( only 2 heals not 3""",2011-06-07 04:46:54,OneB1t,TrinityCore,TrinityCore,3effdb2c23b9690e53376e9fcb77d48ebd91780e,OneB1t,320479,"i need one too for penance haste bug :-( only 2 heals not 3
",2011-06-07T16:46:54Z,2011-06-07T16:46:54Z
418865,2,"QAston You do not feel sorry for people who use the repository?""",2011-06-07 05:25:57,SignFinder,TrinityCore,TrinityCore,3effdb2c23b9690e53376e9fcb77d48ebd91780e,SignFinder,299814,"QAston You do not feel sorry for people who use the repository?
",2011-06-07T17:25:57Z,2011-06-07T17:25:57Z
412692,2,"hate github bugs !""",2011-06-02 18:36:25,mory,TrinityCore,TrinityCore,9f8e4b031e4fd31f1260503f0f03e8ce62a0b1c2,mory,819280,"hate github bugs !
",2011-06-03T06:36:25Z,2011-06-03T06:38:29Z
413322,2,"not all man. not all :(""",2011-06-03 03:36:18,2010phenix,TrinityCore,TrinityCore,9f8e4b031e4fd31f1260503f0f03e8ce62a0b1c2,2010phenix,544663,"not all man. not all :(
",2011-06-03T15:36:18Z,2011-06-03T15:36:18Z
406706,2,"Ferya is crazy !! cast spells and summons fast and uncontrollable how ppls can fight her !?""",2011-05-30 07:18:01,mory,TrinityCore,TrinityCore,8f5440b864b64236deb89f2c7a89162e917e4668,mory,819280,"Ferya is crazy !! cast spells and summons fast and uncontrollable how ppls can fight her !?
",2011-05-30T19:18:01Z,2011-05-30T19:18:01Z
404593,2,"Hmmm, nevermind, sorry, too tired.""",2011-05-28 04:29:27,Warpten,TrinityCore,TrinityCore,df619d8da1c906af57d479355ac03c6d2b4d3719,Warpten,563936,"Hmmm, nevermind, sorry, too tired.
",2011-05-28T16:29:27Z,2011-05-28T16:29:27Z
396306,2,"sorry - its my error. previous comment not deleted with """"There was a problem with your request, please try again""""""",2011-05-23 18:44:37,SignFinder,TrinityCore,TrinityCore,29e61ad0ea52bcb5679c9d61c241142b085f411b,SignFinder,299814,"sorry - its my error. previous comment not deleted with ""There was a problem with your request, please try again""
",2011-05-24T06:44:37Z,2011-05-24T06:44:37Z
377340,2,"Am sorry i got confused by the """"shouldn't break breakable"""". Can you please provide some spell examples?""",2011-05-10 06:54:47,luisalvarado,TrinityCore,TrinityCore,ce7f024945b01052415201f86ad9108c1845f291,luisalvarado,29236,"Am sorry i got confused by the ""shouldn't break breakable"". Can you please provide some spell examples?
",2011-05-10T18:54:47Z,2011-05-10T18:54:47Z
386894,2,"Confirming as well. Bugged again! :O""",2011-05-17 00:51:31,Discover--,TrinityCore,TrinityCore,cb3e6dbce325290fd649ce469adc253fee54f844,Wattiqelumes,767667,"Confirming as well. Bugged again! :O
",2011-05-17T12:51:31Z,2011-05-17T12:51:31Z
336418,2,"yeah i have that problem too on my server. :\""",2011-04-10 09:16:18,HolyHand,TrinityCore,TrinityCore,9bed8e49dbb96a6ac45713e1cd23ccac9a3a7609,HolyHand,720681,"yeah i have that problem too on my server. :\
",2011-04-10T21:16:18Z,2011-04-10T21:16:18Z
329889,2,"oops, my fail :(""",2011-04-05 02:49:26,Ramusik,TrinityCore,TrinityCore,1b0843194f261fcebfd733eceaf859e4bc70888f,Ramusik,677323,"oops, my fail :(
",2011-04-05T14:49:26Z,2011-04-05T14:49:26Z
309830,2,"Oh, my apologies... :( I will remember that.""",2011-03-21 10:54:08,Studioworks,TrinityCore,TrinityCore,5d749aeaaab4943991f3e2c4a3eff342fc07d55d,Studioworks,540534,"Oh, my apologies... :( I will remember that.
",2011-03-21T21:54:08Z,2011-03-21T21:54:08Z
292615,2,"sorry for my bad i see this in my C++ Tutorial maybe i don't read good""",2011-03-06 09:13:51,MindBreakerVictor,TrinityCore,TrinityCore,13acb0e4f9e8aef13f20eefd74bb0b0f94520120,vtstanescu,611511,"sorry for my bad i see this in my C++ Tutorial maybe i don't read good
",2011-03-06T20:13:51Z,2011-03-06T20:13:51Z
291325,2,"yeah very important...not :(  what about interrupting while casting although flag is not set?""",2011-03-04 08:43:56,Teiby1,TrinityCore,TrinityCore,eea7efa463a767f70022bae03c48e1839d0ed5d3,Teiby1,617859,"yeah very important...not :(

what about interrupting while casting although flag is not set?
",2011-03-04T19:43:56Z,2011-03-04T19:47:35Z
287408,2,"Ungrateful fags""",2011-03-01 04:21:31,Shocker,TrinityCore,TrinityCore,d92fb9ad65b06ba9afac231964575219d4df1df1,Shocker,511388,"Ungrateful fags
",2011-03-01T15:21:31Z,2011-03-01T15:21:31Z
280922,2,"<double post :( >""",2011-02-23 06:10:13,blackone,TrinityCore,TrinityCore,b27735b590ed91db702f2a21085fef05b804e4d8,AurimasZibas,550201,"<double post :( >
",2011-02-23T17:10:13Z,2011-02-23T19:30:49Z
283364,2,"EDIT: I'm sorry I was wrong""",2011-02-25 05:27:49,Jildor,TrinityCore,TrinityCore,0ec88a642c664da6b4d89fe48925bcde90390d12,Jildor,521036,"EDIT: I'm sorry I was wrong
",2011-02-25T16:27:49Z,2011-02-25T16:30:02Z
228847,2,"Questgivers don't offer daily/weekly quests anymore :-(""",2010-12-30 00:13:55,Tassader,TrinityCore,TrinityCore,82f471cc13843850be2428e6e511c37b67e15e03,Tassader,55621,"Questgivers don't offer daily/weekly quests anymore :-(
",2010-12-30T11:13:55Z,2010-12-30T11:13:55Z
1065728,1,"ok now again :D where can i get new map,vmaps extractor for windows ? compiled ones plz.. dont say me to compile etc.. i have reasons.""",2012-03-09 03:23:02,Ussmaan,TrinityCore,TrinityCore,e5d23103f37c40d2e946fa0e2db66d2f527ad9af,Ussmaan,1025435,"ok now again :D where can i get new map,vmaps extractor for windows ? compiled ones plz.. dont say me to compile etc.. i have reasons.
",2012-03-09T14:23:02Z,2012-03-09T14:23:31Z
1050860,1,"My Hands :D""",2012-03-06 11:55:28,Expecto,TrinityCore,TrinityCore,1b34965808fe394cf6535c64876068921f3a9726,Expecto,961673,"My Hands :D
",2012-03-06T22:55:28Z,2012-03-06T22:55:28Z
1054622,1,"i like InnoDB more :D""",2012-03-07 06:26:37,terabyte101,TrinityCore,TrinityCore,f506674ab85107d5866c2f90111e7bf949233711,terabyte101,1330528,"i like InnoDB more :D
",2012-03-07T17:26:37Z,2012-03-07T17:26:37Z
1040946,1,"Thank you !""",2012-03-04 10:49:21,SpaHost,TrinityCore,TrinityCore,e9a125f4955c3cc95d70f9654abb013de2a8dbc6,SpaHost,809053,"Thank you !
",2012-03-04T21:49:21Z,2012-03-04T21:49:21Z
1040014,1,"Woopwoop, lol. Ctrl+H mistake. :P""",2012-03-04 01:17:44,Discover-,TrinityCore,TrinityCore,c48a1ad17db9b623795d24bbe83d77247b6ef756,JasperAppec,875209,"Woopwoop, lol. Ctrl+H mistake. :P
",2012-03-04T12:17:44Z,2012-03-04T12:17:44Z
1040082,1,"ha ha i get your point :) but still they wont remove it from disables it until its 100% blizzlike so i guess you will have to w8 then :D""",2012-03-04 02:30:14,terabyte101,TrinityCore,TrinityCore,d21179ab56f80c14982b0753c19e6fdc7ffc9503,terabyte101,1330528,"ha ha i get your point :) but still they wont remove it from disables it until its 100% blizzlike so i guess you will have to w8 then :D
",2012-03-04T13:30:14Z,2012-03-04T13:30:47Z
1040555,1,"yea that's a nice script ty for fixing it :)""",2012-03-04 07:55:50,terabyte101,TrinityCore,TrinityCore,d21179ab56f80c14982b0753c19e6fdc7ffc9503,terabyte101,1330528,"yea that's a nice script ty for fixing it :)
",2012-03-04T18:55:50Z,2012-03-04T18:55:50Z
1037833,1,"nice job ! """,2012-03-02 12:43:19,cemak,TrinityCore,TrinityCore,a08fe16d6967798b3dcb92ef03399b34c29e2597,cemak,305634,"nice job ! 
",2012-03-02T23:43:19Z,2012-03-02T23:43:19Z
1037928,1,"omg qaston this is awesome!""",2012-03-02 13:27:16,eilo,TrinityCore,TrinityCore,a08fe16d6967798b3dcb92ef03399b34c29e2597,eilo,527331,"omg qaston this is awesome!
",2012-03-03T00:27:16Z,2012-03-03T00:27:16Z
1037936,1,"Good work qaston""",2012-03-02 13:32:53,DjDiLiSoFT,TrinityCore,TrinityCore,a08fe16d6967798b3dcb92ef03399b34c29e2597,DjDiLiSoFT,1008586,"Good work qaston
",2012-03-03T00:32:53Z,2012-03-03T00:32:53Z
1036479,1,"kandera, congratulate to join team!!!!""",2012-03-02 05:34:58,2010phenix,TrinityCore,TrinityCore,c1270bd7580960c1e756cb84409b7ec251f88e63,2010phenix,544663,"kandera, congratulate to join team!!!!
",2012-03-02T16:34:58Z,2012-03-02T16:34:58Z
1040335,1,"No, thank you! =]""",2012-03-04 06:04:28,Discover-,TrinityCore,TrinityCore,c1270bd7580960c1e756cb84409b7ec251f88e63,JasperAppec,875209,"No, thank you! =]
",2012-03-04T17:04:28Z,2012-03-04T17:04:28Z
1035121,1,"ok, bcs I have old core and some issues after fixing are not closed :) anyway thanks""",2012-03-02 01:09:20,telsamat,TrinityCore,TrinityCore,394dbf0cdceea425a1ad63ecebc614e29728d365,telsamat,1430611,"ok, bcs I have old core and some issues after fixing are not closed :) anyway thanks
",2012-03-02T12:09:20Z,2012-03-02T12:09:20Z
1035302,1,"True, now makes sense :)""",2012-03-02 02:12:03,Spp-,TrinityCore,TrinityCore,394dbf0cdceea425a1ad63ecebc614e29728d365,xurxogr,259712,"True, now makes sense :)
",2012-03-02T13:12:03Z,2012-03-02T13:12:03Z
1036762,1,"Hurray!""",2012-03-02 06:49:41,Dimitro,TrinityCore,TrinityCore,09f0a2c04fd5d01a4a2bbe1392750947b8911b5b,Dimitro,833418,"Hurray!
",2012-03-02T17:49:41Z,2012-03-02T17:49:41Z
1034096,1,"more SmartAI power ^_^ thanks for this""",2012-03-01 17:08:21,cooler-SAI,TrinityCore,TrinityCore,09f0a2c04fd5d01a4a2bbe1392750947b8911b5b,cooler-SAI,812439,"more SmartAI power ^_^ thanks for this
",2012-03-02T04:08:21Z,2012-03-02T04:08:21Z
1033528,1,"Finally! ^_^""",2012-03-01 12:54:35,vlad852,TrinityCore,TrinityCore,09f0a2c04fd5d01a4a2bbe1392750947b8911b5b,vlad852,547426,"Finally! ^_^
",2012-03-01T23:54:35Z,2012-03-01T23:54:35Z
1033401,1,"maanuel pickup machine gun and tra-ta-ta tra-ta-ta ;)   anyway thx kandera for bug finding )))""",2012-03-01 12:05:37,2010phenix,TrinityCore,TrinityCore,92af6ec647020c47b4897c403198b4c576a29ef3,2010phenix,544663,"maanuel pickup machine gun and tra-ta-ta tra-ta-ta ;)

anyway thx kandera for bug finding )))
",2012-03-01T23:05:37Z,2012-03-01T23:05:37Z
1035158,1,"Lol, didn't see that one coming. I'm proud of you, son(s?).""",2012-03-02 01:25:40,Discover-,TrinityCore,TrinityCore,92af6ec647020c47b4897c403198b4c576a29ef3,JasperAppec,875209,"Lol, didn't see that one coming. I'm proud of you, son(s?).
",2012-03-02T12:25:40Z,2012-03-02T12:25:40Z
1031779,1,"thats going to reduce the table character_queststatus significant... good job!!""",2012-03-01 05:08:01,jobbais,TrinityCore,TrinityCore,a36a0a77ef75e66933ac5b8802a9ec7906acfd0b,jobbais,601862,"thats going to reduce the table character_queststatus significant... good job!!
",2012-03-01T16:08:01Z,2012-03-01T16:08:01Z
1028615,1,"\ No newline at end of file :P""",2012-02-29 11:45:31,Vincent-Michael,TrinityCore,TrinityCore,dbec50b89dae9035e8df7817bad67e498551a83f,Vincent-Michael,541725,"\ No newline at end of file :P
",2012-02-29T22:45:31Z,2012-02-29T22:45:31Z
1028124,1,"Thank you :-)""",2012-02-29 09:56:48,Vezax,TrinityCore,TrinityCore,03a7a806871a0447ec272151dd84421340b11d67,Vezax,572236,"Thank you :-)
",2012-02-29T20:56:48Z,2012-02-29T20:56:48Z
1028381,1,"Yes, thanks for it.""",2012-02-29 10:55:01,burnham,TrinityCore,TrinityCore,03a7a806871a0447ec272151dd84421340b11d67,burnham,249632,"Yes, thanks for it.
",2012-02-29T21:55:01Z,2012-02-29T21:55:01Z
1036120,1,"Figured out who the credits go to, it's @Fredi. :) https://gist.github.com/1497219""",2012-03-02 05:12:51,Discover-,TrinityCore,TrinityCore,c1270bd7580960c1e756cb84409b7ec251f88e63,JasperAppec,875209,"Figured out who the credits go to, it's @Fredi. :)
https://gist.github.com/1497219
",2012-03-02T16:12:51Z,2012-03-02T16:12:51Z
1066802,1,"@kandera: I know that 3rd party scripts are not official supported - That should be only a information for user that has ChaosUA script in use :-) -> I like this script and it's IMHO great and stable. """,2012-03-09 07:20:27,LORDofDOOM,TrinityCore,TrinityCore,ed16a4a0dd71317aafffa2c856126ad1fe91d4dd,LORDofDOOM,562702,"@kandera: I know that 3rd party scripts are not official supported - That should be only a information for user that has ChaosUA script in use :-) -> I like this script and it's IMHO great and stable. 
",2012-03-09T18:20:27Z,2012-03-09T18:20:27Z
1024283,1,"looks like soon we will have Wintergrasp in master ^_^""",2012-02-28 17:15:09,cooler-SAI,TrinityCore,TrinityCore,02b0cc825e14f1f5c899ee1599a21b856ee802b8,cooler-SAI,812439,"looks like soon we will have Wintergrasp in master ^_^
",2012-02-29T04:15:09Z,2012-02-29T04:15:09Z
1025527,1,"looks like soon we will have a fully unstable core :))""",2012-02-29 00:00:19,Mosoo,TrinityCore,TrinityCore,02b0cc825e14f1f5c899ee1599a21b856ee802b8,Mosoo,944270,"looks like soon we will have a fully unstable core :))
",2012-02-29T11:00:19Z,2012-02-29T11:01:28Z
1021825,1,"nice :)""",2012-02-28 06:01:08,Vincent-Michael,TrinityCore,TrinityCore,218ed813d0a2d26fd594ddafa2132cc7c5209bb4,Vincent-Michael,541725,"nice :)
",2012-02-28T17:01:08Z,2012-02-28T17:01:08Z
1016805,1,"rename missing :P 2012_02_26_01_world_spell_script_names.sql -> 2012_02_27_00_world_spell_script_names.sql""",2012-02-27 09:10:59,Vincent-Michael,TrinityCore,TrinityCore,dc55d9ed13f203941382c24c935b275b096e2ee1,Vincent-Michael,541725,"rename missing :P 2012_02_26_01_world_spell_script_names.sql -> 2012_02_27_00_world_spell_script_names.sql
",2012-02-27T20:10:59Z,2012-02-27T20:10:59Z
1015990,1,"+1 e000...  Lets play ping pong :)""",2012-02-27 06:23:28,SpaHost,TrinityCore,TrinityCore,d38bc3a17857c36a3ab871deac57b314987194bb,SpaHost,809053,"+1 e000...

Lets play ping pong :)
",2012-02-27T17:23:28Z,2012-02-27T17:23:28Z
1016553,1,"I love clean ups. It filters out all these copy&paste noobs :=)""",2012-02-27 08:13:39,Bizzy,TrinityCore,TrinityCore,d38bc3a17857c36a3ab871deac57b314987194bb,Bizzy,554244,"I love clean ups. It filters out all these copy&paste noobs :=)
",2012-02-27T19:13:39Z,2012-02-27T19:13:39Z
1010338,1,"interesting fix... ;) """,2012-02-24 18:30:37,Bootz,TrinityCore,TrinityCore,0f1bd50ae02cd79b6430a15fe5fb9390b13eb43d,Bootz,285313,"interesting fix... ;) 
",2012-02-25T05:30:37Z,2012-02-25T05:30:37Z
1010517,1,"rofl""",2012-02-24 22:18:32,Bootz,TrinityCore,TrinityCore,0f1bd50ae02cd79b6430a15fe5fb9390b13eb43d,Bootz,285313,"rofl
",2012-02-25T09:18:32Z,2012-02-25T09:18:32Z
1009280,1,"You didn't :) i was giving an explanation why it does not have comment and some code is commented out :)""",2012-02-24 09:18:53,Spp-,TrinityCore,TrinityCore,32eab3dca794cf0da17153349b9e76f3a49c7a0f,xurxogr,259712,"You didn't :) i was giving an explanation why it does not have comment and some code is commented out :)
",2012-02-24T20:18:53Z,2012-02-24T20:18:53Z
1008949,1,"Great, thank you.""",2012-02-24 07:33:31,TGM,TrinityCore,TrinityCore,a934abbbb7b6454983ec8e6ac5c34cc8382c87c0,TGM,584882,"Great, thank you.
",2012-02-24T18:33:31Z,2012-02-24T18:33:31Z
1009677,1,"*ROFL.. <3*  all i'm saying is a simple: """"thanks to everyone else that has worked on this part of project"""". would have sufficed, if credit naming is an issue.""",2012-02-24 11:37:13,Bootz,TrinityCore,TrinityCore,c4b6dc3a15ccf5eb3b28d453d65a1e0556188015,Bootz,285313,"_ROFL.. <3_

all i'm saying is a simple: ""thanks to everyone else that has worked on this part of project"".
would have sufficed, if credit naming is an issue.
",2012-02-24T22:37:13Z,2012-02-24T22:43:39Z
1009673,1,"^^ Credit Whore :)""",2012-02-24 11:36:16,SkyFire,TrinityCore,TrinityCore,c4b6dc3a15ccf5eb3b28d453d65a1e0556188015,SkyFire,32227,"^^ Credit Whore :)
",2012-02-24T22:36:16Z,2012-02-24T22:36:16Z
1010197,1,"alil late a dollar short, nay .... the moments passed... :D nice language btw... i got over it... so np <3 ;)""",2012-02-24 16:17:35,Bootz,TrinityCore,TrinityCore,c4b6dc3a15ccf5eb3b28d453d65a1e0556188015,Bootz,285313,"alil late a dollar short, nay .... the moments passed... :D
nice language btw...
i got over it... so np
<3 ;)
",2012-02-25T03:17:35Z,2012-02-25T03:19:48Z
1658746,1,"good job!""",2012-08-01 06:28:19,cooler-SAI,TrinityCore,TrinityCore,69bbe1fded8e2c74eb68e07fed463f8d20f283b2,cooler-SAI,812439,"good job!
",2012-08-01T18:28:19Z,2012-08-01T18:28:19Z
1674531,1,"beautifull.""",2012-08-05 21:23:12,cyberbrest,TrinityCore,TrinityCore,8cbfba255decdcfeff9227104c62552662abea0a,d7561985,148529,"beautifull.
",2012-08-06T09:23:12Z,2012-08-06T09:23:12Z
1674924,1,"and i meant that creatures with waypoint movement broke SMSG_UPDATE_OBJECT some time :D""",2012-08-05 23:24:51,Zakamurite,TrinityCore,TrinityCore,8cbfba255decdcfeff9227104c62552662abea0a,Zakamurite,489591,"and i meant that creatures with waypoint movement broke SMSG_UPDATE_OBJECT some time :D
",2012-08-06T11:24:51Z,2012-08-06T11:24:51Z
1648046,1,"Small error in name of file :p""",2012-07-30 05:42:22,Kinzcool,TrinityCore,TrinityCore,940f655a3c61c80e9823855df1fbc4630a698926,Kinzcool,1700544,"Small error in name of file :p
",2012-07-30T17:42:22Z,2012-07-30T17:42:22Z
1680305,1,"Very good.  thank you""",2012-08-06 23:30:13,cyberbrest,TrinityCore,TrinityCore,533517baabdfeec322caa096afc344c6fe71769e,d7561985,148529,"Very good.  thank you
",2012-08-07T11:30:13Z,2012-08-07T11:33:26Z
390328,2,"I posted this as a patch file several weeks ago on the issue tracker: https://github.com/TrinityCore/TrinityCore/issues/1188 Unfortunately the patch file could not be ported to the new tracker but how about credits for the original author... :(""",2011-05-18 22:37:02,TrinityCore,TrinityCore,TrinityCore,c4a0d47e0eef8440ee18f4abd9b02028425928cf,Pitcrawler,796262,"I posted this as a patch file several weeks ago on the issue tracker: https://github.com/TrinityCore/TrinityCore/issues/1188
Unfortunately the patch file could not be ported to the new tracker but how about credits for the original author... :(
",2011-05-19T10:37:02Z,2011-05-19T10:37:02Z
392131,2,"Deep Wounds damage still doesn't scale according to damage modfiers and/or doesn't stack right. That's another critical problem.""",2011-05-19 23:33:45,TrinityCore,TrinityCore,TrinityCore,c4a0d47e0eef8440ee18f4abd9b02028425928cf,Deepoblivion,798940,"Deep Wounds damage still doesn't scale according to damage modfiers and/or doesn't stack right. That's another critical problem.
",2011-05-20T11:33:45Z,2011-05-20T11:33:45Z
3987393,2,"poor guy""",2013-08-30 13:09:30,Takenbacon,TrinityCore,TrinityCore,44a317b71fd02cc6ee9ad48bc7d5328ae468db71,Takenbacon,922834,"poor guy
",2013-08-31T01:09:30Z,2013-08-31T01:09:30Z
3973573,2,"BURN HIM!!!""",2013-08-29 01:59:46,w1sht0l1v3,TrinityCore,TrinityCore,56886a8990a8441dbe9559988f872c0057855c87,w1sht0l1v3,1199041,"BURN HIM!!!
",2013-08-29T13:59:46Z,2013-08-29T13:59:46Z
3970204,2,"I think this will give 3 credits on the 1st 20 because the spell hits all of the creatures at the same time and the check is done almost at the same time. :(""",2013-08-28 18:13:55,untaught,TrinityCore,TrinityCore,48783b86067f8c2691ec5e5e94e5bbd788b9deb2,untaught,3070134,"I think this will give 3 credits on the 1st 20 because the spell hits all of the creatures at the same time and the check is done almost at the same time. :(
",2013-08-29T06:13:55Z,2013-08-29T06:13:55Z
3974117,2,"You threw eveything in the enumerator except for these, which you commented in a fugly way. Y U DO DIS""",2013-08-29 02:47:01,Discover-,TrinityCore,TrinityCore,48783b86067f8c2691ec5e5e94e5bbd788b9deb2,JasperAppec,875209,"You threw eveything in the enumerator except for these, which you commented in a fugly way. Y U DO DIS
",2013-08-29T14:47:01Z,2013-08-29T14:47:01Z
3945793,2,"I forgot proper comments... ugh... in next commit.""",2013-08-26 05:53:49,Kirkhammett,TrinityCore,TrinityCore,2d15acd63bb45748c01e823bd41a1bad02a37ddf,filipboev,1146940,"I forgot proper comments... ugh... in next commit.
",2013-08-26T17:53:49Z,2013-08-26T17:53:49Z
3889047,2,"Well, this is awkward.""",2013-08-18 23:30:33,Ascathor,TrinityCore,TrinityCore,0513d9c8d007eab717b1658a1d87a383caa27c9a,EgoSumThan,2123930,"Well, this is awkward.
",2013-08-19T11:30:33Z,2013-08-19T11:30:33Z
3831988,2,"@nelegalno, your script is bad""",2013-08-09 16:53:51,cooler-SAI,TrinityCore,TrinityCore,15696e29dde1ec7b223948d7eb064c4a98c4bb76,cooler-SAI,812439,"@nelegalno, your script is bad
",2013-08-10T04:53:51Z,2013-08-10T04:53:51Z
3741620,2,"I remember there was a comment somewhere on Trinity saying """"This can only happen if Celine Dion learns to sing"""". Too bad Shauren removed it :-1: """,2013-07-29 09:03:08,DDuarte,TrinityCore,TrinityCore,394b2c6845535c6305a7e9a35b630f59a3ffaaf7,DDuarte,530940,"I remember there was a comment somewhere on Trinity saying ""This can only happen if Celine Dion learns to sing"". Too bad Shauren removed it :-1: 
",2013-07-29T21:03:08Z,2013-07-29T21:03:08Z
3592278,2,"wtf""",2013-07-08 22:45:57,Dramacydal,TrinityCore,TrinityCore,17398a4043bced0f086b23e63644e290690ee7d7,Dramacydal,3624156,"wtf
",2013-07-09T10:45:57Z,2013-07-09T10:45:57Z
3537045,2,"Sorry.. this Bug that i mean, caused by commit https://github.com/TrinityCore/TrinityCore/commit/f3ec76faeb63009ddff357a93b61220fc6039f47""",2013-06-30 21:27:01,PortgasDAce,TrinityCore,TrinityCore,13208ff25706bf23b428a67452d1b5fa26c7ceec,Seyden,639817,"Sorry.. this Bug that i mean, caused by commit https://github.com/TrinityCore/TrinityCore/commit/f3ec76faeb63009ddff357a93b61220fc6039f47
",2013-07-01T09:27:01Z,2013-07-01T09:27:01Z
3506418,2,"BTW, there are issues with pathfinding even on smooth surfaces exists in some places in world. =( Edit: it seems problem with tile connections""",2013-06-25 19:59:04,vlad852,TrinityCore,TrinityCore,aa645683b8b25bfb35cb977678daf5c56c1531e6,vlad852,547426,"BTW, there are issues with pathfinding even on smooth surfaces exists in some places in world. =(
Edit: it seems problem with tile connections
",2013-06-26T07:59:04Z,2013-06-26T09:33:18Z
3416148,2,"Ups, my commit, my fault... just set up a new system...""",2013-06-13 01:00:46,Gacko,TrinityCore,TrinityCore,5a7d74ce8765e08a7d8203f4632027f793037200,Gacko,935479,"Ups, my commit, my fault... just set up a new system...
",2013-06-13T13:00:46Z,2013-06-13T13:00:46Z
3230162,2,"Oo. Strange, this trigger no one spawn in world...So sorry)""",2013-05-16 08:36:56,vlad852,TrinityCore,TrinityCore,cd8e6d12fd7648000ee8a2cbdb122a6d89e7080e,vlad852,547426,"Oo. Strange, this trigger no one spawn in world...So sorry)
",2013-05-16T20:36:56Z,2013-05-16T20:36:56Z
3007020,2,"I hate you both.""",2013-04-13 11:11:40,Kirkhammett,TrinityCore,TrinityCore,a1049abba0c76dcc082880e753b26f6c1988dc4d,filipboev,1146940,"I hate you both.
",2013-04-13T23:11:40Z,2013-04-13T23:11:40Z
2936090,2,"I'm the only one who can see some weird stuff at the end of this line? As in 2 extra chars after ;""",2013-04-03 02:26:03,w1sht0l1v3,TrinityCore,TrinityCore,ad38ecaf988ab13cad0bcb11868874f89c7f7765,w1sht0l1v3,1199041,"I'm the only one who can see some weird stuff at the end of this line?
As in 2 extra chars after ;
",2013-04-03T14:26:03Z,2013-04-03T14:26:57Z
2868401,2,"Looks like automatic conversion to me (also the original script author is an idiot)""",2013-03-24 00:50:59,Shauren,TrinityCore,TrinityCore,156fb824a437ea01b207cce37405bfa8a24624e5,Shauren,297439,"Looks like automatic conversion to me (also the original script author is an idiot)
",2013-03-24T11:50:59Z,2013-03-24T11:50:59Z
2798734,2,"Useless comment.""",2013-03-13 06:42:55,Shauren,TrinityCore,TrinityCore,2c169bcca51ca1b5cdbc73c9a4d402d46cdcfc15,Shauren,297439,"Useless comment.
",2013-03-13T17:42:55Z,2013-03-13T17:42:55Z
2789028,2,"Although I love warpten, I am sorry if I go to fast. code=trinity""",2013-03-12 05:46:48,superquintessencekaren,TrinityCore,TrinityCore,b684157695c438517217e990309876e0b5608dcb,superquintessencekaren,3800837,"Although I love warpten, I am sorry if I go to fast. code=trinity
",2013-03-12T16:46:48Z,2013-03-12T16:46:48Z
2636840,2,"That's not Engrish, just terrible spelling.""",2013-02-16 18:04:55,Paradox,TrinityCore,TrinityCore,6cfb5e13dc914fd4442891c460ffce5d36f8443f,Paradox,31777,"That's not Engrish, just terrible spelling.
",2013-02-17T05:04:55Z,2013-02-17T05:04:55Z
2591271,2,"That's too much coincidence...""",2013-02-08 16:28:19,DDuarte,TrinityCore,TrinityCore,ccc19366601afe6afad528308530e0811e7aa80d,DDuarte,530940,"That's too much coincidence...
",2013-02-09T03:28:19Z,2013-02-09T03:28:19Z
2547302,2,"Little typo in commit message: """"have been **taken** from retail"""".  P.S: Damn my bad english....""",2013-02-01 15:54:02,Kinzcool,TrinityCore,TrinityCore,2976f940037dc1f87deeab4f388388147356c55e,Kinzcool,1700544,"Little typo in commit message: ""have been **taken** from retail"".

P.S: Damn my bad english....
",2013-02-02T02:54:02Z,2013-02-02T03:02:20Z
2506876,2,"Bug Reported !!! and you fuckers say i don't do anything around here ... >.>  -Jason""",2013-01-26 15:50:11,kajuvra,TrinityCore,TrinityCore,10bd0adca16d3a021dd46d2139824752270d292e,kajuvra,539755,"Bug Reported !!! and you fuckers say i don't do anything around here ... >.>  -Jason
",2013-01-27T02:50:11Z,2013-01-27T02:50:11Z
2490659,2,"bad compilation  =/""",2013-01-23 19:16:41,Vamzle,TrinityCore,TrinityCore,fd967ba4c64a71221397523440f2a3da0a9ec5f3,Sworken,3225909,"bad compilation  =/
",2013-01-24T06:16:41Z,2013-01-24T06:16:41Z
2425472,2,"ops, fucking old sucks -.-""",2013-01-12 04:34:14,Vincent-Michael,TrinityCore,TrinityCore,cc5e40e8eeefdeadec567458ba0e0771ad8f1f6a,Vincent-Michael,541725,"ops, fucking old sucks -.-
",2013-01-12T15:34:14Z,2013-01-12T15:34:14Z
2399603,2,"'Tis not a man. 'Tis a remorseless committing machine.""",2013-01-08 01:58:13,Exodius,TrinityCore,TrinityCore,43d73bebd081f52b05f360886653ece9a17fb9c9,Exodius,817464,"'Tis not a man. 'Tis a remorseless committing machine.
",2013-01-08T12:58:13Z,2013-01-08T12:58:13Z
2352539,2,"Eh, srsly, now that fucking dash that I left space after is killing SSH. Enough core stuff from me, going to quest batches...""",2012-12-24 11:08:16,Trista,TrinityCore,TrinityCore,6189eeb8e639aeff6e722c28174a041a1048c7d4,s7an-it,816840,"Eh, srsly, now that fucking dash that I left space after is killing SSH. Enough core stuff from me, going to quest batches...
",2012-12-24T22:08:16Z,2012-12-24T22:08:16Z
2344839,2,"Damn... Maybe this is the reason why casting 71203 to all players on the map failed so hard...""",2012-12-21 02:12:04,Gacko,TrinityCore,TrinityCore,410586cf436fa0f44ea07c1dcf4d959be8712b93,Gacko,935479,"Damn... Maybe this is the reason why casting 71203 to all players on the map failed so hard...
",2012-12-21T13:12:04Z,2012-12-21T13:13:46Z
2250159,2,"awful engrish, """"dayliy""""""",2012-12-04 04:32:16,Shauren,TrinityCore,TrinityCore,2b3b124e0910c53daeaceacb280d51a298055b84,Shauren,297439,"awful engrish, ""dayliy""
",2012-12-04T15:32:16Z,2012-12-04T15:32:16Z
2250546,2,"i wouldnt complain about it. hate cata.""",2012-12-04 05:30:54,nirelz,TrinityCore,TrinityCore,02aae2858b477c6ed98497053625f270000a72c6,Snowie493,1365540,"i wouldnt complain about it. hate cata.
",2012-12-04T16:30:54Z,2012-12-04T16:30:54Z
2181958,2,"So much changes per commit is bad..Hidden issues can be...""",2012-11-20 04:49:54,vlad852,TrinityCore,TrinityCore,81606e5d1ea562b6842ff327fffb551aecd5a79c,vlad852,547426,"So much changes per commit is bad..Hidden issues can be...
",2012-11-20T15:49:54Z,2012-11-20T15:49:54Z
2120529,2,"Cannon spells bugged...""",2012-11-07 21:48:09,Expecto,TrinityCore,TrinityCore,704a563fcde577efd01363b1286b2502b31d3706,Expecto,961673,"Cannon spells bugged...
",2012-11-08T08:48:09Z,2012-11-08T08:48:09Z
2066990,2,"weird tabbing and bracketing here""",2012-10-29 03:08:21,tibbi,TrinityCore,TrinityCore,14027262eefa9299298a7b6a532781e48ca60651,tibbi,528931,"weird tabbing and bracketing here
",2012-10-29T14:08:21Z,2012-10-29T14:08:21Z
2034663,2,"Damn...""",2012-10-22 08:03:41,Subv,TrinityCore,TrinityCore,e475b50f587f5501a61eb9d39ba4f45dc2ff4b3e,Subv,357072,"Damn...
",2012-10-22T20:03:41Z,2012-10-22T20:03:41Z
1934716,2,"hmm weird it built right for me. trying again""",2012-10-02 03:52:23,kandera,TrinityCore,TrinityCore,0f85a1d4f33a1ff9bd99040fdf1195a09019c578,Star-lion,930757,"hmm weird it built right for me. trying again
",2012-10-02T15:52:23Z,2012-10-02T15:52:23Z
1897712,2,"@kandera  Spell #365 does not exist in 3.3.5a DBCs nor in spell_dbc. What did you do ? :(""",2012-09-24 08:13:12,Warpten,TrinityCore,TrinityCore,dc935ef8b14721fba81f9aff4c7190df8de5db09,Warpten,563936,"@kandera  Spell #365 does not exist in 3.3.5a DBCs nor in spell_dbc. What did you do ? :(
",2012-09-24T20:13:12Z,2012-09-24T20:13:12Z
1870203,2,"Why should be reverted? Give me a good reason... """,2012-09-18 02:30:35,Spp-,TrinityCore,TrinityCore,8c5f011e79c257c0b1bf8fb0013290bca0dd15c2,xurxogr,259712,"Why should be reverted? Give me a good reason... 
",2012-09-18T14:30:35Z,2012-09-18T14:30:35Z
1855717,2,"god i fail""",2012-09-14 02:44:53,kandera,TrinityCore,TrinityCore,5bd486712bb35083541bb8a82bdc3ef4f56f73dd,Star-lion,930757,"god i fail
",2012-09-14T14:44:53Z,2012-09-14T14:44:53Z
1805079,2,"That's... really weird I'll fix it later""",2012-09-04 00:56:09,DDuarte,TrinityCore,TrinityCore,0db5573d4de436cf14c9f6d113a28800fa278c2c,DDuarte,530940,"That's... really weird
I'll fix it later
",2012-09-04T12:56:09Z,2012-09-04T12:56:09Z
1739202,2,"i cant translate french :[""",2012-08-20 07:13:20,kandera,TrinityCore,TrinityCore,09192e23c14da9123cdd0d3d7e6c8c5bf9dc03c7,Star-lion,930757,"i cant translate french :[
",2012-08-20T19:13:20Z,2012-08-20T19:13:20Z
1578910,2,"why not convert in aura script :-(""",2012-07-13 05:15:55,Vincent-Michael,TrinityCore,TrinityCore,bf7ead977359024a45c3560a406ed509e2f2f425,Vincent-Michael,541725,"why not convert in aura script :-(
",2012-07-13T17:15:55Z,2012-07-13T17:15:55Z
1547038,2,"i cant log into the wiki :[ ive talked to kingpin about getting me access again""",2012-07-06 00:38:17,kandera,TrinityCore,TrinityCore,869ea349879f85f2246921569c3a02807e266479,Star-lion,930757,"i cant log into the wiki :[ ive talked to kingpin about getting me access again
",2012-07-06T12:38:17Z,2012-07-06T12:38:17Z
1483211,2,"We need basepoint cache/saving :-(""",2012-06-20 05:35:21,Vincent-Michael,TrinityCore,TrinityCore,2049a92fd3abb78e7f1e1209ef153687255f78ce,Vincent-Michael,541725,"We need basepoint cache/saving :-(
",2012-06-20T17:35:21Z,2012-06-20T17:35:29Z
1483085,2,"my bad -.-""",2012-06-20 05:10:45,Chipsi,TrinityCore,TrinityCore,35b444fdb8e1be43c261b23bbeb8a94cefada93a,FilipLukac,862354,"my bad -.-
",2012-06-20T17:10:45Z,2012-06-20T17:10:45Z
1463202,2,"Gridmonster fools us all !""",2012-06-15 01:22:29,Warpten,TrinityCore,TrinityCore,478de6298e4c2b1f1239cd545113b61127cf02d3,Warpten,563936,"Gridmonster fools us all !
",2012-06-15T13:22:29Z,2012-06-15T13:22:29Z
1460340,2,"@horn  i import the sql file, and restart the server, but RDB ported u to this instances :(""",2012-06-14 08:43:18,Betaman2k,TrinityCore,TrinityCore,e8f4eb28f5f975f7f11b73a643c1b88500b2f0e4,Betaman2k,205935,"@horn 
i import the sql file, and restart the server, but RDB ported u to this instances :(
",2012-06-14T20:43:18Z,2012-06-14T20:43:18Z
1452460,2,"but i fixed that :[""",2012-06-13 00:47:03,kandera,TrinityCore,TrinityCore,9fe66cafbef1eeae5e7da7dcb90ba5136a645e76,Star-lion,930757,"but i fixed that :[
",2012-06-13T12:47:03Z,2012-06-13T12:47:03Z
1397467,2,"@emblem doesn't seem to be defined! :(""",2012-05-30 18:56:45,Kretol,TrinityCore,TrinityCore,3f4fbf7c9bfa449607a4c7444095c5a52d6bd2f4,Kretol,916825,"@emblem doesn't seem to be defined! :(
",2012-05-31T06:56:45Z,2012-05-31T06:56:45Z
1389540,2,"one of the WORST looking codes I have ever encountered in oficial TC repository... blah""",2012-05-29 07:32:33,cezeta,TrinityCore,TrinityCore,2724a4ece8ec2e9f3593c96cefbb2e03fff722aa,cezeta,935314,"one of the WORST looking codes I have ever encountered in oficial TC repository... blah
",2012-05-29T19:32:33Z,2012-05-29T19:32:48Z
1373947,2,"damnit, I hate it when everyone is telling sth else, and i dont play on blizz...""",2012-05-24 09:00:51,tibbi,TrinityCore,TrinityCore,2849f21d20d53461813c0a2f66a5401f71adcbc9,tibbi,528931,"damnit, I hate it when everyone is telling sth else, and i dont play on blizz...
",2012-05-24T21:00:51Z,2012-05-24T21:00:51Z
1393221,2,"sometimes i miss things or i do bad math. it happens.""",2012-05-30 01:07:38,kandera,TrinityCore,TrinityCore,2849f21d20d53461813c0a2f66a5401f71adcbc9,Star-lion,930757,"sometimes i miss things or i do bad math. it happens.
",2012-05-30T13:07:38Z,2012-05-30T13:07:38Z
1351589,2,"Damn, you are right. Fixing...""",2012-05-19 08:01:12,DDuarte,TrinityCore,TrinityCore,da2c39d113176ef3bf835dbc151d1043c7ddee8e,DDuarte,530940,"Damn, you are right. Fixing...
",2012-05-19T20:01:12Z,2012-05-19T20:01:12Z
1337629,2,"i dont know :[. i only tested it for a few things.""",2012-05-16 00:44:00,kandera,TrinityCore,TrinityCore,c05c16a8dee97a485e0d6a4e73c750e1d140f227,Star-lion,930757,"i dont know :[. i only tested it for a few things.
",2012-05-16T12:44:00Z,2012-05-16T12:44:17Z
1334410,2,"its an example of what it fixes :[ theres more""",2012-05-15 06:38:35,kandera,TrinityCore,TrinityCore,648321e1212c3e2a002df0b4509f2b097a330153,Star-lion,930757,"its an example of what it fixes :[ theres more
",2012-05-15T18:38:35Z,2012-05-15T18:38:35Z
1306376,2,"Trending on dangerous grounds here... """,2012-05-08 05:37:56,Havenard,TrinityCore,TrinityCore,d2a33afc373e5c56a222a59a7ce7701864821dc8,Havenard,605966,"Trending on dangerous grounds here... 
",2012-05-08T17:37:56Z,2012-05-08T17:37:56Z
1296591,2,"Yeah, totally useless.""",2012-05-05 09:26:21,Warpten,TrinityCore,TrinityCore,58b05da8df4a0b330d55ccdd296730608b749490,Warpten,563936,"Yeah, totally useless.
",2012-05-05T21:26:21Z,2012-05-05T21:26:21Z
1209275,2,"fu my fail -.-""",2012-04-13 13:40:50,Vincent-Michael,TrinityCore,TrinityCore,c055a8617d4011395d7c2bfe39a8b475e65c5955,Vincent-Michael,541725,"fu my fail -.-
",2012-04-14T01:40:50Z,2012-04-14T01:40:50Z
1209660,2,"^ idiot""",2012-04-13 20:28:37,Discover-,TrinityCore,TrinityCore,c055a8617d4011395d7c2bfe39a8b475e65c5955,JasperAppec,875209,"^ idiot
",2012-04-14T08:28:37Z,2012-04-14T08:28:37Z
1198952,2,"i cant speel :[""",2012-04-11 06:46:45,kandera,TrinityCore,TrinityCore,6407582667f92018a57ff7607f5e353d9079d1fa,Star-lion,930757,"i cant speel :[
",2012-04-11T18:46:45Z,2012-04-11T18:46:45Z
1130305,2,"That shit took 2 days to find. I hate it with every inch of my body.""",2012-03-25 19:13:56,raczman,TrinityCore,TrinityCore,70ee37f3b4fef7e2e2859714f25d7a96887c0c23,raczman,79683,"That shit took 2 days to find. I hate it with every inch of my body.
",2012-03-26T07:13:56Z,2012-03-26T07:13:56Z
1132734,2,"Still the same on this revision - DB data are not loaded sorry ... Any idea?""",2012-03-26 02:58:15,Vasago,TrinityCore,TrinityCore,70ee37f3b4fef7e2e2859714f25d7a96887c0c23,Vasago,241543,"Still the same on this revision - DB data are not loaded sorry ... Any idea?
",2012-03-26T14:58:15Z,2012-03-26T14:58:15Z
1016976,2,"Blame on me for that...  Sorry >.<""",2012-02-27 10:03:57,Souler,TrinityCore,TrinityCore,dc55d9ed13f203941382c24c935b275b096e2ee1,Souler,284703,"Blame on me for that...

Sorry >.<
",2012-02-27T21:03:57Z,2012-02-27T21:03:57Z
1016187,2,"@kaelima It's not that. I'm just saying it's rude to randomly rename / remove public functions like that! """,2012-02-27 06:48:18,e000,TrinityCore,TrinityCore,d38bc3a17857c36a3ab871deac57b314987194bb,e000,495648,"@kaelima It's not that. I'm just saying it's rude to randomly rename / remove public functions like that! 
",2012-02-27T17:48:18Z,2012-02-27T17:48:18Z
1016679,2,"And... when i do weird search and replaces i use to add as comment what i've used to change it, so others can reproduce with custom code.""",2012-02-27 08:43:37,Spp-,TrinityCore,TrinityCore,d38bc3a17857c36a3ab871deac57b314987194bb,xurxogr,259712,"And... when i do weird search and replaces i use to add as comment what i've used to change it, so others can reproduce with custom code.
",2012-02-27T19:43:37Z,2012-02-27T19:43:37Z
1010451,2,"evil fix!""",2012-02-24 20:54:17,e000,TrinityCore,TrinityCore,0f1bd50ae02cd79b6430a15fe5fb9390b13eb43d,e000,495648,"evil fix!
",2012-02-25T07:54:17Z,2012-02-25T07:54:17Z
1000016,2,"Awww damn, my bad. I moved the define and didn't notice that it had the same name... I will fix it later today.""",2012-02-22 22:39:12,DDuarte,TrinityCore,TrinityCore,1fc122e5c6a5e009997326817cd52e49efce4c96,DDuarte,530940,"Awww damn, my bad. I moved the define and didn't notice that it had the same name... I will fix it later today.
",2012-02-23T09:39:12Z,2012-02-23T09:39:12Z
1012095,2,"is this already fixed? I can't find the fix in the repo :-(""",2012-02-25 23:09:15,cezeta,TrinityCore,TrinityCore,1fc122e5c6a5e009997326817cd52e49efce4c96,cezeta,935314,"is this already fixed? I can't find the fix in the repo :-(
",2012-02-26T10:09:15Z,2012-02-26T10:09:15Z
993400,2,"remove WorldObjectSpellTargetCheck:: in that line - it's redundant weird, vcpp didn't notify me about this""",2012-02-21 10:35:43,QAston,TrinityCore,TrinityCore,f09b5a6bea89da1b73a0beb05b977feba3285562,QAston,126822,"remove WorldObjectSpellTargetCheck:: in that line - it's redundant
weird, vcpp didn't notify me about this
",2012-02-21T21:35:43Z,2012-02-21T21:35:43Z
982461,2,"WTF on master branch ? i thought TC would never add it oO""",2012-02-19 01:57:08,Dreadii,TrinityCore,TrinityCore,8e3a4b956e8fcc3ec31240d847a7a630eaf2bba2,Dreadii,1367608,"WTF on master branch ? i thought TC would never add it oO
",2012-02-19T12:57:08Z,2012-02-19T12:57:08Z
981266,2,"Disrespecting devs by insulting them without any reason even when they are giving some tips .............,doesnt sounds nice to me.""",2012-02-18 05:51:03,Ze70R,TrinityCore,TrinityCore,c517806a23751dd92d6a064b7f721507f182bc75,Ze70R,797504,"Disrespecting devs by insulting them without any reason even when they are giving some tips .............,doesnt sounds nice to me.
",2012-02-18T16:51:03Z,2012-02-18T16:51:03Z
982457,2,"@Vincent-Michael  Two time you owned me, I'm so stupid ...""",2012-02-19 01:51:33,Sethi,TrinityCore,TrinityCore,c517806a23751dd92d6a064b7f721507f182bc75,Sethi,865813,"@Vincent-Michael  Two time you owned me, I'm so stupid ...
",2012-02-19T12:51:33Z,2012-02-19T12:52:00Z
930713,2,"Meh. blizzard are idiots.""",2012-02-03 04:49:04,Warpten,TrinityCore,TrinityCore,e602619912654ef0b97f02fa97aa7dbb537c2f89,Warpten,563936,"Meh. blizzard are idiots.
",2012-02-03T15:49:04Z,2012-02-03T15:49:04Z
890225,2,"q_q Forgot the new line at end of the file, sorry. Also, this was caused by my commit of converting flightmasters' EAI to SAI.""",2012-01-22 05:23:28,Discover-,TrinityCore,TrinityCore,6d7a64a5aa2ba459ff5f8bd3e4a30224ac360211,JasperAppec,875209,"q_q
Forgot the new line at end of the file, sorry.
Also, this was caused by my commit of converting flightmasters' EAI to SAI.
",2012-01-22T16:23:28Z,2012-01-22T16:23:28Z
877042,2,"is only* :(""",2012-01-17 18:08:34,kaelima,TrinityCore,TrinityCore,819da8af4df187f39061d1abbfe80414e5e1607c,kaelima,214721,"is only\* :(
",2012-01-18T05:08:34Z,2012-01-18T05:08:34Z
4201369,2,"If you kill him you can't finish anymore the quest, even if he respawns. I had to abandon the quest, accept it again, cast low rank spells to get his hp down without killing him and then I could complete the quest. Is this blizzlike ? quite annoying.""",2013-09-27 08:55:58,jackpoz,TrinityCore,TrinityCore,c1cf2db17f69663078de5ece6136a6a9e434bf09,jackpoz,1153754,"If you kill him you can't finish anymore the quest, even if he respawns. I had to abandon the quest, accept it again, cast low rank spells to get his hp down without killing him and then I could complete the quest. Is this blizzlike ? quite annoying.
",2013-09-27T20:55:58Z,2013-09-27T20:55:58Z
829733,2,"Thanks a bunch, working from a netbook is making me mad.""",2011-12-31 04:41:40,Anonimo17,TrinityCore,TrinityCore,8adac3f246188bba419a02d2126ef33eb3eb4fca,Anonimo17,703871,"Thanks a bunch, working from a netbook is making me mad.
",2011-12-31T15:41:40Z,2011-12-31T15:41:40Z
775281,2,"wtf??""",2011-12-06 22:42:44,Fredi,TrinityCore,TrinityCore,ea7ec9e7a6b6f677a458789e1ec80aadbd24ef24,fredimachado,29800,"wtf??
",2011-12-07T09:42:44Z,2011-12-07T09:42:44Z
751404,2,"Bring back the Stable tag! /argg""",2011-11-28 06:57:19,TGM,TrinityCore,TrinityCore,49b24070771493625fe3ada260b3ecf0aa2581ad,TGM,584882,"Bring back the Stable tag! /argg
",2011-11-28T17:57:19Z,2011-11-28T17:57:19Z
682901,2,"Bad commit name.. Of course this *prevents* people from gaining fishing skill when wielding fishing pole in offhand slot (titan grip)""",2011-10-29 01:09:01,kaelima,TrinityCore,TrinityCore,008329032210acab0227756d9f8f012b7559f2eb,kaelima,214721,"Bad commit name.. Of course this _prevents_ people from gaining fishing skill when wielding fishing pole in offhand slot (titan grip)
",2011-10-29T13:09:01Z,2011-10-29T13:10:47Z
721972,2,"bump ... bugged commit at least for Shield Slam its not the correct way ...""",2011-11-15 04:36:41,oMadMano,TrinityCore,TrinityCore,b268b51d0ef991b73c140a680aebca582fc10e00,oMadMano,867216,"bump ... bugged commit at least for Shield Slam its not the correct way ...
",2011-11-15T15:36:41Z,2011-11-15T15:36:41Z
660743,2,"IMO this is not a good change. Now it's unclear which condition is not true if the assertion fails.""",2011-10-18 22:16:53,Machiavell1,TrinityCore,TrinityCore,805e14a4633d12cdab3f4e2cc5acb1743b6878dc,Machiavell1,536397,"IMO this is not a good change. Now it's unclear which condition is not true if the assertion fails.
",2011-10-19T10:16:53Z,2011-10-19T10:16:53Z
642692,2,"http://paste2.org/p/1701727 Crashing like hell""",2011-10-10 12:17:52,Vasago,TrinityCore,TrinityCore,3569121d80d92a08ff64e6af0a79be95a8188634,Vasago,241543,"http://paste2.org/p/1701727 Crashing like hell
",2011-10-11T00:17:52Z,2011-10-11T00:17:52Z
638738,2,"That's why search/replace is a bad idea.""",2011-10-07 20:06:42,Warpten,TrinityCore,TrinityCore,5b4c7783c2a28e420cb4aaf4f2967083db8f6787,Warpten,563936,"That's why search/replace is a bad idea.
",2011-10-08T08:06:42Z,2011-10-08T08:06:42Z
638793,2,"there has someone deadly boredom...""",2011-10-07 21:30:09,WarHead,TrinityCore,TrinityCore,5b4c7783c2a28e420cb4aaf4f2967083db8f6787,WarHead,30747,"there has someone deadly boredom...
",2011-10-08T09:30:09Z,2011-10-08T09:30:09Z
638824,2,"In between all this useless bickering, someone of you could have already written a patch easily replacing Mainstanced with MapInstanced. But you prefer to argue here instead...""",2011-10-07 22:08:40,Machiavell1,TrinityCore,TrinityCore,5b4c7783c2a28e420cb4aaf4f2967083db8f6787,Machiavell1,536397,"In between all this useless bickering, someone of you could have already written a patch easily replacing Mainstanced with MapInstanced. But you prefer to argue here instead...
",2011-10-08T10:08:40Z,2011-10-08T10:08:40Z
639015,2,"Dude, ytdb sucks.""",2011-10-08 03:23:25,DDuarte,TrinityCore,TrinityCore,a886f1cfbdfc51ec419db8cc16166de365f15036,DDuarte,530940,"Dude, ytdb sucks.
",2011-10-08T15:23:25Z,2011-10-08T15:23:25Z
635240,2,"I dunno where can be problem :( I have in fog just cave part, but no the """"souls effect"""" around. I also think Spirits in Frozenmourne are bugged. In 1st Frostmourne had no spawns, in some of attempts attack instantly after teleport and sometime work perfect""",2011-10-06 06:11:34,Aristoo,TrinityCore,TrinityCore,fc9926a97e8f39194ab59c3ab7079e7afb3c8b61,Aristoo,798257,"I dunno where can be problem :( I have in fog just cave part, but no the ""souls effect"" around. I also think Spirits in Frozenmourne are bugged. In 1st Frostmourne had no spawns, in some of attempts attack instantly after teleport and sometime work perfect.
",2011-10-06T18:11:34Z,2011-10-06T18:12:11Z
637607,2,"Right... but you really sound stupid.""",2011-10-07 04:11:51,DDuarte,TrinityCore,TrinityCore,2ff1c28c4c3a4808f70e7e75833e5b354a3b1e34,DDuarte,530940,"Right... but you really sound stupid.
",2011-10-07T16:11:51Z,2011-10-07T16:11:51Z
624267,2,"Commoners need a major revamp, we are doing it totally wrong. This solution is enough (**for now**).""",2011-10-01 03:00:16,DDuarte,TrinityCore,TrinityCore,5dade066bd4345167da9b38a9b72666f0f74003a,DDuarte,530940,"Commoners need a major revamp, we are doing it totally wrong. This solution is enough (**for now**).
",2011-10-01T15:00:16Z,2011-10-01T15:00:16Z
626553,2,"moron how i here you steal go to scool so do not call me kid coz i can be your dady""",2011-10-03 01:52:18,Int007,TrinityCore,TrinityCore,2bff368792c02c353dfa4bb72e10bd3c7fac768d,Int007,934949,"moron how i here you steal go to scool so do not call me kid coz i can be your dady
",2011-10-03T13:52:18Z,2011-10-03T13:52:18Z
615186,2,"This is very old shit, which is not needed because of spellsystem changes in tc, but some scripts are using this and i have no time to correct those :(""",2011-09-27 08:06:43,QAston,TrinityCore,TrinityCore,5f043e62910e49df5dd2f251e09ebe77b93411b8,QAston,126822,"This is very old shit, which is not needed because of spellsystem changes in tc, but some scripts are using this and i have no time to correct those :(
",2011-09-27T20:06:43Z,2011-09-27T20:06:43Z
602222,2,"did i said, give it NOW!? or do nothing else just it, seriously... stop being a pessimist.""",2011-09-21 00:20:00,thechazas,TrinityCore,TrinityCore,8ce80db6e6787ecb967c36e84791042eef5ac5e0,kbinside,795523,"did i said, give it NOW!? or do nothing else just it, seriously... stop being a pessimist.
",2011-09-21T12:20:00Z,2011-09-21T12:20:00Z
572785,2,"Cause we want random people to make stupid comments.""",2011-09-06 08:12:40,leak,TrinityCore,TrinityCore,30fb856ea3aa5ca073e01d5258e2c6779401ba01,leak,530056,"Cause we want random people to make stupid comments.
",2011-09-06T20:12:40Z,2011-09-06T20:12:40Z
569222,2,"My internet is very bad now sorry maybe i could not try it now but tomorrow for sure if internet is on""",2011-09-04 12:49:32,Vasago,TrinityCore,TrinityCore,bbde479f4aab7473373471f7cb5c266e5d31d1f0,Vasago,241543,"My internet is very bad now sorry maybe i could not try it now but tomorrow for sure if internet is on
",2011-09-05T00:49:32Z,2011-09-05T00:49:32Z
557916,2,"i blame qaston""",2011-08-29 07:28:52,Shauren,TrinityCore,TrinityCore,4138b6e48e2cca171fecd709585dd3c047846074,Shauren,297439,"i blame qaston
",2011-08-29T19:28:52Z,2011-08-29T19:28:52Z
557898,2,"but but but! its your fault for leaving me alone with the keys to the repo!""",2011-08-29 07:19:09,KingPin,TrinityCore,TrinityCore,308c2c0550d1705e54671606154c40748b358939,KingPin,28669,"but but but! its your fault for leaving me alone with the keys to the repo!
",2011-08-29T19:19:09Z,2011-08-29T19:19:09Z
548996,2,"without working calendar in core-these dates will mislead the players. Since the date of the client are converted from DBC files :-( https://github.com/TrinityCore/TrinityCore/commits/calendar""",2011-08-23 23:05:35,SignFinder,TrinityCore,TrinityCore,1965616baa58c9d33f3ce02a21b9ffbfac7c8d75,SignFinder,299814,"without working calendar in core-these dates will mislead the players. Since the date of the client are converted from DBC files :-(
https://github.com/TrinityCore/TrinityCore/commits/calendar
",2011-08-24T11:05:35Z,2011-08-24T11:05:35Z
549045,2,"Stop bothering. Aokromes is right about 1st sunday of the month  if calendar ingame is related to DBC, then it's simply wrong implementation. If you are so skilled, fix whole calendar...""",2011-08-23 23:46:38,Lopin,TrinityCore,TrinityCore,1965616baa58c9d33f3ce02a21b9ffbfac7c8d75,Lopin,554214,"Stop bothering. Aokromes is right about 1st sunday of the month

if calendar ingame is related to DBC, then it's simply wrong implementation. If you are so skilled, fix whole calendar...
",2011-08-24T11:46:38Z,2011-08-24T11:46:38Z
541498,2,"it was really useless here""",2011-08-19 08:16:54,tobmaps,TrinityCore,TrinityCore,e1e91bacbe08f1f4042ee07b93c7929f9479ac35,tobmaps,541428,"it was really useless here
",2011-08-19T20:16:54Z,2011-08-19T20:16:54Z
590008,2,"Is not working for me =/ Pet hits the ennemy and my warlock is not in combat =/""",2011-09-14 11:05:52,Larya,TrinityCore,TrinityCore,1bbab51284d7517a2505eb15004779749726746f,Larya,800637,"Is not working for me =/
Pet hits the ennemy and my warlock is not in combat =/
",2011-09-14T23:05:52Z,2011-09-14T23:05:52Z
531761,2,"@int007 you are an idiot. removing that line doesn't leave anything undefined. Go learn C++ and come back when you learn the difference between defining a variable and passing it to another function.""",2011-08-15 01:03:38,Paradox,TrinityCore,TrinityCore,bac78de2034d0bfd0da7f7e9c00e833ef44eb5e8,Paradox,31777,"@int007 you are an idiot. removing that line doesn't leave anything undefined. Go learn C++ and come back when you learn the difference between defining a variable and passing it to another function.
",2011-08-15T13:03:38Z,2011-08-15T13:03:38Z
517051,2,"Holy crap.""",2011-08-06 04:42:42,Warpten,TrinityCore,TrinityCore,548f8ba095872a9b43abfbebaa5ef201ed5b4215,Warpten,563936,"Holy crap.
",2011-08-06T16:42:42Z,2011-08-06T16:42:42Z
515108,2,"ugh again... credit whores""",2011-08-04 23:02:44,Shauren,TrinityCore,TrinityCore,76fe596160e31d0c321432962beedeb4231873c9,Shauren,297439,"ugh again... credit whores
",2011-08-05T11:02:44Z,2011-08-05T11:02:44Z
507600,2,"Why dont you try to compile your own code before committing it? Together with the missing commit tags, your work looks not that nice, sry.  Oh, and wb :-/""",2011-08-01 18:15:52,Micha2903,TrinityCore,TrinityCore,28d541fed3bec37f899e3639e7935f84dbd60749,Micha2903,555679,"Why dont you try to compile your own code before committing it? Together with the missing commit tags, your work looks not that nice, sry.

Oh, and wb :-/
",2011-08-02T06:15:52Z,2011-08-02T10:35:23Z
505957,2,"will be useless in cata"""" Your comment is pretty useless too.""",2011-07-31 23:44:32,DDuarte,TrinityCore,TrinityCore,d32b59fee72133c4da7a7bb444d809438f19c697,DDuarte,530940,"""will be useless in cata""
Your comment is pretty useless too.
",2011-08-01T11:44:32Z,2011-08-01T11:44:41Z
480135,2,"I think this is fix for invisible buffs like Ice Block, but it doesnt fix it :-/""",2011-07-15 10:05:24,filo,TrinityCore,TrinityCore,5f565709cf3b8d05734ea82506ad670cde74f20e,filo,63671,"I think this is fix for invisible buffs like Ice Block, but it doesnt fix it :-/
",2011-07-15T22:05:24Z,2011-07-15T22:05:24Z
458353,2,"<pre>I wont release those or give you my scripts they are private</pre> Then STFU. (sorry for being rude but this is the opposite of the TC spirit)""",2011-07-02 00:20:22,Warpten,TrinityCore,TrinityCore,65a40a5437eeb43897923ed44122d480d98da2af,Warpten,563936,"<pre>I wont release those or give you my scripts they are private</pre>

Then STFU. (sorry for being rude but this is the opposite of the TC spirit)
",2011-07-02T12:20:22Z,2011-07-02T12:20:22Z
447648,2,"weird, when I tried last time, it feared all npcs around me...""",2011-06-24 22:33:52,Lopin,TrinityCore,TrinityCore,6bda92ac15afca83561c50dc790af7bd7ee4058f,Lopin,554214,"weird, when I tried last time, it feared all npcs around me...
",2011-06-25T10:33:52Z,2011-06-25T10:33:52Z
444628,2,"These were 4 separate commits, git rebase (with tortoise git) crashed for me, so i had to merge them into one :(""",2011-06-22 23:30:10,QAston,TrinityCore,TrinityCore,3137a82c7cedb71f4a8ef06cb2d6e5741af65c9b,QAston,126822,"These were 4 separate commits, git rebase (with tortoise git) crashed for me, so i had to merge them into one :(
",2011-06-23T11:30:10Z,2011-06-23T11:31:09Z
443807,2,"sorry to say but still crashes when making new char.  http://pastebin.com/2mx4dmCu""",2011-06-22 08:42:50,jobbais,TrinityCore,TrinityCore,2b3ee302f7168771222b1ba55741c336ce7b13ac,jobbais,601862,"sorry to say but still crashes when making new char.

http://pastebin.com/2mx4dmCu
",2011-06-22T20:42:50Z,2011-06-22T20:42:50Z
443864,2,"Still crashing like hell http://pastebin.com/KkUUK0K9""",2011-06-22 09:24:09,Vasago,TrinityCore,TrinityCore,2b3ee302f7168771222b1ba55741c336ce7b13ac,Vasago,241543,"Still crashing like hell http://pastebin.com/KkUUK0K9
",2011-06-22T21:24:09Z,2011-06-22T21:24:09Z
408154,2,"Still nothing happend to this kinda percent heal #1756 :((""",2011-05-31 05:25:45,mory,TrinityCore,TrinityCore,d9acafc2cc0425a73547c5d980466b7dc4820667,mory,819280,"Still nothing happend to this kinda percent heal #1756 :((
",2011-05-31T17:25:45Z,2011-05-31T17:25:45Z
411270,2,"Can't you just revert this and take off all the bugs caused by this? It's insane.. :s""",2011-06-01 23:14:06,Discover--,TrinityCore,TrinityCore,42a20f14efd4ceede6839d7baa5ab268a06b49d4,Wattiqelumes,767667,"Can't you just revert this and take off all the bugs caused by this? It's insane.. :s
",2011-06-02T11:14:06Z,2011-06-02T11:14:06Z
385130,2,"quest one :/""",2011-05-15 23:15:04,tobmaps,TrinityCore,TrinityCore,a2ee751a6cc607adde02dd3dac9ce93190e2dee9,tobmaps,541428,"quest one :/
",2011-05-16T11:15:04Z,2011-05-16T11:15:04Z
382300,2,"not a leak, but a huge waste""",2011-05-12 23:22:36,Shauren,TrinityCore,TrinityCore,45f7aa1fd6dc99d7f4b1525fe38821320a4b368e,Shauren,297439,"not a leak, but a huge waste
",2011-05-13T11:22:36Z,2011-05-13T11:22:36Z
382348,2,"dont ask me whose stupid idea this was""",2011-05-13 00:30:04,Shauren,TrinityCore,TrinityCore,45f7aa1fd6dc99d7f4b1525fe38821320a4b368e,Shauren,297439,"dont ask me whose stupid idea this was
",2011-05-13T12:30:04Z,2011-05-13T12:30:04Z
365837,2,"where is my avatar ? :(""",2011-05-02 08:09:40,tobmaps,TrinityCore,TrinityCore,ba578f6cfeb8fab2296f788006bbf8f2293494f8,tobmaps,541428,"where is my avatar ? :(
",2011-05-02T20:09:40Z,2011-05-02T20:09:40Z
356356,2,"yes :-( I know, just saying that while it is broken, there should be other way to fix it (although I don't know how)""",2011-04-25 07:52:07,Tassader,TrinityCore,TrinityCore,ee50bcfccd4884777f9eccd9a3d7b6f5bb781ebe,Tassader,55621,"yes :-( I know, just saying that while it is broken, there should be other way to fix it (although I don't know how)
",2011-04-25T19:52:07Z,2011-04-25T19:52:07Z
261232,2,"when i entered last time on pit of saron, Scourgelord Tyrannus cant be attacked but attack other players..:|""",2011-02-04 05:15:03,devil1234,TrinityCore,TrinityCore,496a47c09356b7b7bf866805626379f495d3a994,devil1234,541495,"when i entered last time on pit of saron, Scourgelord Tyrannus cant be attacked but attack other players..:|
",2011-02-04T16:15:03Z,2011-02-04T16:15:03Z
257524,2,"i only fixed an obviously broken script, not debated its blizzlikeness""",2011-02-01 05:44:54,Shauren,TrinityCore,TrinityCore,82b7f302718dc3e339c90da970a1a760fcb2431a,Shauren,297439,"i only fixed an obviously broken script, not debated its blizzlikeness
",2011-02-01T16:44:54Z,2011-02-01T16:44:54Z
253004,2,"i keep getting segmentation fault o.0 wtf is causing that??""",2011-01-27 04:21:08,Persephone,TrinityCore,TrinityCore,41d0c5571a3a4f96bb9c99a984f163b0d2013098,VincentVanclef,541084,"i keep getting segmentation fault
o.0
wtf is causing that??
",2011-01-27T15:21:08Z,2011-01-27T15:21:08Z
248870,2,"AH sorry there was a mistake :-( this SQL should be correct ... it does remove some of the dupes, but not all of them: SELECT * FROM character_inventory ci LEFT JOIN item_instance ii ON ci.item=ii.guid WHERE ii.guid IS NULL; and  DELETE ci FROM charact""",2011-01-23 15:34:49,Tassader,TrinityCore,TrinityCore,920b3b0b37a572f91a7015b09e0575b29b68fd55,Tassader,55621,"AH sorry there was a mistake :-(
this SQL should be correct ... it does remove some of the dupes, but not all of them:
SELECT \* FROM character_inventory ci LEFT JOIN item_instance ii ON ci.item=ii.guid WHERE ii.guid IS NULL;
and 
DELETE ci FROM character_inventory ci LEFT JOIN item_instance ii ON ci.item=ii.guid WHERE ii.guid IS NULL;

yes you must clean dupes from character_inventory otherwise 2011_01_22_1_characters_character_inventory.sql will fail to apply
",2011-01-24T02:34:49Z,2011-01-24T02:52:55Z
3386993,2,"Disenchanting is broken on 4.3.4 :(""",2013-06-09 15:40:06,digz6666,TrinityCore,TrinityCore,69469d52956dc8cf38c3b9827be087232f361009,digz6666,1736110,"Disenchanting is broken on 4.3.4 :(
",2013-06-10T03:40:06Z,2013-06-10T03:40:06Z
1733839,2,"WTF???? OMG (((""",2012-08-18 19:59:53,cyberbrest,TrinityCore,TrinityCore,6c14a51fe4e44c0ef3eedeba655fa854a8469bfa,d7561985,148529,"WTF???? OMG (((
",2012-08-19T07:59:53Z,2012-08-19T07:59:53Z
1734743,2,"it's just joke. sorry if i hurt u.""",2012-08-19 09:10:41,cyberbrest,TrinityCore,TrinityCore,6c14a51fe4e44c0ef3eedeba655fa854a8469bfa,d7561985,148529,"it's just joke. sorry if i hurt u.
",2012-08-19T21:10:41Z,2012-08-19T21:10:41Z
1734765,2,"You did, I don't want to live on this planet anymore :(""",2012-08-19 09:30:09,DDuarte,TrinityCore,TrinityCore,6c14a51fe4e44c0ef3eedeba655fa854a8469bfa,DDuarte,530940,"You did, I don't want to live on this planet anymore :(
",2012-08-19T21:30:09Z,2012-08-19T21:38:22Z
1775171,2,"They told me copy-paste is evil. Now I know why.  Fixing.""",2012-08-28 01:05:26,DDuarte,TrinityCore,TrinityCore,974310ffe6a4ea75fa474cb146be6b5cf66c7f9c,DDuarte,530940,"They told me copy-paste is evil. Now I know why.

Fixing.
",2012-08-28T13:05:26Z,2012-08-28T13:05:26Z
1781573,2,"Damn it, another typo :/""",2012-08-29 00:52:31,DDuarte,TrinityCore,TrinityCore,49532cd220df08affcbc7faff0b538ca2837144d,DDuarte,530940,"Damn it, another typo :/
",2012-08-29T12:52:31Z,2012-08-29T12:52:31Z
2069284,2,"Sadly =( Thanks for answer)""",2012-10-29 09:11:46,vlad852,TrinityCore,TrinityCore,b2cb0d62ba73122a599ca73a81d288415c59aa47,vlad852,547426,"Sadly =(
Thanks for answer)
",2012-10-29T20:11:46Z,2012-10-29T20:11:46Z
2136478,2,"Really weird ... I still don't have this problem ...""",2012-11-11 21:01:39,Tuxity,TrinityCore,TrinityCore,d3b12738a75607fced3d1da73741b479fc6fe6de,tuxity,31608,"Really weird ... I still don't have this problem ...
",2012-11-12T08:01:39Z,2012-11-12T08:01:39Z
2285083,2,"This is somewhat retarded in arenas to have all players show up as your teammates in the data log if they are the same faction you are. Just sayin. But Subv is right, i missed the TEAM_ALLIANCE change :|""",2012-12-10 12:36:55,Warpten,TrinityCore,TrinityCore,e6c763f4337cfe4ab673bb17b6d0c24c9dae1c60,Warpten,563936,"This is somewhat retarded in arenas to have all players show up as your teammates in the data log if they are the same faction you are. Just sayin. But Subv is right, i missed the TEAM_ALLIANCE change :|
",2012-12-10T23:36:55Z,2012-12-10T23:37:13Z
2345511,2,"i tested your update and i can talk that more players with pvp gear have problem that they dont doing any damage or really small damage to player and crit bonus damage with ressilence is too bad.""",2012-12-21 04:34:48,Rad3k,TrinityCore,TrinityCore,9b2d7448476bb7b60b6cc1a956f665a5e757b9fb,Rad3k,746669,"i tested your update and i can talk that more players with pvp gear have problem that they dont doing any damage or really small damage to player and crit bonus damage with ressilence is too bad.
",2012-12-21T15:34:48Z,2012-12-21T15:34:48Z
2344197,2,"btw the update made it more worse :S , now normal attacks without resillence armor is causing miss miss and resillence bug is same too.""",2012-12-20 23:18:15,Remix99,TrinityCore,TrinityCore,a06a57a6c1f911d642dbbf499e70aa58990ba22c,Remix99,1176765,"btw the update made it more worse :S , now normal attacks without resillence armor is causing miss miss
and resillence bug is same too.
",2012-12-21T10:18:15Z,2012-12-21T10:18:15Z
2348546,2,"no only season 11 no pvp damage gems and its weird on linux the damage is atleast working (lower dmg but its working) but on windows its just keep missing each attack for me :/""",2012-12-22 00:58:46,Remix99,TrinityCore,TrinityCore,b5a3947a805c9ca9eca1150aa7a935c2611d742a,Remix99,1176765,"no only season 11 no pvp damage gems and its weird on linux the damage is atleast working (lower dmg but its working) but on windows its just keep missing each attack for me :/
",2012-12-22T11:58:46Z,2012-12-22T11:59:06Z
2412541,2,"I'm tired of this sh*t please don't touch it again !""",2013-01-09 22:05:49,Tuxity,TrinityCore,TrinityCore,d754ca16fb32a84f27ab02190015a34c985d336f,tuxity,31608,"I'm tired of this sh*t please don't touch it again !
",2013-01-10T09:05:49Z,2013-01-10T09:05:49Z
2413764,2,"Fuuuu ! copy paste fail :'(""",2013-01-10 02:24:33,Tuxity,TrinityCore,TrinityCore,2f48fe7cf1b2a9ac00bff2e9694b52764f2c62c4,tuxity,31608,"Fuuuu ! copy paste fail :'(
",2013-01-10T13:24:33Z,2013-01-10T13:24:33Z
2425544,2,"This is weird. Seems Shauren was right. But how the Hell do I have a 76 fields dbc on my local? :/""",2013-01-12 05:22:20,Therzok,TrinityCore,TrinityCore,95fba877fedaf833e74200a1cf537eb48aef2bc6,Therzok,109974,"This is weird. Seems Shauren was right. But how the Hell do I have a 76 fields dbc on my local? :/
",2013-01-12T16:22:20Z,2013-01-12T16:22:20Z
451568,2,"Sorry, my fail https://github.com/Imprtat/TrinityCore/commit/b8e1a70764cc4a9c84c7b10490f22846bd745416 """,2011-06-28 02:28:56,Imprtat,TrinityCore,TrinityCore,697315a62a0616086b94e77dd1fbb6d6e3d8f4e6,vitaliimos,241430,"Sorry, my fail
https://github.com/Imprtat/TrinityCore/commit/b8e1a70764cc4a9c84c7b10490f22846bd745416 
",2011-06-28T14:28:56Z,2011-06-28T14:28:56Z
452276,2,"u make me crazy hehe Wintergrasp_spawning.sql  <<<<< sql errors http://paste2.org/p/1493703  world_WinterGrasp.sql  <<<< 100 % import no errors """,2011-06-28 08:05:40,Betaman2k,TrinityCore,TrinityCore,7a70cc363483ef2ab3a2b39ac21e3e4cdd24c554,Betaman2k,205935,"u make me crazy hehe
Wintergrasp_spawning.sql  <<<<< sql errors
http://paste2.org/p/1493703

world_WinterGrasp.sql  <<<< 100 % import no errors
",2011-06-28T20:05:40Z,2011-06-28T20:05:59Z
3047886,2,"Will probably revert this, has some bad side effects""",2013-04-19 03:35:58,Shocker,TrinityCore,TrinityCore,7e17679ada81ee349cb557cb7b5c6aa13f01a759,Shocker,511388,"Will probably revert this, has some bad side effects
",2013-04-19T15:35:58Z,2013-04-19T15:35:58Z
4149642,2,"We have a bug invasion for quests like this - spell hit this npc and it will give you a credit.""",2013-09-21 16:39:18,untaught,TrinityCore,TrinityCore,56b3e52f067f5f5d671559e6f8ce28506afce635,untaught,3070134,"We have a bug invasion for quests like this - spell hit this npc and it will give you a credit.
",2013-09-22T04:39:18Z,2013-09-22T04:39:18Z
3664444,2,"WTF ?????""",2013-07-18 02:10:22,Sar777,TrinityCore,TrinityCore,0b94293dba4a3fa202ec1fe24f16f76d0aef7496,Sar777,320567,"WTF ?????
",2013-07-18T14:10:22Z,2013-07-18T14:10:22Z
3204833,2,"@MaxWayt Indeed he did, he sucks!""",2013-05-13 16:20:16,Subv,TrinityCore,TrinityCore,64f0e99958dadecdec19fba5f33c4a0c40149eb2,Subv,357072,"@MaxWayt Indeed he did, he sucks!
",2013-05-14T04:20:16Z,2013-05-14T04:20:16Z
3511782,2,"Yes, it's my mistake, sorry :S""",2013-06-26 06:47:45,Dekadencee,TrinityCore,TrinityCore,e74c0e9f006b573a8fced88702c2350371597db5,Dekadencee,965653,"Yes, it's my mistake, sorry :S
",2013-06-26T18:47:45Z,2013-06-26T18:47:45Z
4093504,1,"I <3 you Kirk. Now I just have to let Machi down easy. Seriously dude, some really amazing work you have been pumping out.""",2013-09-14 01:04:37,runningnak3d,TrinityCore,TrinityCore,042df135067b9f18d4ffe0e54ff54f31ee45dd10,runningnak3d,387830,"I <3 you Kirk. Now I just have to let Machi down easy. Seriously dude, some really amazing work you have been pumping out.
",2013-09-14T13:04:37Z,2013-09-14T13:04:37Z
4093982,1,"Nop,vehicles didn't behave this erratic before Machi and Shauren started poking in the code :) """,2013-09-14 04:39:57,w1sht0l1v3,TrinityCore,TrinityCore,042df135067b9f18d4ffe0e54ff54f31ee45dd10,w1sht0l1v3,1199041,"Nop,vehicles didn't behave this erratic before Machi and Shauren started poking in the code :) 
",2013-09-14T16:39:57Z,2013-09-14T16:39:57Z
4068590,1,"I'm so glad you gave detailed information about this update.""",2013-09-11 06:00:30,Easelm,TrinityCore,TrinityCore,6d3ebe925f79bf59777dd98c9c45ba50b0c182c3,Easelm,682155,"I'm so glad you gave detailed information about this update.
",2013-09-11T18:00:30Z,2013-09-11T18:00:30Z
4058237,1,"Great, now it will have a bad visual on the channel spell. It should always have an invisible model.""",2013-09-10 06:10:56,Kirkhammett,TrinityCore,TrinityCore,a5bcab16a90e57ad786ba5331fb8fb0d490ed0e5,filipboev,1146940,"Great, now it will have a bad visual on the channel spell. It should always have an invisible model.
",2013-09-10T18:10:56Z,2013-09-10T18:10:56Z
4038633,1,"Not by me :P i only diffed the fix they are from MitchesD  :)""",2013-09-07 05:03:51,Aokromes,TrinityCore,TrinityCore,00f3e423a523ab306ca183f6500c56c19518ea7c,Aokromes,539374,"Not by me :P i only diffed the fix they are from MitchesD  :)
",2013-09-07T17:03:51Z,2013-09-07T17:03:51Z
3986817,1,"Best commit. ever.""",2013-08-30 10:27:23,Ciclop,TrinityCore,TrinityCore,44a317b71fd02cc6ee9ad48bc7d5328ae468db71,fdns,541748,"Best commit.
ever.
",2013-08-30T22:27:23Z,2013-08-30T22:27:23Z
3987565,1,"That was well worth reading every comment. Thanks for making my day, that was great.""",2013-08-30 15:13:06,Takenbacon,TrinityCore,TrinityCore,44a317b71fd02cc6ee9ad48bc7d5328ae468db71,Takenbacon,922834,"That was well worth reading every comment. Thanks for making my day, that was great.
",2013-08-31T03:13:06Z,2013-08-31T03:13:06Z
3973189,1,"Beautiful find dude. W00T let the horsie ride!""",2013-08-29 01:22:20,runningnak3d,TrinityCore,TrinityCore,c84f545708656a3448d9e69af626a20144d00e30,runningnak3d,387830,"Beautiful find dude. W00T let the horsie ride!
",2013-08-29T13:22:20Z,2013-08-29T13:22:20Z
3985772,1,"@runningnak3d -- True story! :D""",2013-08-30 07:46:56,oTibia,TrinityCore,TrinityCore,c84f545708656a3448d9e69af626a20144d00e30,Zawodowiec1532,540256,"@runningnak3d -- True story! :D
",2013-08-30T19:46:56Z,2013-08-30T19:46:56Z
3957219,1,"Much appreciated.""",2013-08-27 09:32:13,Kirkhammett,TrinityCore,TrinityCore,a5ed6f6e20235df655fa5669dbc6007af555e328,filipboev,1146940,"Much appreciated.
",2013-08-27T21:32:13Z,2013-08-27T21:32:13Z
3939437,1,"Keep up the great work :+1: """,2013-08-25 06:42:19,untaught,TrinityCore,TrinityCore,eeb2102d5f5f469e9cdc9cbdb99e83455eaf97e2,untaught,3070134,"Keep up the great work :+1: 
",2013-08-25T18:42:19Z,2013-08-25T18:42:19Z
3939471,1,"And thank YOU for the heads up :)""",2013-08-25 06:51:21,Kirkhammett,TrinityCore,TrinityCore,eeb2102d5f5f469e9cdc9cbdb99e83455eaf97e2,filipboev,1146940,"And thank YOU for the heads up :)
",2013-08-25T18:51:21Z,2013-08-25T18:51:21Z
3838760,1,"@Vincent-Michael You're the best!""",2013-08-11 23:12:05,digz6666,TrinityCore,TrinityCore,147c7d5243aa6282581389053ba39eb833bb4a0a,digz6666,1736110,"@Vincent-Michael You're the best!
",2013-08-12T11:12:05Z,2013-08-12T11:12:05Z
3844782,1,"Now this one would be perfect :) https://github.com/TrinityCore/TrinityCore/issues/493""",2013-08-12 11:52:33,Vasago,TrinityCore,TrinityCore,147c7d5243aa6282581389053ba39eb833bb4a0a,Vasago,241543,"Now this one would be perfect :) https://github.com/TrinityCore/TrinityCore/issues/493
",2013-08-12T23:52:33Z,2013-08-12T23:52:33Z
3816508,1,"Nice work untaught ;)""",2013-08-07 23:52:45,alein,TrinityCore,TrinityCore,3ebcab3360f8212c6b74b53d5887f4731a5a1f3c,peycho,170853,"Nice work untaught ;)
",2013-08-08T11:52:45Z,2013-08-08T11:52:45Z
3806656,1,"Nice one, I like it a lot. :)""",2013-08-06 23:29:06,Discover-,TrinityCore,TrinityCore,33f8c3ead4da07ff024a94b5e8cf0d05c2ebc23a,JasperAppec,875209,"Nice one, I like it a lot. :)
",2013-08-07T11:29:06Z,2013-08-07T11:29:06Z
3803389,1,"Actually its similar to Serbian / Macedonian and it means """"Bravo. master"""" same as Exodius said. Anyways great job, thanks!""",2013-08-06 12:39:11,JunkyBulgaria,TrinityCore,TrinityCore,c8bfb9cf4df450497263d94869880db6eb7f3c73,FALL1N1,1922208,"Actually its similar to Serbian / Macedonian and it means ""Bravo. master"" same as Exodius said.
Anyways great job, thanks!
",2013-08-07T00:39:11Z,2013-08-07T00:39:11Z
3807240,1,"Lmao""",2013-08-07 00:51:19,SnakeIceBr,TrinityCore,TrinityCore,75b4b0594f34fb29318ae78725178c54486cf135,SnakeIceBr,5034816,"Lmao
",2013-08-07T12:51:19Z,2013-08-07T12:51:19Z
3703943,1,"glad to see that you accept invitation to TC team and community ;) congrat to you man.""",2013-07-23 20:31:38,2010phenix,TrinityCore,TrinityCore,a522be81081dff341528969c799b526340294bc2,2010phenix,544663,"glad to see that you accept invitation to TC team and community ;)
congrat to you man.
",2013-07-24T08:31:38Z,2013-07-24T08:31:38Z
3630350,1,"It's as I said for cata. I'm 100% positive, especially for 4.3.""",2013-07-14 06:01:17,Nami-Doc,TrinityCore,TrinityCore,cd3a7f4175d2224dae978f89bfe105ab18e82d42,vendethiel,199499,"It's as I said for cata. I'm 100% positive, especially for 4.3.
",2013-07-14T18:01:17Z,2013-07-14T18:01:17Z
3573171,1,"Yay for improving consistency, +1""",2013-07-05 02:30:16,Krogonos,TrinityCore,TrinityCore,b4d4e04f53b447a7b6cfba1c7161d9c987260265,Krogonos,2513997,"Yay for improving consistency, +1
",2013-07-05T14:30:16Z,2013-07-05T14:30:16Z
3485815,1,"Nice to see that somebody is working on this boss :+1: """,2013-06-23 09:12:54,FireEmerald,TrinityCore,TrinityCore,1a576fa7b2b4e37471e9b6e9185690a85be76557,FireEmerald,1107939,"Nice to see that somebody is working on this boss :+1: 
",2013-06-23T21:12:54Z,2013-06-23T21:12:54Z
3486086,1,"Love that you are going over some of the old instances, keep up the good work! :+1:""",2013-06-23 11:52:50,thomas007788,TrinityCore,TrinityCore,1a576fa7b2b4e37471e9b6e9185690a85be76557,Nefarion,542084,"Love that you are going over some of the old instances, keep up the good work! :+1:
",2013-06-23T23:52:50Z,2013-06-23T23:52:50Z
3467549,1,":cake: changes like that are great""",2013-06-20 01:38:13,Nami-Doc,TrinityCore,TrinityCore,f3ec76faeb63009ddff357a93b61220fc6039f47,vendethiel,199499,":cake: changes like that are great
",2013-06-20T13:38:13Z,2013-06-20T13:38:23Z
3425725,1,"nice work! I suggest that the new version be posted as a simple tutorial on whatever TC wiki page exists for writing scripts, with the related sql statement to assign the script in the db  :)""",2013-06-14 02:09:38,baric,TrinityCore,TrinityCore,8031aa4d40cae61c64477492c396d92b911d65b5,baric,2583860,"nice work! I suggest that the new version be posted as a simple tutorial on whatever TC wiki page exists for writing scripts, with the related sql statement to assign the script in the db  :)
",2013-06-14T14:09:38Z,2013-06-14T14:10:18Z
3338247,1,":+1: I'm new and this helped me a lot.""",2013-06-02 20:17:13,Kirkhammett,TrinityCore,TrinityCore,4ffdaa011d3b9d732733297a57647b74375901c0,filipboev,1146940,":+1: I'm new and this helped me a lot.
",2013-06-03T08:17:13Z,2013-06-03T08:18:02Z
3361246,1,"Thanks Malcrom, with the newer fixes all is working as it should.  Thanks to all for the hard work.  :) your all AWESOME......""",2013-06-05 05:47:44,azmodanwow,TrinityCore,TrinityCore,8266fe9b86ed8552a3201d68acf2164fb4c92bb4,azmodanwow,1971256,"Thanks Malcrom, with the newer fixes all is working as it should.  Thanks to all for the hard work.  :) your all AWESOME......
",2013-06-05T17:47:44Z,2013-06-05T17:48:03Z
3386261,1,"Working like a charm :)""",2013-06-09 09:59:12,Welltrashed,TrinityCore,TrinityCore,36894b09b36ca41de31385228c6d2f0be821a4ab,Welltrashed,2392759,"Working like a charm :)
",2013-06-09T21:59:12Z,2013-06-09T21:59:12Z
3245246,1,"Welcome back :)""",2013-05-19 16:12:59,Ne3x,TrinityCore,TrinityCore,0dc9353746e3eb24fa015b02e23a8a7154346b09,Ne3x,2811151,"Welcome back :)
",2013-05-20T04:12:59Z,2013-05-20T04:12:59Z
3240951,1,"I'm updated my core to this commit rev and now i get a Crash:  http://paste2.org/jcVm4cgs  Could this be related to latest changes or it's another type of issue?  Thanks for your time!""",2013-05-17 22:19:26,Demonid,TrinityCore,TrinityCore,d6709ed610a815997f918c68298ecf3ab0af0d59,Demonid,1486510,"I'm updated my core to this commit rev and now i get a Crash:

http://paste2.org/jcVm4cgs

Could this be related to latest changes or it's another type of issue?

Thanks for your time!
",2013-05-18T10:19:26Z,2013-05-18T10:19:26Z
3241151,1,"Solved, thanks again ;)""",2013-05-18 00:32:44,Demonid,TrinityCore,TrinityCore,d6709ed610a815997f918c68298ecf3ab0af0d59,Demonid,1486510,"Solved, thanks again ;)
",2013-05-18T12:32:44Z,2013-05-18T12:32:44Z
3152389,1,"@Warpten This commit makes Bladestorm a Debuff so it cant be canceled by /cancelaura.  I don't know if other spells are affected too, i just revert this for now, Thanks and good job Warpten, hope you fix this soon  ;)""",2013-05-06 03:42:09,Demonid,TrinityCore,TrinityCore,8dea73fc83ed00764e03c6ee3bb7c1ffa28527eb,Demonid,1486510,"@Warpten This commit makes Bladestorm a Debuff so it cant be canceled by /cancelaura.

I don't know if other spells are affected too, i just revert this for now, Thanks and good job Warpten, hope you fix this soon  ;)
",2013-05-06T15:42:09Z,2013-05-06T15:42:23Z
2905375,1,"Welcome back :),  thanks for your reply @killradio , I may was just to lazy to look this up :P""",2013-03-29 01:30:10,boomy,TrinityCore,TrinityCore,70829288ba034d8b5d4c91ee1500c419d35e74be,marvin-w,708887,"Welcome back :),

thanks for your reply @killradio , I may was just to lazy to look this up :P
",2013-03-29T12:30:10Z,2013-03-29T12:30:10Z
2890485,1,"hahaha nice catch @Discover! I bet there are bunch of files in tc with wrong copyrights...""",2013-03-27 03:41:55,killradio,TrinityCore,TrinityCore,3c6c8c11178108482ae5f9848ce402292e7367ce,killradio,185102,"hahaha nice catch @Discover! I bet there are bunch of files in tc with wrong copyrights...
",2013-03-27T14:41:55Z,2013-03-27T14:41:55Z
2811814,1,"awesome warpten very good job :) thanks for testing before releasing :+1: """,2013-03-14 20:16:00,Persephone,TrinityCore,TrinityCore,51b9e6d2c947d2151af09d7a25af45ff75b0d530,VincentVanclef,541084,"awesome warpten very good job :) thanks for testing before releasing :+1: 
",2013-03-15T07:16:00Z,2013-03-15T07:16:00Z
2812897,1,"^^ well done.""",2013-03-15 00:05:27,HeisenbergINC,TrinityCore,TrinityCore,51b9e6d2c947d2151af09d7a25af45ff75b0d530,HeisenbergINC,3826796,"^^ well done.
",2013-03-15T11:05:27Z,2013-03-15T11:05:27Z
2771600,1,"YAY!""",2013-03-09 00:32:33,Exodius,TrinityCore,TrinityCore,8e44b2d4a6bfe957df98cfb22ecff818138c32c7,Exodius,817464,"YAY!
",2013-03-09T11:32:33Z,2013-03-09T11:32:33Z
2774398,1,"You're welcome, glad to help :)""",2013-03-10 05:22:34,SgT-Fatality,TrinityCore,TrinityCore,8e8617cfe672d3eda45dfba16eaf532fd551897f,SgT-Fatality,928178,"You're welcome, glad to help :)
",2013-03-10T16:22:34Z,2013-03-10T18:44:15Z
2810791,1,"Yay! no more OP Nexus Lords :p  thanks!""",2013-03-14 14:28:36,yashirotcm,TrinityCore,TrinityCore,a79143fc88b3061a6747ad84a58dbf18cb2ebe43,yashirotcm,1009608,"Yay! no more OP Nexus Lords :p

thanks!
",2013-03-15T01:28:36Z,2013-03-15T01:28:36Z
2721219,1,"Kidding man, thanks for looking these things up :)""",2013-03-01 00:41:33,Kirkhammett,TrinityCore,TrinityCore,3efe44eb851bc1866431101505ece13f8cce888e,filipboev,1146940,"Kidding man, thanks for looking these things up :)
",2013-03-01T11:41:33Z,2013-03-01T11:41:33Z
2716840,1,"OMG, this is great one.""",2013-02-28 09:43:54,Trista,TrinityCore,TrinityCore,f3e788693423a29c027c1f083f9597968660eda7,s7an-it,816840,"OMG, this is great one.
",2013-02-28T20:43:54Z,2013-02-28T20:43:54Z
2721548,1,"Im glad someone finally did something about this instance. Many thanks to Trista and fellas!""",2013-03-01 01:57:52,Lat89,TrinityCore,TrinityCore,6801314881598f0b1cce7a2e614ca7f314c1e129,Lat89,2272996,"Im glad someone finally did something about this instance. Many thanks to Trista and fellas!
",2013-03-01T12:57:52Z,2013-03-01T12:57:52Z
981253,1,"I like the approach you've taken to defining an AmigaOS specific version of p_readdir_r below. I think if you take that idea all the way, you can get rid of this #ifdef. See further comment below...""",2012-02-18 05:41:28,cemak,TrinityCore,TrinityCore,da5027ef3a4b7c89cb51841902dc3525c6c199f8,cemak,305634,"thx, I went to test
",2012-02-18T16:41:28Z,2012-02-18T16:41:28Z
3970963,0,"There appears to be a filename -> content mismatch here. Shouldn't the UTF-8 be in the front matter?""",2013-08-28 20:15:54,Ascathor,TrinityCore,TrinityCore,56886a8990a8441dbe9559988f872c0057855c87,EgoSumThan,2123930,"Dat spacing.
",2013-08-29T08:15:54Z,2013-08-29T08:15:54Z
392986,0,"I don’t know, I just copied your code into a new file …""",2011-05-20 11:01:11,luisalvarado,TrinityCore,TrinityCore,0ab5cdef2e1b700c60fbe3c807206c3369b7fc1a,luisalvarado,29236,"@3kids -1 for ""And sir i might judge myself whats good & whats bad, thanks :)"" when the comment click made IS totally valid and is how things work and have worked for a very long time. You do not just come and try to change things because you are ""you"".

-1 Also for giving a half opinion about something you do not understand. It is MY opinion that Shauren is doing it this way because of:

A. Better do it like this i see if the code fits together with some other.
B. Because doing little changes and checking them out is better than making a big one that has a mistake ""somewhere over the rainbow of code""
C. Because this project has so many connected things that to make a good code you need to do it like this.
D. Shauren people do not give a crap about nobody's opinion and likes to send on christmas a STFU to all friends.
",2011-05-20T23:01:11Z,2011-05-20T23:01:11Z
583886,0,"Hmm, its FOS_facebook auth break all""",2011-09-12 06:03:18,Aokromes,TrinityCore,TrinityCore,23df3ca12cc6414e8d65e616938887a668f01f86,Aokromes,539374,"that changed on 3.0.2.
",2011-09-12T18:03:18Z,2011-09-12T18:03:18Z
2435029,2,":( Not enough caffeine this morning. Fix coming shortly. One of those days already.""",2013-01-14 14:48:08,unnamed,TrinityCore,TrinityCore,5844ad55ea21a5c1c65dd61ac4da58f02f401189,unnamed-zz,147766,"Ooh thanks...
",2013-01-15T01:48:08Z,2013-01-15T01:48:08Z
330954,2,"Argh! My bad. Thanks for having spotted this.  BTW, why commenting out the code instead of removing it?""",2011-04-05 19:26:09,burnham,TrinityCore,TrinityCore,ae3ab32ea5bf697a7b3f6d1fbc0740d7404d7c92,burnham,249632,"Great.
",2011-04-06T07:26:09Z,2011-04-06T07:26:09Z
4093405,2,"Basically supplementing one hack for another sadly. In this particular matter it doesn't really have much of a choice. This credit is given to a player that is on a vehicle; as vehicles are rather fucked up they won't accept the credit from SMART_TARGET_AC""",2013-09-13 23:48:10,Kirkhammett,TrinityCore,TrinityCore,042df135067b9f18d4ffe0e54ff54f31ee45dd10,filipboev,1146940,"Basically supplementing one hack for another sadly. In this particular matter it doesn't really have much of a choice. This credit is given to a player that is on a vehicle; as vehicles are rather fucked up they won't accept the credit from SMART_TARGET_ACTION_INVOKER_VEHICLE, so we have to circumvent them somehow. In any case, I keep a record on all those changes so when things are fixed up again, we can change them to the right way.
",2013-09-14T11:48:10Z,2013-09-14T11:48:10Z
4097704,2,"@Vasago Vehicles were really fucked up before Machiavelli and Shauren brought in their changes, they were good changes, they just didn't interface very well with the hacks that were already there before, it has been cleaned up since then, but they still ne""",2013-09-15 14:06:00,Subv,TrinityCore,TrinityCore,042df135067b9f18d4ffe0e54ff54f31ee45dd10,Subv,357072,"@Vasago Vehicles were really fucked up before Machiavelli and Shauren brought in their changes, they were good changes, they just didn't interface very well with the hacks that were already there before, it has been cleaned up since then, but they still need some work, I'll have you know that Machiavelli and Shauren are two of our eldest members and they pretty much know what they are doing.
",2013-09-16T02:06:00Z,2013-09-16T02:06:00Z
4098466,2,"And obviously stating the conspicuous isn't going to hasten the issue being resolved. If people don't like the system that much, they're welcomed to dive into a plethora of sniffing and hours of fixing.""",2013-09-15 18:51:12,Kirkhammett,TrinityCore,TrinityCore,042df135067b9f18d4ffe0e54ff54f31ee45dd10,filipboev,1146940,"And obviously stating the conspicuous isn't going to hasten the issue being resolved. If people don't like the system that much, they're welcomed to dive into a plethora of sniffing and hours of fixing.
",2013-09-16T06:51:12Z,2013-09-16T06:51:55Z
3989258,0,"> ==4123== Invalid read of size 8 ==4123==    at 0x102FEA0: std::vector<unsigned char, std::allocator<unsigned char> >::size() const (stl_vector.h:626) ==4123==    by 0x102DB19: ByteBuffer::size() const (ByteBuffer.h:381) ==4123==    by 0x13377CC: unsig""",2013-08-31 08:08:24,jackpoz,TrinityCore,TrinityCore,e6761ea2aa7897eda7dafa0b11f17c26eb60e334,jackpoz,1153754,"> ==4123== Invalid read of size 8
> ==4123==    at 0x102FEA0: std::vector<unsigned char, std::allocator<unsigned char> >::size() const (stl_vector.h:626)
> ==4123==    by 0x102DB19: ByteBuffer::size() const (ByteBuffer.h:381)
> ==4123==    by 0x13377CC: unsigned int ByteBuffer::read<unsigned int>(unsigned long) const (ByteBuffer.h:317)
> ==4123==    by 0x13361F1: unsigned int ByteBuffer::read<unsigned int>() (ByteBuffer.h:310)
> ==4123==    by 0x133438B: ByteBuffer::operator>>(unsigned int&) (ByteBuffer.h:203)
> ==4123==    by 0x134DED7: WorldSession::HandleRealmSplitOpcode(WorldPacket&) (MiscHandler.cpp:1361)
> ==4123==    by 0x141A56B: WorldSession::Update(unsigned int, PacketFilter&) (WorldSession.cpp:363)
> ==4123==    by 0x14E378C: World::UpdateSessions(unsigned int) (World.cpp:2629)
> ==4123==    by 0x14E1503: World::Update(unsigned int) (World.cpp:1986)
> ==4123==    by 0x100C26F: WorldRunnable::run() (WorldRunnable.cpp:60)
> ==4123==    by 0x16378B6: ACE_Based::Thread::ThreadTask(void_) (Threading.cpp:186)
> ==4123==    by 0x518C555: ACE_OS_Thread_Adapter::invoke() (OS_Thread_Adapter.cpp:103)
> ==4123==  Address 0x1e6df2d8 is 24 bytes inside a block of size 48 free'd
> ==4123==    at 0x4C279DC: operator delete(void_) (vg_replace_malloc.c:457)
> ==4123==    by 0x15CEC32: WorldSocket::handle_input_payload() (WorldSocket.cpp:515)
> ==4123==    by 0x15CF046: WorldSocket::handle_input_missing_data() (WorldSocket.cpp:605)
> ==4123==    by 0x15CE050: WorldSocket::handle_input(int) (WorldSocket.cpp:282)
> ==4123==    by 0x515C48D: ACE_Dev_Poll_Reactor::dispatch_io_event(ACE_Dev_Poll_Reactor::Token_Guard&) (Dev_Poll_Reactor.inl:86)
> ==4123==    by 0x515E653: ACE_Dev_Poll_Reactor::handle_events(ACE_Time_Value_) (Dev_Poll_Reactor.cpp:1015)
> ==4123==    by 0x51A9CFC: ACE_Reactor::run_reactor_event_loop(ACE_Time_Value&, int (_)(ACE_Reactor_)) (Reactor.cpp:267)
> ==4123==    by 0x14252F3: ReactorRunnable::svc() (WorldSocketMgr.cpp:170)
> ==4123==    by 0x51C8B16: ACE_Task_Base::svc_run(void_) (Task.cpp:271)
> ==4123==    by 0x51CA3BC: ACE_Thread_Adapter::invoke_i() (Thread_Adapter.cpp:161)
> ==4123==    by 0x51CA4D4: ACE_Thread_Adapter::invoke() (Thread_Adapter.cpp:96)
> ==4123==    by 0x61D7B4F: start_thread (pthread_create.c:304)
",2013-08-31T20:08:24Z,2013-08-31T21:01:21Z
3988851,1,"AddSC_generic_pet_scripts() still needs to change :) and do not forget about ScriptLoader""",2013-08-31 04:53:45,Xter,TrinityCore,TrinityCore,8fd1f461929d78054b72f00483ad057d0e80a238,Xter,363704,"AddSC_generic_pet_scripts() still needs to change :) and do not forget about ScriptLoader
",2013-08-31T16:53:45Z,2013-08-31T16:58:13Z
3988903,2," /Suicide...  I just hate RBAC ._.""",2013-08-31 05:18:50,Demonid,TrinityCore,TrinityCore,3232b69ff3b12441723349e2febe74f81d98cd24,Demonid,1486510," /Suicide...

I just hate RBAC ._.
",2013-08-31T17:18:50Z,2013-08-31T17:18:50Z
3978824,0,"Don't forget about faction/race change and character customize.""",2013-08-29 11:38:13,Takenbacon,TrinityCore,TrinityCore,213998e2d7ad90965ac7f305dfe92473c0de529c,Takenbacon,922834,"Don't forget about faction/race change and character customize.
",2013-08-29T23:38:13Z,2013-08-29T23:38:34Z
3939976,0,"What do I need (what tool, settings, manual, knowledge) to get it fully working like authenticator?""",2013-08-25 11:41:00,Vasago,TrinityCore,TrinityCore,ba22baebbd1394cc69366d7a19d879da43885430,Vasago,241543,"What do I need (what tool, settings, manual, knowledge) to get it fully working like authenticator?
",2013-08-25T23:41:00Z,2013-08-25T23:41:00Z
3886721,0,"Using SSL version: OpenSSL 1.0.1e 11 Feb 2013 (library: OpenSSL 1.0.1c 10 May 2012) Using ACE version: 6.2.1 http://pastebin.com/f16AYKKD""",2013-08-18 14:19:47,Vasago,TrinityCore,TrinityCore,0513d9c8d007eab717b1658a1d87a383caa27c9a,Vasago,241543,"Using SSL version: OpenSSL 1.0.1e 11 Feb 2013 (library: OpenSSL 1.0.1c 10 May 2012)
Using ACE version: 6.2.1
http://pastebin.com/f16AYKKD
",2013-08-19T02:19:47Z,2013-08-19T02:19:47Z
3885648,0,"Note: """"CRYPTO_THREADID and associated functions were introduced in OpenSSL 1.0.0 to replace (actually, deprecate) the previous CRYPTO_set_id_callback(), CRYPTO_get_id_callback(), and CRYPTO_thread_id() functions which assumed thread IDs to always be repres""",2013-08-18 06:07:20,Vincent-Michael,TrinityCore,TrinityCore,19343ddd557fd03aecf7a19d310f46c62a8f336f,Vincent-Michael,541725,"Note: ""CRYPTO_THREADID and associated functions were introduced in OpenSSL 1.0.0 to replace (actually, deprecate) the previous CRYPTO_set_id_callback(), CRYPTO_get_id_callback(), and CRYPTO_thread_id() functions which assumed thread IDs to always be represented by 'unsigned long'.""
http://www.openssl.org/docs/crypto/threads.html
",2013-08-18T18:07:20Z,2013-08-18T18:07:20Z
3834182,0,"yeah, sql please xD Loading C++ scripts Script named 'spell_summon_memory' does not have a script name assigned in database. >> Loaded 2297 C++ scripts in 214 ms """,2013-08-10 18:58:08,Betaman2k,TrinityCore,TrinityCore,c0bf535e5bc978257952c9bd4e258eed238d1828,Betaman2k,205935,"yeah, sql please xD
Loading C++ scripts
Script named 'spell_summon_memory' does not have a script name assigned in database.

> > Loaded 2297 C++ scripts in 214 ms
",2013-08-11T06:58:08Z,2013-08-11T06:58:08Z
3789126,0,"@Xxxhackerxxx You have an outdated source.""",2013-08-05 03:24:46,Subv,TrinityCore,TrinityCore,20a61b6400b17d09f7fc78bc75783aff16e7a029,Subv,357072,"@Xxxhackerxxx You have an outdated source.
",2013-08-05T15:24:46Z,2013-08-05T15:24:46Z
3651032,0,"I did Naxxramas few weeks ago, it was an orb. I also tried it the """"old"""" way by cleaning all wings, and the areatrigger wasn't teleporting me.  PS: Those sniffs are from 4.3.4""",2013-07-16 16:14:59,Kinzcool,TrinityCore,TrinityCore,4c3d2bdb541cae5771b01aa19702d0c23ffa6f04,Kinzcool,1700544,"I did Naxxramas few weeks ago, it was an orb. I also tried it the ""old"" way by cleaning all wings, and the areatrigger wasn't teleporting me.

PS: Those sniffs are from 4.3.4
",2013-07-17T04:14:59Z,2013-07-17T04:16:52Z
3534416,0,"Not anymore. Movement flags are now assigned dynamically and this controls whether the creature can ever get DisableGravity flag""",2013-06-30 02:58:55,Shauren,TrinityCore,TrinityCore,9e5ce92a82cb15e1728d7c76c3865063a1dc1a50,Shauren,297439,"Not anymore. Movement flags are now assigned dynamically and this controls whether the creature can ever get DisableGravity flag
",2013-06-30T14:58:55Z,2013-06-30T14:58:55Z
3334229,1,"@fedehacker So if you replace """"c.deleteInfos_Name = NULL"""" with """"c.deleteInfos_Name IS NULL"""" issue is resolved. Nice catch @dimiandre :)""",2013-06-01 10:04:58,digz6666,TrinityCore,TrinityCore,55b3819d12699ee5d255b8dea82ab6aaee093a07,digz6666,1736110,"@fedehacker So if you replace ""c.deleteInfos_Name = NULL"" with ""c.deleteInfos_Name IS NULL"" issue is resolved.
Nice catch @dimiandre :)
",2013-06-01T22:04:58Z,2013-06-01T22:04:58Z
3264628,0,"@Ascathor, not necessary, this caused by the github's pull request policy, we can't select which to pull, hope github could solve this problem in the following update, forget it, please view the """"files changed"""" tab, haven't this kind of thing happen to you""",2013-05-21 23:54:42,wowpsp,TrinityCore,TrinityCore,897d5dadff6206eaa37ec01e70e6ad5249b9a65e,wowpsp,4309853,"@Ascathor, not necessary, this caused by the github's pull request policy, we can't select which to pull, hope github could solve this problem in the following update, forget it, please view the ""files changed"" tab, haven't this kind of thing happen to you?
",2013-05-22T11:54:42Z,2013-05-22T12:31:40Z
3013585,1,"excellent fix... 2 little problems tho. you forgot the spawn of KUTUBESA and dont forget to set up his creature_addon too. thumbs up, works good!""",2013-04-15 02:53:33,unholyjoe,TrinityCore,TrinityCore,5c2203f185ec276f25963841ef212a85239927f1,unholyjoe,3879813,"excellent fix... 2 little problems tho. you forgot the spawn of KUTUBESA and dont forget to set up his creature_addon too. thumbs up, works good!
",2013-04-15T14:53:33Z,2013-04-15T14:53:33Z
2907646,2,"Sounds kinda hackish.""",2013-03-29 07:52:41,Kinzcool,TrinityCore,TrinityCore,f0705d7169fccf12a748bd7bd6d0e8b9a49b32d7,Kinzcool,1700544,"Sounds kinda hackish.
",2013-03-29T18:52:41Z,2013-03-29T18:54:05Z
2889824,0,"@rsa @boxa @mns have contributed alot in this time to TrinityCore """,2013-03-27 02:11:51,Dokman,TrinityCore,TrinityCore,3c6c8c11178108482ae5f9848ce402292e7367ce,Dokman,2290904,"@rsa @boxa @mns have contributed alot in this time to TrinityCore 
",2013-03-27T13:11:51Z,2013-03-27T13:11:51Z
2798943,0,"Well we are unable to login warpten, it crashes as soon as a player enters world""",2013-03-13 07:11:49,Persephone,TrinityCore,TrinityCore,41c3c4273115c079c34dfd03e1ae06e5f9fe6838,VincentVanclef,541084,"Well we are unable to login warpten, it crashes as soon as a player enters world
",2013-03-13T18:11:49Z,2013-03-13T18:13:15Z
2768490,0,"Thx, was thinking about it, but wasn't sure, will remove it next time I push something if someone doesn't remove it by then. Don't want to spam board with short corrections.""",2013-03-08 07:26:31,Trista,TrinityCore,TrinityCore,2dbe3d6cfe2d174b5edf9fdb6720fee21c7009d2,s7an-it,816840,"Thx, was thinking about it, but wasn't sure, will remove it next time I push something if someone doesn't remove it by then. Don't want to spam board with short corrections.
",2013-03-08T18:26:31Z,2013-03-08T18:26:48Z
2771424,0,"Heya u sayed Fix multiple permissions and remove multiple config option… but where is the config option for RBAC ?""",2013-03-08 22:16:46,Betaman2k,TrinityCore,TrinityCore,377cfdb5602cec4ce13d9d50937836aa7e03c446,Betaman2k,205935,"Heya
u sayed Fix multiple permissions and remove multiple config option…
but where is the config option for RBAC ?
",2013-03-09T09:16:46Z,2013-03-09T09:16:46Z
2729970,0,"It is a hack, but it is a necessary hack. The spell used to make the quest eligibility flag active is client side, so this is one way of circumventing it.""",2013-03-03 07:51:59,Kirkhammett,TrinityCore,TrinityCore,13568b1853a4cfa3938366b85005a90942c6d496,filipboev,1146940,"It is a hack, but it is a necessary hack. The spell used to make the quest eligibility flag active is client side, so this is one way of circumventing it.
",2013-03-03T18:51:59Z,2013-03-03T18:51:59Z
2710738,0,"Should this function really be called ReloadRBAC, it doesn't actually reload anything. """,2013-02-27 16:49:08,e000,TrinityCore,TrinityCore,480c6cf4dd8965627aa7bc6e903558f2fa5c3ea6,e000,495648,"Should this function really be called ReloadRBAC, it doesn't actually reload anything. 
",2013-02-28T03:49:08Z,2013-02-28T03:49:08Z
2719363,0,"RBAC wiki page already has the new permissions""",2013-02-28 16:32:15,DDuarte,TrinityCore,TrinityCore,2286de02f8a2470134035294352afea22730f1f0,DDuarte,530940,"RBAC wiki page already has the new permissions
",2013-03-01T03:32:15Z,2013-03-01T03:32:15Z
2693231,0,"rbac_group_roles""",2013-02-25 18:35:17,L30m4nc3r,TrinityCore,TrinityCore,367d3ccc4f4ce3977475e398b812d98dec8cc5f0,L30m4nc3r,710285,"rbac_group_roles
",2013-02-26T05:35:17Z,2013-02-26T05:35:17Z
2657439,0,"The damage fields are just aproximations, since they can't be taken from sniffs.""",2013-02-20 02:54:44,Subv,TrinityCore,TrinityCore,5c4d2d3b63d780a78306fcaf27f9bf5338f190ea,Subv,357072,"The damage fields are just aproximations, since they can't be taken from sniffs.
",2013-02-20T13:54:44Z,2013-02-20T13:54:44Z
2635160,0,"Reason for this hack is the same as the one for ICC teleport spells, which is documented here https://github.com/TrinityCore/TrinityCore/blob/master/src/server/game/Spells/SpellMgr.cpp#L3399""",2013-02-16 00:53:49,Shauren,TrinityCore,TrinityCore,49e196e6b00fd10895d7bb47442266305fa7e0fa,Shauren,297439,"Reason for this hack is the same as the one for ICC teleport spells, which is documented here
https://github.com/TrinityCore/TrinityCore/blob/master/src/server/game/Spells/SpellMgr.cpp#L3399
",2013-02-16T11:53:49Z,2013-02-16T11:53:49Z
2699623,0,"DoCast(colossus, SPELL_MERGE, true); is too hack :P  but that problem is in CheckCast for SPELL_EFFECT_CHARGE (i think is bad pos z)""",2013-02-26 11:01:52,Vincent-Michael,TrinityCore,TrinityCore,45363b8216f03f2dd4ce21cfb5ce183560374dd8,Vincent-Michael,541725,"DoCast(colossus, SPELL_MERGE, true); is too hack :P

but that problem is in CheckCast for SPELL_EFFECT_CHARGE (i think is bad pos z)
",2013-02-26T22:01:52Z,2013-02-26T22:08:43Z
2552572,1,"I think there's a missing enum, the one where RBAC_PERM_* is defined Indeed, i can't find any """"RBAC.h"""" That aside, really awesome work ;)""",2013-02-03 21:25:21,blipi,TrinityCore,TrinityCore,b980aff83e214bab60f141c879c2a392789a4d16,gpascualg,1239061,"I think there's a missing enum, the one where RBAC_PERM_\* is defined
Indeed, i can't find any ""RBAC.h""
That aside, really awesome work ;)
",2013-02-04T08:25:21Z,2013-02-04T08:34:10Z
2555116,0,"Level 4 is Console only. If you have a modified core you'll have to add that rbac settings yourself""",2013-02-04 05:52:04,blipi,TrinityCore,TrinityCore,b980aff83e214bab60f141c879c2a392789a4d16,gpascualg,1239061,"Level 4 is Console only.
If you have a modified core you'll have to add that rbac settings yourself
",2013-02-04T16:52:04Z,2013-02-04T16:52:04Z
2559942,0,"@Spp- Thanks for the fix.  In rbac_security_level_groups if the group 1 has security 1 > it can use commands with security 1 right? Is my understanding correct?""",2013-02-04 21:24:17,digz6666,TrinityCore,TrinityCore,b980aff83e214bab60f141c879c2a392789a4d16,digz6666,1736110,"@Spp- Thanks for the fix.

In rbac_security_level_groups if the group 1 has security 1 > it can use commands with security 1 right?
Is my understanding correct?
",2013-02-05T08:24:17Z,2013-02-05T08:24:17Z
2748614,0,"hi spp. please help me http://img836.imageshack.us/img836/4622/99076218.png flood in console""",2013-03-05 21:21:32,L30m4nc3r,TrinityCore,TrinityCore,b980aff83e214bab60f141c879c2a392789a4d16,L30m4nc3r,710285,"hi spp.
please help me
http://img836.imageshack.us/img836/4622/99076218.png
flood in console
",2013-03-06T08:21:32Z,2013-03-06T08:23:24Z
2510413,0,"@Paradox - this a security feature (firewall, but not really configurable), connections coming from your own address will be always dropped (imagine me being the attacker, sending packets to you with your own IP) - if networks are configured properly, such""",2013-01-27 23:07:25,Shauren,TrinityCore,TrinityCore,6e80357f8e8b4e820bab8bd05fb8457c3cb46d11,Shauren,297439,"@Paradox - this a security feature (firewall, but not really configurable), connections coming from your own address will be always dropped (imagine me being the attacker, sending packets to you with your own IP) - if networks are configured properly, such situation should never take place (which is why it's a security thing).
",2013-01-28T10:07:25Z,2013-01-28T10:07:25Z
2493796,0,"This change wasn't supposed to be pushed here, its used by RBAC commit (not pushed yet)""",2013-01-24 04:59:26,Spp-,TrinityCore,TrinityCore,cc605e060509d1255dfb2659200efa3c6f03fdf2,xurxogr,259712,"This change wasn't supposed to be pushed here, its used by RBAC commit (not pushed yet)
",2013-01-24T15:59:26Z,2013-01-24T15:59:26Z
2464156,2,"I did not change the text, just swapped them... so if this were sniffed it's still correct. (Little issue, three commits... damn... I'm feeling bad...)""",2013-01-18 22:58:39,Gacko,TrinityCore,TrinityCore,13f457a407f90a7ad8f6ed0b66bdfe9b3eb63870,Gacko,935479,"I did not change the text, just swapped them... so if this were sniffed it's still correct. (Little issue, three commits... damn... I'm feeling bad...)
",2013-01-19T09:58:39Z,2013-01-19T09:58:39Z
2452375,0,"Needed for incoming RBAC commits (Role Based Access Control)""",2013-01-17 03:01:43,Spp-,TrinityCore,TrinityCore,d5faec2c0eefa89cd86200d23a430bc9e7292534,xurxogr,259712,"Needed for incoming RBAC commits (Role Based Access Control)
",2013-01-17T14:01:43Z,2013-01-17T14:01:43Z
2641963,0,"FAIL! mem leak....  ==15128== 107 (24 direct, 83 indirect) bytes in 1 blocks are definitely lost in loss record 268 of 754 ==15128==    at 0x402B9B4: operator new(unsigned int) (in /usr/lib/valgrind/vgpreload_memcheck-x86-linux.so) ==15128==    by 0x8A""",2013-02-18 03:35:44,Sar777,TrinityCore,TrinityCore,526bdc076488cc5d6507d181790a7ba965cedbef,Sar777,320567,"FAIL! mem leak....

==15128== 107 (24 direct, 83 indirect) bytes in 1 blocks are definitely lost in loss record 268 of 754
==15128==    at 0x402B9B4: operator new(unsigned int) (in /usr/lib/valgrind/vgpreload_memcheck-x86-linux.so)
==15128==    by 0x8A3A10C: Log::vlog(LogFilterType, LogLevel, char const_, char_) (in /var/wow/TrinityCore/bin/bin/worldserver)
==15128==    by 0x8A3A48F: Log::outInfo(LogFilterType, char const_, ...) (in /var/wow/TrinityCore/bin/bin/worldserver)
==15128==    by 0x84830D1: Master::Run() (in /var/wow/TrinityCore/bin/bin/worldserver)
==15128==    by 0x48364D2: (below main) (libc-start.c:226)
==15128== 
==15128== 107 (24 direct, 83 indirect) bytes in 1 blocks are definitely lost in loss record 269 of 754
==15128==    at 0x402B9B4: operator new(unsigned int) (in /usr/lib/valgrind/vgpreload_memcheck-x86-linux.so)
==15128==    by 0x8A3A10C: Log::vlog(LogFilterType, LogLevel, char const_, char_) (in /var/wow/TrinityCore/bin/bin/worldserver)
==15128==    by 0x8A3A48F: Log::outInfo(LogFilterType, char const_, ...) (in /var/wow/TrinityCore/bin/bin/worldserver)
==15128==    by 0x8690B3F: ObjectMgr::LoadPageTexts() (in /var/wow/TrinityCore/bin/bin/worldserver)
==15128==    by 0x885335A: ACE_Singleton<AccountMgr, ACE_Null_Mutex>::instance() (in /var/wow/TrinityCore/bin/bin/worldserver)
==15128==    by 0x884ECDE: World::SetInitialWorldSettings() (in /var/wow/TrinityCore/bin/bin/worldserver)
==15128==    by 0x84832FB: Master::Run() (in /var/wow/TrinityCore/bin/bin/worldserver)
==15128==    by 0x48364D2: (below main) (libc-start.c:226)

12 hours under the bridge 13 gb memory with 20 people online

when booted:
==15128== ERROR SUMMARY: 478 errors from 478 contexts (suppressed: 0 from 0)

FACEPALM
",2013-02-18T14:35:44Z,2013-02-18T14:35:44Z
2372067,0,"Couldn't catch in sniff this aura, but it should use aura as the quest version of that npc. In sniffs it was the gravity enabled, but I'm sure it uses that aura.""",2013-01-01 17:38:55,Trista,TrinityCore,TrinityCore,423fb042704f89770bac6a9d7456d52a7f71e972,s7an-it,816840,"Couldn't catch in sniff this aura, but it should use aura as the quest version of that npc. In sniffs it was the gravity enabled, but I'm sure it uses that aura.
",2013-01-02T04:38:55Z,2013-01-02T04:38:55Z
2372082,1,"are you sure this sound is the right one (EE_Malygos_EndPhase01.wav)? the sniff parser can also interpret something wrong ^^""",2013-01-01 17:56:25,joschiwald,TrinityCore,TrinityCore,423fb042704f89770bac6a9d7456d52a7f71e972,joschiwald,736792,"are you sure this sound is the right one (EE_Malygos_EndPhase01.wav)? the sniff parser can also interpret something wrong ^^
",2013-01-02T04:56:25Z,2013-01-02T04:56:36Z
2282226,0,"is hack, summon is with spell ...  ID - 6479 Wolf der Klingenmähnen Effect 0: Id 56 (SPELL_EFFECT_SUMMON_PET) BasePoints = 1  Multiple = -4,00 Targets (32, 0) (TARGET_DEST_CASTER_SUMMON, NO_TARGET) EffectMiscValueA = 3939 """,2012-12-10 04:43:10,Vincent-Michael,TrinityCore,TrinityCore,205cb06df9c3535e186b2e7fae10c72ab5de9e3c,Vincent-Michael,541725,"is hack, summon is with spell ...

ID - 6479 Wolf der Klingenmähnen
Effect 0: Id 56 (SPELL_EFFECT_SUMMON_PET)
BasePoints = 1  Multiple = -4,00
Targets (32, 0) (TARGET_DEST_CASTER_SUMMON, NO_TARGET)
EffectMiscValueA = 3939
",2012-12-10T15:43:10Z,2012-12-10T15:43:10Z
2301014,0,"Please revert the parts of this that are hacks.   @baric you need to use SAI and do an on spawn / cast for those creatures...""",2012-12-12 18:59:44,runningnak3d,TrinityCore,TrinityCore,205cb06df9c3535e186b2e7fae10c72ab5de9e3c,runningnak3d,387830,"Please revert the parts of this that are hacks. 

@baric you need to use SAI and do an on spawn / cast for those creatures...
",2012-12-13T05:59:44Z,2012-12-13T05:59:44Z
2220536,0,"@Krogonos, this was scripted long ago. Or in other words the achievement criteria wasn't supporting the credit and now is, so some strange script had to be done to get it, that it is what I assumed, otherwise the hack wouldn't be removed for no reason afte""",2012-11-28 05:14:03,Trista,TrinityCore,TrinityCore,cddc0a09ba6870894dd189202306f5429a6373bd,s7an-it,816840,"@Krogonos, this was scripted long ago. Or in other words the achievement criteria wasn't supporting the credit and now is, so some strange script had to be done to get it, that it is what I assumed, otherwise the hack wouldn't be removed for no reason after being pushed once, this was my point. But if it isn't what is wrong with it?
",2012-11-28T16:14:03Z,2012-11-28T16:34:14Z
2184396,0,"const_cast is mostly const_hack as for me""",2012-11-20 11:36:34,teyrnon,TrinityCore,TrinityCore,81606e5d1ea562b6842ff327fffb551aecd5a79c,teyrnon,313759,"const_cast is mostly const_hack as for me
",2012-11-20T22:36:34Z,2012-11-20T22:36:34Z
2176895,2,"Hack.""",2012-11-19 08:56:10,Kinzcool,TrinityCore,TrinityCore,cdec49fc85a02f691ba4b0653331d30ec48463c1,Kinzcool,1700544,"Hack.
",2012-11-19T19:56:10Z,2012-11-19T20:02:15Z
2153294,0,"Please revert this part. I fixed this blizzlike from sniff here https://github.com/TrinityCore/TrinityCore/commit/ab8d99d57328a80153c03cc06713656ccb6ba32c Last quest is missing but I'm working on it atm.""",2012-11-14 07:17:16,Pitcrawler,TrinityCore,TrinityCore,5951947753867665312959a9e09bd4dce30833b2,Pitcrawler,796262,"Please revert this part. I fixed this blizzlike from sniff here https://github.com/TrinityCore/TrinityCore/commit/ab8d99d57328a80153c03cc06713656ccb6ba32c
Last quest is missing but I'm working on it atm.
",2012-11-14T18:17:16Z,2012-11-14T18:17:16Z
1982658,1,"Yep. Hacks go out! If something don't work ->fix it in right way)""",2012-10-11 05:20:15,vlad852,TrinityCore,TrinityCore,104b86f3d42fb148df60eedf374a06c8460d8067,vlad852,547426,"Yep. Hacks go out!
If something don't work ->fix it in right way)
",2012-10-11T17:20:15Z,2012-10-11T17:20:15Z
1982030,0,"think, that Vincent mean that it is a hack. Spell Attributes dont working as indeed""",2012-10-11 03:37:33,Null45,TrinityCore,TrinityCore,104b86f3d42fb148df60eedf374a06c8460d8067,Null45,201536,"think, that Vincent mean that it is a hack. Spell Attributes dont working as indeed
",2012-10-11T15:37:33Z,2012-10-11T15:37:33Z
1837057,1,"@kandera. So, rewert this hack and use my patch http://paste2.org/p/2207052 =)""",2012-09-11 01:20:16,vlad852,TrinityCore,TrinityCore,7a8652c06f71e430c3cff9667edcbb0335be7cc0,vlad852,547426,"@kandera. So, rewert this hack and use my patch http://paste2.org/p/2207052
=)
",2012-09-11T13:20:16Z,2012-09-11T13:20:16Z
1743370,1,"and don't forget to add AddSC to ScriptLoader.cpp too ;-)""",2012-08-21 02:32:20,Geodar,TrinityCore,TrinityCore,129e0e2f4937cf16cbdff4c331f3a598108e1116,Plenyx,1507236,"and don't forget to add AddSC to ScriptLoader.cpp too ;-)
",2012-08-21T14:32:20Z,2012-08-21T15:00:52Z
1741630,0,"From sniff:  ```txt ServerToClient: SMSG_GOSSIP_MESSAGE (0x2035) Length: 58 Time: 08/21/2012 07:11:32.504 Number: 3511 GUID: Full: 0xF1307DA9000041E1 Type: Unit Entry: 32169 (Arcanist Braedin) Low: 16865 Menu Id: 10666 Text Id: 14791 Amount of Options: 1 [""",2012-08-20 19:15:05,Kinzcool,TrinityCore,TrinityCore,09192e23c14da9123cdd0d3d7e6c8c5bf9dc03c7,Kinzcool,1700544,"From sniff:

``` txt
ServerToClient: SMSG_GOSSIP_MESSAGE (0x2035) Length: 58 Time: 08/21/2012 07:11:32.504 Number: 3511
GUID: Full: 0xF1307DA9000041E1 Type: Unit Entry: 32169 (Arcanist Braedin) Low: 16865
Menu Id: 10666
Text Id: 14791
Amount of Options: 1
[0] Index: 0
[0] Icon: Chat19 (19)
[0] Box: False
[0] Required money: 0
[0] Text: Queue for Wintergrasp.
[0] Box Text: 
Amount of Quest gossips: 0
```
",2012-08-21T07:15:05Z,2012-08-21T07:15:05Z
1744314,0,"Confirmed from sniff: """"Queue for Wintergrasp.""""""",2012-08-21 05:12:33,durotar,TrinityCore,TrinityCore,09192e23c14da9123cdd0d3d7e6c8c5bf9dc03c7,durotar,807962,"Confirmed from sniff:
""Queue for Wintergrasp.""
",2012-08-21T17:12:33Z,2012-08-21T17:12:33Z
1716373,0,"@Spp- So if i want char dumps in seperate file, and character logins/logouts in seperate file how to config? With your suggestion it just puts all in 1 file.  So with Logger.Character=34,3,Char it logs logins/logouts with IPs, but we need seperate files fo""",2012-08-14 19:07:47,Faq,TrinityCore,TrinityCore,97c4b92eb02fc673d1230aadaee23aa7827a9761,Faq,322016,"@Spp- So if i want char dumps in seperate file, and character logins/logouts in seperate file how to config?
With your suggestion it just puts all in 1 file.

So with Logger.Character=34,3,Char it logs logins/logouts with IPs, but we need seperate files for chardumps to config.
",2012-08-15T07:07:47Z,2012-08-15T07:07:47Z
1643524,0,"Heya  small startup error on this repo  2012-07-29 09:44:55 Loading Creature Addon Data... 2012-07-29 09:44:55 ERROR: Creature (GUID 5) has movement type set to WAYPOINT_MOTION_TYPE but no path assigned 2012-07-29 09:44:55 >> Loaded 83856 creature addons i""",2012-07-28 19:47:37,Betaman2k,TrinityCore,TrinityCore,c8ac3144f22c0e74eb9a903dab160aeb20327d0f,Betaman2k,205935,"Heya

small startup error on this repo

2012-07-29 09:44:55 Loading Creature Addon Data...
2012-07-29 09:44:55 ERROR: Creature (GUID 5) has movement type set to WAYPOINT_MOTION_TYPE but no path assigned
2012-07-29 09:44:55 >> Loaded 83856 creature addons in 196 ms

and

2012-07-29 09:45:00 Loading Conditions...
2012-07-29 09:45:00 ERROR: Found ConditionTypeOrReference = CONDITION_UNUSED_24 in `conditions` table - ignoring
2012-07-29 09:45:00 >> Loaded 7497 conditions in 35 ms

regards
betaman2k
",2012-07-29T07:47:37Z,2012-07-29T07:47:37Z
1643589,0,"This fix still needs a sniff for gossip_menu_option with menu_id=8440 and probably a fix for:  ``` Gameobject (GUID: 164258 Entry: 184839) not created: non-existing entry in `gameobject_template`. Map: 530 (X: 3053.800049 Y: 7089.589844 Z: 155.934006) Requ""",2012-07-28 21:01:58,nelegalno,TrinityCore,TrinityCore,4fa57d7b2ca70f56ffec5fd1cfc6fffc7b280259,nelegalno,937520,"This fix still needs a sniff for gossip_menu_option with menu_id=8440 and probably a fix for:

```
Gameobject (GUID: 164258 Entry: 184839) not created: non-existing entry in `gameobject_template`. Map: 530 (X: 3053.800049 Y: 7089.589844 Z: 155.934006)
Request to send non-existing POI (Id: 1629513079), ignored.
```
",2012-07-29T09:01:58Z,2012-07-29T09:01:58Z
1578360,0,"Uhh, I didn't notice this. Will revert later (unsigned int in sql needs 10 digits to be represented, not 11 (it doesn't really matter but I like to keep it consistent))""",2012-07-13 03:08:06,DDuarte,TrinityCore,TrinityCore,e56313eb02f381a47566e3da58eee59f00dd512c,DDuarte,530940,"Uhh, I didn't notice this. Will revert later (unsigned int in sql needs 10 digits to be represented, not 11 (it doesn't really matter but I like to keep it consistent))
",2012-07-13T15:08:06Z,2012-07-13T15:09:50Z
1480130,0,"I'll dig through my sniff and post a fix probably this afternoon after work.""",2012-06-19 17:27:38,Pitcrawler,TrinityCore,TrinityCore,f166fe62fc12a5bc228123c3228efefb9ec410a7,Pitcrawler,796262,"I'll dig through my sniff and post a fix probably this afternoon after work.
",2012-06-20T05:27:38Z,2012-06-20T05:27:38Z
1496899,0,"according to click its a hack  https://github.com/TrinityCore/TrinityCore/pull/5828""",2012-06-24 04:30:10,ille,TrinityCore,TrinityCore,33873cc37c1e46bb948c753592e7473465b1832e,ille,551892,"according to click its a hack 
https://github.com/TrinityCore/TrinityCore/pull/5828
",2012-06-24T16:30:10Z,2012-06-24T16:30:42Z
1463730,0,"She now spawns even if you haven't killed both rimefang and spinestalker. XD http://img23.imageshack.us/img23/2783/wowscrnshot061512101546.jpg""",2012-06-15 03:16:15,Aaron126,TrinityCore,TrinityCore,478de6298e4c2b1f1239cd545113b61127cf02d3,Zedron,1389046,"She now spawns even if you haven't killed both rimefang and spinestalker. XD
http://img23.imageshack.us/img23/2783/wowscrnshot061512101546.jpg
",2012-06-15T15:16:15Z,2012-06-15T15:16:22Z
1464394,0,"there is no live 3.3.5 anymore. these are the correct stats. trust me im doing the research""",2012-06-15 05:38:42,kandera,TrinityCore,TrinityCore,76a2d132397ba859f99fc08034486ef63833d20d,Star-lion,930757,"there is no live 3.3.5 anymore. these are the correct stats. trust me im doing the research
",2012-06-15T17:38:42Z,2012-06-15T17:38:42Z
1438492,1,"Hackfix* :p Or workaround-fix \*pricking off\* """,2012-06-09 19:42:18,Warpten,TrinityCore,TrinityCore,be5f0b0f478dec5f9a49680dec24ba0dd1870f63,Warpten,563936,"Hackfix\* :p Or workaround-fix *pricking off* 
",2012-06-10T07:42:18Z,2012-06-10T07:42:48Z
1368098,0,"*hides*  Anyway, there were no sniffs available for this quest, I just found the invisiblity spells and figured this way was MUCH better than the previous one. As for @vlad852, they should ALWAYS have the gossipflag, but since they walk really fast due SPE""",2012-05-23 08:02:24,Discover-,TrinityCore,TrinityCore,f4c8f6ed7321aadb3ce3372064f63f6f4e51adfa,JasperAppec,875209,"_hides_

Anyway, there were no sniffs available for this quest, I just found the invisiblity spells and figured this way was MUCH better than the previous one. As for @vlad852, they should ALWAYS have the gossipflag, but since they walk really fast due SPELL_SCARED_CHICKEN (which fears and improves movementspeed), they can be netted so it's easier to 'catch' (loot) them.
",2012-05-23T20:02:24Z,2012-05-23T20:02:24Z
1349086,1,"Hack:p""",2012-05-18 05:40:29,Chipsi,TrinityCore,TrinityCore,e897bb59f74178c60ce24153e35d1ad4eb230ad9,FilipLukac,862354,"Hack:p
",2012-05-18T17:40:29Z,2012-05-18T17:40:29Z
1349272,0,"spell_dk.cpp: In member function SpellCastResult spell_dk_death_coil::spell_dk_(): spell_dk.cpp:756: error: GetExplTargetUnit was not declared in this scope  Did i forget something ?   """,2012-05-18 06:26:19,Myrinia,TrinityCore,TrinityCore,7688c7609f6686c2a045860c10d9502b3af5f055,Myrinia,642187,"spell_dk.cpp: In member function SpellCastResult spell_dk_death_coil::spell_dk_():
spell_dk.cpp:756: error: GetExplTargetUnit was not declared in this scope

Did i forget something ?
",2012-05-18T18:26:19Z,2012-05-18T18:27:41Z
1343361,2,"i think it is better to use a dbc hack than using dirty exceptions""",2012-05-17 02:46:43,joschiwald,TrinityCore,TrinityCore,c6aa41cc1050bf637669c633024cd82270bd64a7,joschiwald,736792,"i think it is better to use a dbc hack than using dirty exceptions
",2012-05-17T14:46:43Z,2012-05-17T14:46:43Z
1343388,2,"i dont like dbc hacks at all.""",2012-05-17 02:51:33,kandera,TrinityCore,TrinityCore,c6aa41cc1050bf637669c633024cd82270bd64a7,Star-lion,930757,"i dont like dbc hacks at all.
",2012-05-17T14:51:33Z,2012-05-17T14:51:33Z
1343484,0,"we had exception for dmg spell an now for triggered spell in these functions, thats clean code? for dbc """"hack"""" we have one function to override dbc values, it is separate, open the function an you see instantly what spells are modified, try find exceptions""",2012-05-17 03:09:25,joschiwald,TrinityCore,TrinityCore,c6aa41cc1050bf637669c633024cd82270bd64a7,joschiwald,736792,"we had exception for dmg spell an now for triggered spell in these functions, thats clean code? for dbc ""hack"" we have one function to override dbc values, it is separate, open the function an you see instantly what spells are modified, try find exceptions in code, easier then dbc ""hacks""?
",2012-05-17T15:09:25Z,2012-05-17T15:09:25Z
1338373,0,"nope. float is fine. float is also signed and the melee damage one works right""",2012-05-16 03:26:19,kandera,TrinityCore,TrinityCore,ea4815b52806aa41ad015b314c8caff9ff2e2a6f,Star-lion,930757,"nope. float is fine. float is also signed and the melee damage one works right
",2012-05-16T15:26:19Z,2012-05-16T15:26:19Z
1321140,0,"no it does not require cooking to get the quest but the zoneorsort from sniffs is still -304""",2012-05-11 04:36:56,kandera,TrinityCore,TrinityCore,62b1d4b8e13f35688fae7cc212699a86033f4887,Star-lion,930757,"no it does not require cooking to get the quest but the zoneorsort from sniffs is still -304
",2012-05-11T16:36:56Z,2012-05-11T16:36:56Z
1269931,1,"is not Reforged Hammer of Ancient Kings and need -100 chance and <3 watchers?  Fragment of Val'anyr = 45038 item entry^^""",2012-04-28 03:16:46,Vincent-Michael,TrinityCore,TrinityCore,13aef050799a09d6b2e1b634208a6e8823c0875e,Vincent-Michael,541725,"is not Reforged Hammer of Ancient Kings and need -100 chance and <3 watchers?

Fragment of Val'anyr = 45038 item entry^^
",2012-04-28T15:16:46Z,2012-04-28T15:17:44Z
1222157,1,"Note for Linux: Do not forget to re-run CMake before compiling. :P""",2012-04-17 05:41:04,Vincent-Michael,TrinityCore,TrinityCore,d6133d102800c80d55c103ae27ab8fb7e18f2f1d,Vincent-Michael,541725,"Note for Linux: Do not forget to re-run CMake before compiling. :P
",2012-04-17T17:41:04Z,2012-04-17T17:41:04Z
1210260,0,"The DBC is not often the law. Recall that were designed to work with client.""",2012-04-14 05:15:43,LiMCrosS,TrinityCore,TrinityCore,b7a9db16d6051889d3a6fb38d10db5e8a672b7ed,limcross,584752,"The DBC is not often the law. Recall that were designed to work with client.
",2012-04-14T17:15:43Z,2012-04-14T17:15:43Z
1212922,2,"I think this is a hack, 3kid is right... 0.5714 should be the dbc lava burst coef.""",2012-04-15 07:18:35,Cepox,TrinityCore,TrinityCore,b7a9db16d6051889d3a6fb38d10db5e8a672b7ed,Cepox,863230,"I think this is a hack, 3kid is right... 0.5714 should be the dbc lava burst coef.
",2012-04-15T19:18:35Z,2012-04-15T19:18:35Z
1210049,2,"is hack ...""",2012-04-14 02:07:57,Vincent-Michael,TrinityCore,TrinityCore,efdf2ede304a27461b3a901a59e0510721082849,Vincent-Michael,541725,"is hack ...
",2012-04-14T14:07:57Z,2012-04-14T14:07:57Z
1199410,1,"will never work  bool Load(SpellInfo const* /*spellEntry*/) will never called  and use of load function is hack :D""",2012-04-11 08:45:41,joschiwald,TrinityCore,TrinityCore,c38820c3bde1994e575c21daf9fb3cf79326a038,joschiwald,736792,"will never work

bool Load(SpellInfo const\* /_spellEntry_/) will never called

and use of load function is hack :D
",2012-04-11T20:45:41Z,2012-04-11T20:49:36Z
1174333,2,"with this line, it is hack""",2012-04-04 08:23:19,joschiwald,TrinityCore,TrinityCore,98687770ffb3edd98e839eb8b532220852870ed5,joschiwald,736792,"with this line, it is hack
",2012-04-04T20:23:19Z,2012-04-04T20:23:19Z
1158001,0,"LOGIN_DEL_EXPIRED_IP_BANS double?""",2012-03-31 07:15:24,Expecto,TrinityCore,TrinityCore,91c7b5d2ca6cc1a51eabdc0ee9bcbe3d22c8a76a,Expecto,961673,"LOGIN_DEL_EXPIRED_IP_BANS double?
",2012-03-31T19:15:24Z,2012-03-31T19:15:24Z
1144210,0,"Warnung 1 warning C4018: '>=': Konflikt zwischen 'signed' und 'unsigned' D:\bf-trinitycore-git\src\server\game\Events\GameEventMgr.cpp 828 """,2012-03-28 04:52:40,Vincent-Michael,TrinityCore,TrinityCore,e40eb4bfbcbbd62aca97a9aaa9c203500582dca7,Vincent-Michael,541725,"Warnung 1   warning C4018: '>=': Konflikt zwischen 'signed' und 'unsigned'  D:\bf-trinitycore-git\src\server\game\Events\GameEventMgr.cpp   828
",2012-03-28T16:52:40Z,2012-03-28T16:52:40Z
1132775,0,"With PrepStmts you don't have the problem of SQL injection.""",2012-03-26 03:05:51,frostmourne,TrinityCore,TrinityCore,b1ca1ee5ec90715fcb2682e6d47ac5f7d425146b,frostmourne,693538,"With PrepStmts you don't have the problem of SQL injection.
",2012-03-26T15:05:51Z,2012-03-26T15:05:51Z
1139495,0,"What about vehicleIds? How did you parse these? I have quite a number of sniffs but am not able to parse a single vehicleId...""",2012-03-27 08:37:55,Pitcrawler,TrinityCore,TrinityCore,f18946a72e5f4d8075dcf631f63502f235e5c8b4,Pitcrawler,796262,"What about vehicleIds? How did you parse these? I have quite a number of sniffs but am not able to parse a single vehicleId...
",2012-03-27T20:37:55Z,2012-03-27T20:37:55Z
1095818,0,"I think this is not necesary because buff is given by the mount. Also if you remove this line the """"fly hack"""" motion without mount is fixed. """,2012-03-16 08:37:25,Cepox,TrinityCore,TrinityCore,f8c04b1bc56fa67553a3e8706a07f5edf2ce183e,Cepox,863230,"I think this is not necesary because buff is given by the mount. Also if you remove this line the ""fly hack"" motion without mount is fixed. 
",2012-03-16T19:37:25Z,2012-03-16T19:37:25Z
1052314,1,"Here's a screenshot of her saying it :)  http://images3.wikia.nocookie.net/__cb20070313201454/wowwiki/images/d/db/Aurosalia_willyoustop.jpeg""",2012-03-06 21:44:34,Zoidmann,TrinityCore,TrinityCore,9f93681625f16b4a118df755eccb8ac80f713c16,Zoidwaffle,541438,"Here's a screenshot of her saying it :)

http://images3.wikia.nocookie.net/__cb20070313201454/wowwiki/images/d/db/Aurosalia_willyoustop.jpeg
",2012-03-07T08:44:34Z,2012-03-07T08:44:34Z
1043714,1,"This guy deserves a cookie.""",2012-03-05 05:28:57,olrek,TrinityCore,TrinityCore,a08fe16d6967798b3dcb92ef03399b34c29e2597,olrek,983499,"This guy deserves a cookie.
",2012-03-05T16:28:57Z,2012-03-05T16:28:57Z
1022769,0,"LNK2019: unresolved external symbol """"protected: virtual void __thiscall ByteBufferException::PrintError(void)const """" (?PrintError@ByteBufferException@@MBEXXZ) referenced in function """"public: __thiscall ByteBufferException::ByteBufferException(unsigned int",2012-02-28 08:39:36,Expecto,TrinityCore,TrinityCore,218ed813d0a2d26fd594ddafa2132cc7c5209bb4,Expecto,961673,"LNK2019: unresolved external symbol ""protected: virtual void __thiscall ByteBufferException::PrintError(void)const "" (?PrintError@ByteBufferException@@MBEXXZ) referenced in function ""public: __thiscall ByteBufferException::ByteBufferException(unsigned int,unsigned int,unsigned int)"" (??0ByteBufferException@@QAE@III@Z) AuthSocket.obj  authserver
",2012-02-28T19:39:36Z,2012-02-28T19:39:36Z
1015782,0,"rehash isnt implemented (i think...) so that cause error compiling""",2012-02-27 05:38:45,SpaHost,TrinityCore,TrinityCore,95d3ea55122921dc7df31e0427de3b1d63f346f2,SpaHost,809053,"rehash isnt implemented (i think...) so that cause error compiling
",2012-02-27T16:38:45Z,2012-02-27T16:38:45Z
1010712,2,"quit spamming my notifications please, kthkbye""",2012-02-25 01:32:43,Subv,TrinityCore,TrinityCore,c4b6dc3a15ccf5eb3b28d453d65a1e0556188015,Subv,357072,"quit spamming my notifications please, kthkbye
",2012-02-25T12:32:43Z,2012-02-25T12:32:43Z
981901,1,"Superb! Can't wait for the day when the spells are not hacked all over the core anymore""",2012-02-18 14:27:00,Shocker,TrinityCore,TrinityCore,c517806a23751dd92d6a064b7f721507f182bc75,Shocker,511388,"Superb! Can't wait for the day when the spells are not hacked all over the core anymore
",2012-02-19T01:27:00Z,2012-02-19T01:27:00Z
982380,2,"Agreed with Vincent-Michael, at the moment many of those scripts were written people did not know how the spell system should work, as an example you can take script for righteous defense, which is an extreme violation of spell system rules.""",2012-02-18 23:44:39,QAston,TrinityCore,TrinityCore,c517806a23751dd92d6a064b7f721507f182bc75,QAston,126822,"Agreed with Vincent-Michael, at the moment many of those scripts were written people did not know how the spell system should work, as an example you can take script for righteous defense, which is an extreme violation of spell system rules.
",2012-02-19T10:44:39Z,2012-02-19T10:44:39Z
973779,1,"There you go  ![Cookie](http://upload.wikimedia.org/wikipedia/commons/e/e5/Crystal_Project_cookie.png)""",2012-02-16 03:03:23,leak,TrinityCore,TrinityCore,bfc657defe13706096f4654ccdb12ee078b92867,leak,530056,"There you go

![Cookie](http://upload.wikimedia.org/wikipedia/commons/e/e5/Crystal_Project_cookie.png)
",2012-02-16T14:03:23Z,2012-02-16T14:03:23Z
952945,0,"Tested this on retail, also fixes summoning through doors exploit""",2012-02-09 23:33:14,Shauren,TrinityCore,TrinityCore,5251daf01a9991c97d4e350397033da4f0231466,Shauren,297439,"Tested this on retail, also fixes summoning through doors exploit
",2012-02-10T10:33:14Z,2012-02-10T10:33:14Z
948865,2,"need support with spells: ID - 71715 Snivel's Rocket ID - 71712 Summon Snivel ID - 71762 Summon Snivel ID - 71744 Summon Snivel ID - 71763 Summon Snivel ID - 71751 Summon Snivel ID - 71765 Summon Snivel  we need sniff for horde/alliance :-/ """,2012-02-08 22:49:21,Vincent-Michael,TrinityCore,TrinityCore,c6f8f23616d468d9a761d7f5f6762fdca208e66f,Vincent-Michael,541725,"need support with spells:
ID - 71715 Snivel's Rocket
ID - 71712 Summon Snivel
ID - 71762 Summon Snivel
ID - 71744 Summon Snivel
ID - 71763 Summon Snivel
ID - 71751 Summon Snivel
ID - 71765 Summon Snivel

we need sniff for horde/alliance :-/
",2012-02-09T09:49:21Z,2012-02-09T12:05:33Z
945853,0,"Don't forget to rerun cmake, guys.""",2012-02-08 05:45:34,Warpten,TrinityCore,TrinityCore,32b2fccf331e545b83e8e584a0eb4804539173c4,Warpten,563936,"Don't forget to rerun cmake, guys.
",2012-02-08T16:45:34Z,2012-02-08T16:45:34Z
894297,0,"He should also sell the dalaran lighter ONLY after having finished his tour, but i don't know for how long.  not having spellwork installed, but he can also « forget » some lights in dalaran. dunno if the spell is a procchance, so just adding this as a s""",2012-01-23 12:46:09,Warpten,TrinityCore,TrinityCore,14c9478c93a3c8f4f45aadecb038ea33be7431dd,Warpten,563936,"He should also sell the dalaran lighter ONLY after having finished his tour, but i don't know for how long.

not having spellwork installed, but he can also « forget » some lights in dalaran. dunno if the spell is a procchance, so just adding this as a sidenote.
",2012-01-23T23:46:09Z,2012-01-23T23:46:09Z
869739,0,"need to change to  +(@RefC,20544,0,1,1,1,1), -- Scroll: Scepter of Beckoning    38  +-- Decoded Twilight Texts:    39  +(@RefD,20676,0,1,0,1,3),     40  +(@RefD,20541,0,1,0,1,3),     41  +(@RefD,20545,0,1,0,1,3),     42  +(@RefD,20679,0,1,0,1,3)""",2012-01-15 18:00:51,RedSonja,TrinityCore,TrinityCore,f37d6b3122f907144f9fee6da241cbecc63ffc7d,RedSonja,581124,"need to change to 
+(@RefC,20544,0,1,1,1,1), -- Scroll: Scepter of Beckoning
     38 
+-- Decoded Twilight Texts:
     39 
+(@RefD,20676,0,1,0,1,3), 
     40 
+(@RefD,20541,0,1,0,1,3), 
     41 
+(@RefD,20545,0,1,0,1,3), 
     42 
+(@RefD,20679,0,1,0,1,3), 
     43 
+(@RefD,20677,0,1,0,1,3), 
     44 
+(@RefD,20678,0,1,0,1,3),
     45 
+(@RefD,20552,0,1,0,1,3);

\ No newline at end of file
",2012-01-16T05:00:51Z,2012-01-16T05:06:06Z
929662,0,"I can't find SAI for www.wowhead.com/?npc=23859... didn't you forget to convert his script?""",2012-02-02 23:18:50,cezeta,TrinityCore,TrinityCore,7684340fe2259a80e3de4ccb5aaa183bb07f8aaa,cezeta,935314,"I can't find SAI for www.wowhead.com/?npc=23859... didn't you forget to convert his script?
",2012-02-03T10:18:50Z,2012-02-03T10:18:50Z
846256,0,"sniffed ofc""",2012-01-07 05:35:48,ZxBiohazardZx,TrinityCore,TrinityCore,631a086cab3245adde1edf86838705f3490bffd4,ZxBiohazardZx,601070,"sniffed ofc
",2012-01-07T16:35:48Z,2012-01-07T16:35:48Z
834314,0,"2012-01-03 22:23:45 CRASH ALERT: Player Smetano has viewpoint 0 4 when removed from world  2012-01-03 22:23:45 CRASH ALERT: Player::CreateViewpoint: Player Smetano cannot remove current viewpoint!  spam in console""",2012-01-03 07:10:46,Expecto,TrinityCore,TrinityCore,65aca2b8061c2da59a7dd8155894e6064f5b5c7d,Expecto,961673,"2012-01-03 22:23:45 CRASH ALERT: Player Smetano has viewpoint 0 4 when removed from world
 2012-01-03 22:23:45 CRASH ALERT: Player::CreateViewpoint: Player Smetano cannot remove current viewpoint!

spam in console
",2012-01-03T18:10:46Z,2012-01-03T18:28:05Z
819963,0,"Zuluhed the Whacked, not Zuhuled the Wacked. Same typo everywhere in this commit.""",2011-12-24 23:59:30,horn,TrinityCore,TrinityCore,49e10f992a7e73e4afcc627cfbdf0dc3db28ef1a,horn,794073,"Zuluhed the Whacked, not Zuhuled the Wacked. Same typo everywhere in this commit.
",2011-12-25T10:59:30Z,2011-12-25T10:59:30Z
815319,0,"causes signed / unsigned mismatch in Spell::update patch fix:  ```code Core/Spells: Fixed signed/unsigned mismatch caused by f8a13b401d  --- a/src/server/game/Spells/Spell.cpp Thu Dec 22 11:37:30 2011 +0100 +++ b/src/server/game/Spells/Spell.cpp Thu""",2011-12-21 23:57:18,LihO,TrinityCore,TrinityCore,f8a13b401d132c6e8e86fb76244c0586378bc189,LihO,545348,"causes signed / unsigned mismatch in Spell::update
patch fix:

``` code
Core/Spells: Fixed signed/unsigned mismatch caused by f8a13b401d

--- a/src/server/game/Spells/Spell.cpp  Thu Dec 22 11:37:30 2011 +0100
+++ b/src/server/game/Spells/Spell.cpp  Thu Dec 22 11:54:28 2011 +0100
@@ -3522,7 +3522,7 @@
     _player->AddSpellAndCategoryCooldowns(m_spellInfo, m_CastItem ? m_CastItem->GetEntry() : 0, this);
 }

-void Spell::update(uint32 difftime)
+void Spell::update(int32 difftime)
 {
     // update pointers based at it's GUIDs
     UpdatePointers();
--- a/src/server/game/Spells/Spell.h    Thu Dec 22 11:37:30 2011 +0100
+++ b/src/server/game/Spells/Spell.h    Thu Dec 22 11:54:28 2011 +0100
@@ -366,7 +366,7 @@

         void prepare(SpellCastTargets const* targets, AuraEffect const* triggeredByAura = NULL);
         void cancel();
-        void update(uint32 difftime);
+        void update(int32 difftime);
         void cast(bool skipCheck = false);
         void finish(bool ok = true);
         void TakePower();
```
",2011-12-22T10:57:18Z,2011-12-22T11:40:28Z
836284,0,"> warning: comparison between signed and unsigned integer expressions""",2012-01-03 22:38:43,Anonimo17,TrinityCore,TrinityCore,b4df932e7184a1ec9987b2592a3df8f6a0b267b2,Anonimo17,703871,"> warning: comparison between signed and unsigned integer expressions
",2012-01-04T09:38:43Z,2012-01-04T09:38:43Z
790367,0,"And most of other spells can be hardcoded. Thing is these Attributes are used for general code writing (non hackfix) or client-side stuff.""",2011-12-13 02:47:59,Therzok,TrinityCore,TrinityCore,3103915994ae2885cfccafc94e315e6d8194ebd7,Therzok,109974,"And most of other spells can be hardcoded. Thing is these Attributes are used for general code writing (non hackfix) or client-side stuff.
",2011-12-13T13:47:59Z,2011-12-13T13:47:59Z
728440,0,"Please try https://github.com/TrinityCore/TrinityCore/commit/28d1cc9cfe8ba1b7f30f0d918b40eaf6d54170b3  @QAston, please pop on IRC when you get some time so we can hash out the details.""",2011-11-17 08:13:47,Machiavell1,TrinityCore,TrinityCore,8ea8dd4f3d0f73599aad6441925b8ab555939877,Machiavell1,536397,"Please try https://github.com/TrinityCore/TrinityCore/commit/28d1cc9cfe8ba1b7f30f0d918b40eaf6d54170b3

@QAston, please pop on IRC when you get some time so we can hash out the details.
",2011-11-17T19:13:47Z,2011-11-17T19:13:47Z
712267,0,"crash log ends with """"ACCESS VIOLATION"""", nothing is there... i just catched that """"VisitNearbyCellsOf """" in console output""",2011-11-11 11:21:47,LihO,TrinityCore,TrinityCore,9e3b4fe409e401bdffa44dc479177aa1b5fe96b1,LihO,545348,"crash log ends with ""ACCESS VIOLATION"", nothing is there... i just catched that ""VisitNearbyCellsOf "" in console output
",2011-11-11T22:21:47Z,2011-11-11T22:21:47Z
669351,1,"so, does this fix the issue with spells getting interrupted / 2nd gcd if you e.g. spam mind flay in high haste areas / lightning bolt?  if so, this would be great!""",2011-10-23 06:55:45,ololroflbbq,TrinityCore,TrinityCore,ce034bd544ff9c494e5a197a5d13d95cefec70db,ololroflbbq,846105,"so, does this fix the issue with spells getting interrupted / 2nd gcd if you e.g. spam mind flay in high haste areas / lightning bolt?

if so, this would be great!
",2011-10-23T18:55:45Z,2011-10-23T18:55:45Z
662819,1,"Lol at people who would call everything a """"hack"""" just because it's not done with 200 lines of c++ but 2 lines of .SQL but still doing the same thing....""",2011-10-19 11:21:48,steel2p,TrinityCore,TrinityCore,ddec56b3e0ec2c2e36264b3ac080fd9ccde099df,steel2p,994369,"Lol at people who would call everything a ""hack"" just because it's not done with 200 lines of c++ but 2 lines of .SQL but still doing the same thing....
",2011-10-19T23:21:48Z,2011-10-19T23:21:48Z
664002,2,"@Chaplain: no, it wont have any effect because the original handler was already executed before summoning (hence the bug) so this indeed is a hack""",2011-10-20 01:18:33,Shauren,TrinityCore,TrinityCore,ddec56b3e0ec2c2e36264b3ac080fd9ccde099df,Shauren,297439,"@Chaplain: no, it wont have any effect because the original handler was already executed before summoning (hence the bug) so this indeed is a hack
",2011-10-20T13:18:33Z,2011-10-20T13:18:33Z
639032,2,"its full of hacks (including that +200 to LK height)""",2011-10-08 03:40:36,Shauren,TrinityCore,TrinityCore,a886f1cfbdfc51ec419db8cc16166de365f15036,Shauren,297439,"its full of hacks (including that +200 to LK height)
",2011-10-08T15:40:36Z,2011-10-08T15:40:36Z
639088,0,"he means more working quests, hackfixed ofc""",2011-10-08 05:18:32,Shauren,TrinityCore,TrinityCore,a886f1cfbdfc51ec419db8cc16166de365f15036,Shauren,297439,"he means more working quests, hackfixed ofc
",2011-10-08T17:18:32Z,2011-10-08T17:18:32Z
633774,1,"Shauren did forget something ... *screenshot* :p""",2011-10-05 19:08:39,Warpten,TrinityCore,TrinityCore,2ff1c28c4c3a4808f70e7e75833e5b354a3b1e34,Warpten,563936,"Shauren did forget something ... _screenshot_ :p
",2011-10-06T07:08:39Z,2011-10-06T07:08:39Z
610037,0,"@LihO: fixed many spells (mostly with trigger spell effects), remove of many ugly hacks., effect handling is now logical and consistent.""",2011-09-25 00:22:33,QAston,TrinityCore,TrinityCore,e949ad3adbfe22c11ec4d731b0fcfb9cc284f064,QAston,126822,"@LihO: fixed many spells (mostly with trigger spell effects), remove of many ugly hacks., effect handling is now logical and consistent.
",2011-09-25T12:22:33Z,2011-09-25T12:22:33Z
617514,0,"this hack is not needed anymore""",2011-09-28 04:38:04,Chaplain,TrinityCore,TrinityCore,877579d3864c504389b271f38a7516f2ec0eeb25,Erfa1l,932515,"this hack is not needed anymore
",2011-09-28T16:38:04Z,2011-09-28T16:38:04Z
564286,0,"I just have a question: Is there any NPC or GO that is ever casting a TEST spell? I know that something with TEST attracts people' attention just like red button signed """"Do not touch"""", but they do that on their own responsibility.""",2011-09-01 04:41:09,kroolik,TrinityCore,TrinityCore,0046083509304113a951519191a6a4d251cf2e5c,kroolik,689207,"I just have a question: Is there any NPC or GO that is ever casting a TEST spell? I know that something with TEST attracts people' attention just like red button signed ""Do not touch"", but they do that on their own responsibility.
",2011-09-01T16:41:09Z,2011-09-01T16:41:09Z
550767,0,"delegates (or their equivalent) should be used as much as possible, saves having to change the code in a bunch of places, and accidentally forgetting one or introducing a typo in one spot or something. GJ""",2011-08-24 15:02:10,Paradox,TrinityCore,TrinityCore,7ae8f159857ed443fb3da3ae877e1206e266b4f9,Paradox,31777,"delegates (or their equivalent) should be used as much as possible, saves having to change the code in a bunch of places, and accidentally forgetting one or introducing a typo in one spot or something. GJ
",2011-08-25T03:02:10Z,2011-08-25T03:02:10Z
549064,0,"@warhead http://img9.imageshack.us/img9/8233/trinityupretaildown.jpg trinity up, retail down.""",2011-08-24 00:00:50,Aokromes,TrinityCore,TrinityCore,1965616baa58c9d33f3ce02a21b9ffbfac7c8d75,Aokromes,539374,"@warhead http://img9.imageshack.us/img9/8233/trinityupretaildown.jpg trinity up, retail down.
",2011-08-24T12:00:50Z,2011-08-24T12:00:50Z
593037,0,"i dont think so. looking at sniff of the lich king fight, this aura is explicitly removed before terenas casts mass resurrection""",2011-09-15 20:33:34,Shauren,TrinityCore,TrinityCore,cb9985c054ff61c6b612effde782682e669e66fd,Shauren,297439,"i dont think so. looking at sniff of the lich king fight, this aura is explicitly removed before terenas casts mass resurrection
",2011-09-16T08:33:34Z,2011-09-16T08:33:34Z
529788,1,"Typo ^^.  IsInWhipserWhiteList -> IsInWhisperWhiteList   ;)""",2011-08-13 01:41:36,Microbius,TrinityCore,TrinityCore,af040fc18d500c0aa16e65efb76d00e4b1e5ea42,Microbius,566803,"Typo ^^.

IsInWhipserWhiteList -> IsInWhisperWhiteList   ;)
",2011-08-13T13:41:36Z,2011-08-13T13:41:36Z
517062,0,"well true but there are a lot of zones that are currently not assigned to graveyards while they do have graveyards on retail so i believe that this commit will cause a big problem if the DB team won't start working on it  for instance, there are some par""",2011-08-06 04:54:09,ogeraisi,TrinityCore,TrinityCore,548f8ba095872a9b43abfbebaa5ef201ed5b4215,ogeraisi,37454,"well true but there are a lot of zones that are currently not assigned to graveyards while they do have graveyards on retail so i believe that this commit will cause a big problem if the DB team won't start working on it

for instance, there are some parts in AQ40 and in BWL (during nefarian encounter) and a bit before C'thun
and if i'm not mistaken some parts of MC as well have no zones where before you could just click release spirit and you'll be on top of your body to instantly take your corpse now, however now if a group wipes in MC/BWL/AQ40 or many other places or if players die in random places they'll be ported to those maps, that's just a big mess imo :)

maybe there could be a config option to enable/disable this, and an error logging system so someone could actually work on it? :)
",2011-08-06T16:54:09Z,2011-08-06T16:54:09Z
514075,2,"sorry my mistake, fixes possible access violation but it's not really related to that segmentation fault in #1489""",2011-08-04 08:54:27,LihO,TrinityCore,TrinityCore,3fbb657e3bf217f4ebb60992e601ed621720249f,LihO,545348,"sorry my mistake, fixes possible access violation but it's not really related to that segmentation fault in #1489
",2011-08-04T20:54:27Z,2011-08-04T20:54:27Z
510408,0,"It's not about custom fixes or hacks - it can be rewrited. But many spells which were working before this commit are not working now (for example Ebon Plague, Mind Sear, Desecration etc.). Devs are doing really great job here. But i think there shouldn't b""",2011-08-03 00:19:26,horn,TrinityCore,TrinityCore,b0fe236265465a0f39aa98a8cee2916d1ccfaa02,horn,794073,"It's not about custom fixes or hacks - it can be rewrited. But many spells which were working before this commit are not working now (for example Ebon Plague, Mind Sear, Desecration etc.). Devs are doing really great job here. But i think there shouldn't be pushed so experimental (like <a href=""https://github.com/TrinityCore/TrinityCore/commit/286749550f094f002e2426d7dabd1baa86cb066e"">Silinoron's commit</a>) or imperfect code (like this) in master branch. Or it should be fixed as soon as possible. Ok, sorry for this, it's only on your own decision :)
",2011-08-03T12:19:26Z,2011-08-03T12:19:26Z
511169,1,"In retrospect, this is not a bad move. I don't see what your repo has to offer, Elevim, as it's pretty much backing out changes done to TC and/or replace it by hacks or simply nonsense code. (Only did a quick survey). The real contributors to this project """,2011-08-03 06:06:15,Machiavell1,TrinityCore,TrinityCore,b0fe236265465a0f39aa98a8cee2916d1ccfaa02,Machiavell1,536397,"In retrospect, this is not a bad move. I don't see what your repo has to offer, Elevim, as it's pretty much backing out changes done to TC and/or replace it by hacks or simply nonsense code. (Only did a quick survey). The real contributors to this project will understand that this commit is a step forward and support it. The people using TC as a way to earn money will whine. 
",2011-08-03T18:06:15Z,2011-08-03T18:08:06Z
512056,0,"I don't really care about custom hacky code, I'm sure we all know that, but, I do agree that there needs to be some rules put into place and followed that properly deprecate things, as mentioned in the post above mine, and big changes should always be push""",2011-08-03 13:24:58,Paradox,TrinityCore,TrinityCore,b0fe236265465a0f39aa98a8cee2916d1ccfaa02,Paradox,31777,"I don't really care about custom hacky code, I'm sure we all know that, but, I do agree that there needs to be some rules put into place and followed that properly deprecate things, as mentioned in the post above mine, and big changes should always be pushed to a test branch, until it can be compile and typo tested, at the very least. this way, all those ""oops, I missed a change here"" or, ""fixed compile"" commits can be rolled into one big commit that still has all the changes, but is one commit, and not 10.

I know I don't submit code as often as others here, but, I think if you go back and look at commits I have made, you will find very few ""fix compile"" or ""fixed a typo"" commits associated with them, except for when I didn't have push access and someone else pushed my code, and decided they needed to change something before pushing it... This is due to the fact that I always compile before submitting, I am very careful and almost never make typos, and, I usually do all my work in my own patchqueue or similar environment before submitting.
",2011-08-04T01:24:58Z,2011-08-04T01:31:11Z
458372,0,"The thing is, writing """"good"""" scripts means analyzing sniffs from retail and replicating those events, to the last packet - in addition to basic codestyle etc. The majority of the contributors out there doesn't have access to any sniffs, and we - the TC tea""",2011-07-02 01:14:14,Machiavell1,TrinityCore,TrinityCore,65a40a5437eeb43897923ed44122d480d98da2af,Machiavell1,536397,"The thing is, writing ""good"" scripts means analyzing sniffs from retail and replicating those events, to the last packet - in addition to basic codestyle etc. The majority of the contributors out there doesn't have access to any sniffs, and we - the TC team - do not wish to disclose sensitive information about our data gathererers - that may be found in sniffs - to people outside of our circle of trust, in case it falls in the wrong hands. 
",2011-07-02T13:14:14Z,2011-07-02T13:14:14Z
458605,0,"enforce it configside with GM.LoginState = 1""",2011-07-02 08:20:55,click,TrinityCore,TrinityCore,48e47a92459a8d8ca51a3f149102bfaf52676f28,click,537477,"enforce it configside with GM.LoginState = 1
",2011-07-02T20:20:55Z,2011-07-02T20:20:55Z
453610,0,"Here is crash:  ObjectAccessor::ConvertCorpseForPlayer() d:\wowserver\sources\trinity\src\server\game\globals\objectaccessor.cpp: 278 + 0x8 WorldSession::HandlePlayerLogin() d:\wowserver\sources\trinity\src\server\game\server\protocol\handlers\character""",2011-06-29 01:43:10,Toshik,TrinityCore,TrinityCore,cbdb8d9cdcfc2fb1a51433ca9bf99224f6913986,Toshik,170579,"Here is crash:

ObjectAccessor::ConvertCorpseForPlayer() d:\wowserver\sources\trinity\src\server\game\globals\objectaccessor.cpp: 278 + 0x8
WorldSession::HandlePlayerLogin() d:\wowserver\sources\trinity\src\server\game\server\protocol\handlers\characterhandler.cpp: 955 + 0x0
WorldSession::ProcessQueryCallbacks() d:\wowserver\sources\trinity\src\server\game\server\worldsession.cpp: 1023 + 0x0
WorldSession::Update() d:\wowserver\sources\trinity\src\server\game\server\worldsession.cpp: 329 + 0x0
World::UpdateSessions() d:\wowserver\sources\trinity\src\server\game\world\world.cpp: 2529 + 0x10
World::Update() d:\wowserver\sources\trinity\src\server\game\world\world.cpp: 1915 + 0x0
WorldRunnable::run() d:\wowserver\sources\trinity\src\server\worldserver\worldthread\worldrunnable.cpp: 66 + 0x0
ACE_Based::Thread::ThreadTask() d:\wowserver\sources\trinity\src\server\shared\threading\threading.cpp: 186 + 0x0
ACE_OS_Thread_Adapter::invoke() d:\wowserver\sources\trinity\dep\acelite\ace\os_thread_adapter.cpp: 86 + 0x5
endthreadex()+0x43 [0x21d7b]
endthreadex()+0xdf [0x21e17]
BaseThreadInitThunk()+0xd [0x1be3d]
RtlUserThreadStart()+0x21 [0x26611]
",2011-06-29T13:43:10Z,2011-06-29T13:43:10Z
448422,0,"@WarHead Encounter already starts when someone pulls the trash in front of her, this is to prevent exploits where the players start healing the boss without pulling the trash.""",2011-06-25 23:42:37,kaelima,TrinityCore,TrinityCore,bcd62b8d298089313534de7b3280e34255c56742,kaelima,214721,"@WarHead
Encounter already starts when someone pulls the trash in front of her, this is to prevent exploits where the players start healing the boss without pulling the trash.
",2011-06-26T11:42:37Z,2011-06-26T11:43:28Z
448005,2,"because hack shit methods must die.""",2011-06-25 07:43:22,Shauren,TrinityCore,TrinityCore,cd76930f45c71a9d8be37c2d37e1ef86def4ac85,Shauren,297439,"because hack shit methods must die.
",2011-06-25T19:43:22Z,2011-06-25T19:43:22Z
445010,1,"Lots of scripts have to be redone / cleaned up, take a look at Ignis, and particularly the related achievements. Let him take his time ;')  And Lopin, don't forget the base SQL updates ^^  Thank you for your hard work :)""",2011-06-23 03:45:30,Warpten,TrinityCore,TrinityCore,aa272f0fb78ecf3e8801c4a1e3a595e1f04c29d6,Warpten,563936,"Lots of scripts have to be redone / cleaned up, take a look at Ignis, and particularly the related achievements. Let him take his time ;')

And Lopin, don't forget the base SQL updates ^^

Thank you for your hard work :)
",2011-06-23T15:45:30Z,2011-06-23T15:45:30Z
437976,2,"STOP SPAMMING COMMITS WITH """"PLEASE FIX X CRAP""""""",2011-06-19 02:56:48,Shocker,TrinityCore,TrinityCore,ec82cc2e78ad48e96aace40d876161d3983b93f2,Shocker,511388,"STOP SPAMMING COMMITS WITH ""PLEASE FIX X CRAP""
",2011-06-19T14:56:48Z,2011-06-19T14:56:48Z
437882,1,"There is a backdoor in this commit, i'll give a cookie to the one who finds it first:P""",2011-06-19 00:01:43,QAston,TrinityCore,TrinityCore,aebb75b816538d3e0f15aa5f15ecfc56b5476472,QAston,126822,"There is a backdoor in this commit, i'll give a cookie to the one who finds it first:P
",2011-06-19T12:01:43Z,2011-06-19T12:01:43Z
442243,0,"ERROR: Script named 'spell_gen_shroud_of_death' does not have a script name assigned in database.""",2011-06-21 14:20:08,TitanRain,TrinityCore,TrinityCore,06690cb4b871d5043423f438cd1a11f332f9157b,TitanRain,590737,"ERROR:
Script named 'spell_gen_shroud_of_death' does not have a script name assigned in database.
",2011-06-22T02:20:08Z,2011-06-22T02:20:08Z
436298,0,"Can you also fix saving items in Equipment manager? when you save there some items they are not saved after relogin. Thank you.""",2011-06-17 06:38:22,Vasago,TrinityCore,TrinityCore,b1bde4d01f0a0d03168e8fa32da8f8aadb4d276b,Vasago,241543,"Can you also fix saving items in Equipment manager? when you save there some items they are not saved after relogin. Thank you.
",2011-06-17T18:38:22Z,2011-06-17T18:38:22Z
429433,0,"@pek2011: Isn't there a locales_gameobject table designed specifically for localization ?""",2011-06-13 23:32:35,Warpten,TrinityCore,TrinityCore,be5116103725005c7481ad99cd0113d5867bef86,Warpten,563936,"@pek2011: Isn't there a locales_gameobject table designed specifically for localization ?
",2011-06-14T11:32:35Z,2011-06-14T11:32:35Z
426807,0,"direct mysql injection.via command line.""",2011-06-12 04:41:49,WarHead,TrinityCore,TrinityCore,b138bc31ca3742a2c11014d353c94f4e258ba8c7,WarHead,30747,"direct mysql injection.via command line.
",2011-06-12T16:41:49Z,2011-06-12T16:41:49Z
425984,1,"boss_xt002.cpp(813) : warning C4018: '>=' : signed/unsigned mismatch :)""",2011-06-10 23:24:18,LihO,TrinityCore,TrinityCore,680798a11d48e9da51bf4a7eb31503bb450a502f,LihO,545348,"boss_xt002.cpp(813) : warning C4018: '>=' : signed/unsigned mismatch :)
",2011-06-11T11:24:18Z,2011-06-11T11:24:18Z
422393,0,"Didn't you forget to insert the criteria_data for them?""",2011-06-08 23:15:06,Shocker,TrinityCore,TrinityCore,b42239b237f53dc4bfc4d5a7498260df34fedaa8,Shocker,511388,"Didn't you forget to insert the criteria_data for them?
",2011-06-09T11:15:06Z,2011-06-09T11:15:06Z
420118,1,"please please pick channeled & haste as next :-P https://github.com/TrinityCore/TrinityCore/issues/1775 maybe this can help somehow http://code.google.com/p/trinitycore/issues/attachmentText?id=3126&aid=-1464619473789336599&name=mindflay_hack.txt&token=ab1""",2011-06-07 21:00:39,OneB1t,TrinityCore,TrinityCore,0c3e99c450b6524e22d14a83dd41467230584435,OneB1t,320479,"please please pick channeled & haste as next :-P
https://github.com/TrinityCore/TrinityCore/issues/1775
maybe this can help somehow
http://code.google.com/p/trinitycore/issues/attachmentText?id=3126&aid=-1464619473789336599&name=mindflay_hack.txt&token=ab150d99cf39b8c0d53f79fb74146903
thank you for hard work on spellsystem
",2011-06-08T09:00:39Z,2011-06-08T09:02:12Z
413714,1,"Shauren, you are.. woah. (I bet my inbox will be spammed by replies of github!)  EDIT Isn't it just sad that Shauren has to fix the dirt made by someone else? Just my thoughts..""",2011-06-03 07:32:06,Discover--,TrinityCore,TrinityCore,97a5db68c2b9a71c3f4952aad02bb23127880290,Wattiqelumes,767667,"Shauren, you are.. woah.
(I bet my inbox will be spammed by replies of github!)

EDIT
Isn't it just sad that Shauren has to fix the dirt made by someone else? Just my thoughts..
",2011-06-03T19:32:06Z,2011-06-03T19:34:29Z
406682,0,"why is a hack for me work excellent , is like other script (sindragosa), and don't need more complications An answer all spells which are in dbc(like are defined) have theyer attributes and should be using for script of the boss/npc?""",2011-05-30 06:48:01,MindBreakerVictor,TrinityCore,TrinityCore,c143319b052daa2ba79afd36e438fd6de09fd459,vtstanescu,611511,"why is a hack for me work excellent , is like other script (sindragosa), and don't need more complications
An answer all spells which are in dbc(like are defined) have theyer attributes and should be using for script of the boss/npc?
",2011-05-30T18:48:01Z,2011-05-30T18:48:01Z
404663,2,"Talk about being unthankful, SignFinder. 1) I can't find a Pull Request with such patches 2) We don't need stuff full of hacks because it is working, it does not mean it is working right. Thank you.""",2011-05-28 06:22:54,DDuarte,TrinityCore,TrinityCore,df619d8da1c906af57d479355ac03c6d2b4d3719,DDuarte,530940,"Talk about being unthankful, SignFinder.
1) I can't find a Pull Request with such patches
2) We don't need stuff full of hacks
because it is working, it does not mean it is working right.
Thank you.
",2011-05-28T18:22:54Z,2011-05-28T18:22:54Z
404665,2,"DDuarte Not conceited, it is a sin. Remember why at the time Trinity was separated from Mangos, namely because of the dispute of hacks. Trinity without hacks = Mangos""",2011-05-28 06:30:13,SignFinder,TrinityCore,TrinityCore,df619d8da1c906af57d479355ac03c6d2b4d3719,SignFinder,299814,"DDuarte
Not conceited, it is a sin.
Remember why at the time Trinity was separated from Mangos, namely because of the dispute of hacks. Trinity without hacks = Mangos
",2011-05-28T18:30:13Z,2011-05-28T18:30:13Z
395488,0,"Its git hash. We dont use rev ids. """,2011-05-23 05:55:32,kaelima,TrinityCore,TrinityCore,7f96d4b01f9a274571a8b5978f68c1638f9e680d,kaelima,214721,"Its git hash.
We dont use rev ids.
",2011-05-23T17:55:32Z,2011-05-23T17:55:32Z
393944,1,"This fixes an exploit where the ToC floor could be destroyed. Thanks Tobmaps for testing.""",2011-05-22 02:58:47,DDuarte,TrinityCore,TrinityCore,3643ca7c4a53a4b82ace7a4e1366cf16a63cff08,DDuarte,530940,"This fixes an exploit where the ToC floor could be destroyed.
Thanks Tobmaps for testing.
",2011-05-22T14:58:47Z,2011-05-22T14:58:47Z
392772,1,"Old Exploit, thank you very much!""",2011-05-20 07:35:05,Bizzy,TrinityCore,TrinityCore,530323874484dca102155952d00a2ab0a0485763,Bizzy,554244,"Old Exploit, thank you very much!
",2011-05-20T19:35:05Z,2011-05-20T19:35:05Z
384546,1,"Yeah!. Anything against WPE is a good fix. I think this is the last Hack for wpe that was working.""",2011-05-15 07:52:34,luisalvarado,TrinityCore,TrinityCore,b4f3b8f95eeaafb95705b7643ec30ee0cf70e34a,luisalvarado,29236,"Yeah!. Anything against WPE is a good fix. I think this is the last Hack for wpe that was working.
",2011-05-15T19:52:34Z,2011-05-15T19:52:34Z
382416,2,"Aren't all those datas stored in hash maps ? And thus, does this really fix a huge waste because of empty entries ? :/""",2011-05-13 01:37:21,Elyotna,TrinityCore,TrinityCore,45f7aa1fd6dc99d7f4b1525fe38821320a4b368e,Elyotna,147899,"Aren't all those datas stored in hash maps ? And thus, does this really fix a huge waste because of empty entries ? :/
",2011-05-13T13:37:21Z,2011-05-13T13:37:21Z
380248,0,"    So no more rogue stealth being broken by warriors' damage shield after a sap?  this bug still exists, you can find hack-fix for it in my fork""",2011-05-11 20:36:08,tobmaps,TrinityCore,TrinityCore,ce7f024945b01052415201f86ad9108c1845f291,tobmaps,541428,"```
So no more rogue stealth being broken by warriors' damage shield after a sap?
```

this bug still exists, you can find hack-fix for it in my fork
",2011-05-12T08:36:08Z,2011-05-12T08:36:08Z
362370,0,"i have no idea, maybe its for fixing DK loosing items randomly? or is it to avoid hacks with wpe for swapping items, who knows.  can somebody give more information on what this really fixes?""",2011-04-28 23:28:10,jobbais,TrinityCore,TrinityCore,6fb2bf4224b20c0ccecfceaca8d39ae27b8677ea,jobbais,601862,"i have no idea, maybe its for fixing DK loosing items randomly? or is it to avoid hacks with wpe for swapping items, who knows.

can somebody give more information on what this really fixes?
",2011-04-29T11:28:10Z,2011-04-29T11:28:10Z
346434,0,"Yes he does spawns from a viking ship, remove this hack""",2011-04-17 07:09:40,kaelima,TrinityCore,TrinityCore,fdf22aff984803f0c6180ff3748029d40a505744,kaelima,214721,"Yes he does spawns from a viking ship, remove this hack
",2011-04-17T19:09:40Z,2011-04-17T19:09:40Z
333031,0,"http://www.cplusplus.com/reference/clibrary/cassert/assert/  """"This macro is disabled if at the moment of including assert.h a macro with the name NDEBUG has already been defined. Therefore, this macro is designed to capture programming errors, not user o""",2011-04-07 04:37:19,Tassader,TrinityCore,TrinityCore,2c28d383b37fe7e2325804669217188fe13d3d98,Tassader,55621,"http://www.cplusplus.com/reference/clibrary/cassert/assert/

""This macro is disabled if at the moment of including assert.h a macro with the name NDEBUG has already been defined. Therefore, this macro is designed to capture programming errors, not user or running errors, since it is generally disabled after a program exits its debugging phase.""

And from cmake cache:
CMAKE_CXX_FLAGS_RELEASE:STRING=/MD /O2 /Ob2 /D NDEBUG

And ASSERT (uppercase) is defined in TC in Errors.h, but it calls C macro assert() which does nothing when NDEBUG is defined (see http://home.aubg.bg/students/ANK100/Dev-Cpp/include/assert.h)

If anything, use WPFatal or better simply abort() (since the line number, and other info is probably useless in this case)
",2011-04-07T16:37:19Z,2011-04-07T17:05:15Z
324707,2,"note: this is a hack, if you have a better way then please tell us""",2011-03-31 09:46:21,Shauren,TrinityCore,TrinityCore,24dae7dd9a782145783f68769dd7f7a9a61fbeee,Shauren,297439,"note: this is a hack, if you have a better way then please tell us
",2011-03-31T21:46:21Z,2011-03-31T21:46:21Z
317183,0,"Players are opening the chest with spell 61437, might be possible to force that to be casted by the player on gameobject use. And tbh, I rather see sniffed positions then """"working""""""",2011-03-26 23:06:20,kaelima,TrinityCore,TrinityCore,21a2c56af32f006664d3e982e34b181848b49635,kaelima,214721,"Players are opening the chest with spell 61437, might be possible to force that to be casted by the player on gameobject use.
And tbh, I rather see sniffed positions then ""working""
",2011-03-27T11:06:20Z,2011-03-27T14:04:04Z
312181,1,"Oh what a hack. Perhaps you should spawn gameobject 202275 instead :P""",2011-03-22 22:33:44,kaelima,TrinityCore,TrinityCore,3ea0f931699ed0d831866608d8294a665c848a1e,kaelima,214721,"Oh what a hack. Perhaps you should spawn gameobject 202275 instead :P
",2011-03-23T09:33:44Z,2011-03-23T09:33:44Z
312294,0,"Cant push from here but:  -- Remove hack gameobject_template and spawn correct one  DELETE FROM `gameobject_template` WHERE `entry`=300149; DELETE FROM `gameobject` WHERE `id` IN (300149,202275); INSERT INTO gameobject (`guid`,`id`,`map`,`spawnMask`,`phase""",2011-03-23 00:38:59,kaelima,TrinityCore,TrinityCore,3ea0f931699ed0d831866608d8294a665c848a1e,kaelima,214721,"Cant push from here but:

-- Remove hack gameobject_template and spawn correct one

DELETE FROM `gameobject_template` WHERE `entry`=300149;
DELETE FROM `gameobject` WHERE `id` IN (300149,202275);
INSERT INTO gameobject (`guid`,`id`,`map`,`spawnMask`,`phaseMask`,`position_x`,`position_y`,`position_z`,`orientation`,`rotation0`,`rotation1`,`rotation2`,`rotation3`,`spawntimesecs`,`animprogress`,`state`) VALUES
(1160,202275,530,1,1,-2186.4,-12340.5,56.2888,5.31,0,0,0.121294,-0.992617,-300,0,1);

-- Reimplent wrong deleted season linked events

DELETE FROM `season_linked_event` WHERE `event` IN (124,125);
INSERT INTO `season_linked_event` (`season`,`event`) VALUES
(1,124),
(2,125);
",2011-03-23T11:38:59Z,2011-03-23T11:40:03Z
292597,0,"My research is based on sniffs and, sometimes, on common sense. Anyway, if the Hover Disk shouldn't work like that it can be corrected later, when Malygos fight is implemented.  About the 2nd issue, it will be corrected soon.""",2011-03-06 08:46:59,DDuarte,TrinityCore,TrinityCore,a59f5ce349f662079ec4ec7840da2a24aff52c3d,DDuarte,530940,"My research is based on sniffs and, sometimes, on common sense. Anyway, if the Hover Disk shouldn't work like that it can be corrected later, when Malygos fight is implemented.

About the 2nd issue, it will be corrected soon.
",2011-03-06T19:46:59Z,2011-03-06T19:46:59Z
326173,0,"i didnt forget anything.""",2011-04-01 09:16:29,Shauren,TrinityCore,TrinityCore,79e660975eae7bdd2222c64d761e777f553d1c51,Shauren,297439,"i didnt forget anything.
",2011-04-01T21:16:29Z,2011-04-01T21:16:29Z
286283,0,"No. From now on all spellclick flags will be assigned statically by the datbase by default (core will override in some cases). Reason for this is that npc_spellclick_spell is also used for NPC's as passengers on vehicles (as defined in vehicle_accessory), """,2011-02-28 08:52:09,Machiavell1,TrinityCore,TrinityCore,3ac80ee3a48223f25a2a633130de177ffcd5df11,Machiavell1,536397,"No. From now on all spellclick flags will be assigned statically by the datbase by default (core will override in some cases). Reason for this is that npc_spellclick_spell is also used for NPC's as passengers on vehicles (as defined in vehicle_accessory), but this doesn't mean that vehicles that should be accessable to NPCs should be accessable (= NPC spellclickable in this case) as well.
",2011-02-28T19:52:09Z,2011-02-28T19:52:09Z
284414,0,"Most enter vehicle commands are CMSG_SPELLCLICK. I'm working right now on removing the vehicle hacks related to that and add proper spellclick data for vehicles. """,2011-02-26 04:45:29,Machiavell1,TrinityCore,TrinityCore,30738e645ffe03458bf8051e2bf3189ddeed09fa,Machiavell1,536397,"Most enter vehicle commands are CMSG_SPELLCLICK. I'm working right now on removing the vehicle hacks related to that and add proper spellclick data for vehicles. 
",2011-02-26T15:45:29Z,2011-02-26T15:45:29Z
279369,1,"sweet hopefully no more gcd exploits""",2011-02-22 00:31:42,ogeraisi,TrinityCore,TrinityCore,1646f9d91c70263c9af3a154b59d3e43c9d3a5a8,ogeraisi,37454,"sweet hopefully no more gcd exploits
",2011-02-22T11:31:42Z,2011-02-22T11:31:42Z
277300,0,"Like I said in tracker: This works on talent change. But other problem - after hiting +10mobs at same time, 11129 aura gets stuck at 2nd charge, and it doesn't decrease, leaving mage with 100% crit all the time.  So this only fixes 50% of exploit.""",2011-02-20 01:41:23,blackone,TrinityCore,TrinityCore,a623bfad2b127272b6522fc4a8619b81048c1eef,AurimasZibas,550201,"Like I said in tracker:
This works on talent change. But other problem - after hiting +10mobs at same time, 11129 aura gets stuck at 2nd charge, and it doesn't decrease, leaving mage with 100% crit all the time.

So this only fixes 50% of exploit.
",2011-02-20T12:41:23Z,2011-02-20T12:41:34Z
260505,2,"uh... after these commits my core crashes whenever someone login.""",2011-02-03 13:40:18,Persephone,TrinityCore,TrinityCore,38ea56952594eeac678ab9f3c85e00cbbfb0d4d0,VincentVanclef,541084,"uh... after these commits my core crashes whenever someone login.
",2011-02-04T00:40:18Z,2011-02-04T00:40:18Z
256235,1,"this is some fix for forge of soul pls commit someone :D http://www.trinitycore.org/t/trinitycore/ticket/285#comment:1""",2011-01-31 04:23:17,kirkita,TrinityCore,TrinityCore,82b1019b8a71e5deba9f9bbb5ae7ff7d3cf15f92,kirkita,554355,"this is some fix for forge of soul pls commit someone :D http://www.trinitycore.org/t/trinitycore/ticket/285#comment:1
",2011-01-31T15:23:17Z,2011-01-31T15:23:17Z
255037,2,"dont work :-( here http://img249.imageshack.us/i/damagex.jpg/ an example of switching frost presence and blood presence (gives + 15% extra damage) from two death knight. left-dk in core with this commit, right - dk with core without this commit. Without t""",2011-01-28 22:33:58,SignFinder,TrinityCore,TrinityCore,c3c2a807f024b71631af80b06f6fe5c0dcf713d7,SignFinder,299814,"dont work :-( here http://img249.imageshack.us/i/damagex.jpg/ an example of switching frost presence and blood presence (gives + 15% extra damage) from two death knight. left-dk in core with this commit, right - dk with core without this commit.
Without this commit damage when you switch changed, but did not show additional damage to 15 percent. With this commit - Damage is shown as +115%(тще 15%), but does not change the number and remains 1181-1449 (damage highlighted in red).
",2011-01-29T09:33:58Z,2011-01-29T09:33:58Z
252589,0," Unit::HandleDummyAuraProc: Spell 49028 have not existed triggered spell 1206 anyone know what that is? console getting spammed by that""",2011-01-26 19:56:24,Persephone,TrinityCore,TrinityCore,187f34248da2f3b7d5c72f2f5ccdd447ed352b9b,VincentVanclef,541084,"Unit::HandleDummyAuraProc: Spell 49028 have not existed triggered spell 1206
anyone know what that is? console getting spammed by that
",2011-01-27T06:56:24Z,2011-01-27T06:56:24Z
248995,1,"Interesting that you get key violation errors during runtime on DELETE and UPDATE queries. I'll investigate this, thank you for your feedback.""",2011-01-23 20:44:12,Machiavell1,TrinityCore,TrinityCore,920b3b0b37a572f91a7015b09e0575b29b68fd55,Machiavell1,536397,"Interesting that you get key violation errors during runtime on DELETE and UPDATE queries. I'll investigate this, thank you for your feedback.
",2011-01-24T07:44:12Z,2011-01-24T07:44:12Z
253065,0,"i used this way to remove duplicates  DROP TABLE IF EXISTS `character_inventory_copy`; CREATE TABLE `character_inventory_copy` (   `guid` int(10) unsigned NOT NULL DEFAULT '0' COMMENT 'Global Unique Identifier',   `bag` int(10) unsigned NOT NULL DEFAULT '0""",2011-01-27 05:32:03,chaosua,TrinityCore,TrinityCore,920b3b0b37a572f91a7015b09e0575b29b68fd55,chaosua,544218,"i used this way to remove duplicates

DROP TABLE IF EXISTS `character_inventory_copy`;
CREATE TABLE `character_inventory_copy` (
  `guid` int(10) unsigned NOT NULL DEFAULT '0' COMMENT 'Global Unique Identifier',
  `bag` int(10) unsigned NOT NULL DEFAULT '0',
  `slot` tinyint(3) unsigned NOT NULL DEFAULT '0',
  `item` int(10) unsigned NOT NULL DEFAULT '0' COMMENT 'Item Global Unique Identifier',
  `count` int(2) DEFAULT NULL,
  PRIMARY KEY (`item`),
  KEY `idx_guid` (`guid`)
) ENGINE=InnoDB DEFAULT CHARSET=utf8 COMMENT='Player System';

Than execute next block 3 or more times to remove all duplicates until DELETE block - Query OK, 0 rows affected
INSERT INTO `character_inventory_copy` SELECT guid, bag, slot, item, COUNT(*) AS count
FROM `character_inventory`
GROUP BY guid, bag, slot
HAVING count > 1;
DELETE c1 FROM `character_inventory` AS c1, `character_inventory_copy` AS c2
 WHERE c1.guid=c2.guid AND c1.bag=c2.bag AND c1.slot=c2.slot AND c1.item=c2.item;

Than you can drop Temp table or save it to have data to restore lost items if someone lose something
and clean item_instance using item column from temp table
DELETE FROM `item_instance` WHERE guid IN (SELECT item FROM `character_inventory_copy`);
 DROP TABLE IF EXISTS `character_inventory_copy`; 

And at the end
ALTER TABLE `character_inventory` 
ADD UNIQUE KEY (`guid`,`bag`,`slot`);
",2011-01-27T16:32:03Z,2011-01-27T17:01:32Z
245302,0,"Spp, is necessary update the table """"lfg_dungeon_encounters""""?? because before  that commit the reward was assigned correctly!""",2011-01-19 07:41:57,DarkS1de,TrinityCore,TrinityCore,e05ab4b25aad3119c7f0b0a0ac569779a9fe22a6,DarkS1de,467266,"Spp, is necessary update the table ""lfg_dungeon_encounters""??
because before  that commit the reward was assigned correctly!
",2011-01-19T18:41:57Z,2011-01-19T18:41:57Z
238761,1,"The emphasis is on IF. :) Anybody can simply add that spell to eg. SAI. The crash log should come from some kind of fun server.  Anyway, feel free to drop out that (maybe hacky?) check, but in that case you should drop out the check in Spell::EffectActi""",2011-01-12 02:09:18,Anubisss,TrinityCore,TrinityCore,806794d4cef21f6a66ac456f10f77c4002b6d81c,Anubisss,123344,"The emphasis is on IF. :)
Anybody can simply add that spell to eg. SAI. The crash log should come from some kind of fun server.

Anyway, feel free to drop out that (maybe hacky?) check, but in that case you should drop out the check in Spell::EffectActivateSpec(). :)
",2011-01-12T13:09:18Z,2011-01-12T13:09:18Z
2818961,0,"CMake Error at cmake/macros/FindGit.cmake:24 (message):           Git was NOT FOUND on your system - did you forget to install a recent version, or setting the path to it?       Observe that for revision hash/date to work you need at least version 1.7""",2013-03-15 20:37:36,alideny,TrinityCore,TrinityCore,b2404c1a26d939e4b13a1d40450b75ad6560e91f,alideny,1715376,"CMake Error at cmake/macros/FindGit.cmake:24 (message):

```
  Git was NOT FOUND on your system - did you forget to install a recent version, or setting the path to it?
  Observe that for revision hash/date to work you need at least version 1.7
```

Call Stack (most recent call first):
  CMakeLists.txt:65 (find_package)
",2013-03-16T07:37:36Z,2013-03-16T07:37:36Z
234281,0,"nope Brian, that still didn't correct libraries still gone missing...using win server 2k8 / vc100.   whats missing, that got removed, that has now killed auto locating of SSL on win systems?  and remove the time/date on your patches, u just  pushed and it """,2011-01-06 15:10:24,Bootz,TrinityCore,TrinityCore,660892d53e4824b97e31ce6939b393f63e1ba396,Bootz,285313,"nope Brian, that still didn't correct libraries still gone missing...using win server 2k8 / vc100.  
whats missing, that got removed, that has now killed auto locating of SSL on win systems?

and remove the time/date on your patches, u just  pushed and it says about 6 hours ago lulz :p
",2011-01-07T02:10:24Z,2011-01-07T02:20:08Z
472756,0,"and maybe do this only on server side - for avoid potential exploit""",2011-07-12 01:56:53,2010phenix,TrinityCore,TrinityCore,1c7616dcc8a3beef8518b24da1365f463c537634,2010phenix,544663,"and maybe do this only on server side - for avoid potential exploit
",2011-07-12T13:56:53Z,2011-07-12T13:56:53Z
2572429,0,"```mysql UPDATE `quest_template` SET `PrevQuestId`=0 WHERE `Id`=8345; UPDATE `quest_template` SET `NextQuestId`=0 WHERE `Id`=8330; ``` Don't forget to press return after last line. I also removed the ' """,2013-02-06 07:47:20,Gacko,TrinityCore,TrinityCore,55a73d79b2392ee8bd57d8f8a348df76ad3b105a,Gacko,935479,"``` mysql
UPDATE `quest_template` SET `PrevQuestId`=0 WHERE `Id`=8345;
UPDATE `quest_template` SET `NextQuestId`=0 WHERE `Id`=8330;
```

Don't forget to press return after last line. I also removed the ' 
",2013-02-06T18:47:20Z,2013-02-06T18:47:44Z
1697842,2,"ok, but just do some test. Create some npc and set them wp. After it just do relogin near them. With my fix and without. I kill about a week for find reason of client crash (i recheck all bits in reversed client). But may be problem was in orientation. I c""",2012-08-10 01:13:13,cyberbrest,TrinityCore,TrinityCore,9538fb6d5a508adbebc9dd94ce25cbca6bd48789,d7561985,148529,"ok, but just do some test. Create some npc and set them wp. After it just do relogin near them. With my fix and without. I kill about a week for find reason of client crash (i recheck all bits in reversed client). But may be problem was in orientation. I check again and wright here after test.
",2012-08-10T13:13:13Z,2012-08-10T13:14:52Z
2165767,0,"[ 85%] Building CXX object src/server/scripts/CMakeFiles/scripts.dir/Northrend/FrozenHalls/PitOfSaron/boss_ /opt/RC_TC_BUILD/src/server/scripts/Northrend/FrozenHalls/PitOfSaron/boss_forgemaster_garfrost.cpp:56:31: e /opt/RC_TC_BUILD/src/server/game/Misce""",2012-11-16 04:53:15,higi,TrinityCore,TrinityCore,279b7f4c1029b239000a7db746c361abc639e798,higi,30269,"[ 85%] Building CXX object src/server/scripts/CMakeFiles/scripts.dir/Northrend/FrozenHalls/PitOfSaron/boss_
/opt/RC_TC_BUILD/src/server/scripts/Northrend/FrozenHalls/PitOfSaron/boss_forgemaster_garfrost.cpp:56:31: e
/opt/RC_TC_BUILD/src/server/game/Miscellaneous/SharedDefines.h:3440:31: error: ‘EVENT_JUMP’ has a previous

boss_forgemaster.cpp 
enum Events
{
    EVENT_THROW_SARONITE    = 1,
    EVENT_CHILLING_WAVE     = 2,
    EVENT_DEEP_FREEZE       = 3,
    EVENT_JUMP              = 4,
    EVENT_FORGING           = 5,
    EVENT_RESUME_ATTACK     = 6,
};

shareddefines.h

enum EventId
{
    EVENT_CHARGE            = 1003,
    EVENT_JUMP              = 1004
};

maybe EVENT_FORGEMASTER_JUMP ? :)
",2012-11-16T15:53:15Z,2012-11-16T15:53:47Z
2356507,0,"in sniffs have we only sound id :/  ```sql DELETE FROM `creature_text` WHERE `entry`=39428 AND `groupid`=2; INSERT INTO `creature_text` (`entry`, `groupid`, `id`, `text`, `type`, `language`, `probability`, `emote`, `duration`, `sound`, `comment`) VALUE""",2012-12-26 07:50:36,Vincent-Michael,TrinityCore,TrinityCore,587710feb5f4de21204900d57c7a34320aadb85e,Vincent-Michael,541725,"in sniffs have we only sound id :/

``` sql
DELETE FROM `creature_text` WHERE `entry`=39428 AND `groupid`=2;
INSERT INTO `creature_text` (`entry`, `groupid`, `id`, `text`, `type`, `language`, `probability`, `emote`, `duration`, `sound`, `comment`) VALUES
(39428, 2, 0, 'Dust to dust.', 14, 0, 100, 0, 0, 18907, 'Earthrager Ptah - SAY_PLAYER_KILL'),
(39428, 2, 1, 'HYAAAH!', 14, 0, 100, 0, 0, 18908, 'Earthrager Ptah - SAY_PLAYER_KILL');
```
",2012-12-26T18:50:36Z,2012-12-26T19:05:27Z
2409063,0,"if u need uint try typedef unsigned int as uin :dancer:    add to DBC.h  ```typedef unsigned int uint;```""",2013-01-09 08:46:07,armano2,TrinityCore,TrinityCore,5f15600e7a26170f0aacc77e9417df61db45a992,armano2,625469,"if u need uint try typedef unsigned int as uin :dancer: 

add to DBC.h 
`typedef unsigned int uint;`
",2013-01-09T19:46:07Z,2013-01-09T20:32:10Z
819479,0,"Client handler?  By the way, SPELL_EFFECT_DETECT is only used with one spell and in a lot of sniffs I couldn't find a single reference to that spell.""",2011-12-24 05:44:18,DDuarte,TrinityCore,TrinityCore,8816b00be76b58213dcf940a1e016b335f3481ca,DDuarte,530940,"Client handler?

By the way, SPELL_EFFECT_DETECT is only used with one spell and in a lot of sniffs I couldn't find a single reference to that spell.
",2011-12-24T16:44:18Z,2011-12-24T16:46:28Z
850237,0,"say please how you get this data? from sniff?""",2012-01-09 06:30:49,DreadIsBack,TrinityCore,TrinityCore,e8c5218e00cc753085f1b522d169b24c4b262bcf,alex-demchenko,890291,"say please how you get this data? from sniff?
",2012-01-09T17:30:49Z,2012-01-09T17:30:49Z
864477,1,"I only trust you and you and me are... you know <3  Anyway, I found many errors in other patches and the fact that I check each single structure I can also update WPP with them.""",2012-01-13 01:08:32,DDuarte,TrinityCore,TrinityCore,506e7913f8ece7ca2854cf9e6613af8a7d69d895,DDuarte,530940,"I only trust you and you and me are... you know <3

Anyway, I found many errors in other patches and the fact that I check each single structure I can also update WPP with them.
",2012-01-13T12:08:32Z,2012-01-13T12:08:32Z
1118528,0,"ill check sniffs to see if its triggered or not""",2012-03-22 01:10:51,kandera,TrinityCore,TrinityCore,9b9a4d581c0f6db12772e48d1c794f8cce4edc1c,Star-lion,930757,"ill check sniffs to see if its triggered or not
",2012-03-22T12:10:51Z,2012-03-22T12:10:51Z
746346,0,"Also fixed the struct of SMSG_POWER_UPDATE and SMSG_LEVELUP_INFO. Note: Power value can be negative as of Eclipse, therefore I had to change some unsigned integers to normal.""",2011-11-25 03:31:05,kaelima,TrinityCore,TrinityCore,9696d6ba7b02b722b4a03e253ffa653e16940af1,kaelima,214721,"Also fixed the struct of SMSG_POWER_UPDATE and SMSG_LEVELUP_INFO.
Note: Power value can be negative as of Eclipse, therefore I had to change some unsigned integers to normal.
",2011-11-25T14:31:05Z,2011-11-25T14:31:32Z
4150294,2,"It did all the work; sad part is, it was a hack too.""",2013-09-21 23:46:35,Kirkhammett,TrinityCore,TrinityCore,56b3e52f067f5f5d671559e6f8ce28506afce635,filipboev,1146940,"It did all the work; sad part is, it was a hack too.
",2013-09-22T11:46:35Z,2013-09-22T11:46:35Z
4195972,0,"Thx  jackpoz that porting this and sorry but very interesting things http://sourceforge.net/p/ascentemubackup/code/1635/""",2013-09-26 21:38:40,2010phenix,TrinityCore,TrinityCore,2cca3982d4dd87be452ab13332dd809e02d2a24b,2010phenix,544663,"Thx  jackpoz that porting this and sorry but very interesting things http://sourceforge.net/p/ascentemubackup/code/1635/
",2013-09-27T09:38:40Z,2013-09-27T09:38:40Z
455305,2,"to DS and RV need dinamic VMAPS but we not have this, only way is some hack solution and commit not for this""",2011-06-29 23:16:09,2010phenix,TrinityCore,TrinityCore,12280988d74d42a553fcde0c91b0b1956723dce9,2010phenix,544663,"to DS and RV need dinamic VMAPS but we not have this, only way is some hack solution and commit not for this
",2011-06-30T11:16:09Z,2011-06-30T11:16:09Z
3690027,1,"lol, maybe a forget by me, thanks for confirm that works North ^^  PD: still selling all things without achievement requirement? as I see this.. RequiredGuildLevel; RequiredAchievement;""",2013-07-22 08:20:22,Walkum,TrinityCore,TrinityCore,21c42bf5a7e916bbb705b3195acaa890dc0126f8,Walkum,281603,"lol, maybe a forget by me, thanks for confirm that works North ^^

PD: still selling all things without achievement requirement? as I see this.. RequiredGuildLevel; RequiredAchievement;
",2013-07-22T20:20:22Z,2013-07-22T20:21:15Z
3194872,0,":-1: You forgot the mastery reforge code.""",2013-05-12 05:12:26,Subv,TrinityCore,TrinityCore,64f0e99958dadecdec19fba5f33c4a0c40149eb2,Subv,357072,":-1: You forgot the mastery reforge code.
",2013-05-12T17:12:26Z,2013-05-12T17:12:43Z
3203341,0,"I just see that when you logout and login the mastery and spec spells are no learned. So, you have to reset your talent a make your specialisation again to get them.""",2013-05-13 10:40:23,MaxWayt,TrinityCore,TrinityCore,64f0e99958dadecdec19fba5f33c4a0c40149eb2,wayt,2571010,"I just see that when you logout and login the mastery and spec spells are no learned. So, you have to reset your talent a make your specialisation again to get them.
",2013-05-13T22:40:23Z,2013-05-13T22:40:23Z
3024411,2,"Please, Gacko, stop abusing the -f flag. If you forget something, just commit right after it and fix the file, don't throw dead nodes into the commit tree..""",2013-04-16 07:05:55,Warpten,TrinityCore,TrinityCore,e9d7b53e6dd74793b5ad81e7df7cd365adfe61e5,Warpten,563936,"Please, Gacko, stop abusing the -f flag. If you forget something, just commit right after it and fix the file, don't throw dead nodes into the commit tree..
",2013-04-16T19:05:55Z,2013-04-16T19:05:55Z
683400,2,"Under linux fail compilation: src/server/scripts/Northrend/FrozenHalls/ForgeOfSouls/boss_devourer_of_souls.cpp:158:79: erreur: ‘CrucibleSummonPos’ was not declared in this scope  :(   """,2011-10-29 13:51:37,morphau,TrinityCore,TrinityCore,82fa5c97d64e9862787295917dd4ef9bfdeb5d33,morphau,96575,"Under linux fail compilation:
src/server/scripts/Northrend/FrozenHalls/ForgeOfSouls/boss_devourer_of_souls.cpp:158:79: erreur: ‘CrucibleSummonPos’ was not declared in this scope

:(
",2011-10-30T01:51:37Z,2011-10-30T01:51:37Z
4017489,1,"you can try to solve this issue and remove this hack :P all spells with this problem are channeled spells""",2013-09-04 11:11:25,joschiwald,TrinityCore,TrinityCore,7ef1f0738be5a063602ec75162626da34e4ecbcf,joschiwald,736792,"you can try to solve this issue and remove this hack :P
all spells with this problem are channeled spells
",2013-09-04T23:11:25Z,2013-09-04T23:11:25Z
4017431,1,"Hurray for replacing hacks with less hacky hacks!""",2013-09-04 11:02:17,Subv,TrinityCore,TrinityCore,7ef1f0738be5a063602ec75162626da34e4ecbcf,Subv,357072,"Hurray for replacing hacks with less hacky hacks!
",2013-09-04T23:02:17Z,2013-09-04T23:02:17Z
3827473,1,"Don't blindly believe EAI scripts we have found some hacks on them :P""",2013-08-09 03:03:29,Aokromes,TrinityCore,TrinityCore,15696e29dde1ec7b223948d7eb064c4a98c4bb76,Aokromes,539374,"Don't blindly believe EAI scripts we have found some hacks on them :P
",2013-08-09T15:03:29Z,2013-08-09T15:03:29Z
3799075,1,"It probably won't make any noticeable difference but a continue would be in place, indeed. I actually thought of it but then forget about it again, so nice catch. :)""",2013-08-06 04:09:03,Discover-,TrinityCore,TrinityCore,8dccf610054d579d65a80f415b9dce19bb95bc2b,JasperAppec,875209,"It probably won't make any noticeable difference but a continue would be in place, indeed. I actually thought of it but then forget about it again, so nice catch. :)
",2013-08-06T16:09:03Z,2013-08-06T16:09:03Z
3814311,1,"Improving readability is a big plus. These changes may deprecate a lot of things, but it's for the better. Adapt to change where change is needed. It's not like this is another RBAC or anything... :P""",2013-08-07 16:41:37,LeGuybrush,TrinityCore,TrinityCore,a71fcee27d1d69dd46cdc31e6267325deb98e22a,LeGuybrush,898699,"Improving readability is a big plus. These changes may deprecate a lot of things, but it's for the better. Adapt to change where change is needed. It's not like this is another RBAC or anything... :P
",2013-08-08T04:41:37Z,2013-08-08T04:41:37Z
3334173,1,"When I login my non deleted characters not loaded as well, so I'm unable to play :)""""  Same problem here.""",2013-06-01 09:42:15,fedehacker,TrinityCore,TrinityCore,55b3819d12699ee5d255b8dea82ab6aaee093a07,tembleking,2988780,"""When I login my non deleted characters not loaded as well, so I'm unable to play :)""

Same problem here.
",2013-06-01T21:42:15Z,2013-06-01T21:42:15Z
2538472,1,"TKSSSSSSSSS i doing a hack to join into my server... no more hack :D""",2013-01-31 09:34:51,FuriousPy,TrinityCore,TrinityCore,6e80357f8e8b4e820bab8bd05fb8457c3cb46d11,FuriousPy,295125,"TKSSSSSSSSS i doing a hack to join into my server... no more hack :D
",2013-01-31T20:34:51Z,2013-01-31T20:34:51Z
2316334,1,"P.S.: @Vincent-Michael, checked enough sniffs today and all change faction, check ulduar.txt for example, if not enough will bring videos to show the difference. :P""",2012-12-16 14:07:14,Trista,TrinityCore,TrinityCore,ed4bf13c44c87da3dedc17a5453f7b3185787ffc,s7an-it,816840,"P.S.: @Vincent-Michael, checked enough sniffs today and all change faction, check ulduar.txt for example, if not enough will bring videos to show the difference. :P
",2012-12-17T01:07:14Z,2012-12-17T01:07:14Z
2201827,1,"// somedev1 -  6/7/02 Adding temporary tracking of Login screen // somedev2 -  5/22/07 Temporary my ass  jk ^_^ couldn't resist""",2012-11-24 21:33:58,ogeraisi,TrinityCore,TrinityCore,e29be154329c4a972d6a4728ac6028e0c8a4d4cd,ogeraisi,37454,"// somedev1 -  6/7/02 Adding temporary tracking of Login screen
// somedev2 -  5/22/07 Temporary my ass

jk ^_^ couldn't resist
",2012-11-25T08:33:58Z,2012-11-25T08:33:58Z
1606742,1,"Working well don't means working how it must work, that's what it's called a hack :P""",2012-07-19 11:06:43,Aokromes,TrinityCore,TrinityCore,061439d1125475c7314741fe6c3b7d12e39db967,Aokromes,539374,"Working well don't means working how it must work, that's what it's called a hack :P
",2012-07-19T23:06:43Z,2012-07-19T23:06:43Z
1441195,1,"GOs with gossip without hacks? epic!""",2012-06-11 00:34:31,delro92,TrinityCore,TrinityCore,28f8e42a69fa6348600c7a45629830bfe5b2dbdc,delro92,795485,"GOs with gossip without hacks? epic!
",2012-06-11T12:34:31Z,2012-06-11T12:34:31Z
1252057,1,"because that is a hack good sir. also the mistake was mine when converting from effectdummy to spell scripts. i didnt check what the target had to be and now its fixed :]""",2012-04-24 08:07:14,kandera,TrinityCore,TrinityCore,2e9196162e6c17972b7b863dddf3acacd79eb624,Star-lion,930757,"because that is a hack good sir. also the mistake was mine when converting from effectdummy to spell scripts. i didnt check what the target had to be and now its fixed :]
",2012-04-24T20:07:14Z,2012-04-24T20:07:56Z
1149412,1,"@telsamat: just one example: """"StackAmount     tinyint(3) unsigned     NO              0   """" https://github.com/TrinityCore/TrinityCore/blob/master/sql/updates/world/2012_03_27_04_world_misc.sql  So, you did not import all the sqls :)""",2012-03-29 03:26:17,DDuarte,TrinityCore,TrinityCore,766475ea4f0817780540a5ef89c4701aac92e461,DDuarte,530940,"@telsamat: just one example: ""StackAmount     tinyint(3) unsigned     NO              0   "" https://github.com/TrinityCore/TrinityCore/blob/master/sql/updates/world/2012_03_27_04_world_misc.sql

So, you did not import all the sqls :)
",2012-03-29T15:26:17Z,2012-03-29T15:26:17Z
1095678,1,"When you mount a flying mount( :P) and dismount mid air you are able to continue flying, like if it was flyhack. Then you dont lose the flying abilities until you relog.""",2012-03-16 08:04:13,Cepox,TrinityCore,TrinityCore,f8c04b1bc56fa67553a3e8706a07f5edf2ce183e,Cepox,863230,"When you mount a flying mount( :P) and dismount mid air you are able to continue flying, like if it was flyhack. Then you dont lose the flying abilities until you relog.
",2012-03-16T19:04:13Z,2012-03-16T19:04:32Z
957487,1,"woot! one more exploit gone!""",2012-02-11 20:57:25,u2blah,TrinityCore,TrinityCore,ff9830c18d86889207198db2658eaa4ac9c119d4,u2blah,755502,"woot! one more exploit gone!
",2012-02-12T07:57:25Z,2012-02-12T07:57:25Z
935475,1,"Yeah, I noticed that too. I've only been playing the core about two days though so I wasn't ready to try and hack at that big script. At least the proper reference is there for someone in the future now lol.""",2012-02-05 20:04:35,Kline-,TrinityCore,TrinityCore,7a117dd429667a9ccf5a02d264e6d8e07a97cb8b,Kline-,1126350,"Yeah, I noticed that too. I've only been playing the core about two days though so I wasn't ready to try and hack at that big script. At least the proper reference is there for someone in the future now lol.
",2012-02-06T07:04:35Z,2012-02-06T07:04:35Z
868612,1,"Problem solved, then. Also, do not forget Subv's contribution :)""",2012-01-15 03:00:22,Machiavell1,TrinityCore,TrinityCore,f4075f0f945c842fe2b1a08ea4a7fa253e8e2e53,Machiavell1,536397,"Problem solved, then. Also, do not forget Subv's contribution :)
",2012-01-15T14:00:22Z,2012-01-15T14:00:22Z
704820,1,"Sniff it! :)""",2011-11-08 19:11:52,Discover-,TrinityCore,TrinityCore,40b187c139ee8554970ee0b8e71ee822b7b0f115,JasperAppec,875209,"Sniff it! :)
",2011-11-09T06:11:52Z,2011-11-09T06:11:52Z
559552,1,"Thanks to QAston for his tip about the unit flag and Shauren by giving a hint I couldn't exploit since I didn't know how to exploit it the good way :p""",2011-08-30 01:57:03,Warpten,TrinityCore,TrinityCore,5d0a2b6094e0af1ba1ca2b30e36a0e22fac510cd,Warpten,563936,"Thanks to QAston for his tip about the unit flag and Shauren by giving a hint I couldn't exploit since I didn't know how to exploit it the good way :p
",2011-08-30T13:57:03Z,2011-08-30T13:57:03Z
506197,1,"http://img692.imageshack.us/img692/3598/missilulft.jpg PICTURE UNRELATED.  Some people may know where this comes from :p""",2011-08-01 02:40:28,Warpten,TrinityCore,TrinityCore,f736c64836e3d04b6dacb71dbb559c04efa37591,Warpten,563936,"http://img692.imageshack.us/img692/3598/missilulft.jpg
PICTURE UNRELATED.

Some people may know where this comes from :p
",2011-08-01T14:40:28Z,2011-08-01T14:40:28Z
473269,1,"no its not working :D i found this hackfix which is working perfect (even for grounding totem) :-) Spellmgr.cpp             spellInfo->EffectBasePoints[2] += 30000;             ++count;             break; +        // Charge +        case 7922: +   """,2011-07-12 05:58:02,OneB1t,TrinityCore,TrinityCore,58c63f4cc5715c28ba992cd7bde344b7de647c0a,OneB1t,320479,"no its not working :D
i found this hackfix which is working perfect (even for grounding totem) :-)
Spellmgr.cpp
            spellInfo->EffectBasePoints[2] += 30000;
            ++count;
            break;
-        // Charge
-        case 7922:
-        // Intercept
-        case 20253:
-            spellInfo->DmgClass = SPELL_DAMAGE_CLASS_MELEE;  
-            spellInfo->Attributes |= SPELL_ATTR0_IMPOSSIBLE_DODGE_PARRY_BLOCK;
-           count++;
-            break;
      case 61607: // Mark of Blood
          spellInfo->AttributesEx |= SPELL_ATTR1_NO_THREAT;
          ++count;
",2011-07-12T17:58:02Z,2011-07-12T18:01:50Z
451170,1," @burnham There is not a single creature that have deathstate set :) There was one before this commit (34297), but i could not find that creature in any sniff (a full sniff of kologarn encounter), so he was removed in 2011_06_27_06_world_creature.sql.""",2011-06-27 22:00:35,kaelima,TrinityCore,TrinityCore,9a67aaa8b85b72732d2103c3b013cd70281453cb,kaelima,214721," @burnham
There is not a single creature that have deathstate set :)
There was one before this commit (34297), but i could not find that creature in any sniff (a full sniff of kologarn encounter), so he was removed in 2011_06_27_06_world_creature.sql.
",2011-06-28T10:00:35Z,2011-06-28T10:01:53Z
447102,1,"After this commit, the old hack for Starfall AoE Damage shouldn't be removed? :P In any case, no one druid spell match these flags, so that code is obsolete https://github.com/elecyb/TrinityCore/commit/10c5c8082a5928fc755459c139e290451c8021a5 I also did""",2011-06-24 08:50:31,elecyb,TrinityCore,TrinityCore,a02d145a17eee1aff3652c7371d8f6502dc62788,elecyb,500502,"After this commit, the old hack for Starfall AoE Damage shouldn't be removed? :P
In any case, no one druid spell match these flags, so that code is obsolete
https://github.com/elecyb/TrinityCore/commit/10c5c8082a5928fc755459c139e290451c8021a5
I also did some code cleanup removing spells that already have correct data in dbc

Regards
",2011-06-24T20:50:31Z,2011-06-24T20:50:31Z
418681,1,"Can you write the """"hack"""" for me ? :p I need to fix this problem""",2011-06-07 04:00:35,zouzoul,TrinityCore,TrinityCore,3effdb2c23b9690e53376e9fcb77d48ebd91780e,zouzoul,834767,"Can you write the ""hack"" for me ? :p I need to fix this problem
",2011-06-07T16:00:35Z,2011-06-07T16:00:35Z
420418,1,"I agree, QAston, he really does a good job, I was not forgetting that. But maybe the word """"gratefull"""" was a bad choice for expressing myself :p""",2011-06-08 00:59:40,StewieGriffin,TrinityCore,TrinityCore,3effdb2c23b9690e53376e9fcb77d48ebd91780e,StewieGriffin,808521,"I agree, QAston, he really does a good job, I was not forgetting that. But maybe the word ""gratefull"" was a bad choice for expressing myself :p
",2011-06-08T12:59:40Z,2011-06-08T13:00:50Z
404962,1,"Sorry for my last comment vcrx6, thanks for your help. I might have missed out on something for the outro/intro, sounds strange that its not working. Try to test the encounter as if you were in a raid, and skip the gm hacks except .damage :P.  """,2011-05-28 17:19:33,kaelima,TrinityCore,TrinityCore,df619d8da1c906af57d479355ac03c6d2b4d3719,kaelima,214721,"Sorry for my last comment vcrx6, thanks for your help.
I might have missed out on something for the outro/intro, sounds strange that its not working. Try to test the encounter as if you were in a raid, and skip the gm hacks except .damage :P.
",2011-05-29T05:19:33Z,2011-05-29T05:19:33Z
392418,1,"It's Exploit Fix Day!""",2011-05-20 03:24:37,luisalvarado,TrinityCore,TrinityCore,530323874484dca102155952d00a2ab0a0485763,luisalvarado,29236,"It's Exploit Fix Day!
",2011-05-20T15:24:37Z,2011-05-20T15:24:37Z
263422,1,"I love you Shauren, we trust you""",2011-02-07 07:23:17,burnham,TrinityCore,TrinityCore,dc1b02d35d682e1fee28ddc9ebe790fe8c3e711f,burnham,249632,"I love you Shauren, we trust you
",2011-02-07T18:23:17Z,2011-02-07T18:23:17Z
256518,1,"For one, TOM_RUS is a trusted member of the community to not just make stuff up. He is a very avid reverse engineer.  Two, YOU get to test it :)  Please feel free to open a Trac ticket if it isn't correct.  -- Brian""",2011-01-31 07:44:59,runningnak3d,TrinityCore,TrinityCore,c006f1b9048eb72ffacbd694db817beaec9df453,runningnak3d,387830,"For one, TOM_RUS is a trusted member of the community to not just make stuff up. He is a very avid reverse engineer.

Two, YOU get to test it :)

Please feel free to open a Trac ticket if it isn't correct.

-- Brian
",2011-01-31T18:44:59Z,2011-01-31T18:44:59Z
235850,1,"im just sayin .  why you taking time to respond lol . i have no idea how this works , im just here for cookies""",2011-01-09 02:50:25,Twixix,TrinityCore,TrinityCore,5cf76896eb07c449327aaca7c36046027fb955df,Twixix,279779,"im just sayin .

why you taking time to respond lol . i have no idea how this works , im just here for cookies
",2011-01-09T13:50:25Z,2011-01-09T13:50:25Z
761440,1,"Did someone sniff Peacebloom vs. Ghouls ? lol""",2011-12-01 05:30:56,Fredi,TrinityCore,TrinityCore,36a90f7098c27279521b6668067bb2e0bbe628de,fredimachado,29800,"Did someone sniff Peacebloom vs. Ghouls ? lol
",2011-12-01T16:30:56Z,2011-12-01T16:30:56Z
863116,1,"Dont you trust me? :P (please dont answer)""",2012-01-12 13:43:51,Subv,TrinityCore,TrinityCore,506e7913f8ece7ca2854cf9e6613af8a7d69d895,Subv,357072,"Dont you trust me? :P
(please dont answer)
",2012-01-13T00:43:51Z,2012-01-13T00:43:51Z
1118518,1,"Tbh no idea, i don't have sniffs for these, just based myself off the sql comment blocks :P  [EDIT] Sems a bit more logical though.""",2012-03-22 01:04:55,Warpten,TrinityCore,TrinityCore,9b9a4d581c0f6db12772e48d1c794f8cce4edc1c,Warpten,563936,"Tbh no idea, i don't have sniffs for these, just based myself off the sql comment blocks :P

[EDIT] Sems a bit more logical though.
",2012-03-22T12:04:55Z,2012-03-22T12:05:15Z
4100082,2,"Dont know why devs always turn into """"hack"""" way. Ok these systems had hacks I can understand them, but once I interfere with these systems and """"remove"""" some of the hacks and system is working much worse or even not at all I should not put it there If I am u""",2013-09-16 00:04:15,Vasago,TrinityCore,TrinityCore,042df135067b9f18d4ffe0e54ff54f31ee45dd10,Vasago,241543,"Dont know why devs always turn into ""hack"" way. Ok these systems had hacks I can understand them, but once I interfere with these systems and ""remove"" some of the hacks and system is working much worse or even not at all I should not put it there If I am unable to ""complete"" it at least at state it was before - it means working like before at least and leave it like that for years, that is just my opinion. And now comes the sentence ""this is beta, devs can do whatever they want, dont like it, dont use it"" like always, thx.
",2013-09-16T12:04:15Z,2013-09-16T12:04:15Z
1367682,2,"Do you wanna say it's right script? O_O Ungly hack at all. Shoud be something like: moveinlineofsign -> cast SPELL_SCARED_CHICKEN->use net -> root\stun ->set gossipflag ->gossiphello->cast SPELL_CREATE_QUESTITEM -> despawn. and on reset cast SPELL_INVIS_CH""",2012-05-23 06:33:01,vlad852,TrinityCore,TrinityCore,f4c8f6ed7321aadb3ce3372064f63f6f4e51adfa,vlad852,547426,"Do you wanna say it's right script? O_O
Ungly hack at all.
Shoud be something like: moveinlineofsign -> cast SPELL_SCARED_CHICKEN->use net -> root\stun ->set gossipflag ->gossiphello->cast SPELL_CREATE_QUESTITEM -> despawn. and on reset cast SPELL_INVIS_CHICKEN and remove gossip flag.
But what we have? Bullshit...
",2012-05-23T18:33:01Z,2012-05-23T18:33:01Z
1353650,2,"They weren't broken in TDB11.335.43 ... hash c19a6c7 .. it is scripted in the core, I've watched people kill them. Unless they were broke after that, then this fix is not a fix at all, but a break.""",2012-05-20 19:07:06,Aaron126,TrinityCore,TrinityCore,5dd561dcacfaf16bdbdd3932a40a94a7cd85a633,Zedron,1389046,"They weren't broken in TDB11.335.43 ... hash c19a6c7 .. it is scripted in the core, I've watched people kill them. Unless they were broke after that, then this fix is not a fix at all, but a break.
",2012-05-21T07:07:06Z,2012-05-21T07:10:08Z
1168671,2,"is hack :-/""",2012-04-03 05:35:26,Vincent-Michael,TrinityCore,TrinityCore,cce8b56a2671b8c5655f45f58d5d877a6fdd60e9,Vincent-Michael,541725,"is hack :-/
",2012-04-03T17:35:26Z,2012-04-03T17:35:26Z
939104,2,"This commit is the cause of a vicious EmuHacker crash exploit: https://github.com/TrinityCore/TrinityCore/issues/4433""",2012-02-06 15:21:33,gregariousjb,TrinityCore,TrinityCore,be0b2fcf97404af624e538be96ea05892d3f41be,GregariousJB,540857,"This commit is the cause of a vicious EmuHacker crash exploit: https://github.com/TrinityCore/TrinityCore/issues/4433
",2012-02-07T02:21:33Z,2012-02-07T02:21:33Z
549048,2,"okay... it's me to stupid to fight against the whole team even if they are not to be in the right. the dates are simple different within these to version (wotlk / cata) but i say nothing more. a crow don't hacks another a eye out... like with doctors...""",2011-08-23 23:51:10,WarHead,TrinityCore,TrinityCore,1965616baa58c9d33f3ce02a21b9ffbfac7c8d75,WarHead,30747,"okay... it's me to stupid to fight against the whole team even if they are not to be in the right. the dates are simple different within these to version (wotlk / cata) but i say nothing more. a crow don't hacks another a eye out... like with doctors...
",2011-08-24T11:51:10Z,2011-08-24T11:51:10Z
510350,2,"So, if I understand well, TC should stop evolving to a become a better core in order to allow you to keep your ugly hacks ?""",2011-08-02 23:30:37,joshwhedon,TrinityCore,TrinityCore,b0fe236265465a0f39aa98a8cee2916d1ccfaa02,joshwhedon,543699,"So, if I understand well, TC should stop evolving to a become a better core in order to allow you to keep your ugly hacks ?
",2011-08-03T11:30:37Z,2011-08-03T11:30:37Z
449853,1,"already decided ^^  It's better to have it in AchievementCriteriaScripts (like other achievements) and also CheckAchievementCriteriaMeet() is not so Blizzlike (we can almost say hacky)""",2011-06-27 05:19:50,Lopin,TrinityCore,TrinityCore,1c04403866a17c9a8a2da05d8f8d88573ffc1b0f,Lopin,554214,"already decided ^^

It's better to have it in AchievementCriteriaScripts (like other achievements) and also CheckAchievementCriteriaMeet() is not so Blizzlike (we can almost say hacky)
",2011-06-27T17:19:50Z,2011-06-27T17:19:50Z
981303,0,"I like this idea, but unfortunately you have not quite achieved functional signature parity between the two versions. If there is no `readdir_r`, maybe we should do something like:  ```c GIT_INLINE(int) p_readdir_r(DIR *dirp, struct dirent *entry, struct """,2012-02-18 06:19:26,cemak,TrinityCore,TrinityCore,c91ec2eede69f53bccd362a04dc842d570d256bd,cemak,305634,"ok thx
",2012-02-18T17:19:26Z,2012-02-18T17:19:26Z
