comment_id,polarity,text,created_at_gold,author_login,owner,repo,review_id,html_url,created_at_kaiaulu,updated_at,comment_user_login,author_association,file_path,start_line,line,original_start_line,original_line,position,diff_hunk,body,commit_id
392938,1,"hmm mine looks like rvm ree@diaspora :P""",2012-01-27 07:40:28,viktorklang,akka,akka,,https://github.com/akka/akka-core/pull/275#discussion_r392938,2012-01-27T18:40:28Z,2012-01-30T10:58:22Z,viktorklang,CONTRIBUTOR,akka-remote/src/main/scala/akka/remote/netty/Client.scala,,346.0,,,346,"@@ -0,0 +1,346 @@
+/**
+ *  Copyright (C) 2009-2011 Typesafe Inc. <http://www.typesafe.com>
+ */
+package akka.remote.netty
+
+import java.net.InetSocketAddress
+import org.jboss.netty.util.HashedWheelTimer
+import org.jboss.netty.bootstrap.ClientBootstrap
+import org.jboss.netty.channel.group.DefaultChannelGroup
+import org.jboss.netty.channel.{ ChannelHandler, StaticChannelPipeline, SimpleChannelUpstreamHandler, MessageEvent, ExceptionEvent, ChannelStateEvent, ChannelPipelineFactory, ChannelPipeline, ChannelHandlerContext, ChannelFuture, Channel }
+import org.jboss.netty.handler.codec.frame.{ LengthFieldPrepender, LengthFieldBasedFrameDecoder }
+import org.jboss.netty.handler.execution.ExecutionHandler
+import org.jboss.netty.handler.timeout.{ ReadTimeoutHandler, ReadTimeoutException }
+import akka.remote.RemoteProtocol.{ RemoteControlProtocol, CommandType, AkkaRemoteProtocol }
+import akka.remote.{ RemoteProtocol, RemoteMessage, RemoteLifeCycleEvent, RemoteClientStarted, RemoteClientShutdown, RemoteClientException, RemoteClientError, RemoteClientDisconnected, RemoteClientConnected }
+import akka.actor.{ simpleName, Address }
+import akka.AkkaException
+import akka.event.Logging
+import akka.util.Switch
+import akka.actor.ActorRef
+import org.jboss.netty.channel.ChannelFutureListener
+import akka.remote.RemoteClientWriteFailed
+import java.net.InetAddress
+import org.jboss.netty.util.TimerTask
+import org.jboss.netty.util.Timeout
+import java.util.concurrent.TimeUnit
+
+class RemoteClientMessageBufferException(message: String, cause: Throwable) extends AkkaException(message, cause) {
+  def this(msg: String) = this(msg, null)
+}
+
+/**
+ * This is the abstract baseclass for netty remote clients, currently there's only an
+ * ActiveRemoteClient, but others could be feasible, like a PassiveRemoteClient that
+ * reuses an already established connection.
+ */
+abstract class RemoteClient private[akka] (
+  val netty: NettyRemoteTransport,
+  val remoteAddress: Address) {
+
+  val log = Logging(netty.system, ""RemoteClient"")
+
+  val name = simpleName(this) + ""@"" + remoteAddress
+
+  private[remote] val runSwitch = new Switch()
+
+  private[remote] def isRunning = runSwitch.isOn
+
+  protected def currentChannel: Channel
+
+  def connect(reconnectIfAlreadyConnected: Boolean = false): Boolean
+
+  def shutdown(): Boolean
+
+  def isBoundTo(address: Address): Boolean = remoteAddress == address
+
+  /**
+   * Converts the message to the wireprotocol and sends the message across the wire
+   */
+  def send(message: Any, senderOption: Option[ActorRef], recipient: ActorRef): Unit = if (isRunning) {
+    if (netty.remoteSettings.LogSend) log.debug(""Sending message {} from {} to {}"", message, senderOption, recipient)
+    send((message, senderOption, recipient))
+  } else {
+    val exception = new RemoteClientException(""RemoteModule client is not running, make sure you have invoked 'RemoteClient.connect()' before using it."", netty, remoteAddress)
+    netty.notifyListeners(RemoteClientError(exception, netty, remoteAddress))
+    throw exception
+  }
+
+  /**
+   * Sends the message across the wire
+   */
+  private def send(request: (Any, Option[ActorRef], ActorRef)): Unit = {
+    try {
+      val channel = currentChannel
+      val f = channel.write(request)
+      f.addListener(
+        new ChannelFutureListener {
+          def operationComplete(future: ChannelFuture) {
+            if (future.isCancelled || !future.isSuccess) {
+              netty.notifyListeners(RemoteClientWriteFailed(request, future.getCause, netty, remoteAddress))
+            }
+          }
+        })
+      // Check if we should back off
+      if (!channel.isWritable) {
+        val backoff = netty.settings.BackoffTimeout
+        if (backoff.length > 0 && !f.await(backoff.length, backoff.unit)) f.cancel() //Waited as long as we could, now back off
+      }
+    } catch {
+      case e: Exception ⇒ netty.notifyListeners(RemoteClientError(e, netty, remoteAddress))
+    }
+  }
+
+  override def toString = name
+}
+
+/**
+ * RemoteClient represents a connection to an Akka node. Is used to send messages to remote actors on the node.
+ */
+class ActiveRemoteClient private[akka] (
+  netty: NettyRemoteTransport,
+  remoteAddress: Address,
+  localAddress: Address)
+  extends RemoteClient(netty, remoteAddress) {
+
+  import netty.settings
+
+  //TODO rewrite to a wrapper object (minimize volatile access and maximize encapsulation)
+  @volatile
+  private var bootstrap: ClientBootstrap = _
+  @volatile
+  private var connection: ChannelFuture = _
+  @volatile
+  private[remote] var openChannels: DefaultChannelGroup = _
+  @volatile
+  private var executionHandler: ExecutionHandler = _
+
+  @volatile
+  private var reconnectionTimeWindowStart = 0L
+
+  def notifyListeners(msg: RemoteLifeCycleEvent): Unit = netty.notifyListeners(msg)
+
+  def currentChannel = connection.getChannel
+
+  /**
+   * Connect to remote server.
+   */
+  def connect(reconnectIfAlreadyConnected: Boolean = false): Boolean = {
+
+    def sendSecureCookie(connection: ChannelFuture) {
+      val handshake = RemoteControlProtocol.newBuilder.setCommandType(CommandType.CONNECT)
+      if (settings.SecureCookie.nonEmpty) handshake.setCookie(settings.SecureCookie.get)
+      handshake.setOrigin(RemoteProtocol.AddressProtocol.newBuilder
+        .setSystem(localAddress.system)
+        .setHostname(localAddress.host.get)
+        .setPort(localAddress.port.get)
+        .build)
+      connection.getChannel.write(netty.createControlEnvelope(handshake.build))
+    }
+
+    def attemptReconnect(): Boolean = {
+      val remoteIP = InetAddress.getByName(remoteAddress.host.get)
+      log.debug(""Remote client reconnecting to [{}|{}]"", remoteAddress, remoteIP)
+      connection = bootstrap.connect(new InetSocketAddress(remoteIP, remoteAddress.port.get))
+      openChannels.add(connection.awaitUninterruptibly.getChannel) // Wait until the connection attempt succeeds or fails.
+
+      if (!connection.isSuccess) {
+        notifyListeners(RemoteClientError(connection.getCause, netty, remoteAddress))
+        false
+      } else {
+        sendSecureCookie(connection)
+        true
+      }
+    }
+
+    runSwitch switchOn {
+      openChannels = new DefaultDisposableChannelGroup(classOf[RemoteClient].getName)
+
+      executionHandler = new ExecutionHandler(netty.executor)
+
+      bootstrap = new ClientBootstrap(netty.clientChannelFactory)
+      bootstrap.setPipelineFactory(new ActiveRemoteClientPipelineFactory(name, bootstrap, executionHandler, remoteAddress, this))
+      bootstrap.setOption(""tcpNoDelay"", true)
+      bootstrap.setOption(""keepAlive"", true)
+      bootstrap.setOption(""connectTimeoutMillis"", settings.ConnectionTimeout.toMillis)
+
+      val remoteIP = InetAddress.getByName(remoteAddress.host.get)
+      log.debug(""Starting remote client connection to [{}|{}]"", remoteAddress, remoteIP)
+
+      connection = bootstrap.connect(new InetSocketAddress(remoteIP, remoteAddress.port.get))
+
+      openChannels.add(connection.awaitUninterruptibly.getChannel) // Wait until the connection attempt succeeds or fails.
+
+      if (!connection.isSuccess) {
+        notifyListeners(RemoteClientError(connection.getCause, netty, remoteAddress))
+        false
+      } else {
+        sendSecureCookie(connection)
+        notifyListeners(RemoteClientStarted(netty, remoteAddress))
+        true
+      }
+    } match {
+      case true ⇒ true
+      case false if reconnectIfAlreadyConnected ⇒
+        connection.getChannel.close()
+        openChannels.remove(connection.getChannel)
+
+        log.debug(""Remote client reconnecting to [{}]"", remoteAddress)
+        attemptReconnect()
+
+      case false ⇒ false
+    }
+  }
+
+  // Please note that this method does _not_ remove the ARC from the NettyRemoteClientModule's map of clients
+  def shutdown() = runSwitch switchOff {
+    log.debug(""Shutting down remote client [{}]"", name)
+
+    notifyListeners(RemoteClientShutdown(netty, remoteAddress))
+    try {
+      if ((connection ne null) && (connection.getChannel ne null))
+        connection.getChannel.close()
+    } finally {
+      try {
+        if (openChannels ne null) openChannels.close.awaitUninterruptibly()
+      } finally {
+        connection = null
+        executionHandler = null
+      }
+    }
+
+    log.debug(""[{}] has been shut down"", name)
+  }
+
+  private[akka] def isWithinReconnectionTimeWindow: Boolean = {
+    if (reconnectionTimeWindowStart == 0L) {
+      reconnectionTimeWindowStart = System.currentTimeMillis
+      true
+    } else {
+      val timeLeft = (settings.ReconnectionTimeWindow.toMillis - (System.currentTimeMillis - reconnectionTimeWindowStart)) > 0
+      if (timeLeft)
+        log.info(""Will try to reconnect to remote server for another [{}] milliseconds"", timeLeft)
+
+      timeLeft
+    }
+  }
+
+  private[akka] def resetReconnectionTimeWindow = reconnectionTimeWindowStart = 0L
+}
+
+@ChannelHandler.Sharable
+class ActiveRemoteClientHandler(
+  val name: String,
+  val bootstrap: ClientBootstrap,
+  val remoteAddress: Address,
+  val timer: HashedWheelTimer,
+  val client: ActiveRemoteClient)
+  extends SimpleChannelUpstreamHandler {
+
+  def runOnceNow(thunk: ⇒ Unit): Unit = timer.newTimeout(new TimerTask() {
+    def run(timeout: Timeout) = try { thunk } finally { timeout.cancel() }
+  }, 0, TimeUnit.MILLISECONDS)
+
+  override def messageReceived(ctx: ChannelHandlerContext, event: MessageEvent) {
+    try {
+      event.getMessage match {
+        case arp: AkkaRemoteProtocol if arp.hasInstruction ⇒
+          val rcp = arp.getInstruction
+          rcp.getCommandType match {
+            case CommandType.SHUTDOWN ⇒ runOnceNow { client.netty.shutdownClientConnection(remoteAddress) }
+            case _                    ⇒ //Ignore others
+          }
+
+        case arp: AkkaRemoteProtocol if arp.hasMessage ⇒
+          client.netty.receiveMessage(new RemoteMessage(arp.getMessage, client.netty.system))
+
+        case other ⇒
+          throw new RemoteClientException(""Unknown message received in remote client handler: "" + other, client.netty, client.remoteAddress)
+      }
+    } catch {
+      case e: Exception ⇒ client.notifyListeners(RemoteClientError(e, client.netty, client.remoteAddress))
+    }
+  }
+
+  override def channelClosed(ctx: ChannelHandlerContext, event: ChannelStateEvent) = client.runSwitch ifOn {
+    if (client.isWithinReconnectionTimeWindow) {
+      timer.newTimeout(new TimerTask() {
+        def run(timeout: Timeout) =
+          if (client.isRunning) {
+            client.openChannels.remove(event.getChannel)
+            client.connect(reconnectIfAlreadyConnected = true)
+          }
+      }, client.netty.settings.ReconnectDelay.toMillis, TimeUnit.MILLISECONDS)
+    } else runOnceNow {
+      client.netty.shutdownClientConnection(remoteAddress) // spawn in another thread
+    }
+  }
+
+  override def channelConnected(ctx: ChannelHandlerContext, event: ChannelStateEvent) = {
+    try {
+      client.notifyListeners(RemoteClientConnected(client.netty, client.remoteAddress))
+      client.resetReconnectionTimeWindow
+    } catch {
+      case e: Exception ⇒ client.notifyListeners(RemoteClientError(e, client.netty, client.remoteAddress))
+    }
+  }
+
+  override def channelDisconnected(ctx: ChannelHandlerContext, event: ChannelStateEvent) = {
+    client.notifyListeners(RemoteClientDisconnected(client.netty, client.remoteAddress))
+  }
+
+  override def exceptionCaught(ctx: ChannelHandlerContext, event: ExceptionEvent) = {
+    val cause = event.getCause
+    if (cause ne null) {
+      client.notifyListeners(RemoteClientError(cause, client.netty, client.remoteAddress))
+      cause match {
+        case e: ReadTimeoutException ⇒
+          runOnceNow {
+            client.netty.shutdownClientConnection(remoteAddress) // spawn in another thread
+          }
+        case e: Exception ⇒ event.getChannel.close()
+      }
+
+    } else client.notifyListeners(RemoteClientError(new Exception(""Unknown cause""), client.netty, client.remoteAddress))
+  }
+}
+
+class ActiveRemoteClientPipelineFactory(
+  name: String,
+  bootstrap: ClientBootstrap,
+  executionHandler: ExecutionHandler,
+  remoteAddress: Address,
+  client: ActiveRemoteClient) extends ChannelPipelineFactory {
+
+  import client.netty.settings
+
+  def getPipeline: ChannelPipeline = {
+    val timeout = new ReadTimeoutHandler(client.netty.timer, settings.ReadTimeout.length, settings.ReadTimeout.unit)
+    val lenDec = new LengthFieldBasedFrameDecoder(settings.MessageFrameSize, 0, 4, 0, 4)
+    val lenPrep = new LengthFieldPrepender(4)
+    val messageDec = new RemoteMessageDecoder
+    val messageEnc = new RemoteMessageEncoder(client.netty)
+    val remoteClient = new ActiveRemoteClientHandler(name, bootstrap, remoteAddress, client.netty.timer, client)
+
+    new StaticChannelPipeline(timeout, lenDec, messageDec, lenPrep, messageEnc, executionHandler, remoteClient)
+  }
+}
+
+class PassiveRemoteClient(val currentChannel: Channel,
+                          netty: NettyRemoteTransport,
+                          remoteAddress: Address)
+  extends RemoteClient(netty, remoteAddress) {
+
+  def connect(reconnectIfAlreadyConnected: Boolean = false): Boolean = runSwitch switchOn {
+    netty.notifyListeners(RemoteClientStarted(netty, remoteAddress))
+    log.debug(""Starting remote client connection to [{}]"", remoteAddress)
+  }
+
+  def shutdown() = runSwitch switchOff {
+    log.debug(""Shutting down remote client [{}]"", name)
+
+    netty.notifyListeners(RemoteClientShutdown(netty, remoteAddress))
+    log.debug(""[{}] has been shut down"", name)
+  }
+}","Is anything of the file above changed? I don't like these sweeping changes :p
",4fb0858e557232e5f4a7e5b364d1697c0e21bdd1
367173,0,"If you add features to the view, please always add a corresponding test to AbstractLayoutTest to make sure the same functionality is supported by all rendering engines. I will add this test now.""",2012-01-19 04:04:51,viktorklang,akka,akka,,https://github.com/akka/akka-core/pull/223#discussion_r367173,2012-01-19T15:04:51Z,2012-01-19T22:37:20Z,viktorklang,CONTRIBUTOR,akka-transactor/src/main/scala/akka/transactor/Coordinated.scala,,129.0,,,15,"@@ -125,7 +126,7 @@ class Coordinated(val message: Any, member: CommitBarrier.Member) {
    *
    * @throws CoordinatedTransactionException if the coordinated transaction fails.
    */
-  def atomic[T](body: InTxn ⇒ T): T = {
+  def atomic[A](body: InTxn ⇒ A): A = {","A is much better than T
",eecb2a624745f1d3f45c4fd99f0b442c0390f606
506731,0,"Because I needed a specific apply method to create the Node instance. Same signature as the generated one but different impl:     def apply(name: String): Node = new Node(hash(name))""",2012-03-01 02:50:39,jboner,akka,akka,,https://github.com/akka/akka-core/pull/329#discussion_r506731,2012-03-01T13:50:39Z,2012-03-12T18:22:17Z,jboner,CONTRIBUTOR,akka-cluster/src/main/scala/akka/cluster/VectorClock.scala,,,,,1,"@@ -5,138 +5,199 @@
 package akka.cluster
 
 import akka.AkkaException
+import akka.event.Logging
+import akka.actor.ActorSystem
+
+import System.{ currentTimeMillis ⇒ newTimestamp }
+import java.security.MessageDigest
+import java.util.concurrent.atomic.AtomicLong
 
 class VectorClockException(message: String) extends AkkaException(message)
 
 /**
  * Trait to be extended by classes that wants to be versioned using a VectorClock.
  */
-trait Versioned {
+trait Versioned[T] {
   def version: VectorClock
+  def +(node: VectorClock.Node): T
 }
 
 /**
  * Utility methods for comparing Versioned instances.
  */
 object Versioned {
-  def latestVersionOf[T <: Versioned](versioned1: T, versioned2: T): T = {
-    (versioned1.version compare versioned2.version) match {
-      case VectorClock.Before     ⇒ versioned2 // version 1 is BEFORE (older), use version 2
-      case VectorClock.After      ⇒ versioned1 // version 1 is AFTER (newer), use version 1
-      case VectorClock.Concurrent ⇒ versioned1 // can't establish a causal relationship between versions => conflict - keeping version 1
+
+  /**
+   * The result of comparing two Versioned objects.
+   * Either:
+   * {{{
+   *   1) v1 is BEFORE v2               => Before
+   *   2) v1 is AFTER t2                => After
+   *   3) v1 happens CONCURRENTLY to v2 => Concurrent
+   * }}}
+   */
+  sealed trait Ordering
+  case object Before extends Ordering
+  case object After extends Ordering
+  case object Concurrent extends Ordering
+
+  /**
+   * Returns or 'Ordering' for the two 'Versioned' instances.
+   */
+  def compare[T <: Versioned[T]](versioned1: Versioned[T], versioned2: Versioned[T]): Ordering = {
+    if (versioned1.version <> versioned2.version) Concurrent
+    else if (versioned1.version < versioned2.version) Before
+    else After
+  }
+
+  /**
+   * Returns the Versioned that have the latest version.
+   */
+  def latestVersionOf[T <: Versioned[T]](versioned1: T, versioned2: T): T = {
+    compare(versioned1, versioned2) match {
+      case Concurrent ⇒ versioned2
+      case Before     ⇒ versioned2
+      case After      ⇒ versioned1
     }
   }
 }
 
 /**
- * Representation of a Vector-based clock (counting clock), inspired by Lamport logical clocks.
- * {{
- * Reference:
- *    1) Leslie Lamport (1978). ""Time, clocks, and the ordering of events in a distributed system"". Communications of the ACM 21 (7): 558-565.
- *    2) Friedemann Mattern (1988). ""Virtual Time and Global States of Distributed Systems"". Workshop on Parallel and Distributed Algorithms: pp. 215-226
- * }}
+ * VectorClock module with helper classes and methods.
+ *
+ * Based on code from the 'vlock' VectorClock library by Coda Hale.
  */
-case class VectorClock(
-  versions: Vector[VectorClock.Entry] = Vector.empty[VectorClock.Entry],
-  timestamp: Long = System.currentTimeMillis) {
-  import VectorClock._
+object VectorClock {
 
-  def compare(other: VectorClock): Ordering = VectorClock.compare(this, other)
+  /**
+   * Hash representation of a versioned node name.
+   */
+  class Node private (val name: String) extends Serializable {","Because I needed a specific apply method to create the Node instance. Same signature as the generated one but different impl: 
   def apply(name: String): Node = new Node(hash(name))
",cf3fa9fa3ce9e9312db0922370c93ce1af9db7c8
419666,0,"Who do you handle capacity violations? (In case of bounded Deque)""",2012-02-06 06:23:31,viktorklang,akka,akka,,https://github.com/akka/akka-core/pull/307#discussion_r419666,2012-02-06T17:23:31Z,2012-02-28T09:22:30Z,viktorklang,CONTRIBUTOR,akka-actor/src/main/scala/akka/actor/Stash.scala,,,,,1,"@@ -0,0 +1,97 @@
+/**
+ * Copyright (C) 2009-2012 Typesafe Inc. <http://www.typesafe.com>
+ */
+package akka.actor
+
+import akka.dispatch.{ Envelope, DequeBasedMessageQueue }
+
+/**
+ *  The `Stash` trait enables an actor to temporarily stash away messages that can not or
+ *  should not be handled using the actor's current behavior.
+ *  <p/>
+ *  Example:
+ *  <pre>
+ *    class ActorWithProtocol extends Actor with Stash {
+ *      def receive = {
+ *        case ""open"" ⇒
+ *          unstashAll {
+ *            case ""write"" ⇒ // do writing...
+ *            case ""close"" ⇒
+ *              unstashAll()
+ *              context.unbecome()
+ *            case msg ⇒ stash()
+ *          }
+ *        case ""done"" ⇒ // done
+ *        case msg    ⇒ stash()
+ *      }
+ *    }
+ *  </pre>
+ *
+ *  Note that the `Stash` trait can only be used together with actors that have a deque-based
+ *  mailbox. Actors can be configured to use a deque-based mailbox using a configuration like
+ *  the following:
+ *  <pre>
+ *  akka {
+ *    actor {
+ *      default-dispatcher {
+ *        mailboxType = ""akka.dispatch.UnboundedDequeBasedMailbox""
+ *      }
+ *    }
+ *  }
+ *  </pre>
+ */
+trait Stash {
+  thisActor: Actor ⇒
+
+  /* The private stash of the actor. It is only accessible using `stash()` and
+   * `unstashAll()`.
+   */
+  private[this] var theStash = Vector.empty[Envelope]
+
+  /* The actor's deque-based message queue.
+   * `mailbox.queue` is the underlying `Deque`.
+   */
+  private[this] val mailbox: DequeBasedMessageQueue = {
+    context.asInstanceOf[ActorCell].mailbox match {
+      case queue: DequeBasedMessageQueue ⇒ queue
+      case other                         ⇒ throw new ActorInitializationException(self, ""UnboundedDequeBasedMailbox required, got: "" + other.getClass())
+    }
+  }
+
+  /**
+   *  Adds the current message (the message that the actor received last) to the
+   *  actor's stash.
+   */
+  def stash(): Unit = theStash :+= context.asInstanceOf[ActorCell].currentMessage
+
+  /**
+   *  Prepends all messages in the stash to the mailbox, and then clears the stash.
+   */
+  def unstashAll(): Unit = {
+    theStash.reverseIterator foreach mailbox.queue.addFirst","Who do you handle capacity violations? (In case of bounded Deque)
",8ea949857b39388ac25bdc08df7feee3757f3ee9
362698,2,"Still don't like this one""",2012-01-18 02:06:53,viktorklang,akka,akka,,https://github.com/akka/akka-core/pull/217#discussion_r362698,2012-01-18T13:06:53Z,2012-01-18T16:57:19Z,viktorklang,CONTRIBUTOR,akka-camel/src/main/scala/akka/camel/internal/component/ActorComponent.scala,,,,,1,"@@ -0,0 +1,303 @@
+package akka.camel.internal.component
+
+/**
+ * Copyright (C) 2009-2010 Scalable Solutions AB <http://scalablesolutions.se>
+ */
+
+import java.util.{Map => JMap}
+
+import org.apache.camel._
+import org.apache.camel.impl.{DefaultProducer, DefaultEndpoint, DefaultComponent}
+
+import akka.actor._
+
+import scala.reflect.BeanProperty
+import akka.dispatch.Await
+import akka.util.{Duration, Timeout}
+import akka.util.duration._
+import akka.camel.{Camel, CamelExchangeAdapter, Ack, Failure, Message, BlockingOrNot, Blocking, NonBlocking}
+import java.util.concurrent.TimeoutException
+
+private[camel] case class Path(actorPath: String) {
+  require(actorPath != null)
+  require(actorPath.length() > 0)
+  def toCamelPath =  ""actor://path:%s"" format actorPath
+}
+
+private[camel] object Path{
+  def apply(actorRef: ActorRef) = new Path(actorRef.path.toString)
+  def fromCamelPath(camelPath : String) =  camelPath match {
+    case id if id startsWith ""path:""   => new Path(id substring 5)
+    case _ => throw new IllegalArgumentException(""Invalid path: [%s] - should be path:<actorPath>"" format camelPath)
+  }
+}
+
+
+
+/**
+ * Camel component for sending messages to and receiving replies from (untyped) actors.
+ *
+ * @see akka.camel.component.ActorEndpoint
+ * @see akka.camel.component.ActorProducer
+ *
+ * @author Martin Krasser
+ */
+class ActorComponent(camel : Camel) extends DefaultComponent {
+  def createEndpoint(uri: String, remaining: String, parameters: JMap[String, Object]): ActorEndpoint = {
+    val path = Path.fromCamelPath(remaining)
+    new ActorEndpoint(uri, this, path, camel)
+  }
+}
+
+
+/**
+ * TODO fix the doc to be consistent with implementation
+ * Camel endpoint for sending messages to and receiving replies from (untyped) actors. Actors
+ * are referenced using <code>actor</code> endpoint URIs of the following format:
+ * <code>actor:<actor-id></code>,
+ * <code>actor:id:[<actor-id>]</code> and
+ * <code>actor:uuid:[<actor-uuid>]</code>,
+ * where <code><actor-id></code> refers to <code>ActorRef.id</code> and <code><actor-uuid></code>
+ * refers to the String-representation od <code>ActorRef.uuid</code>. In URIs that contain
+ * <code>id:</code> or <code>uuid:</code>, an actor identifier (id or uuid) is optional. In this
+ * case, the in-message of an exchange produced to this endpoint must contain a message header
+ * with name <code>CamelActorIdentifier</code> and a value that is the target actor's identifier.
+ * If the URI contains an actor identifier, a message with a <code>CamelActorIdentifier</code>
+ * header overrides the identifier in the endpoint URI.
+ *
+ * @see akka.camel.component.ActorComponent
+ * @see akka.camel.component.ActorProducer
+
+ * @author Martin Krasser
+ */
+class ActorEndpoint(uri: String,
+                    comp: ActorComponent,
+                    val path: Path,
+                    camel : Camel) extends DefaultEndpoint(uri, comp)  with ActorEndpointConfig{
+
+
+
+  /**
+   * @throws UnsupportedOperationException
+   */
+  def createConsumer(processor: Processor): org.apache.camel.Consumer =
+    throw new UnsupportedOperationException(""actor consumer not supported yet"")
+
+  /**
+   * Creates a new ActorProducer instance initialized with this endpoint.
+   */
+  def createProducer: ActorProducer = new ActorProducer(this, camel)
+
+  /**
+   * Returns true.
+   */
+  def isSingleton: Boolean = true
+}
+
+trait ActorEndpointConfig{
+  def getEndpointUri : String
+  def path : Path
+  /**
+   * When endpoint is outCapable (can produce responses) outTimeout is the maximum time
+   * the endpoint can take to send the response back. It defaults to Int.MaxValue seconds.
+   * It can be overwritten by setting @see blocking property
+   */
+  @BeanProperty var outTimeout: Duration = Int.MaxValue seconds
+
+
+  /**
+   * Whether to block caller thread during two-way message exchanges with (untyped) actors. This is
+   * set via the <code>blocking=true|false</code> endpoint URI parameter. Default value is
+   * <code>false</code>.
+   */
+  @BeanProperty var blocking: BlockingOrNot = NonBlocking","Still don't like this one
",457354db8ba6b42dbacc246c11f0ff15e38ebab4
362858,1,"to be cool:)""",2012-01-18 03:06:15,piotrga,akka,akka,,https://github.com/akka/akka-core/pull/217#discussion_r362858,2012-01-18T14:06:15Z,2012-01-18T16:57:21Z,piotrga,CONTRIBUTOR,akka-camel/src/main/scala/akka/camelexamples/_2_SupervisedConsumers.scala,,26.0,,,26,"@@ -0,0 +1,37 @@
+package akka.camelexamples
+
+import akka.actor.{PoisonPill, Terminated, Props, ActorSystem, Actor}
+import ExamplesSupport._
+import RichString._
+
+
+object SupervisedConsumersExample extends App{
+
+  val system = ActorSystem(""test1"")
+
+  system.actorOf(Props(new Actor{
+    context.watch(context.actorOf(Props(faultHandler = retry3xWithin1s, creator = () => new EndpointManager)))
+    protected def receive = {
+      case Terminated(ref) => system.shutdown()
+    }
+  }))
+
+
+  ""data/input/CamelConsumer/file1.txt"" << ""test data ""+math.random
+}
+
+class EndpointManager extends Actor {
+
+  override def preStart() {
+    self ! Props[SysOutConsumer]","to be cool:)
",457354db8ba6b42dbacc246c11f0ff15e38ebab4
363036,0,"Like something you put in your configuration file""",2012-01-18 03:57:59,viktorklang,akka,akka,,https://github.com/akka/akka-core/pull/217#discussion_r363036,2012-01-18T14:57:59Z,2012-01-18T16:57:21Z,viktorklang,CONTRIBUTOR,akka-camel/src/main/scala/akka/camel/Consumer.scala,,33.0,,,1,"@@ -1,144 +1,71 @@
 /**
- * Copyright (C) 2009-2010 Typesafe Inc. <http://www.typesafe.com>
+ * Copyright (C) 2009-2010 Scalable Solutions AB <http://scalablesolutions.se>
  */
 
 package akka.camel
 
-import org.apache.camel.model.{ RouteDefinition, ProcessorDefinition }
+import org.apache.camel.model.{RouteDefinition, ProcessorDefinition}
 
 import akka.actor._
+import akka.util.Duration
+import akka.util.duration._
 
 /**
  * Mixed in by Actor implementations that consume message from Camel endpoints.
  *
  * @author Martin Krasser
  */
-trait Consumer { this: Actor ⇒
-  import RouteDefinitionHandler._
+trait Consumer extends Actor with ConsumerConfig{
 
-  /**
-   * The default route definition handler is the identity function
-   */
-  private[camel] var routeDefinitionHandler: RouteDefinitionHandler = identity
+  def endpointUri : String
 
-  /**
-   * Returns the Camel endpoint URI to consume messages from.
-   */
-  def endpointUri: String
-
-  /**
-   * Determines whether two-way communications between an endpoint and this consumer actor
-   * should be done in blocking or non-blocking mode (default is non-blocking). This method
-   * doesn't have any effect on one-way communications (they'll never block).
-   */
-  def blocking = false
+  CamelExtension(context.system).registerConsumer(endpointUri, this, activationTimeout)
+}
 
-  /**
-   * Determines whether one-way communications between an endpoint and this consumer actor
-   * should be auto-acknowledged or system-acknowledged.
-   */
-  def autoack = true
 
-  /**
-   * Sets the route definition handler for creating a custom route to this consumer instance.
-   */
-  def onRouteDefinition(h: RouteDefinition ⇒ ProcessorDefinition[_]): Unit = onRouteDefinition(from(h))
+trait ConsumerConfig{
+  //TODO: Explain the parameters better with some examples!
 
   /**
-   * Sets the route definition handler for creating a custom route to this consumer instance.
-   * <p>
-   * Java API.
+   * How long should the actor wait for activation before it fails.
    */
-  def onRouteDefinition(h: RouteDefinitionHandler): Unit = routeDefinitionHandler = h
-}
-
-/**
- * Java-friendly Consumer.
- *
- * Subclass this abstract class to create an MDB-style untyped consumer actor. This
- * class is meant to be used from Java.
- *
- * @author Martin Krasser
- */
-abstract class UntypedConsumerActor extends UntypedActor with Consumer {
-  final override def endpointUri = getEndpointUri
-  final override def blocking = isBlocking
-  final override def autoack = isAutoack
+  def activationTimeout: Duration = 10 seconds","Like something you put in your configuration file
",457354db8ba6b42dbacc246c11f0ff15e38ebab4
363247,0,"If there are no references to it, it means that it's been terminated, if it has been terminated then DeathWAtch has been triggered. No need for WeakHashMap""",2012-01-18 04:39:46,viktorklang,akka,akka,,https://github.com/akka/akka-core/pull/217#discussion_r363247,2012-01-18T15:39:46Z,2012-01-18T16:57:22Z,viktorklang,CONTRIBUTOR,akka-camel/src/main/scala/akka/camel/internal/ActivationTracker.scala,,80.0,,,80,"@@ -0,0 +1,80 @@
+package akka.camel.internal
+
+import akka.actor._
+import akka.camel._
+import collection.mutable.WeakHashMap
+import akka.event.Logging.Warning
+
+
+
+class ActivationTracker extends Actor{
+
+  val activations = new WeakHashMap[ActorRef,  ActivationStateMachine]
+
+  class ActivationStateMachine {
+    private[this] var awaitingActivation : List[ActorRef] = Nil
+    private[this] var awaitingDeActivation : List[ActorRef] = Nil
+    private[this] var activationFailure : Option[Throwable] = None
+
+    var receive : Receive = notActivated
+
+    def notActivated : Receive = {
+      case AwaitActivation(ref) =>  awaitingActivation ::= sender
+      case AwaitDeActivation(ref) => awaitingDeActivation ::= sender
+
+      case msg @ EndpointActivated(ref)  => {
+        migration.Migration.EventHandler.debug(ref+"" activated"")
+        awaitingActivation.foreach(_ ! msg)
+        awaitingActivation = Nil
+        receive = activated
+      }
+
+      case EndpointFailedToActivate(ref, cause) => {
+        migration.Migration.EventHandler.debug(ref+"" failed to activate"")
+        activationFailure = Option(cause)
+        awaitingActivation.foreach(_ ! EndpointFailedToActivate(ref, cause))
+        awaitingActivation = Nil
+        receive = failedToActivate
+      }
+    }
+
+    def activated : Receive = {
+      case AwaitActivation(ref) => sender ! EndpointActivated(ref)
+      case AwaitDeActivation(ref) => awaitingDeActivation ::= sender
+      case EndpointDeActivated(ref) => {
+        awaitingDeActivation foreach (_ ! EndpointDeActivated(ref))
+        awaitingDeActivation = Nil
+        context.stop(self)
+      }
+      case msg : EndpointFailedToDeActivate => {
+        awaitingDeActivation foreach (_ ! msg)
+        awaitingDeActivation = Nil
+      }
+    }
+
+    def failedToActivate : Receive = {
+      case AwaitActivation(ref) => sender ! EndpointFailedToActivate(ref, activationFailure.get)
+      case AwaitDeActivation(ref) => sender ! EndpointFailedToActivate(ref, activationFailure.get)
+    }
+
+  }
+
+  override def preStart() {
+    context.system.eventStream.subscribe(self, classOf[ActivationMessage])
+  }
+
+  override def receive = {
+    case msg @ ActivationMessage(ref) =>{
+      try{
+        activations.getOrElseUpdate(ref, new ActivationStateMachine).receive(msg)","If there are no references to it, it means that it's been terminated, if it has been terminated then DeathWAtch has been triggered. No need for WeakHashMap
",457354db8ba6b42dbacc246c11f0ff15e38ebab4
314470,0,"Perhaps a ref to the remoting docs could be of interest here.""",2011-12-25 04:25:52,viktorklang,akka,akka,,https://github.com/akka/akka-core/pull/187#discussion_r314470,2011-12-25T15:25:52Z,2011-12-25T15:25:52Z,viktorklang,CONTRIBUTOR,akka-docs/java/untyped-actors.rst,,222.0,,,27,"@@ -205,9 +210,16 @@ result::
   getContext().actorFor(""/user/serviceA/aggregator"") // will look up this absolute path
   getContext().actorFor(""../joe"")                    // will look up sibling beneath same supervisor
 
+The supplied path is parsed as a :class:`java.net.URI`, which basically means
+that it is split on ``/`` into path elements. If the path starts with ``/``, it
+is absolute and the look-up starts at the root guardian (which is the parent of
+``""/user""``); otherwise it starts at the current actor. If a path element equals
+``..``, the look-up will take a step “up” towards the supervisor of the
+currently traversed actor, otherwise it will step “down” to the named child.
 It should be noted that the ``..`` in actor paths here always means the logical
-structure, i.e. the supervisor. Remote actor addresses may also be looked up,
-if remoting is enabled::
+structure, i.e. the supervisor.
+
+Remote actor addresses may also be looked up, if remoting is enabled::","Perhaps a ref to the remoting docs could be of interest here.
",1be9c1d99db3db0384b5ba10790b2de70db30147
308613,0,"Is this threadsafe?""",2011-12-21 02:19:34,viktorklang,akka,akka,,https://github.com/akka/akka-core/pull/182#discussion_r308613,2011-12-21T13:19:34Z,2011-12-21T22:47:21Z,viktorklang,CONTRIBUTOR,akka-actor-tests/src/test/scala/akka/actor/dispatch/ActorModelSpec.scala,,,,,1,"@@ -422,23 +423,48 @@ abstract class ActorModelSpec extends AkkaSpec with DefaultTimeout {
   }
 }
 
+object DispatcherModelSpec {
+  val config = """"""
+    dispatcher {
+      type = Dispatcher
+    }
+    boss {
+      type = PinnedDispatcher
+    }
+    """"""
+}
+
 @org.junit.runner.RunWith(classOf[org.scalatest.junit.JUnitRunner])
-class DispatcherModelSpec extends ActorModelSpec {
+class DispatcherModelSpec extends ActorModelSpec(DispatcherModelSpec.config) {
   import ActorModelSpec._
 
-  def newInterceptedDispatcher = ThreadPoolConfigDispatcherBuilder(config ⇒
-    new Dispatcher(system.dispatcherFactory.prerequisites, ""foo"", system.settings.DispatcherThroughput,
-      system.settings.DispatcherThroughputDeadlineTime, system.dispatcherFactory.MailboxType,
-      config, system.settings.DispatcherDefaultShutdown) with MessageDispatcherInterceptor,
-    ThreadPoolConfig()).build.asInstanceOf[MessageDispatcherInterceptor]
+  var dispatcherCount = 0
+
+  override def registerInterceptedDispatcher(): MessageDispatcherInterceptor = {
+    // use new key for each invocation, since the MessageDispatcherInterceptor holds state
+    dispatcherCount += 1","Is this threadsafe?
",ed2fb14dcf0120a6c126fe9c99038d897dbcdf0d
295443,0,"Fixed""",2011-12-14 13:37:48,viktorklang,akka,akka,,https://github.com/akka/akka-core/pull/160#discussion_r295443,2011-12-15T00:37:48Z,2011-12-15T16:19:19Z,viktorklang,CONTRIBUTOR,akka-docs/scala/typed-actors.rst,,,,,1,"@@ -4,186 +4,160 @@ Typed Actors (Scala)
 .. sidebar:: Contents
 
    .. contents:: :local:
-   
-The Typed Actors are implemented through `Typed Actors <http://en.wikipedia.org/wiki/Active_object>`_. It uses AOP through `AspectWerkz <http://aspectwerkz.codehaus.org/>`_ to turn regular POJOs into asynchronous non-blocking Actors with semantics of the Actor Model. Each method dispatch is turned into a message that is put on a queue to be processed by the Typed Actor sequentially one by one.
 
-If you are using the `Spring Framework <http://springsource.org>`_ then take a look at Akka's `Spring integration <spring-integration>`_.
+Akka Typed Actors is an implementation of the `Active Objects <http://en.wikipedia.org/wiki/Active_object>`_ pattern.
+Essentially turning method invocations into asynchronous dispatch instead of synchronous that has been the default way since Smalltalk came out.
 
-**WARNING:** Do not configure to use a ``BalancingDispatcher`` with your ``TypedActors``, it just isn't safe with how ``TypedActors`` currently are implemented. This limitation will most likely be removed in the future.
+Typed Actors consist of 2 ""parts"", a public interface and an implementation, and if you've done any work in ""enterprise"" Java, this will be very familiar to you. As with normal Actors you have an external API (the public interface instance) that will delegate methodcalls asynchronously to
+a private instance of the implementation.
 
-Creating Typed Actors
----------------------
-
-**IMPORTANT:** The Typed Actors class must have access modifier 'public' (which is default) and can't be an inner class (unless it is an inner class in an 'object').
+The advantage of Typed Actors vs. Actors is that with TypedActors you have a static contract, and don't need to define your own messages, the downside is that it places some limitations on what you can do and what you can't, i.e. you can't use become/unbecome.
 
-Akka turns POJOs with interface and implementation into asynchronous (Typed) Actors. Akka is using `AspectWerkz’s Proxy <http://blogs.codehaus.org/people/jboner/archives/000914_awproxy_proxy_on_steriods.html>`_ implementation, which is the `most performant <http://docs.codehaus.org/display/AW/AOP+Benchmark>`_ proxy implementation there exists.
+Typed Actors are implemented using `JDK Proxies <http://docs.oracle.com/javase/6/docs/api/java/lang/reflect/Proxy.html>`_ which provide a pretty easy-worked API to intercept method calls.
 
-In order to create a Typed Actor you have to subclass the ``TypedActor`` base class.
 
-Here is an example.
+The tools of the trade
+----------------------
 
-If you have a POJO with an interface implementation separation like this:
+Before we create our first Typed Actor we should first go through the tools that we have at our disposal,
+it's located in ``akka.actor.TypedActor``.
 
-.. code-block:: scala
+.. includecode:: code/TypedActorDocSpec.scala
+   :include: typed-actor-extension-tools
 
-  import akka.actor.TypedActor
+.. warning::
+    
+    Same as not exposing ``this`` of an Akka Actor, it's important not to expose ``this`` of a Typed Actor,
+    instead you should pass the external proxy reference, which is obtained from within your Typed Actor as
+    ``TypedActor.self``, this is your external identity, as the ``ActorRef`` is the external identity of
+    and Akka Actor.","Fixed
",9d2ab2e7145ed1e200ed29aee42f9a5734f108ab
297170,0,"Not only that, but I don't believe that Lift uses akka futures anyway. """"or"""" is definitely better than """"orElse"""" though I still like """"race."""" """,2011-12-15 06:41:39,nuttycom,akka,akka,,https://github.com/akka/akka-core/pull/147#discussion_r297170,2011-12-15T17:41:39Z,2011-12-15T17:41:39Z,nuttycom,NONE,akka-actor/src/main/scala/akka/dispatch/Future.scala,,398.0,,,615,"@@ -524,67 +339,63 @@ sealed trait Future[+T] extends japi.Future[T] {
   def value: Option[Either[Throwable, T]]
 
   /**
-   * Returns the successful result of this Future if it exists.
-   */
-  final def result: Option[T] = value match {
-    case Some(Right(r)) ⇒ Some(r)
-    case _              ⇒ None
-  }
-
-  /**
-   * Returns the contained exception of this Future if it exists.
-   */
-  final def exception: Option[Throwable] = value match {
-    case Some(Left(e)) ⇒ Some(e)
-    case _             ⇒ None
-  }
-
-  /**
    * When this Future is completed, apply the provided function to the
    * Future. If the Future has already been completed, this will apply
-   * immediately. Will not be called in case of a timeout, which also holds if
-   * corresponding Promise is attempted to complete after expiry. Multiple
+   * immediately. Multiple
    * callbacks may be registered; there is no guarantee that they will be
    * executed in a particular order.
    */
-  def onComplete(func: Future[T] ⇒ Unit): this.type
+  def onComplete(func: Either[Throwable, T] ⇒ Unit): this.type
 
   /**
    * When the future is completed with a valid result, apply the provided
    * PartialFunction to the result. See `onComplete` for more details.
    * <pre>
-   *   future onResult {
+   *   future onSuccess {
    *     case Foo ⇒ target ! ""foo""
    *     case Bar ⇒ target ! ""bar""
    *   }
    * </pre>
    */
-  final def onResult(pf: PartialFunction[T, Unit]): this.type = onComplete {
-    _.value match {
-      case Some(Right(r)) if pf isDefinedAt r ⇒ pf(r)
-      case _                                  ⇒
-    }
+  final def onSuccess[U](pf: PartialFunction[T, U]): this.type = onComplete {
+    case Right(r) if pf isDefinedAt r ⇒ pf(r)
+    case _                            ⇒
   }
 
   /**
    * When the future is completed with an exception, apply the provided
    * PartialFunction to the exception. See `onComplete` for more details.
    * <pre>
-   *   future onException {
+   *   future onFailure {
    *     case NumberFormatException ⇒ target ! ""wrong format""
    *   }
    * </pre>
    */
-  final def onException(pf: PartialFunction[Throwable, Unit]): this.type = onComplete {
-    _.value match {
-      case Some(Left(ex)) if pf isDefinedAt ex ⇒ pf(ex)
-      case _                                   ⇒
-    }
+  final def onFailure[U](pf: PartialFunction[Throwable, U]): this.type = onComplete {
+    case Left(ex) if pf isDefinedAt ex ⇒ pf(ex)
+    case _                             ⇒
   }
 
-  def onTimeout(func: Future[T] ⇒ Unit): this.type
+  /**
+   * Returns a failure projection of this Future
+   * If `this` becomes completed with a failure, that failure will be the success of the returned Future
+   * If `this` becomes completed with a result, then the returned future will fail with a NoSuchElementException
+   */
+  final def failed: Future[Throwable] = {
+    val p = Promise[Throwable]()
+    this.onComplete {
+      case Left(t)  ⇒ p success t
+      case Right(r) ⇒ p failure new NoSuchElementException(""Future.failed not completed with a throwable. Instead completed with: "" + r)
+    }
+    p
+  }
 
-  def orElse[A >: T](fallback: ⇒ A): Future[A]
+  /**
+   * Creates a Future that will be the result of the first completed Future of this and the Future that was passed into this.
+   * This is semantically the same as: Future.firstCompletedOf(Seq(this, that))
+   */
+  //FIXME implement as The result of any of the Futures, or if oth failed, the first failure
+  def orElse[A >: T](that: Future[A]): Future[A] = Future.firstCompletedOf(List(this, that)) //TODO Optimize","Not only that, but I don't believe that Lift uses akka futures anyway. ""or"" is definitely better than ""orElse"" though I still like ""race."" 
",0af92f24400f1b05d1919be54dfd822037f0076f
284870,0,"Null-object pattern"""" sounds more academic""",2011-12-10 06:40:39,viktorklang,akka,akka,,https://github.com/akka/akka-core/pull/144#discussion_r284870,2011-12-10T17:40:39Z,2011-12-13T15:06:06Z,viktorklang,CONTRIBUTOR,akka-actor/src/main/scala/akka/routing/Routing.scala,,,,,1,"@@ -73,62 +76,105 @@ object RouterType {
  */
 case class RoutedProps private[akka] (
   routerFactory: () ⇒ Router,
-  connectionManager: ConnectionManager,
-  timeout: Timeout = RoutedProps.defaultTimeout,
-  localOnly: Boolean = RoutedProps.defaultLocalOnly) {
+  connectionManager: ConnectionManager) {
 
   // Java API
-  def this(creator: Creator[Router], connectionManager: ConnectionManager, timeout: Timeout, localOnly: Boolean) {
-    this(() ⇒ creator.create(), connectionManager, timeout, localOnly)
+  def this(creator: Creator[Router], connectionManager: ConnectionManager) {
+    this(() ⇒ creator.create(), connectionManager)
   }
+}
+
+///**
+// * The Router is responsible for sending a message to one (or more) of its connections. Connections are stored in the
+// * {@link FailureDetector} and each Router should be linked to only one {@link FailureDetector}.
+// *
+// * @author <a href=""http://jonasboner.com"">Jonas Bon&#233;r</a>
+// */
+//trait Router {
+//
+//  /**
+//   * Initializes this Router with a given set of Connections. The Router can use this datastructure to ask for
+//   * the current connections, signal that there were problems with one of the connections and see if there have
+//   * been changes in the connections.
+//   *
+//   * This method is not threadsafe, and should only be called once
+//   *
+//   * JMM Guarantees:
+//   * This method guarantees that all changes made in this method, are visible before one of the routing methods is called.
+//   */
+//  def init(connectionManager: ConnectionManager)
+//
+//  /**
+//   * Routes the message to one of the connections.
+//   *
+//   * @throws RoutingException if something goes wrong while routing the message
+//   */
+//  def route(message: Any)(implicit sender: ActorRef)
+//
+//  /**
+//   * Routes the message using a timeout to one of the connections and returns a Future to synchronize on the
+//   * completion of the processing of the message.
+//   *
+//   * @throws RoutingExceptionif something goes wrong while routing the message.
+//   */
+//  def route[T](message: Any, timeout: Timeout): Future[T]
+//}
+//
+///**
+// * An {@link AkkaException} thrown when something goes wrong while routing a message
+// */
+//class RoutingException(message: String) extends AkkaException(message)
+//
 
+/**
+ * A RoutedActorRef is an ActorRef that has a set of connected ActorRef and it uses a Router to send a message to
+ * on (or more) of these actors.
+ */
+private[akka] class RoutedActorRef(_system: ActorSystemImpl, _props: Props, _supervisor: InternalActorRef, _path: ActorPath)
+  extends LocalActorRef(
+    _system,
+    _props.copy(creator = _props.routerConfig),
+    _supervisor,
+    _path) {
+
+  val route: Routing.Route = _props.routerConfig.createRoute(_props.creator, actorContext)
+
+  override def !(message: Any)(implicit sender: ActorRef = null) {
+    route(message) match {
+      case null                        ⇒ super.!(message)(sender)
+      case ref: ActorRef               ⇒ ref.!(message)(sender)
+      case refs: Traversable[ActorRef] ⇒ refs foreach (_.!(message)(sender))
+    }
+  }
 }
 
-object RoutedProps {
-  final val defaultTimeout = Timeout(Duration.MinusInf)
-  final val defaultLocalOnly = false
+trait RouterConfig extends Function0[Actor] {
+  def adaptFromDeploy(deploy: Option[Deploy]): RouterConfig
+  def createRoute(creator: () ⇒ Actor, actorContext: ActorContext): Routing.Route
 }
 
 /**
- * The Router is responsible for sending a message to one (or more) of its connections. Connections are stored in the
- * {@link FailureDetector} and each Router should be linked to only one {@link FailureDetector}.
- *
- * @author <a href=""http://jonasboner.com"">Jonas Bon&#233;r</a>
+ * Routing configuration that indicates no routing.
+ * Oxymoron style.","""Null-object pattern"" sounds more academic
",134fac4bfe8d6f8b4e9b96dfbfdf532d48ae3c86
269700,2,"DO NOT USE THIS EXCEPT INTERNALLY IN AKKA""",2011-12-05 02:03:00,viktorklang,akka,akka,,https://github.com/akka/akka-core/pull/119#discussion_r269700,2011-12-05T13:03:00Z,2011-12-05T21:48:29Z,viktorklang,CONTRIBUTOR,akka-actor/src/main/scala/akka/actor/ActorRef.scala,,163.0,,,102,"@@ -118,14 +111,76 @@ abstract class ActorRef extends java.lang.Comparable[ActorRef] with Serializable
    */
   def isTerminated: Boolean
 
-  override def hashCode: Int = HashCode.hash(HashCode.SEED, address)
+  // FIXME RK check if we should scramble the bits or whether they can stay the same
+  override def hashCode: Int = path.hashCode
 
-  override def equals(that: Any): Boolean = {
-    that.isInstanceOf[ActorRef] &&
-      that.asInstanceOf[ActorRef].address == address
+  override def equals(that: Any): Boolean = that match {
+    case other: ActorRef ⇒ path == other.path
+    case _               ⇒ false
   }
 
-  override def toString = ""Actor[%s]"".format(address)
+  override def toString = ""Actor[%s]"".format(path)
+}
+
+/**
+ * This trait represents the Scala Actor API
+ * There are implicit conversions in ../actor/Implicits.scala
+ * from ActorRef -> ScalaActorRef and back
+ */
+trait ScalaActorRef { ref: ActorRef ⇒
+
+  /**
+   * Sends a one-way asynchronous message. E.g. fire-and-forget semantics.
+   * <p/>
+   *
+   * If invoked from within an actor then the actor reference is implicitly passed on as the implicit 'sender' argument.
+   * <p/>
+   *
+   * This actor 'sender' reference is then available in the receiving actor in the 'sender' member variable,
+   * if invoked from within an Actor. If not then no sender is available.
+   * <pre>
+   *   actor ! message
+   * </pre>
+   * <p/>
+   */
+  def !(message: Any)(implicit sender: ActorRef = null): Unit
+
+  /**
+   * Sends a message asynchronously, returning a future which may eventually hold the reply.
+   */
+  def ?(message: Any)(implicit timeout: Timeout): Future[Any]
+
+  /**
+   * Sends a message asynchronously, returning a future which may eventually hold the reply.
+   * The implicit parameter with the default value is just there to disambiguate it from the version that takes the
+   * implicit timeout
+   */
+  def ?(message: Any, timeout: Timeout)(implicit ignore: Int = 0): Future[Any] = ?(message)(timeout)
+}
+
+/**
+ * Internal trait for assembling all the functionality needed internally on
+ * ActorRefs. NOTE THAT THIS IS NOT A STABLE EXTERNAL INTERFACE!","DO NOT USE THIS EXCEPT INTERNALLY IN AKKA
",9d7597c7282711889d74bd9b4d7bdae5ea254104
479831,0,"Can such a scenario exist such that both connection and reconnectionFuture is Some(...) ? If not, you might want to encode it as Option[Either[Connection, Cancellable]]""",2012-02-22 23:26:23,viktorklang,akka,akka,,https://github.com/akka/akka-core/pull/350#discussion_r479831,2012-02-23T10:26:23Z,2012-03-06T19:30:30Z,viktorklang,CONTRIBUTOR,akka-amqp/src/main/scala/akka/amqp/FaultTolerantConnectionActor.scala,,,,,1,"@@ -0,0 +1,160 @@
+/**
+ * Copyright (C) 2009-2010 Scalable Solutions AB <http://scalablesolutions.se>
+ */
+
+package akka.amqp
+
+import java.io.IOException
+import com.rabbitmq.client._
+import akka.event.Logging
+import akka.actor._
+import akka.util.duration._
+import akka.amqp.AMQP.{ ConsumerParameters, ProducerParameters, ConnectionParameters }
+import java.util.UUID
+
+private[amqp] class FaultTolerantConnectionActor(connectionParameters: ConnectionParameters) extends Actor {
+  import connectionParameters._
+
+  val log = Logging(context.system, this)
+
+  val connectionFactory: ConnectionFactory = new ConnectionFactory()
+  connectionFactory.setUsername(username)
+  connectionFactory.setPassword(password)
+  connectionFactory.setVirtualHost(virtualHost)
+
+  var connection: Option[Connection] = None
+  var reconnectionFuture: Option[Cancellable] = None","Can such a scenario exist such that both connection and reconnectionFuture is Some(...) ? If not, you might want to encode it as Option[Either[Connection, Cancellable]]
",e039c380c868b28285dab6fc313025d981ef022b
490636,0,"This should most definitely go into test/resources and not main/resources""",2012-02-27 00:03:53,viktorklang,akka,akka,,https://github.com/akka/akka-core/pull/350#discussion_r490636,2012-02-27T11:03:53Z,2012-03-06T19:30:33Z,viktorklang,CONTRIBUTOR,akka-amqp/src/main/resources/application.conf,,,,,1,"@@ -0,0 +1,15 @@
+example {
+    akka {
+        loglevel = INFO
+        actor {
+            debug {
+                receive = off
+                autoreceive = off
+                lifecycle = off
+            }
+        }
+        amqp {
+            timeout = 2000
+        }
+    }
+}","This should most definitely go into test/resources and not main/resources
",e039c380c868b28285dab6fc313025d981ef022b
503277,1,"This is so badass I don't even know where to begin""",2012-02-29 09:01:24,viktorklang,akka,akka,,https://github.com/akka/akka-core/pull/329#discussion_r503277,2012-02-29T20:01:24Z,2012-03-12T18:22:14Z,viktorklang,CONTRIBUTOR,akka-cluster/src/main/scala/akka/cluster/Node.scala,,,,,1,"@@ -0,0 +1,803 @@
+/**
+ * Copyright (C) 2009-2012 Typesafe Inc. <http://www.typesafe.com>
+ */
+
+package akka.cluster
+
+import akka.actor._
+import akka.actor.Status._
+import akka.remote._
+import akka.routing._
+import akka.event.Logging
+import akka.dispatch.Await
+import akka.pattern.ask
+import akka.util._
+import akka.config.ConfigurationException
+
+import java.util.concurrent.atomic.{ AtomicReference, AtomicBoolean }
+import java.util.concurrent.TimeUnit._
+import java.util.concurrent.TimeoutException
+import java.security.SecureRandom
+
+import scala.collection.immutable.{ Map, SortedSet }
+import scala.annotation.tailrec
+
+import com.google.protobuf.ByteString
+
+/**
+ * Interface for membership change listener.
+ */
+trait MembershipChangeListener {
+  def notify(members: SortedSet[Member]): Unit
+}
+
+/**
+ * Interface for meta data change listener.
+ */
+trait MetaDataChangeListener { // FIXME add management and notification for MetaDataChangeListener
+  def notify(meta: Map[String, Array[Byte]]): Unit
+}
+
+// FIXME create Protobuf messages out of all the Gossip stuff - but wait until the prototol is fully stablized.
+
+/**
+ * Base trait for all cluster messages. All ClusterMessage's are serializable.
+ */
+sealed trait ClusterMessage extends Serializable
+
+/**
+ * Cluster commands sent by the USER.
+ */
+object ClusterAction {
+
+  /**
+   * Command to join the cluster. Sent when a node (reprsesented by 'address')
+   * wants to join another node (the receiver).
+   */
+  case class Join(address: Address) extends ClusterMessage
+
+  /**
+   * Command to set a node to Up (from Joining).
+   */
+  case object Up extends ClusterMessage
+
+  /**
+   * Command to leave the cluster.
+   */
+  case object Leave extends ClusterMessage
+
+  /**
+   * Command to mark node as temporary down.
+   */
+  case object Down extends ClusterMessage
+
+  /**
+   * Command to mark a node to be removed from the cluster immediately.
+   */
+  case object Exit extends ClusterMessage
+
+  /**
+   * Command to remove a node from the cluster immediately.
+   */
+  case object Remove extends ClusterMessage
+}
+
+/**
+ * Represents the address and the current status of a cluster member node.
+ */
+case class Member(address: Address, status: MemberStatus) extends ClusterMessage
+
+/**
+ * Envelope adding a sender address to the gossip.
+ */
+case class GossipEnvelope(sender: Member, gossip: Gossip) extends ClusterMessage
+
+/**
+ * Defines the current status of a cluster member node
+ *
+ * Can be one of: Joining, Up, Leaving, Exiting and Down.
+ */
+sealed trait MemberStatus extends ClusterMessage
+object MemberStatus {
+  case object Joining extends MemberStatus
+  case object Up extends MemberStatus
+  case object Leaving extends MemberStatus
+  case object Exiting extends MemberStatus
+  case object Down extends MemberStatus
+  case object Removed extends MemberStatus
+}
+
+// sealed trait PartitioningStatus
+// object PartitioningStatus {
+//   case object Complete extends PartitioningStatus
+//   case object Awaiting extends PartitioningStatus
+// }
+
+// case class PartitioningChange(
+//   from: Address,
+//   to: Address,
+//   path: PartitionPath,
+//   status: PartitioningStatus)
+
+/**
+ * Represents the overview of the cluster, holds the cluster convergence table and set with unreachable nodes.
+ */
+case class GossipOverview(
+  seen: Map[Address, VectorClock] = Map.empty[Address, VectorClock],
+  unreachable: Set[Address] = Set.empty[Address]) {
+
+  override def toString =
+    ""GossipOverview(seen = ["" + seen.mkString("", "") +
+      ""], unreachable = ["" + unreachable.mkString("", "") +
+      ""])""
+}
+
+/**
+ * Represents the state of the cluster; cluster ring membership, ring convergence, meta data - all versioned by a vector clock.
+ */
+case class Gossip(
+  overview: GossipOverview = GossipOverview(),
+  members: SortedSet[Member], // sorted set of members with their status, sorted by name
+  //partitions: Tree[PartitionPath, Node] = Tree.empty[PartitionPath, Node], // name/partition service
+  //pending: Set[PartitioningChange] = Set.empty[PartitioningChange],
+  meta: Map[String, Array[Byte]] = Map.empty[String, Array[Byte]],
+  version: VectorClock = VectorClock()) // vector clock version
+  extends ClusterMessage // is a serializable cluster message
+  with Versioned[Gossip] {
+
+  /**
+   * Increments the version for this 'Node'.
+   */
+  def +(node: VectorClock.Node): Gossip = copy(version = version + node)
+
+  def +(member: Member): Gossip = {
+    if (members contains member) this
+    else this copy (members = members + member)
+  }
+
+  /**
+   * Marks the gossip as seen by this node (remoteAddress) by updating the address entry in the 'gossip.overview.seen'
+   * Map with the VectorClock for the new gossip.
+   */
+  def seen(address: Address): Gossip =
+    this copy (overview = overview copy (seen = overview.seen + (address -> version)))
+
+  override def toString =
+    ""Gossip("" +
+      ""overview = "" + overview +
+      "", members = ["" + members.mkString("", "") +
+      ""], meta = ["" + meta.mkString("", "") +
+      ""], version = "" + version +
+      "")""
+}
+
+/**
+ * FSM actor managing the different cluster nodes states.
+ * Single instance - e.g. serialized access to Node - message after message.
+ */
+final class ClusterCommandDaemon(system: ActorSystem, node: Node) extends Actor with FSM[MemberStatus, Unit] {
+
+  // start in JOINING
+  startWith(MemberStatus.Joining, Unit)
+
+  // ========================
+  // === IN JOINING ===
+  when(MemberStatus.Joining) {
+    case Event(ClusterAction.Up, _) ⇒
+      node.up()
+      goto(MemberStatus.Up)
+  }
+
+  // ========================
+  // === IN UP ===
+  when(MemberStatus.Up) {
+    case Event(ClusterAction.Down, _) ⇒
+      node.downing()
+      goto(MemberStatus.Down)
+
+    case Event(ClusterAction.Leave, _) ⇒
+      node.leaving()
+      goto(MemberStatus.Leaving)
+
+    case Event(ClusterAction.Exit, _) ⇒
+      node.exiting()
+      goto(MemberStatus.Exiting)
+
+    case Event(ClusterAction.Remove, _) ⇒
+      node.removing()
+      goto(MemberStatus.Removed)
+  }
+
+  // ========================
+  // === IN LEAVING ===
+  when(MemberStatus.Leaving) {
+    case Event(ClusterAction.Down, _) ⇒
+      node.downing()
+      goto(MemberStatus.Down)
+
+    case Event(ClusterAction.Remove, _) ⇒
+      node.removing()
+      goto(MemberStatus.Removed)
+  }
+
+  // ========================
+  // === IN EXITING ===
+  when(MemberStatus.Exiting) {
+    case Event(ClusterAction.Remove, _) ⇒
+      node.removing()
+      goto(MemberStatus.Removed)
+  }
+
+  // ========================
+  // === IN DOWN ===
+  when(MemberStatus.Down) {
+    // FIXME How to transition from DOWN => JOINING when node comes back online. Can't just listen to Gossip message since it is received be another actor. How to fix this?
+    case Event(ClusterAction.Remove, _) ⇒
+      node.removing()
+      goto(MemberStatus.Removed)
+  }
+
+  // ========================
+  // === IN REMOVED ===
+  when(MemberStatus.Removed) {
+    case command ⇒
+      log.warning(""Removed node [{}] received cluster command [{}]"", system.name, command)
+      stay
+  }
+
+  // ========================
+  // === GENERIC AND UNHANDLED COMMANDS ===
+  whenUnhandled {
+    // should be able to handle Join in any state
+    case Event(ClusterAction.Join(address), _) ⇒
+      node.joining(address)
+      stay
+
+    case Event(command, _) ⇒ {
+      log.warning(""Unhandled command [{}] in state [{}]"", command, stateName)
+      stay
+    }
+  }
+}
+
+/**
+ * Pooled and routed wit N number of configurable instances.
+ * Concurrent access to Node.
+ */
+final class ClusterGossipDaemon(system: ActorSystem, node: Node) extends Actor {
+  val log = Logging(system, ""ClusterGossipDaemon"")","This is so badass I don't even know where to begin
",cf3fa9fa3ce9e9312db0922370c93ce1af9db7c8
427299,0,"maybe mention which thing is changed, `m.copy(name = …)`""",2012-02-08 00:10:50,rkuhn,akka,akka,,https://github.com/akka/akka-core/pull/315#discussion_r427299,2012-02-08T11:10:50Z,2012-02-08T13:03:45Z,rkuhn,CONTRIBUTOR,akka-actor/src/main/scala/akka/dispatch/AbstractDispatcher.scala,,,,,1,"@@ -420,8 +420,13 @@ class ThreadPoolExecutorConfigurator(config: Config, prerequisites: DispatcherPr
         })(queueFactory ⇒ _.setQueueFactory(queueFactory)))
   }
 
-  def createExecutorServiceFactory(name: String, threadFactory: ThreadFactory): ExecutorServiceFactory =
-    threadPoolConfig.createExecutorServiceFactory(name, threadFactory)
+  def createExecutorServiceFactory(id: String, threadFactory: ThreadFactory): ExecutorServiceFactory = {
+    val tf = threadFactory match {
+      case m: MonitorableThreadFactory ⇒ m.copy(m.name + ""-"" + id)","maybe mention which thing is changed, `m.copy(name = …)`
",df1606a8eec75af73917072f27d7bf6a49bd4d7c
415676,0,"all interfaces must be resolved recursively as well, so that doesn't work.  My first approach was to try to get collectFirst working but I didn't find a good way, and it is really only some extra HashMap lookups that are performed (initially).  I would be""",2012-02-03 09:49:29,patriknw,akka,akka,,https://github.com/akka/akka-core/pull/300#discussion_r415676,2012-02-03T20:49:29Z,2012-02-04T16:38:25Z,patriknw,CONTRIBUTOR,akka-actor/src/main/scala/akka/serialization/Serialization.scala,,,,,1,"@@ -111,10 +114,45 @@ class Serialization(val system: ExtendedActorSystem) extends Extension {
   }
 
   /**
-   * Returns the configured Serializer for the given Class, falls back to the Serializer named ""default""
+   * Returns the configured Serializer for the given Class, falls back to the Serializer named ""default"".
+   * It traverses interfaces and super classes to find any configured Serializer that match
+   * the class name.
    */
-  def serializerFor(clazz: Class[_]): Serializer = //TODO fall back on BestMatchClass THEN default AND memoize the lookups
-    serializerMap.get(clazz.getName).getOrElse(serializers(""default""))
+  def serializerFor(clazz: Class[_]): Serializer = {
+
+    def lookup(c: Class[_]): Option[Serializer] = {
+      val className = c.getName
+      serializerMap.get(className) match {
+        case null       ⇒ bindings.get(className) map serializers
+        case serializer ⇒ Some(serializer)
+      }
+    }
+
+    def resolve(c: Class[_]): Option[Serializer] = {
+      lookup(c) match {
+        case x @ Some(_) ⇒ x
+        case None ⇒
+          val classes = c.getInterfaces.toList ::: Option(c.getSuperclass).toList
+          classes flatMap resolve headOption","all interfaces must be resolved recursively as well, so that doesn't work.

My first approach was to try to get collectFirst working but I didn't find a good way, and it is really only some extra HashMap lookups that are performed (initially).

I would be glad to see a tailrec version, but I don't think it is necessary, since inheritance depth is limited
",bd3766d8a75d43f8a67066e0d3de87b882124aa8
406347,0,"so, what’s the rationale for not suspending the actor in this case? Or should it in fact be implicitly Resume’d? (I mean in the Directive sense)""",2012-02-01 03:42:11,rkuhn,akka,akka,,https://github.com/akka/akka-core/pull/282#discussion_r406347,2012-02-01T14:42:11Z,2012-02-03T13:05:16Z,rkuhn,CONTRIBUTOR,akka-actor/src/main/scala/akka/actor/ActorCell.scala,,486.0,,,1,"@@ -476,31 +475,29 @@ private[akka] class ActorCell(
           cancelReceiveTimeout() // FIXME: leave this here???
           messageHandle.message match {
             case msg: AutoReceivedMessage ⇒ autoReceiveMessage(messageHandle)
+            // actor can be null when creation fails fatal error
+            case msg if actor == null     ⇒
             case msg                      ⇒ actor(msg)
           }
           currentMessage = null // reset current message after successful invocation
         } catch {
-          case e ⇒
+          case e: InterruptedException ⇒","so, what’s the rationale for not suspending the actor in this case? Or should it in fact be implicitly Resume’d? (I mean in the Directive sense)
",09e13e271b430949b45192f0f28737fbfde56c9d
374470,0,"just verified that the bytecode generated with and without `final` is identical … (vals are always private final fields)""",2012-01-21 21:42:18,rkuhn,akka,akka,,https://github.com/akka/akka-core/pull/242#discussion_r374470,2012-01-22T08:42:18Z,2012-01-22T08:42:18Z,rkuhn,CONTRIBUTOR,akka-remote/src/main/scala/akka/remote/RemoteSettings.scala,,99.0,,,114,"@@ -74,26 +76,26 @@ class RemoteSettings(val config: Config, val systemName: String) {
       case other ⇒ other
     }
 
-    val Backlog = getInt(""akka.remote.server.backlog"")
+    final val Backlog = getInt(""akka.remote.server.backlog"")
 
-    val ExecutionPoolKeepAlive = Duration(getMilliseconds(""akka.remote.server.execution-pool-keepalive""), MILLISECONDS)
+    final val ExecutionPoolKeepAlive = Duration(getMilliseconds(""akka.remote.server.execution-pool-keepalive""), MILLISECONDS)
 
-    val ExecutionPoolSize = getInt(""akka.remote.server.execution-pool-size"") match {
+    final val ExecutionPoolSize = getInt(""akka.remote.server.execution-pool-size"") match {
       case sz if sz < 1 ⇒ throw new IllegalArgumentException(""akka.remote.server.execution-pool-size is less than 1"")
       case sz           ⇒ sz
     }
 
-    val MaxChannelMemorySize = getBytes(""akka.remote.server.max-channel-memory-size"") match {
+    final val MaxChannelMemorySize = getBytes(""akka.remote.server.max-channel-memory-size"") match {
       case sz if sz < 0 ⇒ throw new IllegalArgumentException(""akka.remote.server.max-channel-memory-size is less than 0 bytes"")
       case sz           ⇒ sz
     }
 
-    val MaxTotalMemorySize = getBytes(""akka.remote.server.max-total-memory-size"") match {
+    final val MaxTotalMemorySize = getBytes(""akka.remote.server.max-total-memory-size"") match {
       case sz if sz < 0 ⇒ throw new IllegalArgumentException(""akka.remote.server.max-total-memory-size is less than 0 bytes"")
       case sz           ⇒ sz
     }
 
     // TODO handle the system name right and move this to config file syntax
-    val URI = ""akka://sys@"" + Hostname + "":"" + Port
+    final val URI = ""akka://sys@"" + Hostname + "":"" + Port","just verified that the bytecode generated with and without `final` is identical … (vals are always private final fields)
",f0bc2c7435c8898b695996b067d754407ab01f56
376553,0,"Public class?""",2012-01-23 05:41:29,viktorklang,akka,akka,,https://github.com/akka/akka-core/pull/241#discussion_r376553,2012-01-23T16:41:29Z,2012-01-23T17:25:54Z,viktorklang,CONTRIBUTOR,akka-actor/src/main/scala/akka/actor/Locker.scala,,,,,1,"@@ -9,7 +9,12 @@ import akka.util.duration._
 import java.util.concurrent.ConcurrentHashMap
 import akka.event.DeathWatch
 
-class Locker(scheduler: Scheduler, period: Duration, val path: ActorPath, val deathWatch: DeathWatch) extends MinimalActorRef {
+class Locker(","Public class?
",9d7ed5eba16152d15269bf4f626260432359c0d4
351948,0,"I think I prefer: import org.jboss.netty.akka.util.{ Timer, TimerTask, HashedWheelTimer, Timeout ⇒ HWTimeout }""",2012-01-13 08:27:39,viktorklang,akka,akka,,https://github.com/akka/akka-core/pull/214#discussion_r351948,2012-01-13T19:27:39Z,2012-01-16T09:16:09Z,viktorklang,CONTRIBUTOR,akka-actor/src/main/scala/akka/actor/ActorRefProvider.scala,,,,,1,"@@ -5,7 +5,10 @@
 package akka.actor
 
 import java.util.concurrent.atomic.AtomicLong
-import org.jboss.netty.akka.util.{ TimerTask, HashedWheelTimer }
+import org.jboss.netty.akka.util.HashedWheelTimer
+import org.jboss.netty.akka.util.TimerTask
+import org.jboss.netty.akka.util.Timer
+import org.jboss.netty.akka.util.{ Timeout ⇒ HWTimeout }","I think I prefer: import org.jboss.netty.akka.util.{ Timer, TimerTask, HashedWheelTimer, Timeout ⇒ HWTimeout }
",a26876f5c6cc70fab15cc9f46620391d131c536f
309889,0,"changed to id""",2011-12-21 09:26:48,patriknw,akka,akka,,https://github.com/akka/akka-core/pull/182#discussion_r309889,2011-12-21T20:26:48Z,2011-12-21T22:47:22Z,patriknw,CONTRIBUTOR,akka-actor-tests/src/test/scala/akka/actor/dispatch/ActorModelSpec.scala,,,,,1,"@@ -224,21 +225,21 @@ object ActorModelSpec {
   }
 }
 
-abstract class ActorModelSpec extends AkkaSpec with DefaultTimeout {
+abstract class ActorModelSpec(config: String) extends AkkaSpec(config) with DefaultTimeout {
 
   import ActorModelSpec._
 
-  def newTestActor(dispatcher: MessageDispatcher) = system.actorOf(Props[DispatcherActor].withDispatcher(dispatcher))
+  def newTestActor(dispatcher: String) = system.actorOf(Props[DispatcherActor].withDispatcher(dispatcher))
 
-  protected def newInterceptedDispatcher: MessageDispatcherInterceptor
+  protected def registerInterceptedDispatcher(): MessageDispatcherInterceptor
   protected def dispatcherType: String
 
   ""A "" + dispatcherType must {
 
     ""must dynamically handle its own life cycle"" in {
-      implicit val dispatcher = newInterceptedDispatcher
+      implicit val dispatcher = registerInterceptedDispatcher()
       assertDispatcher(dispatcher)(stops = 0)
-      val a = newTestActor(dispatcher)
+      val a = newTestActor(dispatcher.key)","changed to id
",ed2fb14dcf0120a6c126fe9c99038d897dbcdf0d
292805,2,"hmmm, weird...""",2011-12-14 00:56:37,viktorklang,akka,akka,,https://github.com/akka/akka-core/pull/147#discussion_r292805,2011-12-14T11:56:37Z,2011-12-14T11:56:37Z,viktorklang,CONTRIBUTOR,akka-docs/.history,,1.0,,,1,"@@ -0,0 +1 @@
+exit","hmmm, weird...
",0af92f24400f1b05d1919be54dfd822037f0076f
20221,2,"This impl is weird. Uses system identityHashCode for hashCode AND equals?""",2011-04-17 23:42:26,viktorklang,akka,akka,,https://github.com/akka/akka-core/pull/73#discussion_r20221,2011-04-18T11:42:26Z,2011-04-18T11:42:26Z,viktorklang,CONTRIBUTOR,akka-stm/src/main/scala/stm/TransactionalSet.scala,,81.0,,,81,"@@ -0,0 +1,88 @@
+package akka.stm
+
+/**
+ * TransactionalSet : completely based on TransactionalMap
+ * @author - Dhananjay Nene
+ */
+
+/*
+ * TODO: Change package names in imports. This has been compiled against akka_2.8.0-1.0-M1.zip 
+ */
+
+import scala.collection.mutable.HashSet
+import se.scalablesolutions.akka.stm.{Transactional, Ref}
+import se.scalablesolutions.akka.actor.{newUuid}
+
+/**
+ * Transactional set that implements the mutable Set interface with an underlying Ref and HashSet.
+ */
+
+object TransactionalSet {
+  def apply[K]() = new TransactionalSet[K]()
+
+  def apply[K](elems: K*) = new TransactionalSet(HashSet(elems: _*))
+}
+
+/**
+ * Transactional Set that implements the mutable Set interface with an underlying Ref and HashSet.
+ *
+ * From Scala you can use TSet as a shorter alias for TransactionalSet.
+ */
+
+class TransactionalSet[T](initialValue: HashSet[T]) extends Transactional with scala.collection.mutable.Set[T] {
+  def this() = this(HashSet[T]())
+
+  val uuid = newUuid.toString
+
+  private[this] val ref = Ref(initialValue)
+
+  override def -=(elem: T) = {
+    ref.set(ref.get - elem)
+    this
+  }
+
+  override def +=(elem: T) = {
+    ref.set(ref.get + elem)
+    this
+  }
+
+  override def += (elem1: T, elem2: T, elems: T*) = {
+	  ref.set(ref.get + (elem1, elem2, elems: _*))
+	  this
+  }
+
+  override def -= (elem1: T, elem2: T, elems: T*) = {
+	  ref.set(ref.get - (elem1, elem2, elems: _*))
+	  this
+  }
+
+  override def ++= (xs: TraversableOnce[T]) = { 
+	ref.set(ref.get ++ xs) 
+	this 
+  }
+  
+  override def --= (xs: TraversableOnce[T]) = { 
+	ref.set(ref.get -- xs) 
+	this 
+  }
+  
+  def iterator = ref.get.iterator
+
+  override def elements: Iterator[T] = ref.get.iterator
+
+  override def contains(elem: T): Boolean = ref.get.contains(elem)
+
+  override def clear = ref.swap(HashSet[T]())
+
+  override def size: Int = ref.get.size
+
+  override def hashCode: Int = System.identityHashCode(this);
+
+  override def equals(other: Any): Boolean =","This impl is weird. Uses system identityHashCode for hashCode AND equals?
",95aff5ef78f4b8aca6f624f1402f3198acab056b
383593,2,"Really? You need to test that?""",2012-01-25 01:01:54,piotrga,akka,akka,,https://github.com/akka/akka-core/pull/245#discussion_r383593,2012-01-25T12:01:54Z,2012-01-25T12:01:54Z,piotrga,CONTRIBUTOR,akka-camel/src/test/scala/akka/camel/ProducerRegistryTest.scala,,22.0,,,22,"@@ -0,0 +1,59 @@
+/**
+ * Copyright (C) 2009-2012 Typesafe Inc. <http://www.typesafe.com>
+ */
+
+package akka.camel
+
+import org.scalatest.matchers.MustMatchers
+import org.scalatest.WordSpec
+import akka.camel.TestSupport.SharedCamelSystem
+import akka.actor.Props
+import akka.util.duration._
+
+class ProducerRegistryTest extends WordSpec with MustMatchers with SharedCamelSystem {
+  ""A ProducerRegistry"" must {
+    ""register a started SendProcessor for the producer, which is stopped when the actor is stopped"" in {
+      val actorRef = system.actorOf(Props(behavior = ctx ⇒ {
+        case _ ⇒ {}
+      }))
+      val (endpoint, processor) = camel.registerProducer(actorRef, ""mock:mock"")
+      camel.awaitActivation(actorRef, 1 second)
+      processor.isStarted must be(true)
+      endpoint.getCamelContext must equal(camel.context)","Really? You need to test that?
",f6646051f79f6f3c7fb3214652bce46034efed9d
479638,1,"also, always have return types on your methods. Trust me, will save everyone involved a lot of headache and will add documentation.""",2012-02-22 22:41:28,viktorklang,akka,akka,,https://github.com/akka/akka-core/pull/350#discussion_r479638,2012-02-23T09:41:28Z,2012-03-06T19:30:29Z,viktorklang,CONTRIBUTOR,akka-amqp/src/main/scala/akka/amqp/AMQP.scala,,,,,1,"@@ -0,0 +1,461 @@
+/**
+ *  Copyright (C) 2009-2010 Scalable Solutions AB <http://scalablesolutions.se>
+ */
+
+package akka.amqp
+
+import com.rabbitmq.client.AMQP.BasicProperties
+import java.lang.{ String, IllegalArgumentException }
+import reflect.Manifest
+import akka.japi.Procedure
+import com.rabbitmq.client._
+import ConnectionFactory._
+import akka.actor.{ Address ⇒ _, _ }
+import akka.pattern.ask
+import akka.util.duration._
+import akka.util.Timeout
+import akka.dispatch.Await
+import java.util.UUID
+
+/**
+ * AMQP Actor API. Implements Connection, Producer and Consumer materialized as Actors.
+ *
+ * @see akka.amqp.ExampleSession
+ *
+ * @author Irmo Manie
+ * @author John Stanford (migration to Akka 2.0)
+ */
+
+object AMQP {
+
+  implicit val timeout = Timeout(5 seconds)
+
+  private lazy val system = ActorSystem(""AMQPSystem"")
+
+  /**
+   * Parameters used to make the connection to the amqp broker. Uses the rabbitmq defaults.
+   */
+  case class ConnectionParameters(
+    addresses: Array[Address] = Array(new Address(DEFAULT_HOST, DEFAULT_AMQP_PORT)),
+    username: String = DEFAULT_USER,
+    password: String = DEFAULT_PASS,
+    virtualHost: String = DEFAULT_VHOST,
+    initReconnectDelay: Long = 5000,
+    connectionCallback: Option[ActorRef] = None) {
+
+    // Needed for Java API usage
+    def this() = this(Array(new Address(DEFAULT_HOST, DEFAULT_AMQP_PORT)), DEFAULT_USER, DEFAULT_PASS, DEFAULT_VHOST, 5000, None)
+
+    // Needed for Java API usage
+    def this(addresses: Array[Address], username: String, password: String, virtualHost: String) =
+      this(addresses, username, password, virtualHost, 5000, None)
+
+    // Needed for Java API usage
+    def this(addresses: Array[Address], username: String, password: String, virtualHost: String, initReconnectDelay: Long, connectionCallback: ActorRef) =
+      this(addresses, username, password, virtualHost, initReconnectDelay, Some(connectionCallback))
+
+    // Needed for Java API usage
+    def this(connectionCallback: ActorRef) =
+      this(Array(new Address(DEFAULT_HOST, DEFAULT_AMQP_PORT)), DEFAULT_USER, DEFAULT_PASS, DEFAULT_VHOST, 5000, Some(connectionCallback))
+
+  }
+
+  /**
+   * Additional parameters for the channel
+   */
+  case class ChannelParameters(
+    shutdownListener: Option[ShutdownListener] = None,
+    channelCallback: Option[ActorRef] = None,
+    prefetchSize: Int = 0) {
+
+    // Needed for Java API usage
+    def this() = this(None, None)
+
+    // Needed for Java API usage
+    def this(channelCallback: ActorRef) = this(None, Some(channelCallback))
+
+    // Needed for Java API usage
+    def this(shutdownListener: ShutdownListener, channelCallback: ActorRef) =
+      this(Some(shutdownListener), Some(channelCallback))
+  }
+
+  /**
+   * Declaration type used for either exchange or queue declaration
+   */
+  sealed trait Declaration
+  case object NoActionDeclaration extends Declaration {
+    def getInstance() = this // Needed for Java API usage
+  }
+  case object PassiveDeclaration extends Declaration {
+    def getInstance() = this // Needed for Java API usage
+  }
+  case class ActiveDeclaration(durable: Boolean = false, autoDelete: Boolean = true, exclusive: Boolean = false) extends Declaration {
+
+    // Needed for Java API usage
+    def this() = this(false, true, false)
+
+    // Needed for Java API usage
+    def this(durable: Boolean, autoDelete: Boolean) = this(durable, autoDelete, false)
+  }
+
+  /**
+   * Exchange specific parameters
+   */
+  case class ExchangeParameters(
+    exchangeName: String,
+    exchangeType: ExchangeType = Topic,
+    exchangeDeclaration: Declaration = ActiveDeclaration(),
+    configurationArguments: Map[String, AnyRef] = Map.empty) {
+
+    // Needed for Java API usage
+    def this(exchangeName: String) =
+      this(exchangeName, Topic, ActiveDeclaration(), Map.empty)
+
+    // Needed for Java API usage
+    def this(exchangeName: String, exchangeType: ExchangeType) =
+      this(exchangeName, exchangeType, ActiveDeclaration(), Map.empty)
+
+    // Needed for Java API usage
+    def this(exchangeName: String, exchangeType: ExchangeType, exchangeDeclaration: Declaration) =
+      this(exchangeName, exchangeType, exchangeDeclaration, Map.empty)
+  }
+
+  /**
+   * Producer specific parameters
+   */
+  case class ProducerParameters(
+    exchangeParameters: Option[ExchangeParameters] = None,
+    returnListener: Option[ReturnListener] = None,
+    channelParameters: Option[ChannelParameters] = None,
+    errorCallbackActor: Option[ActorRef] = None) {
+    def this() = this(None, None, None, None)
+
+    // Needed for Java API usage
+    def this(exchangeParameters: ExchangeParameters) =
+      this(Some(exchangeParameters), None, None, None)
+
+    // Needed for Java API usage
+    def this(exchangeParameters: ExchangeParameters, returnListener: ReturnListener) =
+      this(Some(exchangeParameters), Some(returnListener), None, None)
+
+    // Needed for Java API usage
+    def this(exchangeParameters: ExchangeParameters, channelParameters: ChannelParameters) =
+      this(Some(exchangeParameters), None, Some(channelParameters), None)
+
+    // Needed for Java API usage
+    def this(exchangeParameters: ExchangeParameters, returnListener: ReturnListener, channelParameters: ChannelParameters) =
+      this(Some(exchangeParameters), Some(returnListener), Some(channelParameters), None)
+
+    // Needed for Java API usage
+    def this(exchangeParameters: ExchangeParameters, returnListener: ReturnListener, channelParameters: ChannelParameters, errorCallbackActor: ActorRef) =
+      this(Some(exchangeParameters), Some(returnListener), Some(channelParameters), Some(errorCallbackActor))
+
+    // Needed for Java API usage
+    def this(exchangeParameters: ExchangeParameters, channelParameters: ChannelParameters, errorCallbackActor: ActorRef) =
+      this(Some(exchangeParameters), None, Some(channelParameters), Some(errorCallbackActor))
+  }
+
+  /**
+   * Consumer specific parameters
+   */
+  case class ConsumerParameters(
+    routingKey: String,
+    deliveryHandler: ActorRef,
+    queueName: Option[String] = None,
+    exchangeParameters: Option[ExchangeParameters] = None,
+    queueDeclaration: Declaration = ActiveDeclaration(),
+    selfAcknowledging: Boolean = true,
+    channelParameters: Option[ChannelParameters] = None) {
+    if (queueName.isEmpty) {
+      queueDeclaration match {
+        case ActiveDeclaration(true, _, _) ⇒
+          throw new IllegalArgumentException(""A queue name is required when requesting a durable queue."")
+        case PassiveDeclaration ⇒
+          throw new IllegalArgumentException(""A queue name is required when requesting passive declaration."")
+        case _ ⇒ () // ignore
+      }
+    }
+
+    // Needed for Java API usage
+    def this(routingKey: String, deliveryHandler: ActorRef) =
+      this(routingKey, deliveryHandler, None, None, ActiveDeclaration(), true, None)
+
+    // Needed for Java API usage
+    def this(routingKey: String, deliveryHandler: ActorRef, channelParameters: ChannelParameters) =
+      this(routingKey, deliveryHandler, None, None, ActiveDeclaration(), true, Some(channelParameters))
+
+    // Needed for Java API usage
+    def this(routingKey: String, deliveryHandler: ActorRef, selfAcknowledging: Boolean) =
+      this(routingKey, deliveryHandler, None, None, ActiveDeclaration(), selfAcknowledging, None)
+
+    // Needed for Java API usage
+    def this(routingKey: String, deliveryHandler: ActorRef, selfAcknowledging: Boolean, channelParameters: ChannelParameters) =
+      this(routingKey, deliveryHandler, None, None, ActiveDeclaration(), selfAcknowledging, Some(channelParameters))
+
+    // Needed for Java API usage
+    def this(routingKey: String, deliveryHandler: ActorRef, queueName: String) =
+      this(routingKey, deliveryHandler, Some(queueName), None, ActiveDeclaration(), true, None)
+
+    // Needed for Java API usage
+    def this(routingKey: String, deliveryHandler: ActorRef, queueName: String, queueDeclaration: Declaration, selfAcknowledging: Boolean, channelParameters: ChannelParameters) =
+      this(routingKey, deliveryHandler, Some(queueName), None, queueDeclaration, selfAcknowledging, Some(channelParameters))
+
+    // Needed for Java API usage
+    def this(routingKey: String, deliveryHandler: ActorRef, exchangeParameters: ExchangeParameters) =
+      this(routingKey, deliveryHandler, None, Some(exchangeParameters), ActiveDeclaration(), true, None)
+
+    // Needed for Java API usage
+    def this(routingKey: String, deliveryHandler: ActorRef, exchangeParameters: ExchangeParameters, channelParameters: ChannelParameters) =
+      this(routingKey, deliveryHandler, None, Some(exchangeParameters), ActiveDeclaration(), true, Some(channelParameters))
+
+    // Needed for Java API usage
+    def this(routingKey: String, deliveryHandler: ActorRef, exchangeParameters: ExchangeParameters, selfAcknowledging: Boolean) =
+      this(routingKey, deliveryHandler, None, Some(exchangeParameters), ActiveDeclaration(), selfAcknowledging, None)
+
+    // Needed for Java API usage
+    def this(routingKey: String, deliveryHandler: ActorRef, queueName: String, exchangeParameters: ExchangeParameters) =
+      this(routingKey, deliveryHandler, Some(queueName), Some(exchangeParameters), ActiveDeclaration(), true, None)
+
+    // Needed for Java API usage
+    def this(routingKey: String, deliveryHandler: ActorRef, queueName: String, exchangeParameters: ExchangeParameters, queueDeclaration: Declaration) =
+      this(routingKey, deliveryHandler, Some(queueName), Some(exchangeParameters), queueDeclaration, true, None)
+
+    // Needed for Java API usage
+    def this(routingKey: String, deliveryHandler: ActorRef, queueName: String, exchangeParameters: ExchangeParameters, queueDeclaration: Declaration, selfAcknowledging: Boolean) =
+      this(routingKey, deliveryHandler, Some(queueName), Some(exchangeParameters), queueDeclaration, selfAcknowledging, None)
+
+    // Needed for Java API usage
+    def this(routingKey: String, deliveryHandler: ActorRef, queueName: String, exchangeParameters: ExchangeParameters, queueDeclaration: Declaration, selfAcknowledging: Boolean, channelParameters: ChannelParameters) =
+      this(routingKey, deliveryHandler, Some(queueName), Some(exchangeParameters), queueDeclaration, selfAcknowledging, Some(channelParameters))
+
+    // How about that for some overloading... huh? :P (yes, I know, there are still possibilities left...sue me!)
+    // Who said java is easy :(
+  }
+
+  def newConnection(connectionParameters: ConnectionParameters = new ConnectionParameters()): ActorRef = {
+
+    val connection = system.actorOf(Props(new FaultTolerantConnectionActor(connectionParameters)), ""amqp-connection-"" + UUID.randomUUID.toString)
+    connection ! Connect
+    connection
+  }
+
+  def shutdownConnection(connection: ActorRef) = {
+    system.stop(connection)
+  }
+
+  // Needed for Java API usage
+  def newConnection(): ActorRef = {
+    newConnection(new ConnectionParameters())
+  }
+
+  def newProducer(connection: ActorRef, producerParameters: ProducerParameters) = {
+    val p = connection ? ProducerRequest(producerParameters)
+    Await.result(p, timeout.duration).asInstanceOf[Option[ActorRef]]","also, always have return types on your methods. Trust me, will save everyone involved a lot of headache and will add documentation.
",e039c380c868b28285dab6fc313025d981ef022b
525841,0,"don't understand the above, why not just sender ! self""",2012-03-06 11:49:00,viktorklang,akka,akka,,https://github.com/akka/akka-core/pull/350#discussion_r525841,2012-03-06T22:49:00Z,2012-03-06T22:49:00Z,viktorklang,CONTRIBUTOR,akka-amqp/src/main/scala/akka/amqp/FaultTolerantChannelActor.scala,,69.0,,,69,"@@ -0,0 +1,188 @@
+/**
+ * Copyright (C) 2009-2012 Typesafe Inc. <http://www.typesafe.com>
+ */
+
+package akka.amqp
+
+import collection.JavaConversions
+import java.lang.Throwable
+import akka.event.Logging
+import akka.pattern.{ ask, pipe }
+import com.rabbitmq.client.{ ShutdownSignalException, Channel, ShutdownListener }
+import scala.PartialFunction
+import akka.dispatch.{ Promise, ExecutionContext, Future }
+import akka.util.{ NonFatal, Timeout }
+import akka.actor.{ ActorRef, Status, Kill, Actor }
+
+abstract private[amqp] class FaultTolerantChannelActor(
+  exchangeParameters: Option[ExchangeParameters], channelParameters: Option[ChannelParameters]) extends Actor {
+
+  protected[amqp] var channel: Option[Future[Channel]] = None
+  implicit val sys = context.system
+
+  val settings = Settings(context.system)
+  implicit val timeout = Timeout(settings.Timeout)
+
+  val log = Logging(context.system, this)
+
+  val shutdownListener = new ShutdownListener {
+    def shutdownCompleted(cause: ShutdownSignalException) = {
+      val replyTo = self
+      replyTo ! ChannelShutdown(cause)
+    }
+  }
+
+  /**
+   * handle channel core and custom messages
+   */
+  override def receive = channelMessageHandler orElse specificMessageHandler
+
+  /**
+   * extending actors should implement custom message handling logic in their specificMessageHandler method
+   */
+  def specificMessageHandler: PartialFunction[Any, Unit]
+
+  /**
+   * defines the core channel message handlers.
+   */
+  private def channelMessageHandler: PartialFunction[Any, Unit] = {
+
+    /**
+     * a producer or consumer is requesting a channel, either because they are initially starting, or
+     * because the channel has unexpectedly shut down.  the parent is the connection actor associated
+     * with this producer/consumer.  it sends back a Future[Channel] or Failure if it can't be established.
+     */
+    case Start ⇒
+      val slf = context.self
+      val snd = context.sender
+
+      context.parent ? ChannelRequest onComplete {
+        case Right(r) ⇒ slf ? r onComplete {
+          case Right(r) ⇒ snd ! r
+          case Left(f)  ⇒ snd ! Status.Failure(f)
+        }
+        case Left(f) ⇒ slf ! Status.Failure(f)
+      }
+    case ch: Channel ⇒
+      setupChannelInternal(ch)
+      val reply = self
+      sender ! reply","don't understand the above, why not just sender ! self
",e039c380c868b28285dab6fc313025d981ef022b
488570,0,"No need - as header is set by camel only if previous call failed""",2012-02-24 23:43:01,piotrga,akka,akka,,https://github.com/akka/akka-core/pull/344#discussion_r488570,2012-02-25T10:43:01Z,2012-03-20T12:17:26Z,piotrga,CONTRIBUTOR,akka-camel/src/test/scala/akka/camel/ConsumerIntegrationTest.scala,,153.0,,,1,"@@ -0,0 +1,159 @@
+/**
+ * Copyright (C) 2009-2012 Typesafe Inc. <http://www.typesafe.com>
+ */
+
+package akka.camel
+
+import akka.actor._
+import org.scalatest.matchers.MustMatchers
+import akka.util.duration._
+import java.util.concurrent.TimeUnit._
+import TestSupport._
+import org.scalatest.WordSpec
+import org.apache.camel.model.RouteDefinition
+import org.apache.camel.builder.Builder
+import org.apache.camel.{ FailedToCreateRouteException, CamelExecutionException }
+import java.util.concurrent.{ ExecutionException, TimeUnit, TimeoutException, CountDownLatch }
+
+class ConsumerIntegrationTest extends WordSpec with MustMatchers with NonSharedCamelSystem {
+
+  ""Consumer must throw FailedToCreateRouteException, while awaiting activation, if endpoint is invalid"" in {
+    val actorRef = system.actorOf(Props(new TestActor(uri = ""some invalid uri"")))
+
+    intercept[FailedToCreateRouteException] {
+      camel.awaitActivation(actorRef, timeout = 1 second)
+    }
+  }
+
+  ""Consumer must support in-out messaging"" in {
+    start(new Consumer {
+      def endpointUri = ""direct:a1""
+      protected def receive = {
+        case m: Message ⇒ sender ! ""received "" + m.bodyAs[String]
+      }
+    })
+    camel.sendTo(""direct:a1"", msg = ""some message"") must be(""received some message"")
+  }
+
+  ""Consumer must time-out if consumer is slow"" in {
+    val SHORT_TIMEOUT = 10 millis
+    val LONG_WAIT = 200 millis
+
+    start(new Consumer {
+      override def replyTimeout = SHORT_TIMEOUT
+
+      def endpointUri = ""direct:a3""
+      protected def receive = { case _ ⇒ { Thread.sleep(LONG_WAIT.toMillis); sender ! ""done"" } }
+    })
+
+    val exception = intercept[CamelExecutionException] {
+      camel.sendTo(""direct:a3"", msg = ""some msg 3"")
+    }
+    exception.getCause.getClass must be(classOf[TimeoutException])
+  }
+
+  ""Consumer must process messages even after actor restart"" in {
+    val restarted = new CountDownLatch(1)
+    val consumer = start(new Consumer {
+      def endpointUri = ""direct:a2""
+
+      protected def receive = {
+        case ""throw""    ⇒ throw new Exception
+        case m: Message ⇒ sender ! ""received "" + m.bodyAs[String]
+      }
+
+      override def postRestart(reason: Throwable) {
+        restarted.countDown()
+      }
+    })
+    consumer ! ""throw""
+    if (!restarted.await(1, SECONDS)) fail(""Actor failed to restart!"")
+
+    val response = camel.sendTo(""direct:a2"", msg = ""xyz"")
+    response must be(""received xyz"")
+  }
+
+  ""Consumer must unregister itself when stopped"" in {
+    val consumer = start(new TestActor())
+    camel.awaitActivation(consumer, 1 second)
+
+    camel.routeCount must be > (0)
+
+    system.stop(consumer)
+    camel.awaitDeactivation(consumer, 1 second)
+
+    camel.routeCount must be(0)
+  }
+
+  ""Error passing consumer supports error handling through route modification"" in {
+    start(new ErrorThrowingConsumer(""direct:error-handler-test"") with ErrorPassing {
+      override def onRouteDefinition(rd: RouteDefinition) = {
+        rd.onException(classOf[Exception]).handled(true).transform(Builder.exceptionMessage).end
+      }
+    })
+    camel.sendTo(""direct:error-handler-test"", msg = ""hello"") must be(""error: hello"")
+  }
+
+  ""Error passing consumer supports redelivery through route modification"" in {
+    start(new FailingOnceConsumer(""direct:failing-once-concumer"") with ErrorPassing {
+      override def onRouteDefinition(rd: RouteDefinition) = {
+        rd.onException(classOf[Exception]).maximumRedeliveries(1).end
+      }
+    })
+    camel.sendTo(""direct:failing-once-concumer"", msg = ""hello"") must be(""accepted: hello"")
+  }
+
+  ""Consumer supports manual Ack"" in {
+    start(new ManualAckConsumer() {
+      def endpointUri = ""direct:manual-ack""
+      protected def receive = { case _ ⇒ sender ! Ack }
+    })
+    camel.template.asyncSendBody(""direct:manual-ack"", ""some message"").get(1, TimeUnit.SECONDS) must be(null) //should not timeout
+  }
+
+  ""Consumer handles manual Ack failure"" in {
+    val someException = new Exception(""e1"")
+    start(new ManualAckConsumer() {
+      def endpointUri = ""direct:manual-ack""
+      protected def receive = { case _ ⇒ sender ! Failure(someException) }
+    })
+
+    intercept[ExecutionException] {
+      camel.template.asyncSendBody(""direct:manual-ack"", ""some message"").get(1, TimeUnit.SECONDS)
+    }.getCause.getCause must be(someException)
+  }
+
+  ""Consumer should time-out, if manual Ack not received within replyTimeout and should give a human readable error message"" in {
+    start(new ManualAckConsumer() {
+      override def replyTimeout = 10 millis
+      def endpointUri = ""direct:manual-ack""
+      protected def receive = { case _ ⇒ }
+    })
+
+    intercept[ExecutionException] {
+      camel.template.asyncSendBody(""direct:manual-ack"", ""some message"").get(1, TimeUnit.SECONDS)
+    }.getCause.getCause.getMessage must include(""Failed to get Ack"")
+  }
+}
+
+class ErrorThrowingConsumer(override val endpointUri: String) extends Consumer {
+  def receive = {
+    case msg: Message ⇒ throw new Exception(""error: %s"" format msg.body)
+  }
+}
+
+class FailingOnceConsumer(override val endpointUri: String) extends Consumer {
+
+  def receive = {
+    case msg: Message ⇒
+      if (msg.headerAs[Boolean](""CamelRedelivered"").getOrElse(false))
+        sender ! (""accepted: %s"" format msg.body)
+      else
+        throw new Exception(""rejected: %s"" format msg.body)","No need - as header is set by camel only if previous call failed
",f74616f828d3e31724d768dd86ce05af85d97ade
438782,0,"what happens if negative or 0?""",2012-02-10 06:30:34,viktorklang,akka,akka,,https://github.com/akka/akka-core/pull/323#discussion_r438782,2012-02-10T17:30:34Z,2012-02-10T17:30:34Z,viktorklang,CONTRIBUTOR,akka-zeromq/src/main/resources/reference.conf,,16.0,,,15,"@@ -12,6 +12,9 @@ akka {
     # The default timeout for a poll on the actual zeromq socket.
     poll-timeout = 100ms
 
+    # Timeout for creating a new socket
+    new-socket-timeout = 5s","what happens if negative or 0?
",e017aeef0826fc99722b74551f336d1751f0e884
419031,0,"here, too""",2012-02-06 04:04:26,rkuhn,akka,akka,,https://github.com/akka/akka-core/pull/307#discussion_r419031,2012-02-06T15:04:26Z,2012-02-28T09:22:30Z,rkuhn,CONTRIBUTOR,akka-actor/src/main/scala/akka/actor/Stash.scala,,,,,1,"@@ -0,0 +1,97 @@
+/**
+ * Copyright (C) 2009-2012 Typesafe Inc. <http://www.typesafe.com>
+ */
+package akka.actor
+
+import akka.dispatch.{ Envelope, DequeBasedMessageQueue }
+
+/**
+ *  The `Stash` trait enables an actor to temporarily stash away messages that can not or
+ *  should not be handled using the actor's current behavior.
+ *  <p/>
+ *  Example:
+ *  <pre>
+ *    class ActorWithProtocol extends Actor with Stash {
+ *      def receive = {
+ *        case ""open"" ⇒
+ *          unstashAll {
+ *            case ""write"" ⇒ // do writing...
+ *            case ""close"" ⇒
+ *              unstashAll()
+ *              context.unbecome()
+ *            case msg ⇒ stash()
+ *          }
+ *        case ""done"" ⇒ // done
+ *        case msg    ⇒ stash()
+ *      }
+ *    }
+ *  </pre>
+ *
+ *  Note that the `Stash` trait can only be used together with actors that have a deque-based
+ *  mailbox. Actors can be configured to use a deque-based mailbox using a configuration like
+ *  the following:
+ *  <pre>
+ *  akka {
+ *    actor {
+ *      default-dispatcher {
+ *        mailboxType = ""akka.dispatch.UnboundedDequeBasedMailbox""
+ *      }
+ *    }
+ *  }
+ *  </pre>
+ */
+trait Stash {
+  thisActor: Actor ⇒
+
+  /* The private stash of the actor. It is only accessible using `stash()` and
+   * `unstashAll()`.
+   */
+  private[this] var theStash = Vector.empty[Envelope]
+
+  /* The actor's deque-based message queue.
+   * `mailbox.queue` is the underlying `Deque`.
+   */
+  private[this] val mailbox: DequeBasedMessageQueue = {","here, too
",8ea949857b39388ac25bdc08df7feee3757f3ee9
371286,0,"I'd still recommend having this final and calling the other with Duration.Inf, then the implementation of that can deal with Duration.Inf as it wants""",2012-01-20 03:41:46,viktorklang,akka,akka,,https://github.com/akka/akka-core/pull/238#discussion_r371286,2012-01-20T14:41:46Z,2012-01-20T17:39:49Z,viktorklang,CONTRIBUTOR,akka-actor/src/main/scala/akka/actor/ActorSystem.scala,,256.0,,,79,"@@ -224,18 +229,39 @@ abstract class ActorSystem extends ActorRefFactory {
   def dispatcher: MessageDispatcher
 
   /**
-   * Register a block of code to run after all actors in this actor system have
-   * been stopped. Multiple code blocks may be registered by calling this method multiple times; there is no
-   * guarantee that they will be executed in a particular order.
+   * Register a block of code (callback) to run after all actors in this actor system have
+   * been stopped. Multiple code blocks may be registered by calling this method multiple times.
+   * The callbacks will be run sequentilly in reverse order of registration, i.e.
+   * last registration is run first.
+   *
+   * Callbacks registered after that the shutdown process has started will likely not be run.
    */
-  def registerOnTermination[T](code: ⇒ T)
+  def registerOnTermination[T](code: ⇒ T): Unit
 
   /**
-   * Register a block of code to run after all actors in this actor system have
-   * been stopped. Multiple code blocks may be registered by calling this method multiple times; there is no
-   * guarantee that they will be executed in a particular order (Java API).
+   * Register a block of code (callback) to run after all actors in this actor system have
+   * been stopped. Multiple code blocks may be registered by calling this method multiple times.
+   * The callbacks will be run sequentilly in reverse order of registration, i.e.
+   * last registration is run first.
+   *
+   * Callbacks registered after that the shutdown process has started will likely not be run.
+   *
+   * Java API
    */
-  def registerOnTermination(code: Runnable)
+  def registerOnTermination(code: Runnable): Unit
+
+  /**
+   * Block current thread until the system has been shutdown, or the specified
+   * timeout has elapsed. This will block until after all on termination
+   * callbacks have been run.
+   */
+  def awaitTermination(timeout: Duration): Unit
+
+  /**
+   * Block current thread until the system has been shutdown. This will
+   * block until after all on termination callbacks have been run.
+   */
+  def awaitTermination(): Unit","I'd still recommend having this final and calling the other with Duration.Inf, then the implementation of that can deal with Duration.Inf as it wants
",a4e2b5a51140c721034bb8b33f06d0213985deb1
366612,1,"player handlers also? thanks, I'm happy""",2012-01-19 00:06:13,patriknw,akka,akka,,https://github.com/akka/akka-core/pull/225#discussion_r366612,2012-01-19T11:06:13Z,2012-01-20T09:27:03Z,patriknw,CONTRIBUTOR,akka-zeromq/src/main/scala/akka/zeromq/ConcurrentSocketActor.scala,,,,,1,"@@ -0,0 +1,232 @@
+/**
+ * Copyright (C) 2009-2012 Typesafe Inc. <http://www.typesafe.com>
+ */
+package akka.zeromq
+
+import org.zeromq.ZMQ.{ Socket, Poller }
+import org.zeromq.{ ZMQ ⇒ JZMQ }
+import akka.actor._
+import akka.dispatch.{ Promise, Future }
+import akka.event.Logging
+import akka.util.duration._
+
+private[zeromq] sealed trait PollLifeCycle
+private[zeromq] case object NoResults extends PollLifeCycle
+private[zeromq] case object Results extends PollLifeCycle
+private[zeromq] case object Closing extends PollLifeCycle
+
+private[zeromq] class ConcurrentSocketActor(params: Seq[SocketOption]) extends Actor {
+
+  private val noBytes = Array[Byte]()
+  private val zmqContext = {
+    params find (_.isInstanceOf[Context]) map (_.asInstanceOf[Context]) getOrElse new Context(1)
+  }
+  private lazy val deserializer = deserializerFromParams
+  private lazy val socket: Socket = socketFromParams
+  private lazy val poller: Poller = zmqContext.poller
+  private val log = Logging(context.system, this)
+
+  private case object Poll
+  private case object ReceiveFrames
+  private case object ClearPoll
+  private case class PollError(ex: Throwable)
+
+  private def handleConnectionMessages: Receive = {
+    case Send(frames) ⇒ {
+      sendFrames(frames)
+      pollAndReceiveFrames()
+    }
+    case ZMQMessage(frames) ⇒ {
+      sendFrames(frames)
+      pollAndReceiveFrames()
+    }
+    case Connect(endpoint) ⇒ {
+      socket.connect(endpoint)
+      notifyListener(Connecting)
+      pollAndReceiveFrames()
+    }
+    case Bind(endpoint) ⇒ {
+      socket.bind(endpoint)
+      pollAndReceiveFrames()
+    }
+    case Subscribe(topic) ⇒ {
+      socket.subscribe(topic.toArray)
+      pollAndReceiveFrames()
+    }
+    case Unsubscribe(topic) ⇒ {
+      socket.unsubscribe(topic.toArray)
+      pollAndReceiveFrames()
+    }
+  }
+
+  private def handleSocketOption: Receive = {
+    case Linger(value)            ⇒ socket.setLinger(value)
+    case ReconnectIVL(value)      ⇒ socket.setReconnectIVL(value)
+    case Backlog(value)           ⇒ socket.setBacklog(value)
+    case ReconnectIVLMax(value)   ⇒ socket.setReconnectIVLMax(value)
+    case MaxMsgSize(value)        ⇒ socket.setMaxMsgSize(value)
+    case SndHWM(value)            ⇒ socket.setSndHWM(value)
+    case RcvHWM(value)            ⇒ socket.setRcvHWM(value)
+    case HWM(value)               ⇒ socket.setHWM(value)
+    case Swap(value)              ⇒ socket.setSwap(value)
+    case Affinity(value)          ⇒ socket.setAffinity(value)
+    case Identity(value)          ⇒ socket.setIdentity(value)
+    case Rate(value)              ⇒ socket.setRate(value)
+    case RecoveryInterval(value)  ⇒ socket.setRecoveryInterval(value)
+    case MulticastLoop(value)     ⇒ socket.setMulticastLoop(value)
+    case MulticastHops(value)     ⇒ socket.setMulticastHops(value)
+    case ReceiveTimeOut(value)    ⇒ socket.setReceiveTimeOut(value)
+    case SendTimeOut(value)       ⇒ socket.setSendTimeOut(value)
+    case SendBufferSize(value)    ⇒ socket.setSendBufferSize(value)
+    case ReceiveBufferSize(value) ⇒ socket.setReceiveBufferSize(value)
+    case Linger                   ⇒ sender ! socket.getLinger
+    case ReconnectIVL             ⇒ sender ! socket.getReconnectIVL
+    case Backlog                  ⇒ sender ! socket.getBacklog
+    case ReconnectIVLMax          ⇒ sender ! socket.getReconnectIVLMax
+    case MaxMsgSize               ⇒ sender ! socket.getMaxMsgSize
+    case SndHWM                   ⇒ sender ! socket.getSndHWM
+    case RcvHWM                   ⇒ sender ! socket.getRcvHWM
+    case Swap                     ⇒ sender ! socket.getSwap
+    case Affinity                 ⇒ sender ! socket.getAffinity
+    case Identity                 ⇒ sender ! socket.getIdentity
+    case Rate                     ⇒ sender ! socket.getRate
+    case RecoveryInterval         ⇒ sender ! socket.getRecoveryInterval
+    case MulticastLoop            ⇒ sender ! socket.hasMulticastLoop
+    case MulticastHops            ⇒ sender ! socket.getMulticastHops
+    case ReceiveTimeOut           ⇒ sender ! socket.getReceiveTimeOut
+    case SendTimeOut              ⇒ sender ! socket.getSendTimeOut
+    case SendBufferSize           ⇒ sender ! socket.getSendBufferSize
+    case ReceiveBufferSize        ⇒ sender ! socket.getReceiveBufferSize
+    case ReceiveMore              ⇒ sender ! socket.hasReceiveMore
+    case FileDescriptor           ⇒ sender ! socket.getFD
+  }
+
+  private def internalMessage: Receive = {
+    case Poll ⇒ {
+      currentPoll = None
+      pollAndReceiveFrames()
+    }
+    case ReceiveFrames ⇒ {
+      receiveFrames() match {
+        case Seq()  ⇒
+        case frames ⇒ notifyListener(deserializer(frames))
+      }
+      self ! Poll
+    }
+    case ClearPoll ⇒ currentPoll = None
+    case PollError(ex) ⇒ {
+      log.error(ex, ""There was a problem polling the zeromq socket"")
+      self ! Poll
+    }
+  }
+
+  override def receive: Receive = handleConnectionMessages orElse handleSocketOption orElse internalMessage
+
+  override def preStart {
+    setupSocket()
+    poller.register(socket, Poller.POLLIN)
+    setupConnection()
+  }
+
+  private def setupConnection() {
+    params filter (_.isInstanceOf[SocketConnectOption]) foreach { self ! _ }
+    params filter (_.isInstanceOf[PubSubOption]) foreach { self ! _ }
+  }
+
+  private def socketFromParams() = {
+    require(ZeroMQExtension.check[SocketType.ZMQSocketType](params), ""A socket type is required"")
+    (params
+      find (_.isInstanceOf[SocketType.ZMQSocketType])
+      map (t ⇒ zmqContext.socket(t.asInstanceOf[SocketType.ZMQSocketType])) get)
+  }
+
+  private def deserializerFromParams = {
+    params find (_.isInstanceOf[Deserializer]) map (_.asInstanceOf[Deserializer]) getOrElse new ZMQMessageDeserializer
+  }
+
+  private def setupSocket() = {
+    params foreach {
+      case _: SocketConnectOption | _: PubSubOption | _: SocketMeta ⇒ // ignore, handled differently
+      case m ⇒ self ! m
+    }
+  }
+
+  override def postStop {
+    try {
+      poller.unregister(socket)
+      currentPoll foreach { _ complete Right(Closing) }
+      if (socket != null) socket.close
+    } finally {
+      notifyListener(Closed)
+    }
+  }
+
+  private def sendFrames(frames: Seq[Frame]) {
+    def sendBytes(bytes: Seq[Byte], flags: Int) = socket.send(bytes.toArray, flags)
+    val iter = frames.iterator
+    while (iter.hasNext) {
+      val payload = iter.next.payload
+      val flags = if (iter.hasNext) JZMQ.SNDMORE else 0
+      sendBytes(payload, flags)
+    }
+  }
+
+  private var currentPoll: Option[Promise[PollLifeCycle]] = None
+  private def pollAndReceiveFrames() {
+    if (currentPoll.isEmpty) currentPoll = newEventLoop
+  }
+
+  private lazy val eventLoopDispatcher = {","why lazy?
",05e4af750081aeb757dab23c5a9885949ad901ea
362298,0,"Might want to include some more debug info about which actorref didn't manage to activate within how long.""",2012-01-18 00:03:26,viktorklang,akka,akka,,https://github.com/akka/akka-core/pull/217#discussion_r362298,2012-01-18T11:03:26Z,2012-01-18T16:57:17Z,viktorklang,CONTRIBUTOR,akka-camel/src/main/scala/akka/camel/Activation.scala,,53.0,,,53,"@@ -0,0 +1,54 @@
+package akka.camel
+
+import internal._
+import java.util.concurrent.TimeoutException
+import akka.util.{Timeout, Duration}
+import akka.dispatch.Future
+import akka.actor.{ActorSystem, Props, ActorRef}
+
+trait Activation{
+  import akka.dispatch.Await
+
+  val actorSystem : ActorSystem
+  private[camel] val activationTracker = actorSystem.actorOf(Props[ActivationTracker])
+
+  def activationFutureFor(actor: ActorRef, timeout: Duration): Future[ActorRef] = {
+    (activationTracker ?(AwaitActivation(actor), Timeout(timeout))).map[ActorRef]{
+      case EndpointActivated(_) => actor
+      case EndpointFailedToActivate(_, cause) => throw cause
+    }
+  }
+
+  /**
+   * Awaits for actor to be activated.
+   */
+  def awaitActivation(actor: ActorRef, timeout: Duration): ActorRef = {
+    try{
+      Await.result(activationFutureFor(actor, timeout), timeout)
+    }catch {
+      case e: TimeoutException => throw new ActivationTimeoutException
+    }
+  }
+
+  def deactivationFutureFor(actor: ActorRef, timeout: Duration): Future[Unit] = {
+    (activationTracker ?(AwaitDeActivation(actor), Timeout(timeout))).map[Unit]{
+      case EndpointDeActivated(_) => {}
+      case EndpointFailedToDeActivate(_, cause) => throw cause
+    }
+  }
+
+  def awaitDeactivation(actor: ActorRef, timeout: Duration) {
+    try{
+      Await.result(deactivationFutureFor(actor, timeout), timeout)
+    }catch {
+      case e: TimeoutException => throw new DeActivationTimeoutException
+    }
+  }
+
+}
+
+
+
+
+class DeActivationTimeoutException extends RuntimeException(""Timed out while waiting for de-activation."")","Might want to include some more debug info about which actorref didn't manage to activate within how long.
",457354db8ba6b42dbacc246c11f0ff15e38ebab4
362702,2,"This code above smells weird""",2012-01-18 02:07:57,viktorklang,akka,akka,,https://github.com/akka/akka-core/pull/217#discussion_r362702,2012-01-18T13:07:57Z,2012-01-18T16:57:19Z,viktorklang,CONTRIBUTOR,akka-camel/src/main/scala/akka/camel/internal/component/ActorComponent.scala,,170.0,,,1,"@@ -0,0 +1,303 @@
+package akka.camel.internal.component
+
+/**
+ * Copyright (C) 2009-2010 Scalable Solutions AB <http://scalablesolutions.se>
+ */
+
+import java.util.{Map => JMap}
+
+import org.apache.camel._
+import org.apache.camel.impl.{DefaultProducer, DefaultEndpoint, DefaultComponent}
+
+import akka.actor._
+
+import scala.reflect.BeanProperty
+import akka.dispatch.Await
+import akka.util.{Duration, Timeout}
+import akka.util.duration._
+import akka.camel.{Camel, CamelExchangeAdapter, Ack, Failure, Message, BlockingOrNot, Blocking, NonBlocking}
+import java.util.concurrent.TimeoutException
+
+private[camel] case class Path(actorPath: String) {
+  require(actorPath != null)
+  require(actorPath.length() > 0)
+  def toCamelPath =  ""actor://path:%s"" format actorPath
+}
+
+private[camel] object Path{
+  def apply(actorRef: ActorRef) = new Path(actorRef.path.toString)
+  def fromCamelPath(camelPath : String) =  camelPath match {
+    case id if id startsWith ""path:""   => new Path(id substring 5)
+    case _ => throw new IllegalArgumentException(""Invalid path: [%s] - should be path:<actorPath>"" format camelPath)
+  }
+}
+
+
+
+/**
+ * Camel component for sending messages to and receiving replies from (untyped) actors.
+ *
+ * @see akka.camel.component.ActorEndpoint
+ * @see akka.camel.component.ActorProducer
+ *
+ * @author Martin Krasser
+ */
+class ActorComponent(camel : Camel) extends DefaultComponent {
+  def createEndpoint(uri: String, remaining: String, parameters: JMap[String, Object]): ActorEndpoint = {
+    val path = Path.fromCamelPath(remaining)
+    new ActorEndpoint(uri, this, path, camel)
+  }
+}
+
+
+/**
+ * TODO fix the doc to be consistent with implementation
+ * Camel endpoint for sending messages to and receiving replies from (untyped) actors. Actors
+ * are referenced using <code>actor</code> endpoint URIs of the following format:
+ * <code>actor:<actor-id></code>,
+ * <code>actor:id:[<actor-id>]</code> and
+ * <code>actor:uuid:[<actor-uuid>]</code>,
+ * where <code><actor-id></code> refers to <code>ActorRef.id</code> and <code><actor-uuid></code>
+ * refers to the String-representation od <code>ActorRef.uuid</code>. In URIs that contain
+ * <code>id:</code> or <code>uuid:</code>, an actor identifier (id or uuid) is optional. In this
+ * case, the in-message of an exchange produced to this endpoint must contain a message header
+ * with name <code>CamelActorIdentifier</code> and a value that is the target actor's identifier.
+ * If the URI contains an actor identifier, a message with a <code>CamelActorIdentifier</code>
+ * header overrides the identifier in the endpoint URI.
+ *
+ * @see akka.camel.component.ActorComponent
+ * @see akka.camel.component.ActorProducer
+
+ * @author Martin Krasser
+ */
+class ActorEndpoint(uri: String,
+                    comp: ActorComponent,
+                    val path: Path,
+                    camel : Camel) extends DefaultEndpoint(uri, comp)  with ActorEndpointConfig{
+
+
+
+  /**
+   * @throws UnsupportedOperationException
+   */
+  def createConsumer(processor: Processor): org.apache.camel.Consumer =
+    throw new UnsupportedOperationException(""actor consumer not supported yet"")
+
+  /**
+   * Creates a new ActorProducer instance initialized with this endpoint.
+   */
+  def createProducer: ActorProducer = new ActorProducer(this, camel)
+
+  /**
+   * Returns true.
+   */
+  def isSingleton: Boolean = true
+}
+
+trait ActorEndpointConfig{
+  def getEndpointUri : String
+  def path : Path
+  /**
+   * When endpoint is outCapable (can produce responses) outTimeout is the maximum time
+   * the endpoint can take to send the response back. It defaults to Int.MaxValue seconds.
+   * It can be overwritten by setting @see blocking property
+   */
+  @BeanProperty var outTimeout: Duration = Int.MaxValue seconds
+
+
+  /**
+   * Whether to block caller thread during two-way message exchanges with (untyped) actors. This is
+   * set via the <code>blocking=true|false</code> endpoint URI parameter. Default value is
+   * <code>false</code>.
+   */
+  @BeanProperty var blocking: BlockingOrNot = NonBlocking
+
+  /** TODO fix it
+   * Whether to auto-acknowledge one-way message exchanges with (untyped) actors. This is
+   * set via the <code>blocking=true|false</code> endpoint URI parameter. Default value is
+   * <code>true</code>. When set to <code>true</code> consumer actors need to additionally
+   * call <code>Consumer.ack</code> within <code>Actor.receive</code>.
+   */
+  @BeanProperty var autoack: Boolean = true
+}
+
+/**
+ * Sends the in-message of an exchange to an (untyped) actor, identified by an
+ * actor endpoint URI or by a <code>CamelActorIdentifier</code> message header.
+ * <ul>
+ * <li>If the exchange pattern is out-capable and <code>blocking</code> is set to
+ * <code>true</code> then the producer waits for a reply, using the !! operator.</li>
+ * <li>If the exchange pattern is out-capable and <code>blocking</code> is set to
+ * <code>false</code> then the producer sends the message using the ! operator, together
+ * with a callback handler. The callback handler is an <code>ActorRef</code> that can be
+ * used by the receiving actor to asynchronously reply to the route that is sending the
+ * message.</li>
+ * <li>If the exchange pattern is in-only then the producer sends the message using the
+ * ! operator.</li>
+ * </ul>
+ *
+ * @see akka.camel.component.ActorComponent
+ * @see akka.camel.component.ActorEndpoint
+ *
+ * @author Martin Krasser
+ */
+class ActorProducer(val ep: ActorEndpoint, camel: Camel) extends DefaultProducer(ep) with AsyncProcessor {
+  def process(exchange: Exchange) {new TestableProducer(ep, camel).process(new CamelExchangeAdapter(exchange))}
+  def process(exchange: Exchange, callback: AsyncCallback) = new TestableProducer(ep, camel).process(new CamelExchangeAdapter(exchange), callback)
+}
+
+//TODO needs to know about ActorSystem instead of ConsumerRegistry. why is it called TestableProducer?
+// re: I'd rather keep the abstraction layer for now and let the Camel class delegate
+class TestableProducer(config : ActorEndpointConfig, camel : Camel) {
+
+  private lazy val path = config.path
+
+  def process(exchange: CamelExchangeAdapter) {
+    if (exchange.isOutCapable)
+      sendSync(exchange, config.outTimeout, forwardResponseTo(exchange))
+    else
+      fireAndForget(exchange)
+  }
+
+  def process(exchange: CamelExchangeAdapter, callback: AsyncCallback): Boolean = {
+    def notifyDoneSynchronously[A](a:A = null) = callback.done(true)
+    def notifyDoneAsynchronously[A](a:A = null) = callback.done(false)
+    val DoneSync = true
+    val DoneAsync = false","This code above smells weird
",457354db8ba6b42dbacc246c11f0ff15e38ebab4
363051,0,"So why is it a WeakHashMap if you already use the DeathWatch?""",2012-01-18 04:00:41,viktorklang,akka,akka,,https://github.com/akka/akka-core/pull/217#discussion_r363051,2012-01-18T15:00:41Z,2012-01-18T16:57:21Z,viktorklang,CONTRIBUTOR,akka-camel/src/main/scala/akka/camel/internal/ActivationTracker.scala,,80.0,,,80,"@@ -0,0 +1,80 @@
+package akka.camel.internal
+
+import akka.actor._
+import akka.camel._
+import collection.mutable.WeakHashMap
+import akka.event.Logging.Warning
+
+
+
+class ActivationTracker extends Actor{
+
+  val activations = new WeakHashMap[ActorRef,  ActivationStateMachine]
+
+  class ActivationStateMachine {
+    private[this] var awaitingActivation : List[ActorRef] = Nil
+    private[this] var awaitingDeActivation : List[ActorRef] = Nil
+    private[this] var activationFailure : Option[Throwable] = None
+
+    var receive : Receive = notActivated
+
+    def notActivated : Receive = {
+      case AwaitActivation(ref) =>  awaitingActivation ::= sender
+      case AwaitDeActivation(ref) => awaitingDeActivation ::= sender
+
+      case msg @ EndpointActivated(ref)  => {
+        migration.Migration.EventHandler.debug(ref+"" activated"")
+        awaitingActivation.foreach(_ ! msg)
+        awaitingActivation = Nil
+        receive = activated
+      }
+
+      case EndpointFailedToActivate(ref, cause) => {
+        migration.Migration.EventHandler.debug(ref+"" failed to activate"")
+        activationFailure = Option(cause)
+        awaitingActivation.foreach(_ ! EndpointFailedToActivate(ref, cause))
+        awaitingActivation = Nil
+        receive = failedToActivate
+      }
+    }
+
+    def activated : Receive = {
+      case AwaitActivation(ref) => sender ! EndpointActivated(ref)
+      case AwaitDeActivation(ref) => awaitingDeActivation ::= sender
+      case EndpointDeActivated(ref) => {
+        awaitingDeActivation foreach (_ ! EndpointDeActivated(ref))
+        awaitingDeActivation = Nil
+        context.stop(self)
+      }
+      case msg : EndpointFailedToDeActivate => {
+        awaitingDeActivation foreach (_ ! msg)
+        awaitingDeActivation = Nil
+      }
+    }
+
+    def failedToActivate : Receive = {
+      case AwaitActivation(ref) => sender ! EndpointFailedToActivate(ref, activationFailure.get)
+      case AwaitDeActivation(ref) => sender ! EndpointFailedToActivate(ref, activationFailure.get)
+    }
+
+  }
+
+  override def preStart() {
+    context.system.eventStream.subscribe(self, classOf[ActivationMessage])
+  }
+
+  override def receive = {
+    case msg @ ActivationMessage(ref) =>{
+      try{
+        activations.getOrElseUpdate(ref, new ActivationStateMachine).receive(msg)","So why is it a WeakHashMap if you already use the DeathWatch?
",457354db8ba6b42dbacc246c11f0ff15e38ebab4
335896,0,"What if the collections' size is Integer.MAX_VALUE?""",2012-01-08 21:56:02,viktorklang,akka,akka,,https://github.com/akka/akka-core/pull/204#discussion_r335896,2012-01-09T08:56:02Z,2012-01-09T08:56:02Z,viktorklang,CONTRIBUTOR,akka-actor/src/main/scala/akka/routing/Routing.scala,,253.0,,,34,"@@ -229,10 +231,28 @@ trait RoundRobinLike { this: RouterConfig ⇒
   def createRoute(props: Props, context: ActorContext, ref: RoutedActorRef): Route = {
     createAndRegisterRoutees(props, context, nrOfInstances, routees)
 
-    val next = new AtomicInteger(0)
+    val next = new AtomicInteger(-1)
 
     def getNext(): ActorRef = {
-      ref.routees(next.getAndIncrement % ref.routees.size)
+      val _routees = ref.routees
+      val size = _routees.size
+
+      @tailrec
+      def reduce(n: Int) {
+        val safetyValue = if (size >= 10000) size else (size * 100000)
+        if (n >= safetyValue) {
+          // decrease with multiple of the modulus, so that it doesn't change the modulus value
+          val newValue = n - safetyValue
+          next.compareAndSet(n, newValue)
+          reduce(next.get)
+        }
+      }
+
+      val n = next.incrementAndGet()
+      // make sure we don't exceed Int.MaxValue
+      reduce(n)","What if the collections' size is Integer.MAX_VALUE?
",3099a074e5feec91733f475000f2e8ab03d6ebbb
309244,0,"On Wed, Dec 21, 2011 at 5:24 PM, viktorklang < reply@reply.github.com > wrote:  > > > >    // FIXME: Dispatchers registered here are are not removed, see ticket > #1494 > > -  private val dispatchers = new ConcurrentHashMap[String, > MessageDispatcher] > """,2011-12-21 05:26:54,patriknw,akka,akka,,https://github.com/akka/akka-core/pull/182#discussion_r309244,2011-12-21T16:26:54Z,2011-12-21T22:47:22Z,patriknw,CONTRIBUTOR,akka-actor/src/main/scala/akka/dispatch/Dispatchers.scala,,65.0,,,1,"@@ -67,15 +68,18 @@ class Dispatchers(val settings: ActorSystem.Settings, val prerequisites: Dispatc
     if (settings.MailboxCapacity < 1) UnboundedMailbox()
     else BoundedMailbox(settings.MailboxCapacity, settings.MailboxPushTimeout)
 
-  val defaultDispatcherConfig = settings.config.getConfig(""akka.actor.default-dispatcher"")
+  val defaultDispatcherConfig = {
+    val key = ""akka.actor.default-dispatcher""
+    keyConfig(key).withFallback(settings.config.getConfig(key))
+  }
 
-  lazy val defaultGlobalDispatcher: MessageDispatcher =
-    from(defaultDispatcherConfig) getOrElse {
-      throw new ConfigurationException(""Wrong configuration [akka.actor.default-dispatcher]"")
-    }
+  private lazy val defaultDispatcherConfigurator: MessageDispatcherConfigurator =
+    configuratorFrom(defaultDispatcherConfig)
+
+  lazy val defaultGlobalDispatcher: MessageDispatcher = defaultDispatcherConfigurator.dispatcher()
 
   // FIXME: Dispatchers registered here are are not removed, see ticket #1494
-  private val dispatchers = new ConcurrentHashMap[String, MessageDispatcher]
+  private val dispatcherConfigurators = new ConcurrentHashMap[String, MessageDispatcherConfigurator]
 
   /**
    * Returns a dispatcher as specified in configuration, or if not defined it uses","On Wed, Dec 21, 2011 at 5:24 PM, viktorklang <
reply@reply.github.com

> wrote:
> 
> >    // FIXME: Dispatchers registered here are are not removed, see ticket
> > #1494
> > -  private val dispatchers = new ConcurrentHashMap[String,
> >   MessageDispatcher]
> > -  private val dispatcherConfigurators = new ConcurrentHashMap[String,
> >   MessageDispatcherConfigurator]
> >   
> >   /**
> >   - Returns a dispatcher as specified in configuration, or if not
> >     defined it uses
> 
> No, my point was, if I say that ""foo"" should be my dispatcher, and there
> is no ""foo"" registered, and it falls back to the default, I want a WARNING
> 
> Alright, I have another point, but I'll change it to Warning.
> 
> ---
> 
> Reply to this email directly or view it on GitHub:
> https://github.com/jboner/akka/pull/182/files#r309229

## 

Patrik Nordwall
Typesafe http://typesafe.com/ - Enterprise-Grade Scala from the Experts
Twitter: @patriknw
",ed2fb14dcf0120a6c126fe9c99038d897dbcdf0d
269632,0,"no, the only thing which must be protected against concurrent enqueue() (which is a read) is shutdown().""",2011-12-05 01:29:19,rkuhn,akka,akka,,https://github.com/akka/akka-core/pull/119#discussion_r269632,2011-12-05T12:29:19Z,2011-12-05T21:48:28Z,rkuhn,CONTRIBUTOR,akka-actor/src/main/java/org/jboss/netty/akka/util/HashedWheelTimer.java,,184.0,,,16,"@@ -181,12 +181,17 @@ private static int normalizeTicksPerWheel(int ticksPerWheel) {
      *                               {@linkplain #stop() stopped} already
      */
     public synchronized void start() {
-        if (shutdown.get()) {
-            throw new IllegalStateException(""cannot be started once stopped"");
-        }
+        lock.readLock().lock();","no, the only thing which must be protected against concurrent enqueue() (which is a read) is shutdown().
",9d7597c7282711889d74bd9b4d7bdae5ea254104
436872,0,"I understand that, but what about DynamicAccess or DynamicClassMaster. Looking at the signatures it is all about fqcn strings.  PropertyMaster can be a manager that handles just about anything.""",2012-02-09 21:14:51,patriknw,akka,akka,,https://github.com/akka/akka-core/pull/316#discussion_r436872,2012-02-10T08:14:51Z,2012-02-10T13:37:18Z,patriknw,CONTRIBUTOR,akka-actor/src/main/scala/akka/actor/ActorSystem.scala,,,,,1,"@@ -324,13 +324,13 @@ abstract class ExtendedActorSystem extends ActorSystem {
   def deathWatch: DeathWatch
 
   /**
-   * ClassLoader which is used for reflective accesses internally. This is set
-   * to the context class loader, if one is set, or the class loader which
+   * ClassLoader wrapper which is used for reflective accesses internally. This is set
+   * to use the context class loader, if one is set, or the class loader which
    * loaded the ActorSystem implementation. The context class loader is also
    * set on all threads created by the ActorSystem, if one was set during
    * creation.
    */
-  def internalClassLoader: ClassLoader
+  def propertyMaster: PropertyMaster","I understand that, but what about DynamicAccess or DynamicClassMaster. Looking at the signatures it is all about fqcn strings.

PropertyMaster can be a manager that handles just about anything.
",4b71872aef418639e1033bd7f98edb0e5ea138f4
443663,0,"Calling `unstashAll()` now throws a `MessageQueueAppendFailedException` in case of a capacity violation (this is also properly documented now). Moreover, the stash size limit is now configurable using `stash-capacity` (an int in the dispatcher section of """,2012-02-13 02:25:43,phaller,akka,akka,,https://github.com/akka/akka-core/pull/307#discussion_r443663,2012-02-13T13:25:43Z,2012-02-28T09:22:30Z,phaller,CONTRIBUTOR,akka-actor/src/main/scala/akka/actor/Stash.scala,,,,,1,"@@ -0,0 +1,97 @@
+/**
+ * Copyright (C) 2009-2012 Typesafe Inc. <http://www.typesafe.com>
+ */
+package akka.actor
+
+import akka.dispatch.{ Envelope, DequeBasedMessageQueue }
+
+/**
+ *  The `Stash` trait enables an actor to temporarily stash away messages that can not or
+ *  should not be handled using the actor's current behavior.
+ *  <p/>
+ *  Example:
+ *  <pre>
+ *    class ActorWithProtocol extends Actor with Stash {
+ *      def receive = {
+ *        case ""open"" ⇒
+ *          unstashAll {
+ *            case ""write"" ⇒ // do writing...
+ *            case ""close"" ⇒
+ *              unstashAll()
+ *              context.unbecome()
+ *            case msg ⇒ stash()
+ *          }
+ *        case ""done"" ⇒ // done
+ *        case msg    ⇒ stash()
+ *      }
+ *    }
+ *  </pre>
+ *
+ *  Note that the `Stash` trait can only be used together with actors that have a deque-based
+ *  mailbox. Actors can be configured to use a deque-based mailbox using a configuration like
+ *  the following:
+ *  <pre>
+ *  akka {
+ *    actor {
+ *      default-dispatcher {
+ *        mailboxType = ""akka.dispatch.UnboundedDequeBasedMailbox""
+ *      }
+ *    }
+ *  }
+ *  </pre>
+ */
+trait Stash {
+  thisActor: Actor ⇒
+
+  /* The private stash of the actor. It is only accessible using `stash()` and
+   * `unstashAll()`.
+   */
+  private[this] var theStash = Vector.empty[Envelope]
+
+  /* The actor's deque-based message queue.
+   * `mailbox.queue` is the underlying `Deque`.
+   */
+  private[this] val mailbox: DequeBasedMessageQueue = {
+    context.asInstanceOf[ActorCell].mailbox match {
+      case queue: DequeBasedMessageQueue ⇒ queue
+      case other                         ⇒ throw new ActorInitializationException(self, ""UnboundedDequeBasedMailbox required, got: "" + other.getClass())
+    }
+  }
+
+  /**
+   *  Adds the current message (the message that the actor received last) to the
+   *  actor's stash.
+   */
+  def stash(): Unit = theStash :+= context.asInstanceOf[ActorCell].currentMessage
+
+  /**
+   *  Prepends all messages in the stash to the mailbox, and then clears the stash.
+   */
+  def unstashAll(): Unit = {
+    theStash.reverseIterator foreach mailbox.queue.addFirst","Calling `unstashAll()` now throws a `MessageQueueAppendFailedException` in case of a capacity violation (this is also properly documented now). Moreover, the stash size limit is now configurable using `stash-capacity` (an int in the dispatcher section of the config).
",8ea949857b39388ac25bdc08df7feee3757f3ee9
417230,2,"Damn. Missing the else. Thanks Patrik. Sloppy of me to let this one slip through. I'll fix ASAP. """,2012-02-04 21:03:22,jboner,akka,akka,,https://github.com/akka/akka-core/pull/297#discussion_r417230,2012-02-05T08:03:22Z,2012-02-05T08:20:17Z,jboner,CONTRIBUTOR,akka-actor/src/main/scala/akka/AkkaException.scala,,,,,1,"@@ -7,6 +7,26 @@ package akka
 import akka.actor.newUuid
 import java.net.{ InetAddress, UnknownHostException }
 
+object AkkaException {
+  val hostname = try InetAddress.getLocalHost.getHostAddress catch { case e: UnknownHostException ⇒ ""unknown host"" }
+
+  def toStringWithStackTrace(throwable: Throwable): String = {
+    if (throwable eq null) ""Unknown Throwable: was 'null'""
+    throwable match {
+      case ae: AkkaException ⇒ ae.toLongString
+      case e                 ⇒ ""%s:%s\n%s"" format (e.getClass.getName, e.getMessage, stackTraceToString(e))","Damn. Missing the else. Thanks Patrik. Sloppy of me to let this one slip through. I'll fix ASAP. 
",42f5af7fb011059d8098532493eb13ec3116c7e5
342851,1,"Nice! Please comment that this prevents props and context to be closed over below.""",2012-01-10 23:35:04,viktorklang,akka,akka,,https://github.com/akka/akka-core/pull/208#discussion_r342851,2012-01-11T10:35:04Z,2012-01-11T10:42:36Z,viktorklang,CONTRIBUTOR,akka-actor/src/main/scala/akka/routing/Routing.scala,,176.0,,,1,"@@ -171,15 +171,15 @@ trait RouterConfig {
  * @see akka.routing.RouterConfig
  */
 abstract class CustomRouterConfig extends RouterConfig {
-  override def createRoute(props: Props, context: ActorContext, ref: RoutedActorRef): Route = {
-    val customRoute = createCustomRoute(props, context, ref)
+  override def createRoute(props: Props, context: ActorContext): Route = {
+    val customRoute = createCustomRoute(props, context)","Nice! Please comment that this prevents props and context to be closed over below.
",bc7b5c92a074da6c4d3f66ce71774e144e531fe8
342686,0,"So you cannot share the same RouterConfig between multiple Actors?""",2012-01-10 22:11:48,viktorklang,akka,akka,,https://github.com/akka/akka-core/pull/206#discussion_r342686,2012-01-11T09:11:48Z,2012-01-11T10:16:56Z,viktorklang,CONTRIBUTOR,akka-actor/src/main/scala/akka/routing/Routing.scala,,,,,1,"@@ -94,18 +116,48 @@ trait RouterConfig {
 
   protected def toAll(sender: ActorRef, routees: Iterable[ActorRef]): Iterable[Destination] = routees.map(Destination(sender, _))
 
-  protected def createRoutees(props: Props, context: ActorContext, nrOfInstances: Int, routees: Iterable[String]): IndexedSeq[ActorRef] = (nrOfInstances, routees) match {
+  def createRoutees(props: Props, context: ActorContext, nrOfInstances: Int, routees: Iterable[String]): IndexedSeq[ActorRef] = (nrOfInstances, routees) match {
     case (0, Nil) ⇒ throw new IllegalArgumentException(""Insufficient information - missing configuration."")
     case (x, Nil) ⇒ (1 to x).map(_ ⇒ context.actorOf(props))(scala.collection.breakOut)
     case (_, xs)  ⇒ xs.map(context.actorFor(_))(scala.collection.breakOut)
   }
 
   protected def createAndRegisterRoutees(props: Props, context: ActorContext, nrOfInstances: Int, routees: Iterable[String]): Unit = {
-    registerRoutees(context, createRoutees(props, context, nrOfInstances, routees))
+    resizer match {
+      case None    ⇒ registerRoutees(context, createRoutees(props, context, nrOfInstances, routees))
+      case Some(p) ⇒ resize(props, context, context.self.asInstanceOf[RoutedActorRef].routees)
+    }
   }
 
-  protected def registerRoutees(context: ActorContext, routees: IndexedSeq[ActorRef]): Unit = {
-    context.self.asInstanceOf[RoutedActorRef]._routees = routees
+  /**
+   * Adds new routees to the router.
+   */
+  def registerRoutees(context: ActorContext, routees: IndexedSeq[ActorRef]): Unit = {
+    context.self.asInstanceOf[RoutedActorRef].addRoutees(routees)
+  }
+
+  /**
+   * Removes routees from the router. This method doesn't stop the routees.
+   */
+  def unregisterRoutees(context: ActorContext, routees: IndexedSeq[ActorRef]): Unit = {
+    context.self.asInstanceOf[RoutedActorRef].removeRoutees(routees)
+  }
+
+  def resizer: Option[Resizer] = None
+
+  private val resizeProgress = new AtomicBoolean
+  private val resizeCounter = new AtomicLong
+
+  def resize(props: Props, context: ActorContext, currentRoutees: IndexedSeq[ActorRef]) {
+    for (r ← resizer) {
+      if (r.isTimeForResize(resizeCounter.getAndIncrement()) && resizeProgress.compareAndSet(false, true)) {","So you cannot share the same RouterConfig between multiple Actors?
",85b673b63ffd61a02ae1393b8115160e4341a108
319475,0,"Why does that look so cludgy? can't / just skip nulls and """"""""s?""",2011-12-29 10:54:53,viktorklang,akka,akka,,https://github.com/akka/akka-core/pull/196#discussion_r319475,2011-12-29T21:54:53Z,2011-12-29T23:12:59Z,viktorklang,CONTRIBUTOR,akka-actor/src/main/scala/akka/actor/ActorRefProvider.scala,,,,,1,"@@ -453,22 +453,33 @@ class LocalActorRefProvider(
 
   def actorFor(ref: InternalActorRef, path: String): InternalActorRef = path match {
     case RelativeActorPath(elems) ⇒
-      if (elems.isEmpty) deadLetters
-      else if (elems.head.isEmpty) actorFor(rootGuardian, elems.tail)
+      if (elems.isEmpty) {
+        log.debug(""look-up of empty path string '{}' fails (per definition)"", path)
+        deadLetters
+      } else if (elems.head.isEmpty) actorFor(rootGuardian, elems.tail)
       else actorFor(ref, elems)
     case LocalActorPath(address, elems) if address == rootPath.address ⇒ actorFor(rootGuardian, elems)
-    case _ ⇒ deadLetters
+    case _ ⇒
+      log.debug(""look-up of unknown path '{}' failed"", path)
+      deadLetters
   }
 
   def actorFor(path: ActorPath): InternalActorRef =
     if (path.root == rootPath) actorFor(rootGuardian, path.elements)
-    else deadLetters
+    else {
+      log.debug(""look-up of foreign ActorPath '{}' failed"", path)
+      deadLetters
+    }
 
   def actorFor(ref: InternalActorRef, path: Iterable[String]): InternalActorRef =
-    if (path.isEmpty) deadLetters
-    else ref.getChild(path.iterator) match {
-      case Nobody ⇒ deadLetters
-      case x      ⇒ x
+    if (path.isEmpty) {
+      log.debug(""look-up of empty path sequence fails (per definition)"")
+      deadLetters
+    } else ref.getChild(path.iterator) match {
+      case Nobody ⇒
+        log.debug(""look-up of path sequence '{}' failed"", path)
+        new EmptyLocalActorRef(eventStream, dispatcher, ref.path / path.filterNot(_.isEmpty))","Why does that look so cludgy? can't / just skip nulls and """"s?
",023f4eb0ecbbcdc6dacb0b73884fc11c3b95f00e
295283,0,"Just tried the actual generated docs. This example comes out a little strange because of the different indenting. I think as two blocks is better for this:      .. includecode:: code/TypedActorDocSpec.scala#typed-actor-supercharge      .. includecode:: co""",2011-12-14 12:23:14,pvlugter,akka,akka,,https://github.com/akka/akka-core/pull/160#discussion_r295283,2011-12-14T23:23:14Z,2011-12-15T16:19:19Z,pvlugter,MEMBER,akka-docs/scala/typed-actors.rst,,,,,1,"@@ -4,186 +4,160 @@ Typed Actors (Scala)
 .. sidebar:: Contents
 
    .. contents:: :local:
-   
-The Typed Actors are implemented through `Typed Actors <http://en.wikipedia.org/wiki/Active_object>`_. It uses AOP through `AspectWerkz <http://aspectwerkz.codehaus.org/>`_ to turn regular POJOs into asynchronous non-blocking Actors with semantics of the Actor Model. Each method dispatch is turned into a message that is put on a queue to be processed by the Typed Actor sequentially one by one.
 
-If you are using the `Spring Framework <http://springsource.org>`_ then take a look at Akka's `Spring integration <spring-integration>`_.
+Akka Typed Actors is an implementation of the `Active Objects <http://en.wikipedia.org/wiki/Active_object>`_ pattern.
+Essentially turning method invocations into asynchronous dispatch instead of synchronous that has been the default way since Smalltalk came out.
 
-**WARNING:** Do not configure to use a ``BalancingDispatcher`` with your ``TypedActors``, it just isn't safe with how ``TypedActors`` currently are implemented. This limitation will most likely be removed in the future.
+Typed Actors consist of 2 ""parts"", a public interface and an implementation, and if you've done any work in ""enterprise"" Java, this will be very familiar to you. As with normal Actors you have an external API (the public interface instance) that will delegate methodcalls asynchronously to
+a private instance of the implementation.
 
-Creating Typed Actors
----------------------
-
-**IMPORTANT:** The Typed Actors class must have access modifier 'public' (which is default) and can't be an inner class (unless it is an inner class in an 'object').
+The advantage of Typed Actors vs. Actors is that with TypedActors you have a static contract, and don't need to define your own messages, the downside is that it places some limitations on what you can do and what you can't, i.e. you can't use become/unbecome.
 
-Akka turns POJOs with interface and implementation into asynchronous (Typed) Actors. Akka is using `AspectWerkz’s Proxy <http://blogs.codehaus.org/people/jboner/archives/000914_awproxy_proxy_on_steriods.html>`_ implementation, which is the `most performant <http://docs.codehaus.org/display/AW/AOP+Benchmark>`_ proxy implementation there exists.
+Typed Actors are implemented using `JDK Proxies <http://docs.oracle.com/javase/6/docs/api/java/lang/reflect/Proxy.html>`_ which provide a pretty easy-worked API to intercept method calls.
 
-In order to create a Typed Actor you have to subclass the ``TypedActor`` base class.
 
-Here is an example.
+The tools of the trade
+----------------------
 
-If you have a POJO with an interface implementation separation like this:
+Before we create our first Typed Actor we should first go through the tools that we have at our disposal,
+it's located in ``akka.actor.TypedActor``.
 
-.. code-block:: scala
+.. includecode:: code/TypedActorDocSpec.scala
+   :include: typed-actor-extension-tools
 
-  import akka.actor.TypedActor
+.. warning::
+    
+    Same as not exposing ``this`` of an Akka Actor, it's important not to expose ``this`` of a Typed Actor,
+    instead you should pass the external proxy reference, which is obtained from within your Typed Actor as
+    ``TypedActor.self``, this is your external identity, as the ``ActorRef`` is the external identity of
+    and Akka Actor.
 
-  trait RegistrationService {
-    def register(user: User, cred: Credentials): Unit
-    def getUserFor(username: String): User
-  }
-
-.. code-block:: scala
+Creating Typed Actors
+---------------------
 
-  public class RegistrationServiceImpl extends TypedActor with RegistrationService {
-    def register(user: User, cred: Credentials) {
-      ... // register user
-    }
+To create a Typed Actor you need to have one or more interfaces, and one implementation.
 
-    def getUserFor(username: String): User = {
-      ... // fetch user by username
-     user
-    }
-  }
+Our example interface:
 
-Then you can create an Typed Actor out of it by creating it through the ``TypedActor`` factory like this:
+.. includecode:: code/TypedActorDocSpec.scala
+   :include: imports,typed-actor-iface
+   :exclude: typed-actor-iface-methods
 
-.. code-block:: scala
+Our example implementation of that interface:
 
-  val service = TypedActor.newInstance(classOf[RegistrationService], classOf[RegistrationServiceImpl], 1000)
-  // The last parameter defines the timeout for Future calls
+.. includecode:: code/TypedActorDocSpec.scala
+   :include: imports,typed-actor-impl
+   :exclude: typed-actor-impl-methods
 
-Creating Typed Actors with non-default constructor
-^^^^^^^^^^^^^^^^^^^^^^^^^^^^^^^^^^^^^^^^^^^^^^^^^^
+The most trivial way of creating a Typed Actor instance
+of our Squarer:
 
-To create a typed actor that takes constructor arguments use a variant of ``newInstance`` or ``newRemoteInstance`` that takes a call-by-name block in which you can create the Typed Actor in any way you like.
+.. includecode:: code/TypedActorDocSpec.scala
+   :include: typed-actor-create1
 
-Here is an example:
+First type is the type of the proxy, the second type is the type of the implementation.
+If you need to call a specific constructor you do it like this:
 
-.. code-block:: scala
+.. includecode:: code/TypedActorDocSpec.scala
+   :include: typed-actor-create2
 
-  val service = TypedActor.newInstance(classOf[Service], new ServiceWithConstructorArgs(""someString"", 500L))
+Since you supply a Props, you can specify which dispatcher to use, what the default timeout should be used and more.
+Now, our Squarer doesn't have any methods, so we'd better add those.
 
-Configuration factory class
-^^^^^^^^^^^^^^^^^^^^^^^^^^^
+.. includecode:: code/TypedActorDocSpec.scala
+   :include: imports,typed-actor-iface
 
-Using a configuration object:
+Alright, now we've got some methods we can call, but we need to implement those in SquarerImpl.
 
-.. code-block:: scala
+.. includecode:: code/TypedActorDocSpec.scala
+   :include: imports,typed-actor-impl
 
-  import akka.actor.TypedActorConfiguration
-  import akka.util.Duration
-  import akka.util.duration._
+Alright, now we have an interface and an implementation of that interface,
+and we know how to create a Typed Actor from that, so let's look at calling these methods.
 
-      val config = TypedActorConfiguration()
-        .timeout(3000 millis)
+Method dispatch semantics
+-------------------------
 
-  val service = TypedActor.newInstance(classOf[RegistrationService], classOf[RegistrationServiceImpl], config)
+Methods returning:
 
-However, often you will not use these factory methods but declaratively define the Typed Actors as part of a supervisor hierarchy. More on that in the :ref:`fault-tolerance-scala` section.
+  * ``Unit`` will be dispatched with ``fire-and-forget`` semantics, exactly like ``Actor.tell``
+  * ``akka.dispatch.Future[_]`` will use ``send-request-reply`` semantics, exactly like ``Actor.ask``
+  * ``scala.Option[_]`` or akka.japi.Option[_] will use ``send-request-reply`` semantics, but _will_ block to wait for an answer,
+    and return None if no answer was produced within the timout, or scala.Some/akka.japi.Some containing the result otherwise.
+    Any exception that was thrown during this call will be rethrown.
+  * Any other type of value will use ``send-request-reply`` semantics, but _will_ block to wait for an answer,
+    throwing ``java.util.concurrent.TimeoutException`` if there was a timeout or rethrow any exception that was thrown during this call.
 
-Sending messages
-----------------
+Messages and immutability
+-------------------------
 
-Messages are sent simply by invoking methods on the POJO, which is proxy to the ""real"" POJO now. The arguments to the method are bundled up atomically into an message and sent to the receiver (the actual POJO instance).
+While Akka cannot enforce that the parameters to the methods of your Typed Actors are immutable,
+we *strongly* recommend that parameters passed are immutable.
 
 One-way message send
 ^^^^^^^^^^^^^^^^^^^^
 
-Methods that return void are turned into ‘fire-and-forget’ semantics by asynchronously firing off the message and return immediately. In the example above it would be the 'register' method, so if this method is invoked then it returns immediately:
+.. includecode:: code/TypedActorDocSpec.scala
+   :include: typed-actor-call-oneway
 
-.. code-block:: java
-
-  // method invocation returns immediately and method is invoke asynchronously using the Actor Model semantics
-  service.register(user, creds)
+As simple as that! The method will be executed on another thread; asynchronously.
 
 Request-reply message send
 ^^^^^^^^^^^^^^^^^^^^^^^^^^
 
-Methods that return something (e.g. non-void methods) are turned into ‘send-and-receive-eventually’ semantics by asynchronously firing off the message and wait on the reply using a Future.
-
-.. code-block:: scala
+.. includecode:: code/TypedActorDocSpec.scala
+   :include: typed-actor-call-option
 
-  // method invocation is asynchronously dispatched using the Actor Model semantics,
-  // but it blocks waiting on a Future to be resolved in the background
-  val user = service.getUser(username)
+This will block for as long as the timeout that was set in the Props of the Typed Actor,
+if needed. It will return ``None`` if a timeout occurs.
 
-Generally it is preferred to use fire-forget messages as much as possible since they will never block, e.g. consume a resource by waiting. But sometimes they are neat to use since they:
+.. includecode:: code/TypedActorDocSpec.scala
+   :include: typed-actor-call-strict
 
-* Simulates standard Java method dispatch, which is more intuitive for most Java developers
-* Are a neat to model request-reply
-* Are useful when you need to do things in a defined order
+This will block for as long as the timeout that was set in the Props of the Typed Actor,
+if needed. It will throw a ``java.util.concurrent.TimeoutException`` if a timeout occurs.
 
 Request-reply-with-future message send
 ^^^^^^^^^^^^^^^^^^^^^^^^^^^^^^^^^^^^^^
 
-Methods that return a ``akka.dispatch.Future<TYPE>`` are turned into ‘send-and-receive-with-future’ semantics by asynchronously firing off the message and returns immediately with a Future. You need to use the ``future(...)`` method in the ``TypedActor`` base class to resolve the Future that the client code is waiting on.
-
-Here is an example:
+.. includecode:: code/TypedActorDocSpec.scala
+   :include: typed-actor-call-future
 
-.. code-block:: scala
-
-  class MathTypedActorImpl extends TypedActor with MathTypedActor {
-    def square(x: Int): Future[Integer] = future(x * x)
-  }
-
-  // create the ping actor
-  val math = TypedActor.newInstance(classOf[MathTyped], classOf[MathTypedImpl])
-
-  // This method will return immediately when called, caller should wait on the Future for the result
-  val future = math.square(10)
-  future.await
-  val result: Int = future.get
+This call is asynchronous, and the Future returned can be used for asynchronous composition. 
 
 Stopping Typed Actors
 ---------------------
 
-Once Typed Actors have been created with one of the ``TypedActor.newInstance`` methods they need to be stopped with ``TypedActor.stop`` to free resources allocated by the created Typed Actor (this is not needed when the Typed Actor is supervised).
-
-.. code-block:: scala
-
-  // Create Typed Actor
-  val service = TypedActor.newInstance(classOf[RegistrationService], classOf[RegistrationServiceImpl], 1000)
-
-  // ...
+Since Akkas Typed Actors are backed by Akka Actors they must be stopped when they aren't needed anymore.
 
-  // Free Typed Actor resources
-  TypedActor.stop(service)
+.. includecode:: code/TypedActorDocSpec.scala
+   :include: typed-actor-stop
 
-When the Typed Actor defines a shutdown callback method (:ref:`fault-tolerance-scala`) it will be invoked on ``TypedActor.stop``.
+This asynchronously stops the Typed Actor associated with the specified proxy ASAP.
 
-How to use the TypedActorContext for runtime information access
----------------------------------------------------------------
+.. includecode:: code/TypedActorDocSpec.scala
+   :include: typed-actor-poisonpill
 
-The ``akka.actor.TypedActorContext`` class Holds 'runtime type information' (RTTI) for the Typed Actor. This context is a member field in the ``TypedActor`` base class and holds for example the current sender reference, the current sender future etc.
+This asynchronously stops the Typed Actor associated with the specified proxy
+after it's done with all calls that were made prior to this call.
 
-Here is an example how you can use it to in a 'void' (e.g. fire-forget) method to implement request-reply by using the sender reference:
+Typed Actor Hierarchies
+-----------------------
 
-.. code-block:: scala
+Since you can obtain a contextual Typed Actor Extension by passing in an ``ActorContext``
+you can create child Typed Actors by invoking ``typedActorOf(..)`` on that.
 
-  class PingImpl extends TypedActor with Ping {
-
-    def hit(count: Int) {
-      val pong = context.getSender.asInstanceOf[Pong]
-      pong.hit(count++)
-    }
-  }
-
-If the sender, sender future etc. is not available, then these methods will return ``null`` so you should have a way of dealing with that scenario.
-
-Messages and immutability
--------------------------
+This also works for creating child Typed Actors in regular Akka Actors.
 
-**IMPORTANT**: Messages can be any kind of object but have to be immutable (there is a workaround, see next section). Java or Scala can’t enforce immutability (yet) so this has to be by convention. Primitives like String, int, Long are always immutable. Apart from these you have to create your own immutable objects to send as messages. If you pass on a reference to an instance that is mutable then this instance can be modified concurrently by two different Typed Actors and the Actor model is broken leaving you with NO guarantees and most likely corrupt data.
+Lifecycle callbacks
+-------------------
 
-Akka can help you in this regard. It allows you to turn on an option for serializing all messages, e.g. all parameters to the Typed Actor effectively making a deep clone/copy of the parameters. This will make sending mutable messages completely safe. This option is turned on in the :ref:`configuration` file like this:
+By having your Typed Actor implementation class implement ``TypedActor.PreStart``, ``TypedActor.PostStop``, ``TypedActor.PreRestart`` and/or ``TypedActor.PostRestart`` you can hook into the lifecyle of your Typed Actor.
 
-.. code-block:: ruby
+Supercharging
+-------------
 
-  akka {
-    actor {
-      serialize-messages = on  # does a deep clone of messages to ensure immutability
-    }
-  }
+Here's an example on how you can use traits to mix in behavior in your Typed Actors.
 
-This will make a deep clone (using Java serialization) of all parameters.
+.. includecode:: code/TypedActorDocSpec.scala
+   :include: typed-actor-supercharge,typed-actor-supercharge-usage","Just tried the actual generated docs. This example comes out a little strange because of the different indenting. I think as two blocks is better for this:

```
.. includecode:: code/TypedActorDocSpec.scala#typed-actor-supercharge

.. includecode:: code/TypedActorDocSpec.scala#typed-actor-supercharge-usage
```
",9d2ab2e7145ed1e200ed29aee42f9a5734f108ab
258115,2,"I find it a bit weird to have a method called """"toValue"""" that returns a key-value pair...""",2011-11-29 05:56:01,viktorklang,akka,akka,,https://github.com/akka/akka-core/pull/129#discussion_r258115,2011-11-29T16:56:01Z,2011-12-02T07:52:49Z,viktorklang,CONTRIBUTOR,akka-actor-tests/src/test/scala/akka/performance/workbench/Report.scala,,,,,1,"@@ -222,7 +222,7 @@ class Report(
     sb.append(""Akka version: "").append(system.settings.ConfigVersion)
     sb.append(""\n"")
     sb.append(""Akka config:"")
-    for ((key, value) ← system.settings.config.toObject) {
+    for ((key, value) ← system.settings.config.toValue) {","I find it a bit weird to have a method called ""toValue"" that returns a key-value pair...
",66bf11681c88b7ba58e9a3134374d21065130937
269614,1,"You guessed it.  Also, use pbhash :-)""",2011-12-05 01:21:44,viktorklang,akka,akka,,https://github.com/akka/akka-core/pull/119#discussion_r269614,2011-12-05T12:21:44Z,2011-12-05T21:48:28Z,viktorklang,CONTRIBUTOR,akka-actor/src/main/scala/akka/actor/ActorPath.scala,,145.0,,,202,"@@ -85,48 +59,119 @@ trait ActorPath {
   def /(child: Iterable[String]): ActorPath = (this /: child)(_ / _)
 
   /**
-   * String representation of this path. Different from toString for root path.
+   * Sequence of names for this path. Performance implication: has to allocate a list.
    */
-  def string: String
+  def pathElements: Iterable[String]
 
   /**
-   * Sequence of names for this path.
+   * Walk up the tree to obtain and return the RootActorPath.
    */
-  def path: Iterable[String]
+  def root: RootActorPath
 
-  /**
-   * Is this the root path?
-   */
-  def isRoot: Boolean
 }
 
-class RootActorPath(val remoteAddress: RemoteAddress) extends ActorPath {
-
-  def name: String = ""/""
+/**
+ * Root of the hierarchy of ActorPaths. There is exactly root per ActorSystem
+ * and node (for remote-enabled or clustered systems).
+ */
+final case class RootActorPath(address: Address, name: String = ActorPath.separator) extends ActorPath {
 
   def parent: ActorPath = this
 
-  def /(child: String): ActorPath = new ChildActorPath(remoteAddress, this, child)
+  def root: RootActorPath = this
 
-  def string: String = """"
+  def /(child: String): ActorPath = new ChildActorPath(this, child)
 
-  def path: Iterable[String] = Iterable.empty
+  val pathElements: Iterable[String] = List("""")
 
-  def isRoot: Boolean = true
+  override val toString = address + name
 
-  override def toString = ActorPath.separator
+  def compareTo(other: ActorPath) = other match {
+    case r: RootActorPath  ⇒ toString compareTo r.toString
+    case c: ChildActorPath ⇒ 1
+  }
 }
 
-class ChildActorPath(val remoteAddress: RemoteAddress, val parent: ActorPath, val name: String) extends ActorPath {
+final class ChildActorPath(val parent: ActorPath, val name: String) extends ActorPath {
 
-  def /(child: String): ActorPath = new ChildActorPath(remoteAddress, this, child)
+  def address: Address = root.address
 
-  def string: String = parent.string + ActorPath.separator + name
+  def /(child: String): ActorPath = new ChildActorPath(this, child)
 
-  def path: Iterable[String] = parent.path ++ Iterable(name)
+  def pathElements: Iterable[String] = {
+    @tailrec
+    def rec(p: ActorPath, acc: List[String]): Iterable[String] = p match {
+      case r: RootActorPath ⇒ acc
+      case _                ⇒ rec(p.parent, p.name :: acc)
+    }
+    rec(this, Nil)
+  }
 
-  def isRoot: Boolean = false
+  def root = {
+    @tailrec
+    def rec(p: ActorPath): RootActorPath = p match {
+      case r: RootActorPath ⇒ r
+      case _                ⇒ rec(p.parent)
+    }
+    rec(this)
+  }
 
-  override def toString = string
+  // TODO research whether this should be cached somehow (might be fast enough, but creates GC pressure)
+  /*
+   * idea: add one field which holds the total length (because that is known) 
+   * so that only one String needs to be allocated before traversal; this is
+   * cheaper than any cache
+   */
+  override def toString = {
+    @tailrec
+    def rec(p: ActorPath, s: String): String = p match {
+      case r: RootActorPath ⇒ r + s
+      case _ if s.isEmpty   ⇒ rec(p.parent, name)
+      case _                ⇒ rec(p.parent, p.name + ActorPath.separator + s)
+    }
+    rec(this, """")
+  }
+
+  override def equals(other: Any): Boolean = {
+    @tailrec
+    def rec(left: ActorPath, right: ActorPath): Boolean =
+      if (left eq right) true
+      else if (left.isInstanceOf[RootActorPath]) left equals right
+      else if (right.isInstanceOf[RootActorPath]) right equals left
+      else left.name == right.name && rec(left.parent, right.parent)
+
+    other match {
+      case p: ActorPath ⇒ rec(this, p)
+      case _            ⇒ false
+    }
+  }
+
+  // TODO RK investigate Phil’s hash from scala.collection.mutable.HashTable.improve
+  override def hashCode: Int = {","You guessed it.

Also, use pbhash :-)
",9d7597c7282711889d74bd9b4d7bdae5ea254104
221048,0,"Drop all constructors except for this one""",2011-11-10 01:47:25,viktorklang,akka,akka,,https://github.com/akka/akka-core/pull/106#discussion_r221048,2011-11-10T12:47:25Z,2011-11-10T15:33:03Z,viktorklang,CONTRIBUTOR,akka-actor/src/main/java/org/jboss/netty/akka/util/HashedWheelTimer.java,,103.0,,,103,"@@ -0,0 +1,555 @@
+/*
+ * Copyright 2009 Red Hat, Inc.
+ *
+ * Red Hat licenses this file to you under the Apache License, version 2.0
+ * (the ""License""); you may not use this file except in compliance with the
+ * License.  You may obtain a copy of the License at:
+ *
+ *    http://www.apache.org/licenses/LICENSE-2.0
+ *
+ * Unless required by applicable law or agreed to in writing, software
+ * distributed under the License is distributed on an ""AS IS"" BASIS, WITHOUT
+ * WARRANTIES OR CONDITIONS OF ANY KIND, either express or implied.  See the
+ * License for the specific language governing permissions and limitations
+ * under the License.
+ */
+package org.jboss.netty.akka.util;
+
+import java.util.ArrayList;
+import java.util.Collections;
+import java.util.HashSet;
+import java.util.List;
+import java.util.Set;
+import java.util.concurrent.Executors;
+import java.util.concurrent.ThreadFactory;
+import java.util.concurrent.TimeUnit;
+import java.util.concurrent.atomic.AtomicBoolean;
+import java.util.concurrent.atomic.AtomicInteger;
+import java.util.concurrent.locks.ReadWriteLock;
+import java.util.concurrent.locks.ReentrantReadWriteLock;
+
+import org.jboss.netty.akka.logging.InternalLogger;
+import org.jboss.netty.akka.logging.InternalLoggerFactory;
+import org.jboss.netty.akka.util.internal.ConcurrentIdentityHashMap;
+import org.jboss.netty.akka.util.internal.ReusableIterator;
+import org.jboss.netty.akka.util.internal.SharedResourceMisuseDetector;
+
+/**
+ * A {@link Timer} optimized for approximated I/O timeout scheduling.
+ *
+ * <h3>Tick Duration</h3>
+ *
+ * As described with 'approximated', this timer does not execute the scheduled
+ * {@link TimerTask} on time.  {@link org.jboss.netty.akka.util.HashedWheelTimer}, on every tick, will
+ * check if there are any {@link TimerTask}s behind the schedule and execute
+ * them.
+ * <p>
+ * You can increase or decrease the accuracy of the execution timing by
+ * specifying smaller or larger tick duration in the constructor.  In most
+ * network applications, I/O timeout does not need to be accurate.  Therefore,
+ * the default tick duration is 100 milliseconds and you will not need to try
+ * different configurations in most cases.
+ *
+ * <h3>Ticks per Wheel (Wheel Size)</h3>
+ *
+ * {@link org.jboss.netty.akka.util.HashedWheelTimer} maintains a data structure called 'wheel'.
+ * To put simply, a wheel is a hash table of {@link TimerTask}s whose hash
+ * function is 'dead line of the task'.  The default number of ticks per wheel
+ * (i.e. the size of the wheel) is 512.  You could specify a larger value
+ * if you are going to schedule a lot of timeouts.
+ *
+ * <h3>Do not create many instances.</h3>
+ *
+ * {@link org.jboss.netty.akka.util.HashedWheelTimer} creates a new thread whenever it is instantiated and
+ * started.  Therefore, you should make sure to create only one instance and
+ * share it across your application.  One of the common mistakes, that makes
+ * your application unresponsive, is to create a new instance in
+ * {@link ChannelPipelineFactory}, which results in the creation of a new thread
+ * for every connection.
+ *
+ * <h3>Implementation Details</h3>
+ *
+ * {@link org.jboss.netty.akka.util.HashedWheelTimer} is based on
+ * <a href=""http://cseweb.ucsd.edu/users/varghese/"">George Varghese</a> and
+ * Tony Lauck's paper,
+ * <a href=""http://cseweb.ucsd.edu/users/varghese/PAPERS/twheel.ps.Z"">'Hashed
+ * and Hierarchical Timing Wheels: data structures to efficiently implement a
+ * timer facility'</a>.  More comprehensive slides are located
+ * <a href=""http://www.cse.wustl.edu/~cdgill/courses/cs6874/TimingWheels.ppt"">here</a>.
+ *
+ * @author <a href=""http://www.jboss.org/netty/"">The Netty Project</a>
+ * @author <a href=""http://gleamynode.net/"">Trustin Lee</a>
+ * @version $Rev: 2297 $, $Date: 2010-06-07 10:50:02 +0900 (Mon, 07 Jun 2010) $
+ */
+public class HashedWheelTimer implements Timer {
+
+    static final InternalLogger logger =
+        InternalLoggerFactory.getInstance(HashedWheelTimer.class);
+    private static final AtomicInteger id = new AtomicInteger();
+
+    private static final SharedResourceMisuseDetector misuseDetector =
+        new SharedResourceMisuseDetector(HashedWheelTimer.class);
+
+    private final Worker worker = new Worker();
+    final Thread workerThread;
+    final AtomicBoolean shutdown = new AtomicBoolean();
+
+    private final long roundDuration;
+    final long tickDuration;
+    final Set<HashedWheelTimeout>[] wheel;
+    final ReusableIterator<HashedWheelTimeout>[] iterators;
+    final int mask;
+    final ReadWriteLock lock = new ReentrantReadWriteLock();
+    volatile int wheelCursor;
+
+    /**
+     * Creates a new timer with the default thread factory
+     * ({@link java.util.concurrent.Executors#defaultThreadFactory()}), default tick duration, and
+     * default number of ticks per wheel.
+     */
+    public HashedWheelTimer() {
+        this(Executors.defaultThreadFactory());
+    }
+
+    /**
+     * Creates a new timer with the default thread factory
+     * ({@link java.util.concurrent.Executors#defaultThreadFactory()}) and default number of ticks
+     * per wheel.
+     *
+     * @param tickDuration   the duration between tick
+     * @param unit           the time unit of the {@code tickDuration}
+     */
+    public HashedWheelTimer(long tickDuration, TimeUnit unit) {
+        this(Executors.defaultThreadFactory(), tickDuration, unit);
+    }
+
+    /**
+     * Creates a new timer with the default thread factory
+     * ({@link java.util.concurrent.Executors#defaultThreadFactory()}).
+     *
+     * @param tickDuration   the duration between tick
+     * @param unit           the time unit of the {@code tickDuration}
+     * @param ticksPerWheel  the size of the wheel
+     */
+    public HashedWheelTimer(long tickDuration, TimeUnit unit, int ticksPerWheel) {
+        this(Executors.defaultThreadFactory(), tickDuration, unit, ticksPerWheel);
+    }
+
+    /**
+     * Creates a new timer with the default tick duration and default number of
+     * ticks per wheel.
+     *
+     * @param threadFactory  a {@link java.util.concurrent.ThreadFactory} that creates a
+     *                       background {@link Thread} which is dedicated to
+     *                       {@link TimerTask} execution.
+     */
+    public HashedWheelTimer(ThreadFactory threadFactory) {
+        this(threadFactory, 100, TimeUnit.MILLISECONDS);
+    }
+
+    /**
+     * Creates a new timer with the default number of ticks per wheel.
+     *
+     * @param threadFactory  a {@link java.util.concurrent.ThreadFactory} that creates a
+     *                       background {@link Thread} which is dedicated to
+     *                       {@link TimerTask} execution.
+     * @param tickDuration   the duration between tick
+     * @param unit           the time unit of the {@code tickDuration}
+     */
+    public HashedWheelTimer(
+            ThreadFactory threadFactory, long tickDuration, TimeUnit unit) {
+        this(threadFactory, tickDuration, unit, 512);
+    }
+
+    /**
+     * Creates a new timer.
+     *
+     * @param threadFactory  a {@link java.util.concurrent.ThreadFactory} that creates a
+     *                       background {@link Thread} which is dedicated to
+     *                       {@link TimerTask} execution.
+     * @param tickDuration   the duration between tick
+     * @param unit           the time unit of the {@code tickDuration}
+     * @param ticksPerWheel  the size of the wheel
+     */
+    public HashedWheelTimer(","Drop all constructors except for this one
",1577f8bcb32097e2e317302089d92fd417b69913
20216,0,"Why does it require a HashSet?""",2011-04-17 23:39:45,viktorklang,akka,akka,,https://github.com/akka/akka-core/pull/73#discussion_r20216,2011-04-18T11:39:45Z,2011-04-18T11:39:45Z,viktorklang,CONTRIBUTOR,akka-stm/src/main/scala/stm/TransactionalSet.scala,,32.0,,,32,"@@ -0,0 +1,88 @@
+package akka.stm
+
+/**
+ * TransactionalSet : completely based on TransactionalMap
+ * @author - Dhananjay Nene
+ */
+
+/*
+ * TODO: Change package names in imports. This has been compiled against akka_2.8.0-1.0-M1.zip 
+ */
+
+import scala.collection.mutable.HashSet
+import se.scalablesolutions.akka.stm.{Transactional, Ref}
+import se.scalablesolutions.akka.actor.{newUuid}
+
+/**
+ * Transactional set that implements the mutable Set interface with an underlying Ref and HashSet.
+ */
+
+object TransactionalSet {
+  def apply[K]() = new TransactionalSet[K]()
+
+  def apply[K](elems: K*) = new TransactionalSet(HashSet(elems: _*))
+}
+
+/**
+ * Transactional Set that implements the mutable Set interface with an underlying Ref and HashSet.
+ *
+ * From Scala you can use TSet as a shorter alias for TransactionalSet.
+ */
+
+class TransactionalSet[T](initialValue: HashSet[T]) extends Transactional with scala.collection.mutable.Set[T] {","Why does it require a HashSet?
",95aff5ef78f4b8aca6f624f1402f3198acab056b
507277,0,"done""",2012-03-01 05:13:09,RayRoestenburg,akka,akka,,https://github.com/akka/akka-core/pull/344#discussion_r507277,2012-03-01T16:13:09Z,2012-03-20T12:17:27Z,RayRoestenburg,CONTRIBUTOR,akka-camel/src/main/scala/akka/camel/internal/ActivationTracker.scala,,,,,1,"@@ -0,0 +1,88 @@
+/**
+ * Copyright (C) 2009-2012 Typesafe Inc. <http://www.typesafe.com>
+ */
+
+package akka.camel.internal
+
+import akka.actor._
+import collection.mutable.WeakHashMap
+
+class ActivationTracker extends Actor with ActorLogging {
+  val activations = new WeakHashMap[ActorRef, ActivationStateMachine]
+
+  class ActivationStateMachine {
+    type State = PartialFunction[ActivationMessage, Unit]
+
+    var receive: State = notActivated()
+
+    def notActivated(): State = {
+      var awaitingActivation = List[ActorRef]()
+      var awaitingDeActivation = List[ActorRef]()
+
+      {
+        case AwaitActivation(ref)   ⇒ awaitingActivation ::= sender
+        case AwaitDeActivation(ref) ⇒ awaitingDeActivation ::= sender
+
+        case msg @ EndpointActivated(ref) ⇒ {
+          awaitingActivation.foreach(_ ! msg)
+          receive = activated(awaitingDeActivation)
+        }
+
+        case EndpointFailedToActivate(ref, cause) ⇒ {
+          awaitingActivation.foreach(_ ! EndpointFailedToActivate(ref, cause))
+          receive = failedToActivate(cause)
+        }
+      }
+    }
+
+    def activated(currentAwaitingDeActivation: List[ActorRef]): State = {
+      var awaitingDeActivation = currentAwaitingDeActivation
+
+      {
+        case AwaitActivation(ref)   ⇒ sender ! EndpointActivated(ref)
+        case AwaitDeActivation(ref) ⇒ awaitingDeActivation ::= sender
+        case msg @ EndpointDeActivated(ref) ⇒ {
+          awaitingDeActivation foreach (_ ! msg)
+          receive = deactivated
+        }
+        case msg @ EndpointFailedToDeActivate(ref, cause) ⇒ {","done
",f74616f828d3e31724d768dd86ce05af85d97ade
506518,2,"Holy shit, github has completely fucked my review :(""",2012-03-01 01:47:50,viktorklang,akka,akka,,https://github.com/akka/akka-core/pull/329#discussion_r506518,2012-03-01T12:47:50Z,2012-03-12T18:22:15Z,viktorklang,CONTRIBUTOR,akka-cluster/src/main/scala/akka/cluster/Node.scala,,239.0,,,239,"@@ -0,0 +1,803 @@
+/**
+ * Copyright (C) 2009-2012 Typesafe Inc. <http://www.typesafe.com>
+ */
+
+package akka.cluster
+
+import akka.actor._
+import akka.actor.Status._
+import akka.remote._
+import akka.routing._
+import akka.event.Logging
+import akka.dispatch.Await
+import akka.pattern.ask
+import akka.util._
+import akka.config.ConfigurationException
+
+import java.util.concurrent.atomic.{ AtomicReference, AtomicBoolean }
+import java.util.concurrent.TimeUnit._
+import java.util.concurrent.TimeoutException
+import java.security.SecureRandom
+
+import scala.collection.immutable.{ Map, SortedSet }
+import scala.annotation.tailrec
+
+import com.google.protobuf.ByteString
+
+/**
+ * Interface for membership change listener.
+ */
+trait MembershipChangeListener {
+  def notify(members: SortedSet[Member]): Unit
+}
+
+/**
+ * Interface for meta data change listener.
+ */
+trait MetaDataChangeListener { // FIXME add management and notification for MetaDataChangeListener
+  def notify(meta: Map[String, Array[Byte]]): Unit
+}
+
+// FIXME create Protobuf messages out of all the Gossip stuff - but wait until the prototol is fully stablized.
+
+/**
+ * Base trait for all cluster messages. All ClusterMessage's are serializable.
+ */
+sealed trait ClusterMessage extends Serializable
+
+/**
+ * Cluster commands sent by the USER.
+ */
+object ClusterAction {
+
+  /**
+   * Command to join the cluster. Sent when a node (reprsesented by 'address')
+   * wants to join another node (the receiver).
+   */
+  case class Join(address: Address) extends ClusterMessage
+
+  /**
+   * Command to set a node to Up (from Joining).
+   */
+  case object Up extends ClusterMessage
+
+  /**
+   * Command to leave the cluster.
+   */
+  case object Leave extends ClusterMessage
+
+  /**
+   * Command to mark node as temporary down.
+   */
+  case object Down extends ClusterMessage
+
+  /**
+   * Command to mark a node to be removed from the cluster immediately.
+   */
+  case object Exit extends ClusterMessage
+
+  /**
+   * Command to remove a node from the cluster immediately.
+   */
+  case object Remove extends ClusterMessage
+}
+
+/**
+ * Represents the address and the current status of a cluster member node.
+ */
+case class Member(address: Address, status: MemberStatus) extends ClusterMessage
+
+/**
+ * Envelope adding a sender address to the gossip.
+ */
+case class GossipEnvelope(sender: Member, gossip: Gossip) extends ClusterMessage
+
+/**
+ * Defines the current status of a cluster member node
+ *
+ * Can be one of: Joining, Up, Leaving, Exiting and Down.
+ */
+sealed trait MemberStatus extends ClusterMessage
+object MemberStatus {
+  case object Joining extends MemberStatus
+  case object Up extends MemberStatus
+  case object Leaving extends MemberStatus
+  case object Exiting extends MemberStatus
+  case object Down extends MemberStatus
+  case object Removed extends MemberStatus
+}
+
+// sealed trait PartitioningStatus
+// object PartitioningStatus {
+//   case object Complete extends PartitioningStatus
+//   case object Awaiting extends PartitioningStatus
+// }
+
+// case class PartitioningChange(
+//   from: Address,
+//   to: Address,
+//   path: PartitionPath,
+//   status: PartitioningStatus)
+
+/**
+ * Represents the overview of the cluster, holds the cluster convergence table and set with unreachable nodes.
+ */
+case class GossipOverview(
+  seen: Map[Address, VectorClock] = Map.empty[Address, VectorClock],
+  unreachable: Set[Address] = Set.empty[Address]) {
+
+  override def toString =
+    ""GossipOverview(seen = ["" + seen.mkString("", "") +
+      ""], unreachable = ["" + unreachable.mkString("", "") +
+      ""])""
+}
+
+/**
+ * Represents the state of the cluster; cluster ring membership, ring convergence, meta data - all versioned by a vector clock.
+ */
+case class Gossip(
+  overview: GossipOverview = GossipOverview(),
+  members: SortedSet[Member], // sorted set of members with their status, sorted by name
+  //partitions: Tree[PartitionPath, Node] = Tree.empty[PartitionPath, Node], // name/partition service
+  //pending: Set[PartitioningChange] = Set.empty[PartitioningChange],
+  meta: Map[String, Array[Byte]] = Map.empty[String, Array[Byte]],
+  version: VectorClock = VectorClock()) // vector clock version
+  extends ClusterMessage // is a serializable cluster message
+  with Versioned[Gossip] {
+
+  /**
+   * Increments the version for this 'Node'.
+   */
+  def +(node: VectorClock.Node): Gossip = copy(version = version + node)
+
+  def +(member: Member): Gossip = {
+    if (members contains member) this
+    else this copy (members = members + member)
+  }
+
+  /**
+   * Marks the gossip as seen by this node (remoteAddress) by updating the address entry in the 'gossip.overview.seen'
+   * Map with the VectorClock for the new gossip.
+   */
+  def seen(address: Address): Gossip =
+    this copy (overview = overview copy (seen = overview.seen + (address -> version)))
+
+  override def toString =
+    ""Gossip("" +
+      ""overview = "" + overview +
+      "", members = ["" + members.mkString("", "") +
+      ""], meta = ["" + meta.mkString("", "") +
+      ""], version = "" + version +","Holy shit, github has completely fucked my review :(
",cf3fa9fa3ce9e9312db0922370c93ce1af9db7c8
434846,0,"?""",2012-02-09 09:41:46,viktorklang,akka,akka,,https://github.com/akka/akka-core/pull/318#discussion_r434846,2012-02-09T20:41:46Z,2012-02-10T09:40:42Z,viktorklang,CONTRIBUTOR,akka-docs/scala/code/akka/docs/zeromq/ZeromqDocSpec.scala,,,,,1,"@@ -0,0 +1,187 @@
+/**
+ * Copyright (C) 2009-2012 Typesafe Inc. <http://www.typesafe.com>
+ */
+package akka.docs.zeromq
+
+import akka.actor.Actor
+import akka.actor.Props
+import akka.util.duration._
+import akka.testkit._
+import akka.zeromq.ZeroMQVersion
+import akka.zeromq.ZeroMQExtension
+import java.text.SimpleDateFormat
+import java.util.Date
+import akka.zeromq.SocketType
+import akka.zeromq.Bind
+
+object ZeromqDocSpec {
+
+  //#health
+  import akka.zeromq._
+  import akka.actor.Actor
+  import akka.actor.Props
+  import akka.actor.ActorLogging
+  import akka.serialization.SerializationExtension
+  import java.lang.management.ManagementFactory
+
+  case object Tick
+  case class Heap(timestamp: Long, used: Long, max: Long)
+  case class Load(timestamp: Long, loadAverage: Double)
+
+  class HealthProbe extends Actor {
+
+    val pubSocket = context.system.newSocket(SocketType.Pub, Bind(""tcp://127.0.0.1:1235""))
+    val memory = ManagementFactory.getMemoryMXBean
+    val os = ManagementFactory.getOperatingSystemMXBean
+    val ser = SerializationExtension(context.system)
+
+    context.system.scheduler.schedule(1 second, 1 second, self, Tick)
+
+    def receive: Receive = {
+      case Tick ⇒
+        val currentHeap = memory.getHeapMemoryUsage
+        val timestamp = System.currentTimeMillis
+
+        // use akka SerializationExtension to convert to bytes
+        val heapPayload = ser.serialize(Heap(timestamp, currentHeap.getUsed, currentHeap.getMax)).fold(throw _, identity)
+        // the first frame is the topic, second is the message
+        pubSocket ! ZMQMessage(Seq(Frame(""health.heap""), Frame(heapPayload)))
+
+        // use akka SerializationExtension to convert to bytes
+        val loadPayload = ser.serialize(Load(timestamp, os.getSystemLoadAverage)).fold(throw _, identity)
+        // the first frame is the topic, second is the message
+        pubSocket ! ZMQMessage(Seq(Frame(""health.load""), Frame(loadPayload)))
+    }
+  }
+  //#health
+
+  //#logger
+  class Logger extends Actor with ActorLogging {
+
+    context.system.newSocket(SocketType.Sub, Listener(self), Connect(""tcp://127.0.0.1:1235""), Subscribe(""health""))
+    val ser = SerializationExtension(context.system)
+    val timestampFormat = new SimpleDateFormat(""HH:mm:ss.SSS"")
+
+    def receive = {
+      // the first frame is the topic, second is the message
+      case m: ZMQMessage if m.firstFrameAsString == ""health.heap"" ⇒
+        ser.deserialize(m.payload(1), classOf[Heap], None) match {
+          case Right(Heap(timestamp, used, max)) ⇒
+            log.info(""Used heap {} bytes, at {}"", used, timestampFormat.format(new Date(timestamp)))
+          case Left(e) ⇒ throw e
+        }
+
+      case m: ZMQMessage if m.firstFrameAsString == ""health.load"" ⇒
+        ser.deserialize(m.payload(1), classOf[Load], None) match {
+          case Right(Load(timestamp, loadAverage)) ⇒
+            log.info(""Load average {}, at {}"", loadAverage, timestampFormat.format(new Date(timestamp)))
+          case Left(e) ⇒ throw e
+        }
+    }
+  }
+  //#logger
+
+  //#alerter
+  class HeapAlerter extends Actor with ActorLogging {
+
+    context.system.newSocket(SocketType.Sub, Listener(self), Connect(""tcp://127.0.0.1:1235""), Subscribe(""health.heap""))
+    val ser = SerializationExtension(context.system)
+    var count = 0
+
+    def receive = {
+      // the first frame is the topic, second is the message
+      case m: ZMQMessage if m.firstFrameAsString == ""health.heap"" ⇒
+        ser.deserialize(m.payload(1), classOf[Heap], None) match {
+          case Right(Heap(timestamp, used, max)) ⇒
+            if ((used.toDouble / max) > 0.9) count += 1
+            else count = 0
+            if (count > 10) log.warning(""Need more memory, using {} %"", (100.0 * used / max))
+          case Left(e) ⇒ throw e
+        }
+    }
+  }
+  //#alerter
+
+}
+
+class ZeromqDocSpec extends AkkaSpec(""akka.loglevel=INFO"") {
+  import ZeromqDocSpec._
+
+  ""demonstrate how to create socket"" in {
+    checkZeroMQInstallation()
+
+    //#pub-socket
+    import akka.zeromq.ZeroMQExtension
+    val pubSocket = ZeroMQExtension(system).newSocket(SocketType.Pub, Bind(""tcp://127.0.0.1:1234""))
+    //#pub-socket
+
+    //#pub-socket2
+    import akka.zeromq._
+    val pubSocket2 = system.newSocket(SocketType.Pub, Bind(""tcp://127.0.0.1:1234""))
+    //#pub-socket2
+
+    //#sub-socket
+    import akka.zeromq._
+    val listener = system.actorOf(Props(new Actor {
+      def receive: Receive = {
+        case Connecting    ⇒ //...
+        case m: ZMQMessage ⇒ //...
+        case _             ⇒ //...
+      }
+    }))
+    val subSocket = system.newSocket(SocketType.Sub, Listener(listener), Connect(""tcp://127.0.0.1:1234""), SubscribeAll)
+    //#sub-socket
+
+    //#sub-topic-socket
+    val subTopicSocket = system.newSocket(SocketType.Sub, Listener(listener), Connect(""tcp://127.0.0.1:1234""), Subscribe(""foo.bar""))
+    //#sub-topic-socket
+
+    //#unsub-topic-socket
+    subTopicSocket ! Unsubscribe(""foo.bar"")
+    //#unsub-topic-socket
+
+    val payload = Array.empty[Byte]
+    //#pub-topic
+    pubSocket ! ZMQMessage(Seq(Frame(""foo.bar""), Frame(payload)))
+    //#pub-topic
+
+    //#high-watermark
+    val highWatermarkSocket = system.newSocket(
+      SocketType.Router,
+      Listener(listener),
+      Bind(""tcp://127.0.0.1:1234""),
+      HighWatermark(50000))
+    //#high-watermark
+  }
+
+  ""demonstrate pub-sub"" in {
+    checkZeroMQInstallation()
+
+    //#health
+
+    system.actorOf(Props[HealthProbe], name = ""health"")
+    //#health
+
+    //#logger
+
+    system.actorOf(Props[Logger], name = ""logger"")
+    //#logger
+
+    //#alerter
+
+    system.actorOf(Props[HeapAlerter], name = ""alerter"")
+    //#alerter
+
+    Thread.sleep(3000)","?
",5b50ca96f2b3e4fc32f077e730e050f99cddfe79
297217,2,"Trust me, I have spent quite some time pondering these issues. The ask/? we have for 2.0 is the least of all evils.""",2011-12-15 07:00:08,viktorklang,akka,akka,,https://github.com/akka/akka-core/pull/147#discussion_r297217,2011-12-15T18:00:08Z,2011-12-15T18:00:08Z,viktorklang,CONTRIBUTOR,akka-actor/src/main/scala/akka/actor/ActorRef.scala,,450.0,,,58,"@@ -455,11 +448,13 @@ class AskActorRef(
   }
 
   override def ?(message: Any)(implicit timeout: Timeout): Future[Any] =","Trust me, I have spent quite some time pondering these issues.
The ask/? we have for 2.0 is the least of all evils.
",0af92f24400f1b05d1919be54dfd822037f0076f
506515,2,"WDYM? Are you ironic? What is wrong? Please provide understandable feedback. """,2012-03-01 01:46:47,jboner,akka,akka,,https://github.com/akka/akka-core/pull/329#discussion_r506515,2012-03-01T12:46:47Z,2012-03-12T18:22:15Z,jboner,CONTRIBUTOR,akka-cluster/src/main/scala/akka/cluster/Node.scala,,,,,1,"@@ -0,0 +1,803 @@
+/**
+ * Copyright (C) 2009-2012 Typesafe Inc. <http://www.typesafe.com>
+ */
+
+package akka.cluster
+
+import akka.actor._
+import akka.actor.Status._
+import akka.remote._
+import akka.routing._
+import akka.event.Logging
+import akka.dispatch.Await
+import akka.pattern.ask
+import akka.util._
+import akka.config.ConfigurationException
+
+import java.util.concurrent.atomic.{ AtomicReference, AtomicBoolean }
+import java.util.concurrent.TimeUnit._
+import java.util.concurrent.TimeoutException
+import java.security.SecureRandom
+
+import scala.collection.immutable.{ Map, SortedSet }
+import scala.annotation.tailrec
+
+import com.google.protobuf.ByteString
+
+/**
+ * Interface for membership change listener.
+ */
+trait MembershipChangeListener {
+  def notify(members: SortedSet[Member]): Unit
+}
+
+/**
+ * Interface for meta data change listener.
+ */
+trait MetaDataChangeListener { // FIXME add management and notification for MetaDataChangeListener
+  def notify(meta: Map[String, Array[Byte]]): Unit
+}
+
+// FIXME create Protobuf messages out of all the Gossip stuff - but wait until the prototol is fully stablized.
+
+/**
+ * Base trait for all cluster messages. All ClusterMessage's are serializable.
+ */
+sealed trait ClusterMessage extends Serializable
+
+/**
+ * Cluster commands sent by the USER.
+ */
+object ClusterAction {
+
+  /**
+   * Command to join the cluster. Sent when a node (reprsesented by 'address')
+   * wants to join another node (the receiver).
+   */
+  case class Join(address: Address) extends ClusterMessage
+
+  /**
+   * Command to set a node to Up (from Joining).
+   */
+  case object Up extends ClusterMessage
+
+  /**
+   * Command to leave the cluster.
+   */
+  case object Leave extends ClusterMessage
+
+  /**
+   * Command to mark node as temporary down.
+   */
+  case object Down extends ClusterMessage
+
+  /**
+   * Command to mark a node to be removed from the cluster immediately.
+   */
+  case object Exit extends ClusterMessage
+
+  /**
+   * Command to remove a node from the cluster immediately.
+   */
+  case object Remove extends ClusterMessage
+}
+
+/**
+ * Represents the address and the current status of a cluster member node.
+ */
+case class Member(address: Address, status: MemberStatus) extends ClusterMessage
+
+/**
+ * Envelope adding a sender address to the gossip.
+ */
+case class GossipEnvelope(sender: Member, gossip: Gossip) extends ClusterMessage
+
+/**
+ * Defines the current status of a cluster member node
+ *
+ * Can be one of: Joining, Up, Leaving, Exiting and Down.
+ */
+sealed trait MemberStatus extends ClusterMessage
+object MemberStatus {
+  case object Joining extends MemberStatus
+  case object Up extends MemberStatus
+  case object Leaving extends MemberStatus
+  case object Exiting extends MemberStatus
+  case object Down extends MemberStatus
+  case object Removed extends MemberStatus
+}
+
+// sealed trait PartitioningStatus
+// object PartitioningStatus {
+//   case object Complete extends PartitioningStatus
+//   case object Awaiting extends PartitioningStatus
+// }
+
+// case class PartitioningChange(
+//   from: Address,
+//   to: Address,
+//   path: PartitionPath,
+//   status: PartitioningStatus)
+
+/**
+ * Represents the overview of the cluster, holds the cluster convergence table and set with unreachable nodes.
+ */
+case class GossipOverview(
+  seen: Map[Address, VectorClock] = Map.empty[Address, VectorClock],
+  unreachable: Set[Address] = Set.empty[Address]) {
+
+  override def toString =
+    ""GossipOverview(seen = ["" + seen.mkString("", "") +
+      ""], unreachable = ["" + unreachable.mkString("", "") +
+      ""])""
+}
+
+/**
+ * Represents the state of the cluster; cluster ring membership, ring convergence, meta data - all versioned by a vector clock.
+ */
+case class Gossip(
+  overview: GossipOverview = GossipOverview(),
+  members: SortedSet[Member], // sorted set of members with their status, sorted by name
+  //partitions: Tree[PartitionPath, Node] = Tree.empty[PartitionPath, Node], // name/partition service
+  //pending: Set[PartitioningChange] = Set.empty[PartitioningChange],
+  meta: Map[String, Array[Byte]] = Map.empty[String, Array[Byte]],
+  version: VectorClock = VectorClock()) // vector clock version
+  extends ClusterMessage // is a serializable cluster message
+  with Versioned[Gossip] {
+
+  /**
+   * Increments the version for this 'Node'.
+   */
+  def +(node: VectorClock.Node): Gossip = copy(version = version + node)
+
+  def +(member: Member): Gossip = {
+    if (members contains member) this
+    else this copy (members = members + member)
+  }
+
+  /**
+   * Marks the gossip as seen by this node (remoteAddress) by updating the address entry in the 'gossip.overview.seen'
+   * Map with the VectorClock for the new gossip.
+   */
+  def seen(address: Address): Gossip =
+    this copy (overview = overview copy (seen = overview.seen + (address -> version)))
+
+  override def toString =
+    ""Gossip("" +
+      ""overview = "" + overview +
+      "", members = ["" + members.mkString("", "") +
+      ""], meta = ["" + meta.mkString("", "") +
+      ""], version = "" + version +
+      "")""
+}
+
+/**
+ * FSM actor managing the different cluster nodes states.
+ * Single instance - e.g. serialized access to Node - message after message.
+ */
+final class ClusterCommandDaemon(system: ActorSystem, node: Node) extends Actor with FSM[MemberStatus, Unit] {
+
+  // start in JOINING
+  startWith(MemberStatus.Joining, Unit)
+
+  // ========================
+  // === IN JOINING ===
+  when(MemberStatus.Joining) {
+    case Event(ClusterAction.Up, _) ⇒
+      node.up()
+      goto(MemberStatus.Up)
+  }
+
+  // ========================
+  // === IN UP ===
+  when(MemberStatus.Up) {
+    case Event(ClusterAction.Down, _) ⇒
+      node.downing()
+      goto(MemberStatus.Down)
+
+    case Event(ClusterAction.Leave, _) ⇒
+      node.leaving()
+      goto(MemberStatus.Leaving)
+
+    case Event(ClusterAction.Exit, _) ⇒
+      node.exiting()
+      goto(MemberStatus.Exiting)
+
+    case Event(ClusterAction.Remove, _) ⇒
+      node.removing()
+      goto(MemberStatus.Removed)
+  }
+
+  // ========================
+  // === IN LEAVING ===
+  when(MemberStatus.Leaving) {
+    case Event(ClusterAction.Down, _) ⇒
+      node.downing()
+      goto(MemberStatus.Down)
+
+    case Event(ClusterAction.Remove, _) ⇒
+      node.removing()
+      goto(MemberStatus.Removed)
+  }
+
+  // ========================
+  // === IN EXITING ===
+  when(MemberStatus.Exiting) {
+    case Event(ClusterAction.Remove, _) ⇒
+      node.removing()
+      goto(MemberStatus.Removed)
+  }
+
+  // ========================
+  // === IN DOWN ===
+  when(MemberStatus.Down) {
+    // FIXME How to transition from DOWN => JOINING when node comes back online. Can't just listen to Gossip message since it is received be another actor. How to fix this?
+    case Event(ClusterAction.Remove, _) ⇒
+      node.removing()
+      goto(MemberStatus.Removed)
+  }
+
+  // ========================
+  // === IN REMOVED ===
+  when(MemberStatus.Removed) {
+    case command ⇒
+      log.warning(""Removed node [{}] received cluster command [{}]"", system.name, command)
+      stay
+  }
+
+  // ========================
+  // === GENERIC AND UNHANDLED COMMANDS ===
+  whenUnhandled {
+    // should be able to handle Join in any state
+    case Event(ClusterAction.Join(address), _) ⇒
+      node.joining(address)
+      stay
+
+    case Event(command, _) ⇒ {
+      log.warning(""Unhandled command [{}] in state [{}]"", command, stateName)
+      stay
+    }
+  }
+}
+
+/**
+ * Pooled and routed wit N number of configurable instances.
+ * Concurrent access to Node.
+ */
+final class ClusterGossipDaemon(system: ActorSystem, node: Node) extends Actor {
+  val log = Logging(system, ""ClusterGossipDaemon"")","WDYM? Are you ironic? What is wrong? Please provide understandable feedback. 
",cf3fa9fa3ce9e9312db0922370c93ce1af9db7c8
434677,2,"Yeah, I’m feeling so BAD today.""",2012-02-09 09:25:00,rkuhn,akka,akka,,https://github.com/akka/akka-core/pull/317#discussion_r434677,2012-02-09T20:25:00Z,2012-02-10T13:17:34Z,rkuhn,CONTRIBUTOR,akka-actor/src/main/scala/akka/routing/Routing.scala,,,,,1,"@@ -30,14 +31,77 @@ private[akka] class RoutedActorRef(_system: ActorSystemImpl, _props: Props, _sup
     _supervisor,
     _path) {
 
-  private val routeeProps = _props.copy(routerConfig = NoRouter)
-  private val resizeProgress = new AtomicBoolean
+  /*
+   * CAUTION: RoutedActorRef is PROBLEMATIC
+   * ======================================
+   * 
+   * We are constructing/assembling the children outside of the scope of the 
+   * Router actor, inserting them in its childrenRef list, which is not at all
+   * synchronized. This is done exactly once at start-up, all other accesses
+   * are done from the Router actor. This means that the only thing which is
+   * really hairy is making sure that the Router does not touch its childrenRefs
+   * before we are done with them: create a locked latch really early (hence the
+   * override of newActorCell) and use that to block the Router constructor for
+   * as long as it takes to setup the RoutedActorRef itself.
+   */
+  private[akka] var routeReady: ReentrantLock = _
+  override def newActorCell(
+    system: ActorSystemImpl,
+    ref: InternalActorRef,
+    props: Props,
+    supervisor: InternalActorRef,
+    receiveTimeout: Option[Duration]): ActorCell = {
+    /*
+     * TODO RK: check that this really sticks, since this is executed before
+     * the constructor of RoutedActorRef is executed (invoked from
+     * LocalActorRef); works on HotSpot and JRockit.
+     */
+    routeReady = new ReentrantLock
+    routeReady.lock()
+    super.newActorCell(system, ref, props, supervisor, receiveTimeout)
+  }
+
+  private[akka] val routerConfig = _props.routerConfig
+  private[akka] val routeeProps = _props.copy(routerConfig = NoRouter)
+  private[akka] val resizeProgress = new AtomicBoolean
   private val resizeCounter = new AtomicLong
 
   @volatile
   private var _routees: IndexedSeq[ActorRef] = IndexedSeq.empty[ActorRef] // this MUST be initialized during createRoute
   def routees = _routees
 
+  private[akka] var routeeProvider: RouteeProvider = _
+  val route =
+    try {
+      routeeProvider = routerConfig.createRouteeProvider(actorContext)
+      val r = routerConfig.createRoute(routeeProps, routeeProvider)
+      // initial resize, before message send
+      resize()
+      r
+    } finally routeReady.unlock() // unblock Router’s constructor","Yeah, I’m feeling so BAD today.
",36247b10fe79c8aa6ec878eaf4946c2cd1b65084
436775,0,"What exactly (and I mean really the details) is the test meant to ensure? The current implementation of the test fails if any resize() call does not lead to an actual Resize event, which is definitely flawed. And hacking it so that the test works (by doin""",2012-02-09 20:17:40,rkuhn,akka,akka,,https://github.com/akka/akka-core/pull/317#discussion_r436775,2012-02-10T07:17:40Z,2012-02-10T13:17:34Z,rkuhn,CONTRIBUTOR,akka-actor-tests/src/test/scala/akka/routing/ResizerSpec.scala,,,,,1,"@@ -123,7 +123,15 @@ class ResizerSpec extends AkkaSpec(ResizerSpec.config) with DefaultTimeout with
       current.routees.size must be(2)
     }
 
-    ""resize when busy"" in {
+    /*
+     * TODO RK This test seems invalid to me, because it relies on that no resize() event is lost;
+     * this currently fails because I made resize() asynchronous (by sending a message to the
+     * Router), but it could also fail for concurrent send operations, i.e. when one of thread
+     * fails the resizeInProgress.compareAndSet(false, true) check.
+     * 
+     * Either the test must be fixed/removed or resize() must be changed to be blocking.
+     */
+    ""resize when busy"" ignore {","What exactly (and I mean really the details) is the test meant to ensure? The current implementation of the test fails if any resize() call does not lead to an actual Resize event, which is definitely flawed. And hacking it so that the test works (by doing some blocking) misses the point, IMHO, because that is not what user code would do.
",36247b10fe79c8aa6ec878eaf4946c2cd1b65084
457023,0,"This way you encode a default value directly. We have made an effort to put all defaults into `reference.conf` to keep them central (and testable).      val dispatcher = context.system.settings.config.getConfig(context.props.dispatcher)     val config = d""",2012-02-16 02:18:22,rkuhn,akka,akka,,https://github.com/akka/akka-core/pull/307#discussion_r457023,2012-02-16T13:18:22Z,2012-02-28T09:22:30Z,rkuhn,CONTRIBUTOR,akka-actor/src/main/scala/akka/actor/Stash.scala,,,,,1,"@@ -0,0 +1,135 @@
+/**
+ * Copyright (C) 2009-2012 Typesafe Inc. <http://www.typesafe.com>
+ */
+package akka.actor
+
+import akka.dispatch.{ Envelope, DequeBasedMessageQueue }
+import akka.AkkaException
+
+/**
+ *  The `Stash` trait enables an actor to temporarily stash away messages that can not or
+ *  should not be handled using the actor's current behavior.
+ *  <p/>
+ *  Example:
+ *  <pre>
+ *    class ActorWithProtocol extends Actor with Stash {
+ *      def receive = {
+ *        case ""open"" ⇒
+ *          unstashAll {
+ *            case ""write"" ⇒ // do writing...
+ *            case ""close"" ⇒
+ *              unstashAll()
+ *              context.unbecome()
+ *            case msg ⇒ stash()
+ *          }
+ *        case ""done"" ⇒ // done
+ *        case msg    ⇒ stash()
+ *      }
+ *    }
+ *  </pre>
+ *
+ *  Note that the `Stash` trait can only be used together with actors that have a deque-based
+ *  mailbox. Actors can be configured to use a deque-based mailbox using a configuration like
+ *  the following (see the documentation on dispatchers on how to configure a custom
+ *  dispatcher):
+ *  <pre>
+ *  akka {
+ *    actor {
+ *      my-custom-dispatcher {
+ *        mailbox-type = ""akka.dispatch.UnboundedDequeBasedMailbox""
+ *      }
+ *    }
+ *  }
+ *  </pre>
+ */
+trait Stash extends Actor {
+  this: Actor ⇒
+
+  /* The private stash of the actor. It is only accessible using `stash()` and
+   * `unstashAll()`.
+   */
+  private var theStash = Vector.empty[Envelope]
+
+  /* The capacity of the stash. Either configured in the actor's dispatcher config, or
+   * `Int.MaxValue`.
+   */
+  private val capacity =
+    try context.system.settings.config.getConfig(context.props.dispatcher).getInt(""stash-capacity"")
+    catch {
+      case _ ⇒ Int.MaxValue
+    }","This way you encode a default value directly. We have made an effort to put all defaults into `reference.conf` to keep them central (and testable).

```
val dispatcher = context.system.settings.config.getConfig(context.props.dispatcher)
val config = dispatcher.withFallback(context.system.settings.config.getConfig(""akka.actor.default-dispatcher""))
config.getInt(""stash-capacity"")
```

which will never fail because there is a default in the default-dispatcher section.
",8ea949857b39388ac25bdc08df7feee3757f3ee9
416655,1,"@VladimirMangos when you supply """"/dev/rsa"""" as commit author in git you instead put full path to git bins plus /dev/rsa :D lol  can be seen in twitter or here: https://github.com/mangos/mangos/commit/6d0667fb72827b7ad23096dc04def141c12ecaae.patch""",2012-02-03 23:34:19,viktorklang,akka,akka,,https://github.com/akka/akka-core/pull/297#discussion_r416655,2012-02-04T10:34:19Z,2012-02-05T08:20:16Z,viktorklang,CONTRIBUTOR,akka-actor/src/main/scala/akka/AkkaException.scala,,,,,1,"@@ -7,6 +7,26 @@ package akka
 import akka.actor.newUuid
 import java.net.{ InetAddress, UnknownHostException }
 
+object AkkaException {
+  val hostname = try InetAddress.getLocalHost.getHostAddress catch { case e: UnknownHostException ⇒ ""unknown"" }
+
+  def toStringWithStackTrace(throwable: Throwable): String = {
+    if (throwable eq null) ""Unknown Exception""","Technically ""unknown throwable""
",42f5af7fb011059d8098532493eb13ec3116c7e5
392257,2,"I don't like this at all. It's the provider who should provide these, don't like the leakage.""",2012-01-27 04:45:37,viktorklang,akka,akka,,https://github.com/akka/akka-core/pull/275#discussion_r392257,2012-01-27T15:45:37Z,2012-01-30T10:58:22Z,viktorklang,CONTRIBUTOR,akka-actor/src/main/scala/akka/actor/ActorRef.scala,,355.0,,,32,"@@ -349,6 +349,15 @@ case class SerializedActorRef(path: String) {
   }
 }
 
+object SerializedActorRef {
+  def apply(path: ActorPath): SerializedActorRef = {
+    Serialization.currentTransportAddress.value match {
+      case null ⇒ new SerializedActorRef(path.toString)","I don't like this at all. It's the provider who should provide these, don't like the leakage.
",4fb0858e557232e5f4a7e5b364d1697c0e21bdd1
388691,0,"Has Derek signed the CLA?""",2012-01-26 06:45:26,viktorklang,akka,akka,,https://github.com/akka/akka-core/pull/273#discussion_r388691,2012-01-26T17:45:26Z,2012-01-26T17:45:26Z,viktorklang,CONTRIBUTOR,akka-docs/java/fault-tolerance-sample.rst,,8.0,,,8,"@@ -1,5 +1,51 @@
 .. _fault-tolerance-sample-java:
 
+Diagrams of the Fault Tolerance Sample (Java)
+----------------------------------------------
+
+.. image:: ../images/faulttolerancesample-normal-flow.png
+
+*The above diagram illustrates the normal message flow.*","Has Derek signed the CLA?
",f8741c326e881d05b6b9d89b1345c62dbfbaa226
373889,1,"good point, will do, including specific section in migration docs""",2012-01-21 02:39:47,rkuhn,akka,akka,,https://github.com/akka/akka-core/pull/241#discussion_r373889,2012-01-21T13:39:47Z,2012-01-23T17:25:54Z,rkuhn,CONTRIBUTOR,akka-actor-migration/src/main/scala/akka/migration/package.scala,,36.0,,,6,"@@ -31,4 +31,7 @@ package object migration {
     def stop(): Unit = GlobalActorSystem.stop(actorRef)
   }
 
+  implicit def ask(actorRef: ActorRef) = new akka.migration.AskableActorRef(actorRef)
+  def ask(actorRef: ActorRef, message: Any)(implicit timeout: Timeout = null): Future[Any] = akka.pattern.ask(actorRef, message)(timeout)
+","good point, will do, including specific section in migration docs
",9d7ed5eba16152d15269bf4f626260432359c0d4
289597,2,"I think it's really bad, especially with PinnedDispatchers, since they create a new Dispatcher for every actor. We must fix this""",2011-12-13 02:16:42,viktorklang,akka,akka,,https://github.com/akka/akka-core/pull/149#discussion_r289597,2011-12-13T13:16:42Z,2011-12-13T14:05:16Z,viktorklang,CONTRIBUTOR,akka-actor/src/main/scala/akka/dispatch/Dispatchers.scala,,78.0,,,1,"@@ -62,9 +69,30 @@ class Dispatchers(val settings: ActorSystem.Settings, val prerequisites: Dispatc
 
   val defaultDispatcherConfig = settings.config.getConfig(""akka.actor.default-dispatcher"")
 
-  // TODO PN Shouldn't we fail hard if default-dispatcher is wrong?
-  lazy val defaultGlobalDispatcher =
-    from(defaultDispatcherConfig) getOrElse newDispatcher(""AkkaDefaultGlobalDispatcher"", 1, MailboxType).build
+  lazy val defaultGlobalDispatcher: MessageDispatcher =
+    from(defaultDispatcherConfig) getOrElse {
+      throw new ConfigurationException(""Wrong configuration [akka.actor.default-dispatcher]"")
+    }
+
+  private val dispatchers = new ConcurrentHashMap[String, MessageDispatcher]","I think it's really bad, especially with PinnedDispatchers, since they create a new Dispatcher for every actor.
We must fix this
",7a17eb00bf7043b8b89839aecebf0e66b91dd9e9
171073,0,"But you're calling out to the methods of the Actor, which is a violation of the ActorModel, since the Actor could be shut down or it's fields might be invisible from a JMM perspective, why not put the connect, bind etc as methods inside the select-functio""",2011-10-13 19:35:23,viktorklang,akka,akka,,https://github.com/akka/akka-core/pull/92#discussion_r171073,2011-10-14T07:35:23Z,2011-10-19T18:11:55Z,viktorklang,CONTRIBUTOR,akka-zeromq/src/main/scala/akka/zeromq/ConcurrentSocketActor.scala,,,,,1,"@@ -0,0 +1,113 @@
+/**
+ * Copyright (C) 2009-2011 Typesafe Inc. <http://www.typesafe.com>
+ */
+package akka.zeromq
+
+import akka.actor.{Actor, ActorRef}
+import akka.dispatch.MessageDispatcher
+import akka.zeromq.SocketType._
+import java.util.concurrent.atomic.AtomicReference
+import org.zeromq.ZMQ.{Socket, Poller}
+import org.zeromq.{ZMQ => JZMQ}
+import scala.annotation.tailrec
+import scala.collection.mutable.MutableList
+
+private[zeromq] class ConcurrentSocketActor(
+    context: Context, 
+    socketType: SocketType, 
+    listener: Option[ActorRef], 
+    deserializer: Deserializer,
+    dispatcher: MessageDispatcher) extends Actor {
+  private val pollTimeoutMsec = 10
+  private val requests = new AtomicReference(List.empty[Request])
+  private val socket: Socket = context.socket(socketType)
+  private val poller: Poller = context.poller
+  private var socketClosed: Boolean = false
+  self.dispatcher = dispatcher
+  poller.register(socket, Poller.POLLIN)
+  private val select = { () =>
+    if (!socketClosed) {
+      if (poller.poll(pollTimeoutMsec) > 0) {
+        if (poller.pollin(0)) {
+          receiveFrames match {
+            case frames if (frames.length > 0) => listener.foreach { listener => 
+              if (listener.isRunning)
+                listener ! deserializer(frames)
+            }
+          }
+        }
+      }
+      requests.getAndSet(Nil).foreach {","But you're calling out to the methods of the Actor, which is a violation of the ActorModel, since the Actor could be shut down or it's fields might be invisible from a JMM perspective, why not put the connect, bind etc as methods inside the select-function? (or are they used internally in the actor as well?=
",826495e912557a63835cd0f79ae1a2acd3525811
506788,0,"it is only used in test, moved it there""",2012-03-01 03:10:58,RayRoestenburg,akka,akka,,https://github.com/akka/akka-core/pull/344#discussion_r506788,2012-03-01T14:10:58Z,2012-03-20T12:17:27Z,RayRoestenburg,CONTRIBUTOR,akka-camel/src/main/scala/akka/camel/Consumer.scala,,,,,1,"@@ -1,144 +1,67 @@
 /**
- * Copyright (C) 2009-2010 Typesafe Inc. <http://www.typesafe.com>
+ * Copyright (C) 2009-2012 Typesafe Inc. <http://www.typesafe.com>
  */
 
 package akka.camel
 
+import internal.component.DurationTypeConverter
 import org.apache.camel.model.{ RouteDefinition, ProcessorDefinition }
 
 import akka.actor._
+import akka.util.Duration
+import akka.util.duration._
 
 /**
  * Mixed in by Actor implementations that consume message from Camel endpoints.
  *
  * @author Martin Krasser
  */
-trait Consumer { this: Actor ⇒
-  import RouteDefinitionHandler._
+trait Consumer extends Actor with ConsumerConfig {
 
-  /**
-   * The default route definition handler is the identity function
-   */
-  private[camel] var routeDefinitionHandler: RouteDefinitionHandler = identity
-
-  /**
-   * Returns the Camel endpoint URI to consume messages from.
-   */
   def endpointUri: String
+  protected[this] implicit lazy val camel = CamelExtension(context.system)
 
-  /**
-   * Determines whether two-way communications between an endpoint and this consumer actor
-   * should be done in blocking or non-blocking mode (default is non-blocking). This method
-   * doesn't have any effect on one-way communications (they'll never block).
-   */
-  def blocking = false
-
-  /**
-   * Determines whether one-way communications between an endpoint and this consumer actor
-   * should be auto-acknowledged or system-acknowledged.
-   */
-  def autoack = true
-
-  /**
-   * Sets the route definition handler for creating a custom route to this consumer instance.
-   */
-  def onRouteDefinition(h: RouteDefinition ⇒ ProcessorDefinition[_]): Unit = onRouteDefinition(from(h))
-
-  /**
-   * Sets the route definition handler for creating a custom route to this consumer instance.
-   * <p>
-   * Java API.
-   */
-  def onRouteDefinition(h: RouteDefinitionHandler): Unit = routeDefinitionHandler = h
+  camel.registerConsumer(endpointUri, this, activationTimeout)
 }
 
-/**
- * Java-friendly Consumer.
- *
- * Subclass this abstract class to create an MDB-style untyped consumer actor. This
- * class is meant to be used from Java.
- *
- * @author Martin Krasser
- */
-abstract class UntypedConsumerActor extends UntypedActor with Consumer {
-  final override def endpointUri = getEndpointUri
-  final override def blocking = isBlocking
-  final override def autoack = isAutoack
+trait ConsumerConfig {
+  //TODO: Explain the parameters better with some examples!
 
   /**
-   * Returns the Camel endpoint URI to consume messages from.
+   * How long should the actor wait for activation before it fails.
    */
-  def getEndpointUri(): String
+  def activationTimeout: Duration = 10 seconds
 
   /**
-   * Determines whether two-way communications between an endpoint and this consumer actor
-   * should be done in blocking or non-blocking mode (default is non-blocking). This method
-   * doesn't have any effect on one-way communications (they'll never block).
+   * When endpoint is out-capable (can produce responses) replyTimeout is the maximum time
+   * the endpoint can take to send the response before the message exchange fails. It defaults to 1 minute.
+   * This setting is used for out-capable, in-only, manually acknowledged communication.
+   * When the blocking is set to Blocking replyTimeout is ignored.
    */
-  def isBlocking() = super.blocking
+  def replyTimeout: Duration = 1 minute
 
   /**
    * Determines whether one-way communications between an endpoint and this consumer actor
-   * should be auto-acknowledged or system-acknowledged.
+   * should be auto-acknowledged or application-acknowledged.
+   * This flag has only effect when exchange is in-only.
    */
-  def isAutoack() = super.autoack
-}
-
-/**
- * A callback handler for route definitions to consumer actors.
- *
- * @author Martin Krasser
- */
-trait RouteDefinitionHandler {
-  def onRouteDefinition(rd: RouteDefinition): ProcessorDefinition[_]
-}
+  def autoack: Boolean = true
 
-/**
- * The identity route definition handler.
- *
- * @author Martin Krasser
- *
- */
-class RouteDefinitionIdentity extends RouteDefinitionHandler {
-  def onRouteDefinition(rd: RouteDefinition) = rd
-}
-
-/**
- * @author Martin Krasser
- */
-object RouteDefinitionHandler {
   /**
-   * Returns the identity route definition handler
+   * The route definition handler for creating a custom route to this consumer instance.
    */
-  val identity = new RouteDefinitionIdentity
+  //TODO: write a test confirming onRouteDefinition gets called
+  def onRouteDefinition(rd: RouteDefinition): ProcessorDefinition[_] = rd
 
-  /**
-   * Created a route definition handler from the given function.
-   */
-  def from(f: RouteDefinition ⇒ ProcessorDefinition[_]) = new RouteDefinitionHandler {
-    def onRouteDefinition(rd: RouteDefinition) = f(rd)
-  }
+  private[camel] def toCamelParameters: String = ""autoack=%s&replyTimeout=%s"" format (autoack, DurationTypeConverter.toString(replyTimeout))
 }
 
-/**
- * @author Martin Krasser
- */
-private[camel] object Consumer {
-  /**
-   * Applies a function <code>f</code> to <code>actorRef</code> if <code>actorRef</code>
-   * references a consumer actor. A valid reference to a consumer actor is a local actor
-   * reference with a target actor that implements the <code>Consumer</code> trait. The
-   * target <code>Consumer</code> instance is passed as argument to <code>f</code>. This
-   * method returns <code>None</code> if <code>actorRef</code> is not a valid reference
-   * to a consumer actor, <code>Some</code> contained the return value of <code>f</code>
-   * otherwise.
-   */
-  def withConsumer[T](actorRef: ActorRef)(f: Consumer ⇒ T): Option[T] = actorRef match {
-    case l: LocalActorRef ⇒
-      l.underlyingActorInstance match {
-        case c: Consumer ⇒ Some(f(c))
-        case _           ⇒ None
-      }
-    case _ ⇒ None
-  }
+trait ManualAckConsumer extends Consumer {","it is only used in test, moved it there
",f74616f828d3e31724d768dd86ce05af85d97ade
465397,1,"Yup, agreed, and indeed I was mislead by the other issue (which was the UrlMatcher not decoding). I tested and it seems to work all good now, with full encoding. I just decode the / back and turn %20 into + because it looks better and seems to work just fi""",2012-02-19 03:58:35,rkuhn,akka,akka,,https://github.com/akka/akka-core/pull/330#discussion_r465397,2012-02-19T14:58:35Z,2012-02-19T14:58:35Z,rkuhn,CONTRIBUTOR,akka-actor/src/main/scala/akka/dispatch/Future.scala,,357.0,,,22,"@@ -353,33 +354,33 @@ object Future {
     }
 
   private val _taskStack = new ThreadLocal[Stack[() ⇒ Unit]]()
-  private val _executionContext = new ThreadLocal[ExecutionContext]()
+  private val _executionContext = new DynamicVariable[ExecutionContext](null)","I knew it! There was something which successfully hid amidst the shadows.
",258d710dab3b9532275ca5412bd33fcde124965d
392351,0,"it's documented on ActorPath, and it's used for cheaply injecting the transport address into its string rep (for local Addresses)""",2012-01-27 05:10:53,rkuhn,akka,akka,,https://github.com/akka/akka-core/pull/275#discussion_r392351,2012-01-27T16:10:53Z,2012-01-30T10:58:22Z,rkuhn,CONTRIBUTOR,akka-actor/src/main/scala/akka/actor/ActorPath.scala,,120.0,,,37,"@@ -105,6 +117,10 @@ final case class RootActorPath(address: Address, name: String = ""/"") extends Act
 
   override val toString = address + name
 
+  def toStringWithAddress(addr: Address): String =","it's documented on ActorPath, and it's used for cheaply injecting the transport address into its string rep (for local Addresses)
",4fb0858e557232e5f4a7e5b364d1697c0e21bdd1
362454,2,"This is most likely a bad default""",2012-01-18 01:00:15,viktorklang,akka,akka,,https://github.com/akka/akka-core/pull/217#discussion_r362454,2012-01-18T12:00:15Z,2012-01-18T16:57:18Z,viktorklang,CONTRIBUTOR,akka-camel/src/main/scala/akka/camel/Consumer.scala,,40.0,,,1,"@@ -1,144 +1,71 @@
 /**
- * Copyright (C) 2009-2010 Typesafe Inc. <http://www.typesafe.com>
+ * Copyright (C) 2009-2010 Scalable Solutions AB <http://scalablesolutions.se>
  */
 
 package akka.camel
 
-import org.apache.camel.model.{ RouteDefinition, ProcessorDefinition }
+import org.apache.camel.model.{RouteDefinition, ProcessorDefinition}
 
 import akka.actor._
+import akka.util.Duration
+import akka.util.duration._
 
 /**
  * Mixed in by Actor implementations that consume message from Camel endpoints.
  *
  * @author Martin Krasser
  */
-trait Consumer { this: Actor ⇒
-  import RouteDefinitionHandler._
+trait Consumer extends Actor with ConsumerConfig{
 
-  /**
-   * The default route definition handler is the identity function
-   */
-  private[camel] var routeDefinitionHandler: RouteDefinitionHandler = identity
+  def endpointUri : String
 
-  /**
-   * Returns the Camel endpoint URI to consume messages from.
-   */
-  def endpointUri: String
-
-  /**
-   * Determines whether two-way communications between an endpoint and this consumer actor
-   * should be done in blocking or non-blocking mode (default is non-blocking). This method
-   * doesn't have any effect on one-way communications (they'll never block).
-   */
-  def blocking = false
+  CamelExtension(context.system).registerConsumer(endpointUri, this, activationTimeout)
+}
 
-  /**
-   * Determines whether one-way communications between an endpoint and this consumer actor
-   * should be auto-acknowledged or system-acknowledged.
-   */
-  def autoack = true
 
-  /**
-   * Sets the route definition handler for creating a custom route to this consumer instance.
-   */
-  def onRouteDefinition(h: RouteDefinition ⇒ ProcessorDefinition[_]): Unit = onRouteDefinition(from(h))
+trait ConsumerConfig{
+  //TODO: Explain the parameters better with some examples!
 
   /**
-   * Sets the route definition handler for creating a custom route to this consumer instance.
-   * <p>
-   * Java API.
+   * How long should the actor wait for activation before it fails.
    */
-  def onRouteDefinition(h: RouteDefinitionHandler): Unit = routeDefinitionHandler = h
-}
-
-/**
- * Java-friendly Consumer.
- *
- * Subclass this abstract class to create an MDB-style untyped consumer actor. This
- * class is meant to be used from Java.
- *
- * @author Martin Krasser
- */
-abstract class UntypedConsumerActor extends UntypedActor with Consumer {
-  final override def endpointUri = getEndpointUri
-  final override def blocking = isBlocking
-  final override def autoack = isAutoack
+  def activationTimeout: Duration = 10 seconds
 
   /**
-   * Returns the Camel endpoint URI to consume messages from.
+   * When endpoint is outCapable (can produce responses) outTimeout is the maximum time
+   * the endpoint can take to send the response before the message exchange fails. It defaults to Int.MaxValue seconds.
+   * It can be also overwritten by setting @see blocking property
    */
-  def getEndpointUri(): String
+  def outTimeout : Duration = Int.MaxValue seconds","This is most likely a bad default
",457354db8ba6b42dbacc246c11f0ff15e38ebab4
362749,0,"This version will silently update and break the checksum, which is why we pull a specific version out of Google Code instead.  Maybe make a new patch that uses an updated specific Google Code revision for `url`.""",2012-01-18 02:21:27,viktorklang,akka,akka,,https://github.com/akka/akka-core/pull/217#discussion_r362749,2012-01-18T13:21:27Z,2012-01-18T16:57:20Z,viktorklang,CONTRIBUTOR,akka-camel/src/on-hold/test/scala/akka/camel/component/ActorComponentFeatureTest.scala,,3.0,,,4,"@@ -1,22 +1,22 @@
 package akka.camel.component
 
-import java.util.concurrent.{ TimeUnit, CountDownLatch }
+import java.util.concurrent.{TimeUnit, CountDownLatch}","Does any of the code after this even compile? I'd say, no?
",457354db8ba6b42dbacc246c11f0ff15e38ebab4
365589,0,"Ok - I take it. Forgive my ignorance - what's wrong with starting children that way? Is this violating the rule of not sending behaviour to an actor?""",2012-01-18 14:17:07,piotrga,akka,akka,,https://github.com/akka/akka-core/pull/217#discussion_r365589,2012-01-19T01:17:07Z,2012-01-19T01:17:07Z,piotrga,CONTRIBUTOR,akka-camel/src/main/scala/akka/camelexamples/_2_SupervisedConsumers.scala,,26.0,,,26,"@@ -0,0 +1,37 @@
+package akka.camelexamples
+
+import akka.actor.{PoisonPill, Terminated, Props, ActorSystem, Actor}
+import ExamplesSupport._
+import RichString._
+
+
+object SupervisedConsumersExample extends App{
+
+  val system = ActorSystem(""test1"")
+
+  system.actorOf(Props(new Actor{
+    context.watch(context.actorOf(Props(faultHandler = retry3xWithin1s, creator = () => new EndpointManager)))
+    protected def receive = {
+      case Terminated(ref) => system.shutdown()
+    }
+  }))
+
+
+  ""data/input/CamelConsumer/file1.txt"" << ""test data ""+math.random
+}
+
+class EndpointManager extends Actor {
+
+  override def preStart() {
+    self ! Props[SysOutConsumer]","Ok - I take it.
Forgive my ignorance - what's wrong with starting children that way?
Is this violating the rule of not sending behaviour to an actor?
",457354db8ba6b42dbacc246c11f0ff15e38ebab4
344791,0,"In the end it does actorFor so it should be fine with ActorPath. Will try to change that in separate refactoring.  On Wed, Jan 11, 2012 at 7:36 PM, viktorklang < reply@reply.github.com > wrote:  > > + * Please note that providing both 'nrOfInstances' and """,2012-01-11 09:41:37,patriknw,akka,akka,,https://github.com/akka/akka-core/pull/209#discussion_r344791,2012-01-11T20:41:37Z,2012-01-12T08:54:25Z,patriknw,CONTRIBUTOR,akka-remote/src/main/scala/akka/routing/RemoteRouters.scala,,103.0,,,21,"@@ -83,6 +83,33 @@ case class RemoteRandomRouter(nrOfInstances: Int, routees: Iterable[String], ove
 }
 
 /**
+ * A Router that tries to send to routee with fewest messages in mailbox.
+ * <br>
+ * Please note that providing both 'nrOfInstances' and 'routees' does not make logical sense as this means
+ * that the random router should both create new actors and use the 'routees' actor(s).
+ * In this case the 'nrOfInstances' will be ignored and the 'routees' will be used.
+ * <br>
+ * <b>The</b> configuration parameter trumps the constructor arguments. This means that
+ * if you provide either 'nrOfInstances' or 'routees' to during instantiation they will
+ * be ignored if the 'nrOfInstances' is defined in the configuration file for the actor being used.
+ */
+case class RemoteSmallestMailboxRouter(nrOfInstances: Int, routees: Iterable[String], override val resizer: Option[Resizer] = None)
+  extends RemoteRouterConfig with SmallestMailboxLike {
+
+  /**
+   * Constructor that sets the routees to be used.
+   * Java API
+   */
+  def this(n: Int, t: java.lang.Iterable[String]) = this(n, t.asScala)","In the end it does actorFor so it should be fine with ActorPath. Will try
to change that in separate refactoring.

On Wed, Jan 11, 2012 at 7:36 PM, viktorklang <
reply@reply.github.com

> wrote:
> 
> > - \* Please note that providing both 'nrOfInstances' and 'routees' does
> >   not make logical sense as this means
> > - \* that the random router should both create new actors and use the
> >   'routees' actor(s).
> > - \* In this case the 'nrOfInstances' will be ignored and the 'routees'
> >   will be used.
> > - \* <br>
> > - \* <b>The</b> configuration parameter trumps the constructor arguments.
> >   This means that
> > - \* if you provide either 'nrOfInstances' or 'routees' to during
> >   instantiation they will
> > - \* be ignored if the 'nrOfInstances' is defined in the configuration
> >   file for the actor being used.
> > - */
> >   +case class RemoteSmallestMailboxRouter(nrOfInstances: Int, routees:
> >   Iterable[String], override val resizer: Option[Resizer] = None)
> > -  extends RemoteRouterConfig with SmallestMailboxLike {
> >   +
> > -  /**
> > -   \* Constructor that sets the routees to be used.
> > -   \* Java API
> > -   */
> > -  def this(n: Int, t: java.lang.Iterable[String]) = this(n, t.asScala)
> 
> Why is this an Iterable of Strings and not an Iterable of ActorPath?
> 
> ---
> 
> Reply to this email directly or view it on GitHub:
> https://github.com/jboner/akka/pull/209/files#r344268

## 

Patrik Nordwall
Typesafe http://typesafe.com/ -  The modern software stack for
applications that scale
Twitter: @patriknw
",2399f02531ce1d8fda33f5f65bbf951f2671976a
289647,0,"WeakHashMap is bad for gc, but ticket is created #1494 I leave it with a FIXME refererence to that ticket.  On Tue, Dec 13, 2011 at 2:32 PM, viktorklang < reply@reply.github.com > wrote:  > > @@ -62,9 +69,30 @@ class Dispatchers(val settings: ActorSystem.""",2011-12-13 02:56:14,patriknw,akka,akka,,https://github.com/akka/akka-core/pull/149#discussion_r289647,2011-12-13T13:56:14Z,2011-12-13T14:05:16Z,patriknw,CONTRIBUTOR,akka-actor/src/main/scala/akka/dispatch/Dispatchers.scala,,78.0,,,1,"@@ -62,9 +69,30 @@ class Dispatchers(val settings: ActorSystem.Settings, val prerequisites: Dispatc
 
   val defaultDispatcherConfig = settings.config.getConfig(""akka.actor.default-dispatcher"")
 
-  // TODO PN Shouldn't we fail hard if default-dispatcher is wrong?
-  lazy val defaultGlobalDispatcher =
-    from(defaultDispatcherConfig) getOrElse newDispatcher(""AkkaDefaultGlobalDispatcher"", 1, MailboxType).build
+  lazy val defaultGlobalDispatcher: MessageDispatcher =
+    from(defaultDispatcherConfig) getOrElse {
+      throw new ConfigurationException(""Wrong configuration [akka.actor.default-dispatcher]"")
+    }
+
+  private val dispatchers = new ConcurrentHashMap[String, MessageDispatcher]","WeakHashMap is bad for gc, but ticket is created #1494
I leave it with a FIXME refererence to that ticket.

On Tue, Dec 13, 2011 at 2:32 PM, viktorklang <
reply@reply.github.com

> wrote:
> 
> > @@ -62,9 +69,30 @@ class Dispatchers(val settings: ActorSystem.Settings,
> > val prerequisites: Dispatc
> > 
> >    val defaultDispatcherConfig =
> > settings.config.getConfig(""akka.actor.default-dispatcher"")
> > -  // TODO PN Shouldn't we fail hard if default-dispatcher is wrong?
> > -  lazy val defaultGlobalDispatcher =
> > -    from(defaultDispatcherConfig) getOrElse
> >   newDispatcher(""AkkaDefaultGlobalDispatcher"", 1, MailboxType).build
> > -  lazy val defaultGlobalDispatcher: MessageDispatcher =
> > -    from(defaultDispatcherConfig) getOrElse {
> > -      throw new ConfigurationException(""Wrong configuration
> >   [akka.actor.default-dispatcher]"")
> > -    }
> >   +
> > -  private val dispatchers = new ConcurrentHashMap[String,
> >   MessageDispatcher]
> 
> No, it's probably for the best that pinned dispatchers aren't registered
> there.
> 
> Open a ticket about making sure  that it gets cleaned up and assign it for
> 2.0, we might want to use a WeakHashMap or equivalent.
> 
> ---
> 
> Reply to this email directly or view it on GitHub:
> https://github.com/jboner/akka/pull/149/files#r289614

## 

Patrik Nordwall
Typesafe http://typesafe.com/ - Enterprise-Grade Scala from the Experts
Twitter: @patriknw
",7a17eb00bf7043b8b89839aecebf0e66b91dd9e9
254337,0,"MAke it so that the dispatcher to be used is specified through the constructor, in that way it'll be easier to configure it later.""",2011-11-28 04:27:04,viktorklang,akka,akka,,https://github.com/akka/akka-core/pull/127#discussion_r254337,2011-11-28T15:27:04Z,2011-11-30T14:24:56Z,viktorklang,CONTRIBUTOR,akka-actor/src/main/scala/akka/actor/ActorRefProvider.scala,,,,,1,"@@ -429,8 +429,7 @@ class DefaultScheduler(hashedWheelTimer: HashedWheelTimer, system: ActorSystem)
   private def createSingleTask(runnable: Runnable): TimerTask =
     new TimerTask() {
       def run(timeout: org.jboss.netty.akka.util.Timeout) {
-        // FIXME: consider executing runnable inside main dispatcher to prevent blocking of scheduler
-        runnable.run()
+        system.dispatcher.dispatchTask(() ⇒ runnable.run())","MAke it so that the dispatcher to be used is specified through the constructor, in that way it'll be easier to configure it later.
",b3107aed733958523abad1ea386d1de95e6a421a
248167,0,"Netty""",2011-11-23 03:55:13,viktorklang,akka,akka,,https://github.com/akka/akka-core/pull/120#discussion_r248167,2011-11-23T14:55:13Z,2011-11-24T07:35:31Z,viktorklang,CONTRIBUTOR,akka-actor/src/main/resources/akka-actor-reference.conf,,,,,1,"@@ -214,6 +214,21 @@ akka {
     # }
   }
 
+  # Used to set the behavior of the scheduler.
+  # Changing the default values may change the system behavior drastically so make sure you know what you're doing!
+  #
+  scheduler {
+    # The HashedWheelTimer (HWT) implementation from Jetty is used as the default scheduler in the system.","Netty
",4a2a5123bfff655e8839d28846fe445d950f5934
269717,0,"hashedWheelTimer.stop().asScala foreach execDirectly""",2011-12-05 02:19:14,viktorklang,akka,akka,,https://github.com/akka/akka-core/pull/119#discussion_r269717,2011-12-05T13:19:14Z,2011-12-05T21:48:29Z,viktorklang,CONTRIBUTOR,akka-actor/src/main/scala/akka/actor/ActorRefProvider.scala,,,,,1,"@@ -471,12 +619,24 @@ class DefaultScheduler(hashedWheelTimer: HashedWheelTimer, log: LoggingAdapter,
     new TimerTask {
       def run(timeout: org.jboss.netty.akka.util.Timeout) {
         dispatcher.dispatchTask(f)
-        timeout.getTimer.newTimeout(this, delay)
+        try timeout.getTimer.newTimeout(this, delay) catch {
+          case _: IllegalStateException ⇒ // stop recurring if timer is stopped
+        }
       }
     }
   }
 
-  def close() = hashedWheelTimer.stop()
+  private def execDirectly(t: HWTimeout): Unit = {
+    try t.getTask.run(t) catch {
+      case e: InterruptedException ⇒ throw e
+      case e: Exception            ⇒ log.error(e, ""exception while executing timer task"")
+    }
+  }
+
+  def close() = {
+    import scala.collection.JavaConverters._
+    hashedWheelTimer.stop().asScala foreach (t ⇒ execDirectly(t))","hashedWheelTimer.stop().asScala foreach execDirectly
",9d7597c7282711889d74bd9b4d7bdae5ea254104
272492,0,"On Mon, Dec 5, 2011 at 3:32 PM, viktorklang < reply@reply.github.com > wrote:  > > @@ -459,7 +605,9 @@ class DefaultScheduler(hashedWheelTimer: > HashedWheelTimer, log: LoggingAdapter, > >          // Check if the receiver is still alive and kicking befor""",2011-12-05 20:55:48,patriknw,akka,akka,,https://github.com/akka/akka-core/pull/119#discussion_r272492,2011-12-06T07:55:48Z,2011-12-06T07:55:48Z,patriknw,CONTRIBUTOR,akka-actor/src/main/scala/akka/actor/ActorRefProvider.scala,,612.0,,,633,"@@ -459,7 +605,9 @@ class DefaultScheduler(hashedWheelTimer: HashedWheelTimer, log: LoggingAdapter,
         // Check if the receiver is still alive and kicking before sending it a message and reschedule the task
         if (!receiver.isTerminated) {
           receiver ! message
-          timeout.getTimer.newTimeout(this, delay)
+          try timeout.getTimer.newTimeout(this, delay) catch {
+            case _: IllegalStateException ⇒ // stop recurring if timer is stopped","On Mon, Dec 5, 2011 at 3:32 PM, viktorklang <
reply@reply.github.com

> wrote:
> 
> > @@ -459,7 +605,9 @@ class DefaultScheduler(hashedWheelTimer:
> > HashedWheelTimer, log: LoggingAdapter,
> >          // Check if the receiver is still alive and kicking before
> > sending it a message and reschedule the task
> >          if (!receiver.isTerminated) {
> >            receiver ! message
> > -          timeout.getTimer.newTimeout(this, delay)
> > -          try timeout.getTimer.newTimeout(this, delay) catch {
> > -            case _: IllegalStateException => // stop recurring if timer
> >   is stopped
> 
> Shouldn't this verify that the IllegalState was from it being stopped?

If not already done, the IllegalStateException should be well documented in
the api of the Scheduler, because now we rely on that behavior for proper
dispatcher shutdown, and the Scheduler is (in theory) replaceable.

> ---
> 
> Reply to this email directly or view it on GitHub:
> https://github.com/jboner/akka/pull/119/files#r269820

## 

Patrik Nordwall
Typesafe http://typesafe.com/ - Enterprise-Grade Scala from the Experts
Twitter: @patriknw
",9d7597c7282711889d74bd9b4d7bdae5ea254104
242131,1,"sexy""",2011-11-21 04:26:06,viktorklang,akka,akka,,https://github.com/akka/akka-core/pull/118#discussion_r242131,2011-11-21T15:26:06Z,2011-11-21T15:26:06Z,viktorklang,CONTRIBUTOR,akka-actor/src/main/resources/akka-actor-reference.conf,,26.0,,,14,"@@ -25,7 +23,7 @@ akka {
                                        # Dispatcher, (BalancingDispatcher, only valid when all actors using it are of the same type),
                                        # A FQCN to a class inheriting MessageDispatcherConfigurator with a no-arg visible constructor
       name = ""EventHandlerDispatcher""  # Optional, will be a generated UUID if omitted
-      keep-alive-time = 60             # Keep alive time for threads
+      keep-alive-time = 60s            # Keep alive time for threads","sexy
",e5f8a41cb85fe950df8de3f2f8abf3746c9d65b1
228563,0,"Do you really want to force the size to know if empty?""",2011-11-14 11:20:37,viktorklang,akka,akka,,https://github.com/akka/akka-core/pull/110#discussion_r228563,2011-11-14T22:20:37Z,2011-11-15T13:40:37Z,viktorklang,CONTRIBUTOR,akka-durable-mailboxes/akka-file-mailbox/src/main/scala/akka/actor/mailbox/FiledBasedMailbox.scala,,62.0,,,81,"@@ -4,55 +4,63 @@
 
 package akka.actor.mailbox
 
-import akka.actor.LocalActorRef
-import akka.dispatch._
-import akka.config.Config._
-import akka.event.EventHandler
-
 import org.apache.commons.io.FileUtils
+import akka.actor.ActorCell
+import akka.config.Configuration
+import akka.dispatch.Envelope
+import akka.event.Logging
+import akka.actor.ActorRef
 
-/**
- * @author <a href=""http://jonasboner.com"">Jonas Bon&#233;r</a>
- */
-private[akka] object FileBasedMailboxUtil {
-  val queuePath = config.getString(""akka.actor.mailbox.file-based.directory-path"", ""./_mb"") // /var/spool/akka
+object FileBasedMailbox {
+  def queuePath(config: Configuration): String = {
+    config.getString(""akka.actor.mailbox.file-based.directory-path"", ""./_mb"") // /var/spool/akka
+  }
 }
 
-class FileBasedMailbox(val owner: LocalActorRef) extends DurableExecutableMailbox(owner) {
-  import FileBasedMailboxUtil._
+class FileBasedMailbox(val owner: ActorCell) extends DurableMailbox(owner) with DurableMessageSerialization {
+
+  val log = Logging(app, this)
+
+  val queuePath = FileBasedMailbox.queuePath(owner.app.config)
 
   private val queue = try {
     try { FileUtils.forceMkdir(new java.io.File(queuePath)) } catch { case e ⇒ {} }
-    val queue = new filequeue.PersistentQueue(queuePath, name, config)
+    val queue = new filequeue.PersistentQueue(queuePath, name, owner.app.config, log)
     queue.setup // replays journal
     queue.discardExpired
     queue
   } catch {
     case e: Exception ⇒
-      EventHandler.error(e, this, ""Could not create a file-based mailbox"")
+      log.error(e, ""Could not create a file-based mailbox"")
       throw e
   }
 
-  def enqueue(message: MessageInvocation) = {
-    EventHandler.debug(this, ""\nENQUEUING message in file-based mailbox [%s]"".format(message))
-    queue.add(serialize(message))
+  def enqueue(receiver: ActorRef, envelope: Envelope) {
+    log.debug(""ENQUEUING message in file-based mailbox [{}]"", envelope)
+    queue.add(serialize(envelope))
   }
 
-  def dequeue: MessageInvocation = try {
+  def dequeue(): Envelope = try {
     val item = queue.remove
     if (item.isDefined) {
       queue.confirmRemove(item.get.xid)
-      val messageInvocation = deserialize(item.get.data)
-      EventHandler.debug(this, ""\nDEQUEUING message in file-based mailbox [%s]"".format(messageInvocation))
-      messageInvocation
+      val envelope = deserialize(item.get.data)
+      log.debug(""DEQUEUING message in file-based mailbox [{}]"", envelope)
+      envelope
     } else null
   } catch {
     case e: java.util.NoSuchElementException ⇒ null
     case e: Exception ⇒
-      EventHandler.error(e, this, ""Couldn't dequeue from file-based mailbox"")
+      log.error(e, ""Couldn't dequeue from file-based mailbox"")
       throw e
   }
 
+  def numberOfMessages: Int = {
+    queue.length.toInt
+  }
+
+  def hasMessages: Boolean = numberOfMessages > 0","Do you really want to force the size to know if empty?
",a6e75fb702df10eb00070b8631aca6f009f727d5
221062,0,"If this is only used in one place for one usage I'd rather just use ConcurrentHashMap and make sure that whatever gets put into it only has identity equality defined""",2011-11-10 01:56:47,viktorklang,akka,akka,,https://github.com/akka/akka-core/pull/106#discussion_r221062,2011-11-10T12:56:47Z,2011-11-10T15:33:03Z,viktorklang,CONTRIBUTOR,akka-actor/src/main/java/org/jboss/netty/akka/util/internal/ConcurrentIdentityHashMap.java,,51.0,,,51,"@@ -0,0 +1,1418 @@
+/*
+ * Copyright 2009 Red Hat, Inc.
+ *
+ * Red Hat licenses this file to you under the Apache License, version 2.0
+ * (the ""License""); you may not use this file except in compliance with the
+ * License.  You may obtain a copy of the License at:
+ *
+ *    http://www.apache.org/licenses/LICENSE-2.0
+ *
+ * Unless required by applicable law or agreed to in writing, software
+ * distributed under the License is distributed on an ""AS IS"" BASIS, WITHOUT
+ * WARRANTIES OR CONDITIONS OF ANY KIND, either express or implied.  See the
+ * License for the specific language governing permissions and limitations
+ * under the License.
+ */
+/*
+ * Written by Doug Lea with assistance from members of JCP JSR-166
+ * Expert Group and released to the public domain, as explained at
+ * http://creativecommons.org/licenses/publicdomain
+ */
+package org.jboss.netty.akka.util.internal;
+
+import java.util.AbstractCollection;
+import java.util.AbstractMap;
+import java.util.AbstractSet;
+import java.util.Collection;
+import java.util.ConcurrentModificationException;
+import java.util.Enumeration;
+import java.util.Hashtable;
+import java.util.Iterator;
+import java.util.Map;
+import java.util.NoSuchElementException;
+import java.util.Set;
+import java.util.concurrent.ConcurrentMap;
+import java.util.concurrent.locks.ReentrantLock;
+
+
+/**
+ * An alternative identity-comparing {@link java.util.concurrent.ConcurrentMap} which is similar to
+ * {@link java.util.concurrent.ConcurrentHashMap}.
+ *
+ * @author <a href=""http://www.jboss.org/netty/"">The Netty Project</a>
+ * @author Doug Lea
+ * @author Jason T. Greene
+ * @author <a href=""http://gleamynode.net/"">Trustin Lee</a>
+ * @version $Rev: 2371 $, $Date: 2010-10-19 15:00:42 +0900 (Tue, 19 Oct 2010) $
+ *
+ * @param <K> the type of keys maintained by this map
+ * @param <V> the type of mapped values
+ */
+public final class ConcurrentIdentityHashMap<K, V> extends AbstractMap<K, V>","If this is only used in one place for one usage I'd rather just use ConcurrentHashMap and make sure that whatever gets put into it only has identity equality defined
",1577f8bcb32097e2e317302089d92fd417b69913
489604,2,"doesn’t work: there is no system available while constructing MailboxType :-(""",2012-02-26 08:17:40,rkuhn,akka,akka,,https://github.com/akka/akka-core/pull/353#discussion_r489604,2012-02-26T19:17:40Z,2012-02-26T20:39:34Z,rkuhn,CONTRIBUTOR,akka-durable-mailboxes/akka-beanstalk-mailbox/src/main/scala/akka/actor/mailbox/BeanstalkBasedMailbox.scala,,,,,1,"@@ -27,9 +27,9 @@ class BeanstalkBasedMailboxType(config: Config) extends MailboxType {
 /**
  * @author <a href=""http://jonasboner.com"">Jonas Bon&#233;r</a>
  */
-class BeanstalkBasedMessageQueue(_owner: ActorContext) extends DurableMessageQueue(_owner) with DurableMessageSerialization {
+class BeanstalkBasedMessageQueue(_owner: ActorContext, _config: Config) extends DurableMessageQueue(_owner) with DurableMessageSerialization {
 
-  private val settings = BeanstalkBasedMailboxExtension(owner.system)
+  private val settings = new BeanstalkMailboxSettings(owner.system, _config)","doesn’t work: there is no system available while constructing MailboxType :-(
",b4fcc3b2f2d7e534908057750d0086b9c6e20764
488501,0,"removed def system from Camel trait, it is not needed in the end for the user. (you can always get to the system using the normal routes) Added a comment that Camel is shutdown when the associated ActorSystem that uses a Camel extension is shut down.""",2012-02-24 21:26:34,RayRoestenburg,akka,akka,,https://github.com/akka/akka-core/pull/344#discussion_r488501,2012-02-25T08:26:34Z,2012-03-20T12:17:25Z,RayRoestenburg,CONTRIBUTOR,akka-camel/src/main/scala/akka/camel/Camel.scala,,,,,1,"@@ -0,0 +1,84 @@
+/**
+ * Copyright (C) 2009-2012 Typesafe Inc. <http://www.typesafe.com>
+ */
+
+package akka.camel
+
+import internal._
+import akka.actor._
+import org.apache.camel.{ ProducerTemplate, CamelContext }
+
+//TODO complete this doc
+/**
+ * Camel trait encapsulates the underlying camel machinery.
+ *
+ */
+trait Camel extends ConsumerRegistry with ProducerRegistry with Extension with Activation {
+  /**
+   * Underlying camel context.
+   *
+   * It can be used to configure camel manually, i.e. when the user wants to add new routes or endpoints,
+   * i.e. <pre>camel.context.addRoutes(...)</pre>
+   *
+   * @see [[org.apache.camel.CamelContext]]
+   */
+  def context: CamelContext
+
+  /**
+   * Producer template.
+   * @see [[org.apache.camel.ProducerTemplate]]
+   */
+  def template: ProducerTemplate
+
+  /**
+   * Associated `ActorSystem`.
+   *
+   * <p>It can be used to start producers, consumers or any other actors which need to interact with camel,
+   * for example:
+   * {{{
+   * val system = ActorSystem(""test"")
+   * system.actorOf(Props[SysOutConsumer])","removed def system from Camel trait, it is not needed in the end for the user. (you can always get to the system using the normal routes) Added a comment that Camel is shutdown when the associated ActorSystem that uses a Camel extension is shut down.
",f74616f828d3e31724d768dd86ce05af85d97ade
506662,2,"Because I'm stupid. Fixed. """,2012-03-01 02:27:24,jboner,akka,akka,,https://github.com/akka/akka-core/pull/329#discussion_r506662,2012-03-01T13:27:24Z,2012-03-12T18:22:16Z,jboner,CONTRIBUTOR,akka-cluster/src/main/scala/akka/cluster/Node.scala,,,,,1,"@@ -0,0 +1,803 @@
+/**
+ * Copyright (C) 2009-2012 Typesafe Inc. <http://www.typesafe.com>
+ */
+
+package akka.cluster
+
+import akka.actor._
+import akka.actor.Status._
+import akka.remote._
+import akka.routing._
+import akka.event.Logging
+import akka.dispatch.Await
+import akka.pattern.ask
+import akka.util._
+import akka.config.ConfigurationException
+
+import java.util.concurrent.atomic.{ AtomicReference, AtomicBoolean }
+import java.util.concurrent.TimeUnit._
+import java.util.concurrent.TimeoutException
+import java.security.SecureRandom
+
+import scala.collection.immutable.{ Map, SortedSet }
+import scala.annotation.tailrec
+
+import com.google.protobuf.ByteString
+
+/**
+ * Interface for membership change listener.
+ */
+trait MembershipChangeListener {
+  def notify(members: SortedSet[Member]): Unit
+}
+
+/**
+ * Interface for meta data change listener.
+ */
+trait MetaDataChangeListener { // FIXME add management and notification for MetaDataChangeListener
+  def notify(meta: Map[String, Array[Byte]]): Unit
+}
+
+// FIXME create Protobuf messages out of all the Gossip stuff - but wait until the prototol is fully stablized.
+
+/**
+ * Base trait for all cluster messages. All ClusterMessage's are serializable.
+ */
+sealed trait ClusterMessage extends Serializable
+
+/**
+ * Cluster commands sent by the USER.
+ */
+object ClusterAction {
+
+  /**
+   * Command to join the cluster. Sent when a node (reprsesented by 'address')
+   * wants to join another node (the receiver).
+   */
+  case class Join(address: Address) extends ClusterMessage
+
+  /**
+   * Command to set a node to Up (from Joining).
+   */
+  case object Up extends ClusterMessage
+
+  /**
+   * Command to leave the cluster.
+   */
+  case object Leave extends ClusterMessage
+
+  /**
+   * Command to mark node as temporary down.
+   */
+  case object Down extends ClusterMessage
+
+  /**
+   * Command to mark a node to be removed from the cluster immediately.
+   */
+  case object Exit extends ClusterMessage
+
+  /**
+   * Command to remove a node from the cluster immediately.
+   */
+  case object Remove extends ClusterMessage
+}
+
+/**
+ * Represents the address and the current status of a cluster member node.
+ */
+case class Member(address: Address, status: MemberStatus) extends ClusterMessage
+
+/**
+ * Envelope adding a sender address to the gossip.
+ */
+case class GossipEnvelope(sender: Member, gossip: Gossip) extends ClusterMessage
+
+/**
+ * Defines the current status of a cluster member node
+ *
+ * Can be one of: Joining, Up, Leaving, Exiting and Down.
+ */
+sealed trait MemberStatus extends ClusterMessage
+object MemberStatus {
+  case object Joining extends MemberStatus
+  case object Up extends MemberStatus
+  case object Leaving extends MemberStatus
+  case object Exiting extends MemberStatus
+  case object Down extends MemberStatus
+  case object Removed extends MemberStatus
+}
+
+// sealed trait PartitioningStatus
+// object PartitioningStatus {
+//   case object Complete extends PartitioningStatus
+//   case object Awaiting extends PartitioningStatus
+// }
+
+// case class PartitioningChange(
+//   from: Address,
+//   to: Address,
+//   path: PartitionPath,
+//   status: PartitioningStatus)
+
+/**
+ * Represents the overview of the cluster, holds the cluster convergence table and set with unreachable nodes.
+ */
+case class GossipOverview(
+  seen: Map[Address, VectorClock] = Map.empty[Address, VectorClock],
+  unreachable: Set[Address] = Set.empty[Address]) {
+
+  override def toString =
+    ""GossipOverview(seen = ["" + seen.mkString("", "") +
+      ""], unreachable = ["" + unreachable.mkString("", "") +
+      ""])""
+}
+
+/**
+ * Represents the state of the cluster; cluster ring membership, ring convergence, meta data - all versioned by a vector clock.
+ */
+case class Gossip(
+  overview: GossipOverview = GossipOverview(),
+  members: SortedSet[Member], // sorted set of members with their status, sorted by name
+  //partitions: Tree[PartitionPath, Node] = Tree.empty[PartitionPath, Node], // name/partition service
+  //pending: Set[PartitioningChange] = Set.empty[PartitioningChange],
+  meta: Map[String, Array[Byte]] = Map.empty[String, Array[Byte]],
+  version: VectorClock = VectorClock()) // vector clock version
+  extends ClusterMessage // is a serializable cluster message
+  with Versioned[Gossip] {
+
+  /**
+   * Increments the version for this 'Node'.
+   */
+  def +(node: VectorClock.Node): Gossip = copy(version = version + node)
+
+  def +(member: Member): Gossip = {
+    if (members contains member) this
+    else this copy (members = members + member)
+  }
+
+  /**
+   * Marks the gossip as seen by this node (remoteAddress) by updating the address entry in the 'gossip.overview.seen'
+   * Map with the VectorClock for the new gossip.
+   */
+  def seen(address: Address): Gossip =
+    this copy (overview = overview copy (seen = overview.seen + (address -> version)))
+
+  override def toString =
+    ""Gossip("" +
+      ""overview = "" + overview +
+      "", members = ["" + members.mkString("", "") +
+      ""], meta = ["" + meta.mkString("", "") +
+      ""], version = "" + version +
+      "")""
+}
+
+/**
+ * FSM actor managing the different cluster nodes states.
+ * Single instance - e.g. serialized access to Node - message after message.
+ */
+final class ClusterCommandDaemon(system: ActorSystem, node: Node) extends Actor with FSM[MemberStatus, Unit] {
+
+  // start in JOINING
+  startWith(MemberStatus.Joining, Unit)
+
+  // ========================
+  // === IN JOINING ===
+  when(MemberStatus.Joining) {
+    case Event(ClusterAction.Up, _) ⇒
+      node.up()
+      goto(MemberStatus.Up)
+  }
+
+  // ========================
+  // === IN UP ===
+  when(MemberStatus.Up) {
+    case Event(ClusterAction.Down, _) ⇒
+      node.downing()
+      goto(MemberStatus.Down)
+
+    case Event(ClusterAction.Leave, _) ⇒
+      node.leaving()
+      goto(MemberStatus.Leaving)
+
+    case Event(ClusterAction.Exit, _) ⇒
+      node.exiting()
+      goto(MemberStatus.Exiting)
+
+    case Event(ClusterAction.Remove, _) ⇒
+      node.removing()
+      goto(MemberStatus.Removed)
+  }
+
+  // ========================
+  // === IN LEAVING ===
+  when(MemberStatus.Leaving) {
+    case Event(ClusterAction.Down, _) ⇒
+      node.downing()
+      goto(MemberStatus.Down)
+
+    case Event(ClusterAction.Remove, _) ⇒
+      node.removing()
+      goto(MemberStatus.Removed)
+  }
+
+  // ========================
+  // === IN EXITING ===
+  when(MemberStatus.Exiting) {
+    case Event(ClusterAction.Remove, _) ⇒
+      node.removing()
+      goto(MemberStatus.Removed)
+  }
+
+  // ========================
+  // === IN DOWN ===
+  when(MemberStatus.Down) {
+    // FIXME How to transition from DOWN => JOINING when node comes back online. Can't just listen to Gossip message since it is received be another actor. How to fix this?
+    case Event(ClusterAction.Remove, _) ⇒
+      node.removing()
+      goto(MemberStatus.Removed)
+  }
+
+  // ========================
+  // === IN REMOVED ===
+  when(MemberStatus.Removed) {
+    case command ⇒
+      log.warning(""Removed node [{}] received cluster command [{}]"", system.name, command)
+      stay
+  }
+
+  // ========================
+  // === GENERIC AND UNHANDLED COMMANDS ===
+  whenUnhandled {
+    // should be able to handle Join in any state
+    case Event(ClusterAction.Join(address), _) ⇒
+      node.joining(address)
+      stay
+
+    case Event(command, _) ⇒ {
+      log.warning(""Unhandled command [{}] in state [{}]"", command, stateName)
+      stay
+    }
+  }
+}
+
+/**
+ * Pooled and routed wit N number of configurable instances.
+ * Concurrent access to Node.
+ */
+final class ClusterGossipDaemon(system: ActorSystem, node: Node) extends Actor {
+  val log = Logging(system, ""ClusterGossipDaemon"")
+
+  def receive = {
+    case GossipEnvelope(sender, gossip) ⇒ node.receive(sender, gossip)
+    case unknown                        ⇒ log.error(""Unknown message sent to cluster daemon ["" + unknown + ""]"")
+  }
+}
+
+/**
+ * Node Extension Id and factory for creating Node extension.
+ * Example:
+ * {{{
+ *  val node = NodeExtension(system)
+ *
+ *  if (node.isLeader) { ... }
+ * }}}
+ *
+ * Example:
+ * {{{
+ *  import akka.cluster._
+ *
+ *  val node = system.node // implicit conversion adds 'node' method
+ *
+ *  if (node.isLeader) { ... }
+ * }}}
+ */
+object NodeExtension extends ExtensionId[Node] with ExtensionIdProvider {
+  override def get(system: ActorSystem): Node = super.get(system)
+
+  override def lookup = NodeExtension
+
+  override def createExtension(system: ExtendedActorSystem): Node = new Node(system.asInstanceOf[ActorSystemImpl]) // not nice but need API in ActorSystemImpl inside Node
+}
+
+/**
+ * This module is responsible for Gossiping cluster information. The abstraction maintains the list of live
+ * and dead members. Periodically i.e. every 1 second this module chooses a random member and initiates a round
+ * of Gossip with it. Whenever it gets gossip updates it updates the Failure Detector with the liveness
+ * information.
+ * <p/>
+ * During each of these runs the member initiates gossip exchange according to following rules (as defined in the
+ * Cassandra documentation [http://wiki.apache.org/cassandra/ArchitectureGossip]:
+ * <pre>
+ *   1) Gossip to random live member (if any)
+ *   2) Gossip to random unreachable member with certain probability depending on number of unreachable and live members
+ *   3) If the member gossiped to at (1) was not deputy, or the number of live members is less than number of deputy list,
+ *       gossip to random deputy with certain probability depending on number of unreachable, deputy and live members.
+ * </pre>
+ *
+ * Example:
+ * {{{
+ *  val node = NodeExtension(system)
+ *
+ *  if (node.isLeader) { ... }
+ * }}}
+ *
+ * Example:
+ * {{{
+ *  import akka.cluster._
+ *
+ *  val node = system.node // implicit conversion adds 'node' method
+ *
+ *  if (node.isLeader) { ... }
+ * }}}
+ */
+class Node(system: ActorSystemImpl) extends Extension {
+
+  /**
+   * Represents the state for this Node. Implemented using optimistic lockless concurrency,
+   * all state is represented by this immutable case class and managed by an AtomicReference.
+   */
+  private case class State(
+    self: Member,
+    latestGossip: Gossip,
+    memberMembershipChangeListeners: Set[MembershipChangeListener] = Set.empty[MembershipChangeListener])
+
+  if (!system.provider.isInstanceOf[RemoteActorRefProvider])
+    throw new ConfigurationException(""ActorSystem["" + system + ""] needs to have a 'RemoteActorRefProvider' enabled in the configuration"")
+
+  private val remote: RemoteActorRefProvider = system.provider.asInstanceOf[RemoteActorRefProvider]
+
+  private val remoteSettings = new RemoteSettings(system.settings.config, system.name)
+  private val clusterSettings = new ClusterSettings(system.settings.config, system.name)
+
+  private val remoteAddress = remote.transport.address
+  private val vclockNode = VectorClock.Node(remoteAddress.toString)
+
+  private val gossipInitialDelay = clusterSettings.GossipInitialDelay
+  private val gossipFrequency = clusterSettings.GossipFrequency
+
+  implicit private val memberOrdering = Ordering.fromLessThan[Member](_.address.toString < _.address.toString)
+
+  implicit private val defaultTimeout = Timeout(remoteSettings.RemoteSystemDaemonAckTimeout)
+
+  val failureDetector = new AccrualFailureDetector(
+    system, remoteAddress, clusterSettings.FailureDetectorThreshold, clusterSettings.FailureDetectorMaxSampleSize)
+
+  private val nrOfDeputyNodes = clusterSettings.NrOfDeputyNodes
+  private val nrOfGossipDaemons = clusterSettings.NrOfGossipDaemons
+  private val nodeToJoin: Option[Address] = clusterSettings.NodeToJoin filter (_ != remoteAddress)
+
+  private val serialization = remote.serialization
+
+  private val isRunning = new AtomicBoolean(true)
+  private val log = Logging(system, ""Node"")
+  private val random = SecureRandom.getInstance(""SHA1PRNG"")
+
+  private val clusterCommandDaemon = system.systemActorOf(
+    Props(new ClusterCommandDaemon(system, this)), ""clusterCommand"")
+
+  private val clusterGossipDaemon = system.systemActorOf(
+    Props(new ClusterGossipDaemon(system, this)).withRouter(RoundRobinRouter(nrOfGossipDaemons)), ""clusterGossip"")
+
+  private val state = {
+    val member = Member(remoteAddress, MemberStatus.Joining)
+    val gossip = Gossip(members = SortedSet.empty[Member] + member) + vclockNode // add me as member and update my vector clock
+    new AtomicReference[State](State(member, gossip))
+  }
+
+  import Versioned.latestVersionOf
+
+  log.info(""Node [{}] - Starting cluster Node..."", remoteAddress)
+
+  // try to join the node defined in the 'akka.cluster.node-to-join' option
+  autoJoin()
+
+  // start periodic gossip to random nodes in cluster
+  private val gossipCanceller = system.scheduler.schedule(gossipInitialDelay, gossipFrequency) {
+    gossip()
+  }
+
+  // start periodic cluster scrutinization (moving nodes condemned by the failure detector to unreachable list)
+  private val scrutinizeCanceller = system.scheduler.schedule(gossipInitialDelay, gossipFrequency) {
+    scrutinize()
+  }
+
+  // ======================================================
+  // ===================== PUBLIC API =====================
+  // ======================================================
+
+  /**
+   * Latest gossip.
+   */
+  def latestGossip: Gossip = state.get.latestGossip
+
+  /**
+   * Member status for this node.
+   */
+  def self: Member = state.get.self
+
+  /**
+   * Is this node the leader?
+   */
+  def isLeader: Boolean = {
+    val currentState = state.get
+    remoteAddress == currentState.latestGossip.members.head.address
+  }
+
+  /**
+   * Is this node a singleton cluster?
+   */
+  def isSingletonCluster: Boolean = isSingletonCluster(state.get)
+
+  /**
+   * Checks if we have a cluster convergence.
+   *
+   * @returns Some(convergedGossip) if convergence have been reached and None if not
+   */
+  def convergence: Option[Gossip] = convergence(latestGossip)
+
+  /**
+   * Shuts down all connections to other members, the cluster daemon and the periodic gossip and cleanup tasks.
+   */
+  def shutdown() {
+
+    // FIXME Cheating for now. Can't just shut down. Node must first gossip an Leave command, wait for Leader to do proper Handoff and then await an Exit command before switching to Removed
+
+    if (isRunning.compareAndSet(true, false)) {
+      log.info(""Node [{}] - Shutting down Node and ClusterDaemon..."", remoteAddress)
+
+      try system.stop(clusterCommandDaemon) finally {
+        try system.stop(clusterGossipDaemon) finally {
+          try gossipCanceller.cancel() finally {
+            try scrutinizeCanceller.cancel() finally {
+              log.info(""Node [{}] - Node and ClusterDaemon shut down successfully"", remoteAddress)
+            }
+          }
+        }
+      }
+    }
+  }
+
+  /**
+   * Registers a listener to subscribe to cluster membership changes.
+   */
+  @tailrec
+  final def registerListener(listener: MembershipChangeListener) {
+    val localState = state.get
+    val newListeners = localState.memberMembershipChangeListeners + listener
+    val newState = localState copy (memberMembershipChangeListeners = newListeners)
+    if (!state.compareAndSet(localState, newState)) registerListener(listener) // recur
+  }
+
+  /**
+   * Unsubscribes to cluster membership changes.
+   */
+  @tailrec
+  final def unregisterListener(listener: MembershipChangeListener) {
+    val localState = state.get
+    val newListeners = localState.memberMembershipChangeListeners - listener
+    val newState = localState copy (memberMembershipChangeListeners = newListeners)
+    if (!state.compareAndSet(localState, newState)) unregisterListener(listener) // recur
+  }
+
+  /**
+   * Send command to JOIN one node to another.
+   */
+  def sendJoin(address: Address) {
+    clusterCommandDaemon ! ClusterAction.Join(address)
+  }
+
+  /**
+   * Send command to issue state transition to LEAVING.
+   */
+  def sendLeave() {
+    clusterCommandDaemon ! ClusterAction.Leave
+  }
+
+  /**
+   * Send command to issue state transition to EXITING.
+   */
+  def sendDown() {
+    clusterCommandDaemon ! ClusterAction.Down
+  }
+
+  /**
+   * Send command to issue state transition to REMOVED.
+   */
+  def sendRemove() {
+    clusterCommandDaemon ! ClusterAction.Remove
+  }
+
+  // ========================================================
+  // ===================== INTERNAL API =====================
+  // ========================================================
+
+  /**
+   * State transition to JOINING.
+   * New node joining.
+   */
+  @tailrec
+  private[cluster] final def joining(node: Address) {
+    log.info(""Node [{}] - Node [{}] is joining"", remoteAddress, node)
+
+    failureDetector heartbeat node // update heartbeat in failure detector
+
+    val localState = state.get
+    val localGossip = localState.latestGossip
+    val localMembers = localGossip.members
+
+    val newMembers = localMembers + Member(node, MemberStatus.Joining) // add joining node as Joining
+    val newGossip = localGossip copy (members = newMembers)
+
+    val versionedGossip = newGossip + vclockNode
+    val seenVersionedGossip = versionedGossip seen remoteAddress
+
+    val newState = localState copy (latestGossip = seenVersionedGossip)
+
+    if (!state.compareAndSet(localState, newState)) joining(node) // recur if we failed update
+    else {
+      if (convergence(newState.latestGossip).isDefined) {
+        newState.memberMembershipChangeListeners map { _ notify newMembers }","Because I'm stupid. Fixed. 
",cf3fa9fa3ce9e9312db0922370c93ce1af9db7c8
405333,0,"Is this test run automatically? In that case why do we have so many spec wrappers for other junit tests?""",2012-01-31 19:51:32,patriknw,akka,akka,,https://github.com/akka/akka-core/pull/286#discussion_r405333,2012-02-01T06:51:32Z,2012-02-01T06:51:32Z,patriknw,CONTRIBUTOR,akka-testkit/src/test/java/akka/testkit/TestActorRefJavaSpec.java,,12.0,,,12,"@@ -0,0 +1,19 @@
+/**
+ * Copyright (C) 2009-2012 Typesafe Inc. <http://www.typesafe.com>
+ */
+
+package akka.testkit;
+
+import org.junit.Test;
+import akka.actor.Props;
+
+import static org.junit.Assert.*;
+
+public class TestActorRefJavaSpec {","Is this test run automatically? In that case why do we have so many spec wrappers for other junit tests?
",dcebd1deb209d953912976f2183893ab88a8f593
392986,0,"I don’t know, I just copied your code into a new file …""",2012-01-27 07:46:20,rkuhn,akka,akka,,https://github.com/akka/akka-core/pull/275#discussion_r392986,2012-01-27T18:46:20Z,2012-01-30T10:58:22Z,rkuhn,CONTRIBUTOR,akka-remote/src/main/scala/akka/remote/netty/Client.scala,,196.0,,,196,"@@ -0,0 +1,346 @@
+/**
+ *  Copyright (C) 2009-2011 Typesafe Inc. <http://www.typesafe.com>
+ */
+package akka.remote.netty
+
+import java.net.InetSocketAddress
+import org.jboss.netty.util.HashedWheelTimer
+import org.jboss.netty.bootstrap.ClientBootstrap
+import org.jboss.netty.channel.group.DefaultChannelGroup
+import org.jboss.netty.channel.{ ChannelHandler, StaticChannelPipeline, SimpleChannelUpstreamHandler, MessageEvent, ExceptionEvent, ChannelStateEvent, ChannelPipelineFactory, ChannelPipeline, ChannelHandlerContext, ChannelFuture, Channel }
+import org.jboss.netty.handler.codec.frame.{ LengthFieldPrepender, LengthFieldBasedFrameDecoder }
+import org.jboss.netty.handler.execution.ExecutionHandler
+import org.jboss.netty.handler.timeout.{ ReadTimeoutHandler, ReadTimeoutException }
+import akka.remote.RemoteProtocol.{ RemoteControlProtocol, CommandType, AkkaRemoteProtocol }
+import akka.remote.{ RemoteProtocol, RemoteMessage, RemoteLifeCycleEvent, RemoteClientStarted, RemoteClientShutdown, RemoteClientException, RemoteClientError, RemoteClientDisconnected, RemoteClientConnected }
+import akka.actor.{ simpleName, Address }
+import akka.AkkaException
+import akka.event.Logging
+import akka.util.Switch
+import akka.actor.ActorRef
+import org.jboss.netty.channel.ChannelFutureListener
+import akka.remote.RemoteClientWriteFailed
+import java.net.InetAddress
+import org.jboss.netty.util.TimerTask
+import org.jboss.netty.util.Timeout
+import java.util.concurrent.TimeUnit
+
+class RemoteClientMessageBufferException(message: String, cause: Throwable) extends AkkaException(message, cause) {
+  def this(msg: String) = this(msg, null)
+}
+
+/**
+ * This is the abstract baseclass for netty remote clients, currently there's only an
+ * ActiveRemoteClient, but others could be feasible, like a PassiveRemoteClient that
+ * reuses an already established connection.
+ */
+abstract class RemoteClient private[akka] (
+  val netty: NettyRemoteTransport,
+  val remoteAddress: Address) {
+
+  val log = Logging(netty.system, ""RemoteClient"")
+
+  val name = simpleName(this) + ""@"" + remoteAddress
+
+  private[remote] val runSwitch = new Switch()
+
+  private[remote] def isRunning = runSwitch.isOn
+
+  protected def currentChannel: Channel
+
+  def connect(reconnectIfAlreadyConnected: Boolean = false): Boolean
+
+  def shutdown(): Boolean
+
+  def isBoundTo(address: Address): Boolean = remoteAddress == address
+
+  /**
+   * Converts the message to the wireprotocol and sends the message across the wire
+   */
+  def send(message: Any, senderOption: Option[ActorRef], recipient: ActorRef): Unit = if (isRunning) {
+    if (netty.remoteSettings.LogSend) log.debug(""Sending message {} from {} to {}"", message, senderOption, recipient)
+    send((message, senderOption, recipient))
+  } else {
+    val exception = new RemoteClientException(""RemoteModule client is not running, make sure you have invoked 'RemoteClient.connect()' before using it."", netty, remoteAddress)
+    netty.notifyListeners(RemoteClientError(exception, netty, remoteAddress))
+    throw exception
+  }
+
+  /**
+   * Sends the message across the wire
+   */
+  private def send(request: (Any, Option[ActorRef], ActorRef)): Unit = {
+    try {
+      val channel = currentChannel
+      val f = channel.write(request)
+      f.addListener(
+        new ChannelFutureListener {
+          def operationComplete(future: ChannelFuture) {
+            if (future.isCancelled || !future.isSuccess) {
+              netty.notifyListeners(RemoteClientWriteFailed(request, future.getCause, netty, remoteAddress))
+            }
+          }
+        })
+      // Check if we should back off
+      if (!channel.isWritable) {
+        val backoff = netty.settings.BackoffTimeout
+        if (backoff.length > 0 && !f.await(backoff.length, backoff.unit)) f.cancel() //Waited as long as we could, now back off
+      }
+    } catch {
+      case e: Exception ⇒ netty.notifyListeners(RemoteClientError(e, netty, remoteAddress))
+    }
+  }
+
+  override def toString = name
+}
+
+/**
+ * RemoteClient represents a connection to an Akka node. Is used to send messages to remote actors on the node.
+ */
+class ActiveRemoteClient private[akka] (
+  netty: NettyRemoteTransport,
+  remoteAddress: Address,
+  localAddress: Address)
+  extends RemoteClient(netty, remoteAddress) {
+
+  import netty.settings
+
+  //TODO rewrite to a wrapper object (minimize volatile access and maximize encapsulation)
+  @volatile
+  private var bootstrap: ClientBootstrap = _
+  @volatile
+  private var connection: ChannelFuture = _
+  @volatile
+  private[remote] var openChannels: DefaultChannelGroup = _
+  @volatile
+  private var executionHandler: ExecutionHandler = _
+
+  @volatile
+  private var reconnectionTimeWindowStart = 0L
+
+  def notifyListeners(msg: RemoteLifeCycleEvent): Unit = netty.notifyListeners(msg)
+
+  def currentChannel = connection.getChannel
+
+  /**
+   * Connect to remote server.
+   */
+  def connect(reconnectIfAlreadyConnected: Boolean = false): Boolean = {
+
+    def sendSecureCookie(connection: ChannelFuture) {
+      val handshake = RemoteControlProtocol.newBuilder.setCommandType(CommandType.CONNECT)
+      if (settings.SecureCookie.nonEmpty) handshake.setCookie(settings.SecureCookie.get)
+      handshake.setOrigin(RemoteProtocol.AddressProtocol.newBuilder
+        .setSystem(localAddress.system)
+        .setHostname(localAddress.host.get)
+        .setPort(localAddress.port.get)
+        .build)
+      connection.getChannel.write(netty.createControlEnvelope(handshake.build))
+    }
+
+    def attemptReconnect(): Boolean = {
+      val remoteIP = InetAddress.getByName(remoteAddress.host.get)
+      log.debug(""Remote client reconnecting to [{}|{}]"", remoteAddress, remoteIP)
+      connection = bootstrap.connect(new InetSocketAddress(remoteIP, remoteAddress.port.get))
+      openChannels.add(connection.awaitUninterruptibly.getChannel) // Wait until the connection attempt succeeds or fails.
+
+      if (!connection.isSuccess) {
+        notifyListeners(RemoteClientError(connection.getCause, netty, remoteAddress))
+        false
+      } else {
+        sendSecureCookie(connection)
+        true
+      }
+    }
+
+    runSwitch switchOn {
+      openChannels = new DefaultDisposableChannelGroup(classOf[RemoteClient].getName)
+
+      executionHandler = new ExecutionHandler(netty.executor)
+
+      bootstrap = new ClientBootstrap(netty.clientChannelFactory)
+      bootstrap.setPipelineFactory(new ActiveRemoteClientPipelineFactory(name, bootstrap, executionHandler, remoteAddress, this))
+      bootstrap.setOption(""tcpNoDelay"", true)
+      bootstrap.setOption(""keepAlive"", true)
+      bootstrap.setOption(""connectTimeoutMillis"", settings.ConnectionTimeout.toMillis)
+
+      val remoteIP = InetAddress.getByName(remoteAddress.host.get)
+      log.debug(""Starting remote client connection to [{}|{}]"", remoteAddress, remoteIP)
+
+      connection = bootstrap.connect(new InetSocketAddress(remoteIP, remoteAddress.port.get))
+
+      openChannels.add(connection.awaitUninterruptibly.getChannel) // Wait until the connection attempt succeeds or fails.
+
+      if (!connection.isSuccess) {
+        notifyListeners(RemoteClientError(connection.getCause, netty, remoteAddress))
+        false
+      } else {
+        sendSecureCookie(connection)
+        notifyListeners(RemoteClientStarted(netty, remoteAddress))
+        true
+      }
+    } match {
+      case true ⇒ true
+      case false if reconnectIfAlreadyConnected ⇒
+        connection.getChannel.close()
+        openChannels.remove(connection.getChannel)
+
+        log.debug(""Remote client reconnecting to [{}]"", remoteAddress)
+        attemptReconnect()
+
+      case false ⇒ false
+    }
+  }
+
+  // Please note that this method does _not_ remove the ARC from the NettyRemoteClientModule's map of clients","I don’t know, I just copied your code into a new file …
",4fb0858e557232e5f4a7e5b364d1697c0e21bdd1
316230,0,"use:       new Props(JAdvancedCalculatorActor.class)""",2011-12-27 11:21:33,viktorklang,akka,akka,,https://github.com/akka/akka-core/pull/194#discussion_r316230,2011-12-27T22:21:33Z,2011-12-28T00:41:32Z,viktorklang,CONTRIBUTOR,akka-samples/akka-sample-remote/src/main/java/sample/remote/calculator/java/JCreationApplication.java,,,,,1,"@@ -0,0 +1,35 @@
+/**
+ *  Copyright (C) 2009-2011 Typesafe Inc. <http://www.typesafe.com>
+ */
+package sample.remote.calculator.java;
+
+import akka.actor.ActorRef;
+import akka.actor.ActorSystem;
+import akka.actor.Props;
+import akka.kernel.Bootable;
+import com.typesafe.config.ConfigFactory;
+
+public class JCreationApplication implements Bootable {
+    private ActorSystem system;
+    private ActorRef actor;
+    private ActorRef remoteActor;
+
+    public JCreationApplication() {
+        system = ActorSystem.create(""CreationApplication"", ConfigFactory.load().getConfig(""remotecreation""));
+        actor = system.actorOf(new Props().withCreator(JCreationActor.class));
+        remoteActor = system.actorOf(new Props().withCreator(JAdvancedCalculatorActor.class), ""advancedCalculator"");","use: 

```
new Props(JAdvancedCalculatorActor.class)
```
",f21651d7479c5572b0339a02c0b1ce24cdc167da
309221,0,"On Wed, Dec 21, 2011 at 5:08 PM, viktorklang < reply@reply.github.com > wrote:  > > > >    // FIXME: Dispatchers registered here are are not removed, see ticket > #1494 > > -  private val dispatchers = new ConcurrentHashMap[String, > MessageDispatcher] > """,2011-12-21 05:23:23,patriknw,akka,akka,,https://github.com/akka/akka-core/pull/182#discussion_r309221,2011-12-21T16:23:23Z,2011-12-21T22:47:22Z,patriknw,CONTRIBUTOR,akka-actor/src/main/scala/akka/dispatch/Dispatchers.scala,,65.0,,,1,"@@ -67,15 +68,18 @@ class Dispatchers(val settings: ActorSystem.Settings, val prerequisites: Dispatc
     if (settings.MailboxCapacity < 1) UnboundedMailbox()
     else BoundedMailbox(settings.MailboxCapacity, settings.MailboxPushTimeout)
 
-  val defaultDispatcherConfig = settings.config.getConfig(""akka.actor.default-dispatcher"")
+  val defaultDispatcherConfig = {
+    val key = ""akka.actor.default-dispatcher""
+    keyConfig(key).withFallback(settings.config.getConfig(key))
+  }
 
-  lazy val defaultGlobalDispatcher: MessageDispatcher =
-    from(defaultDispatcherConfig) getOrElse {
-      throw new ConfigurationException(""Wrong configuration [akka.actor.default-dispatcher]"")
-    }
+  private lazy val defaultDispatcherConfigurator: MessageDispatcherConfigurator =
+    configuratorFrom(defaultDispatcherConfig)
+
+  lazy val defaultGlobalDispatcher: MessageDispatcher = defaultDispatcherConfigurator.dispatcher()
 
   // FIXME: Dispatchers registered here are are not removed, see ticket #1494
-  private val dispatchers = new ConcurrentHashMap[String, MessageDispatcher]
+  private val dispatcherConfigurators = new ConcurrentHashMap[String, MessageDispatcherConfigurator]
 
   /**
    * Returns a dispatcher as specified in configuration, or if not defined it uses","On Wed, Dec 21, 2011 at 5:08 PM, viktorklang <
reply@reply.github.com

> wrote:
> 
> >    // FIXME: Dispatchers registered here are are not removed, see ticket
> > #1494
> > -  private val dispatchers = new ConcurrentHashMap[String,
> >   MessageDispatcher]
> > -  private val dispatcherConfigurators = new ConcurrentHashMap[String,
> >   MessageDispatcherConfigurator]
> >   
> >   /**
> >   - Returns a dispatcher as specified in configuration, or if not
> >     defined it uses
> 
> Could be a source of hard to diagnose problems if it just silently uses
> the default. Perhaps log a warning
> 
> That's why I log a Debug, but I can change it to Info. Don't think it's a
> Warning, because I think as a start default-dispatcher is a good default,
> but still with possibility to tune a specific dispatcher, if needed.
> 
> ---
> 
> Reply to this email directly or view it on GitHub:
> https://github.com/jboner/akka/pull/182/files#r309168

## 

Patrik Nordwall
Typesafe http://typesafe.com/ - Enterprise-Grade Scala from the Experts
Twitter: @patriknw
",ed2fb14dcf0120a6c126fe9c99038d897dbcdf0d
296660,0,"I'm curious as to why the signature of ? still includes a timeout. Since it returns a Future, which will no longer time out, isn't the timeout superfluous?""",2011-12-15 04:12:55,nuttycom,akka,akka,,https://github.com/akka/akka-core/pull/147#discussion_r296660,2011-12-15T15:12:55Z,2011-12-15T15:54:48Z,nuttycom,NONE,akka-actor/src/main/scala/akka/actor/ActorRef.scala,,450.0,,,58,"@@ -455,11 +448,13 @@ class AskActorRef(
   }
 
   override def ?(message: Any)(implicit timeout: Timeout): Future[Any] =","I'm curious as to why the signature of ? still includes a timeout. Since it returns a Future, which will no longer time out, isn't the timeout superfluous?
",0af92f24400f1b05d1919be54dfd822037f0076f
284725,0,"final class?""",2011-12-10 01:01:32,viktorklang,akka,akka,,https://github.com/akka/akka-core/pull/144#discussion_r284725,2011-12-10T12:01:32Z,2011-12-13T15:06:05Z,viktorklang,CONTRIBUTOR,akka-actor/src/main/scala/akka/actor/ActorRef.scala,,412.0,,,107,"@@ -403,6 +404,41 @@ class DeadLetterActorRef(val eventStream: EventStream) extends MinimalActorRef {
   private def writeReplace(): AnyRef = DeadLetterActorRef.serialized
 }
 
+class VirtualPathContainer(val path: ActorPath, override val getParent: InternalActorRef, val log: LoggingAdapter) extends MinimalActorRef {","final class?
",134fac4bfe8d6f8b4e9b96dfbfdf532d48ae3c86
269682,2,"Damn clean, Mr Kuhn, damn clean!""",2011-12-05 01:54:55,viktorklang,akka,akka,,https://github.com/akka/akka-core/pull/119#discussion_r269682,2011-12-05T12:54:55Z,2011-12-05T21:48:28Z,viktorklang,CONTRIBUTOR,akka-actor/src/main/scala/akka/actor/ActorRef.scala,,159.0,,,98,"@@ -118,14 +111,76 @@ abstract class ActorRef extends java.lang.Comparable[ActorRef] with Serializable
    */
   def isTerminated: Boolean
 
-  override def hashCode: Int = HashCode.hash(HashCode.SEED, address)
+  // FIXME RK check if we should scramble the bits or whether they can stay the same
+  override def hashCode: Int = path.hashCode
 
-  override def equals(that: Any): Boolean = {
-    that.isInstanceOf[ActorRef] &&
-      that.asInstanceOf[ActorRef].address == address
+  override def equals(that: Any): Boolean = that match {
+    case other: ActorRef ⇒ path == other.path
+    case _               ⇒ false
   }
 
-  override def toString = ""Actor[%s]"".format(address)
+  override def toString = ""Actor[%s]"".format(path)
+}
+
+/**
+ * This trait represents the Scala Actor API
+ * There are implicit conversions in ../actor/Implicits.scala
+ * from ActorRef -> ScalaActorRef and back
+ */
+trait ScalaActorRef { ref: ActorRef ⇒
+
+  /**
+   * Sends a one-way asynchronous message. E.g. fire-and-forget semantics.
+   * <p/>
+   *
+   * If invoked from within an actor then the actor reference is implicitly passed on as the implicit 'sender' argument.
+   * <p/>
+   *
+   * This actor 'sender' reference is then available in the receiving actor in the 'sender' member variable,
+   * if invoked from within an Actor. If not then no sender is available.
+   * <pre>
+   *   actor ! message
+   * </pre>
+   * <p/>
+   */
+  def !(message: Any)(implicit sender: ActorRef = null): Unit
+
+  /**
+   * Sends a message asynchronously, returning a future which may eventually hold the reply.
+   */
+  def ?(message: Any)(implicit timeout: Timeout): Future[Any]
+
+  /**
+   * Sends a message asynchronously, returning a future which may eventually hold the reply.
+   * The implicit parameter with the default value is just there to disambiguate it from the version that takes the
+   * implicit timeout
+   */
+  def ?(message: Any, timeout: Timeout)(implicit ignore: Int = 0): Future[Any] = ?(message)(timeout)
+}","Damn clean, Mr Kuhn, damn clean!
",9d7597c7282711889d74bd9b4d7bdae5ea254104
269792,2,"These two are :(""",2011-12-05 03:22:21,viktorklang,akka,akka,,https://github.com/akka/akka-core/pull/119#discussion_r269792,2011-12-05T14:22:21Z,2011-12-05T21:48:29Z,viktorklang,CONTRIBUTOR,akka-actor/src/main/scala/akka/actor/ActorRefProvider.scala,,313.0,,,318,"@@ -106,57 +133,183 @@ trait ActorRefFactory {
   /**
    * Father of all children created by this interface.
    */
-  protected def guardian: ActorRef
+  protected def guardian: InternalActorRef
+
+  protected def lookupRoot: InternalActorRef
 
   protected def randomName(): String
 
+  /**
+   * Create new actor as child of this context and give it an automatically
+   * generated name (currently similar to base64-encoded integer count,
+   * reversed and with “$” prepended, may change in the future).
+   *
+   * See [[akka.actor.Props]] for details on how to obtain a `Props` object.
+   */
   def actorOf(props: Props): ActorRef = provider.actorOf(systemImpl, props, guardian, randomName(), false)
 
-  /*
-   * TODO this will have to go at some point, because creating two actors with
-   * the same address can race on the cluster, and then you never know which
-   * implementation wins
+  /**
+   * Create new actor as child of this context with the given name, which must
+   * not be null, empty or start with “$”. If the given name is already in use,
+   * and `InvalidActorNameException` is thrown.
+   *
+   * See [[akka.actor.Props]] for details on how to obtain a `Props` object.
    */
-  def actorOf(props: Props, name: String): ActorRef = {
-    if (name == null || name == """" || name.startsWith(""$""))
-      throw new ActorInitializationException(""actor name must not be null, empty or start with $"")
-    provider.actorOf(systemImpl, props, guardian, name, false)
-  }
+  def actorOf(props: Props, name: String): ActorRef
 
+  /**
+   * Create new actor of the given type as child of this context and give it an automatically
+   * generated name (currently similar to base64-encoded integer count,
+   * reversed and with “$” prepended, may change in the future). The type must have
+   * a no-arg constructor which will be invoked using reflection.
+   */
   def actorOf[T <: Actor](implicit m: Manifest[T]): ActorRef = actorOf(Props(m.erasure.asInstanceOf[Class[_ <: Actor]]))
 
+  /**
+   * Create new actor of the given type as child of this context with the given name, which must
+   * not be null, empty or start with “$”. If the given name is already in use,
+   * and `InvalidActorNameException` is thrown. The type must have
+   * a no-arg constructor which will be invoked using reflection.
+   */
   def actorOf[T <: Actor](name: String)(implicit m: Manifest[T]): ActorRef =
     actorOf(Props(m.erasure.asInstanceOf[Class[_ <: Actor]]), name)
 
+  /**
+   * Create new actor of the given class as child of this context and give it an automatically
+   * generated name (currently similar to base64-encoded integer count,
+   * reversed and with “$” prepended, may change in the future). The class must have
+   * a no-arg constructor which will be invoked using reflection.
+   */
   def actorOf[T <: Actor](clazz: Class[T]): ActorRef = actorOf(Props(clazz))
 
+  /**
+   * Create new actor as child of this context and give it an automatically
+   * generated name (currently similar to base64-encoded integer count,
+   * reversed and with “$” prepended, may change in the future). Use this
+   * method to pass constructor arguments to the [[akka.actor.Actor]] while using
+   * only default [[akka.actor.Props]]; otherwise refer to `actorOf(Props)`.
+   */
   def actorOf(factory: ⇒ Actor): ActorRef = actorOf(Props(() ⇒ factory))
 
+  /**
+   * ''Java API'': Create new actor as child of this context and give it an
+   * automatically generated name (currently similar to base64-encoded integer
+   * count, reversed and with “$” prepended, may change in the future).
+   *
+   * Identical to `actorOf(Props(() => creator.create()))`.
+   */
   def actorOf(creator: UntypedActorFactory): ActorRef = actorOf(Props(() ⇒ creator.create()))
 
-  def actorFor(path: ActorPath): Option[ActorRef] = actorFor(path.path)
+  /**
+   * ''Java API'': Create new actor as child of this context with the given name, which must
+   * not be null, empty or start with “$”. If the given name is already in use,
+   * and `InvalidActorNameException` is thrown.
+   *
+   * Identical to `actorOf(Props(() => creator.create()), name)`.
+   */
+  def actorOf(creator: UntypedActorFactory, name: String): ActorRef = actorOf(Props(() ⇒ creator.create()), name)
 
-  def actorFor(path: String): Option[ActorRef] = actorFor(ActorPath.split(path))
+  /**
+   * Look-up an actor by path; if it does not exist, returns a reference to
+   * the dead-letter mailbox of the [[akka.actor.ActorSystem]]. If the path
+   * point to an actor which is not local, no attempt is made during this
+   * call to verify that the actor it represents does exist or is alive; use
+   * `watch(ref)` to be notified of the target’s termination, which is also
+   * signaled if the queried path cannot be resolved.
+   */
+  def actorFor(path: ActorPath): ActorRef = provider.actorFor(path)
 
-  def actorFor(path: Iterable[String]): Option[ActorRef] = provider.actorFor(path)
+  /**
+   * Look-up an actor by path represented as string.
+   *
+   * Absolute URIs like `akka://appname/user/actorA` are looked up as described
+   * for look-ups by `actorOf(ActorPath)`.
+   *
+   * Relative URIs like `/service/actorA/childB` are looked up relative to the
+   * root path of the [[akka.actor.ActorSystem]] containing this factory and as
+   * described for look-ups by `actorOf(Iterable[String])`.
+   *
+   * Relative URIs like `myChild/grandChild` or `../myBrother` are looked up
+   * relative to the current context as described for look-ups by
+   * `actorOf(Iterable[String])`
+   */
+  def actorFor(path: String): ActorRef = provider.actorFor(lookupRoot, path)
+
+  /**
+   * Look-up an actor by applying the given path elements, starting from the
+   * current context, where `""..""` signifies the parent of an actor.
+   *
+   * Example:
+   * {{{
+   * class MyActor extends Actor {
+   *   def receive = {
+   *     case msg =>
+   *       ...
+   *       val target = context.actorFor(Seq("".."", ""myBrother"", ""myNephew""))
+   *       ...
+   *   }
+   * }
+   * }}}
+   *
+   * For maximum performance use a collection with efficient head & tail operations.
+   */
+  def actorFor(path: Iterable[String]): ActorRef = provider.actorFor(lookupRoot, path)
+
+  /**
+   * Look-up an actor by applying the given path elements, starting from the
+   * current context, where `""..""` signifies the parent of an actor.
+   *
+   * Example:
+   * {{{
+   * public class MyActor extends UntypedActor {
+   *   public void onReceive(Object msg) throws Exception {
+   *     ...
+   *     final List<String> path = new ArrayList<String>();
+   *     path.add("".."");
+   *     path.add(""myBrother"");
+   *     path.add(""myNephew"");
+   *     final ActorRef target = context().actorFor(path);
+   *     ...
+   *   }
+   * }
+   * }}}
+   *
+   * For maximum performance use a collection with efficient head & tail operations.
+   */
+  def actorFor(path: java.util.List[String]): ActorRef = {
+    import scala.collection.JavaConverters._
+    provider.actorFor(lookupRoot, path.asScala)
+  }
+
+  /**
+   * Construct an [[akka.actor.ActorSelection]] from the given path, which is
+   * parsed for wildcards (these are replaced by regular expressions
+   * internally). No attempt is made to verify the existence of any part of
+   * the supplied path, it is recommended to send a message and gather the
+   * replies in order to resolve the matching set of actors.
+   */
+  def actorSelection(path: String): ActorSelection = ActorSelection(lookupRoot, path)
 }
 
 class ActorRefProviderException(message: String) extends AkkaException(message)
 
+private[akka] case class CreateChild(props: Props, name: String)
+
 /**
  * Local ActorRef provider.
  */
 class LocalActorRefProvider(
+  _systemName: String,
   val settings: ActorSystem.Settings,
   val eventStream: EventStream,
   val scheduler: Scheduler,
-  val rootPath: ActorPath,
-  val nodename: String,
-  val clustername: String) extends ActorRefProvider {
+  val deadLetters: InternalActorRef) extends ActorRefProvider {
 
-  def this(settings: ActorSystem.Settings, eventStream: EventStream, scheduler: Scheduler) {
-    this(settings, eventStream, scheduler, new RootActorPath(LocalOnly), ""local"", ""local"")
-  }
+  val rootPath: ActorPath = new RootActorPath(LocalAddress(_systemName))
+
+  // FIXME remove both","These two are :(
",9d7597c7282711889d74bd9b4d7bdae5ea254104
160227,0,"Alright, I'll revise the code accordingly.""",2011-10-07 06:43:07,kro,akka,akka,,https://github.com/akka/akka-core/pull/91#discussion_r160227,2011-10-07T18:43:07Z,2011-10-07T18:43:07Z,kro,NONE,akka-zeromq/src/main/scala/akka/zeromq/AbstractSocketActor.scala,,13.0,,,13,"@@ -0,0 +1,46 @@
+/**
+ * Copyright (C) 2009-2011 Typesafe Inc. <http://www.typesafe.com>
+ */
+package akka.zeromq
+
+import akka.actor.Actor
+import org.zeromq.ZMQ.Socket
+import org.zeromq.{ZMQ => ZeroMQ}
+
+private[zeromq] abstract class AbstractSocketActor(socketType: Int, params: SocketParameters) extends Actor {
+  protected var remoteSocket: Socket = _
+  protected def bindOrConnectRemoteSocket = self.supervisor.foreach { sup =>
+    remoteSocket = (sup ? SocketRequest(socketType)).get.asInstanceOf[Socket]","Alright, I'll revise the code accordingly.
",ff32eb7654db0f2418aeb4a04131e0922c5abbd4
383588,1,"just extract method, man :)""",2012-01-25 01:00:19,piotrga,akka,akka,,https://github.com/akka/akka-core/pull/245#discussion_r383588,2012-01-25T12:00:19Z,2012-01-25T12:00:19Z,piotrga,CONTRIBUTOR,akka-camel/src/test/scala/akka/camel/ProducerRegistryTest.scala,,45.0,,,45,"@@ -0,0 +1,59 @@
+/**
+ * Copyright (C) 2009-2012 Typesafe Inc. <http://www.typesafe.com>
+ */
+
+package akka.camel
+
+import org.scalatest.matchers.MustMatchers
+import org.scalatest.WordSpec
+import akka.camel.TestSupport.SharedCamelSystem
+import akka.actor.Props
+import akka.util.duration._
+
+class ProducerRegistryTest extends WordSpec with MustMatchers with SharedCamelSystem {
+  ""A ProducerRegistry"" must {
+    ""register a started SendProcessor for the producer, which is stopped when the actor is stopped"" in {
+      val actorRef = system.actorOf(Props(behavior = ctx ⇒ {
+        case _ ⇒ {}
+      }))
+      val (endpoint, processor) = camel.registerProducer(actorRef, ""mock:mock"")
+      camel.awaitActivation(actorRef, 1 second)
+      processor.isStarted must be(true)
+      endpoint.getCamelContext must equal(camel.context)
+      system.stop(actorRef)
+      camel.awaitDeactivation(actorRef, 1 second)
+      if (!processor.isStopping) {
+        processor.isStopped must be(true)
+      }
+    }
+    ""remove and stop the SendProcessor if the actorRef is registered"" in {
+      val actorRef = system.actorOf(Props(behavior = ctx ⇒ {
+        case _ ⇒ {}
+      }))
+      val (_, processor) = camel.registerProducer(actorRef, ""mock:mock"")
+      camel.remove(actorRef)
+      if (!processor.isStopping) {
+        processor.isStopped must be(true)
+      }
+    }
+    ""remove and stop only the SendProcessor for the actorRef that is registered"" in {
+      val actorRef1 = system.actorOf(Props(behavior = ctx ⇒ {
+        case _ ⇒ {}
+      }))
+      val actorRef2 = system.actorOf(Props(behavior = ctx ⇒ {
+        case _ ⇒ {}
+      }))","just extract method, man :)
",f6646051f79f6f3c7fb3214652bce46034efed9d
386009,1,"re: """"Use Props.empty instead guys."""" Genious. And obviously it's in the docs... I just read it... :)""",2012-01-25 11:57:37,piotrga,akka,akka,,https://github.com/akka/akka-core/pull/245#discussion_r386009,2012-01-25T22:57:37Z,2012-01-25T22:57:37Z,piotrga,CONTRIBUTOR,akka-camel/src/test/scala/akka/camel/ProducerRegistryTest.scala,,45.0,,,45,"@@ -0,0 +1,59 @@
+/**
+ * Copyright (C) 2009-2012 Typesafe Inc. <http://www.typesafe.com>
+ */
+
+package akka.camel
+
+import org.scalatest.matchers.MustMatchers
+import org.scalatest.WordSpec
+import akka.camel.TestSupport.SharedCamelSystem
+import akka.actor.Props
+import akka.util.duration._
+
+class ProducerRegistryTest extends WordSpec with MustMatchers with SharedCamelSystem {
+  ""A ProducerRegistry"" must {
+    ""register a started SendProcessor for the producer, which is stopped when the actor is stopped"" in {
+      val actorRef = system.actorOf(Props(behavior = ctx ⇒ {
+        case _ ⇒ {}
+      }))
+      val (endpoint, processor) = camel.registerProducer(actorRef, ""mock:mock"")
+      camel.awaitActivation(actorRef, 1 second)
+      processor.isStarted must be(true)
+      endpoint.getCamelContext must equal(camel.context)
+      system.stop(actorRef)
+      camel.awaitDeactivation(actorRef, 1 second)
+      if (!processor.isStopping) {
+        processor.isStopped must be(true)
+      }
+    }
+    ""remove and stop the SendProcessor if the actorRef is registered"" in {
+      val actorRef = system.actorOf(Props(behavior = ctx ⇒ {
+        case _ ⇒ {}
+      }))
+      val (_, processor) = camel.registerProducer(actorRef, ""mock:mock"")
+      camel.remove(actorRef)
+      if (!processor.isStopping) {
+        processor.isStopped must be(true)
+      }
+    }
+    ""remove and stop only the SendProcessor for the actorRef that is registered"" in {
+      val actorRef1 = system.actorOf(Props(behavior = ctx ⇒ {
+        case _ ⇒ {}
+      }))
+      val actorRef2 = system.actorOf(Props(behavior = ctx ⇒ {
+        case _ ⇒ {}
+      }))","re: ""Use Props.empty instead guys.""
Genious. And obviously it's in the docs... I just read it... :)
",f6646051f79f6f3c7fb3214652bce46034efed9d
