comment_id,polarity_gold,text_gold,created_at_gold,author_login,owner,repo,review_id,html_url,created_at_kaiaulu,updated_at,comment_user_login,author_association,file_path,start_line,line,original_start_line,original_line,position,diff_hunk,text_kaiaulu,polarity_kaiaulu,commit_id
6044242,0,"I had it implemented that way originally. The `rijndael` function uses substrings so I decided to make this the same. Being more strict is an option though.""",2013-08-28 07:51:55,markstory,cakephp,cakephp,,https://github.com/cakephp/cakephp/pull/1568#discussion_r6044242,2013-08-28T19:51:55Z,2013-09-02T01:44:56Z,markstory,MEMBER,lib/Cake/Utility/Security.php,,,,,1,"@@ -289,4 +289,69 @@ protected static function _crypt($password, $salt = false) {
 		return crypt($password, $salt);
 	}
 
+/**
+ * Encrypt a value using AES-256.
+ *
+ * *Caveat* You cannot properly encrypt/decrypt data with trailing null bytes.
+ * Any trailing null bytes will be removed on decryption due to how PHP pads messages
+ * with nulls prior to encryption.
+ *
+ * @param string $plain The value to encrypt.
+ * @param string $key The 256 bit/32 byte key to use as a cipher key.
+ * @return string Encrypted data.
+ * @throws CakeException On invalid data or key.
+ */
+	public static function encrypt($plain, $key) {
+		self::_checkKey($key, 'encrypt()');
+		if (empty($plain)) {
+			throw new CakeException(__d('cake_dev', 'The data to encrypt cannot be empty.'));
+		}
+		$key = substr($key, 0, 32);","I had it implemented that way originally. The `rijndael` function uses substrings so I decided to make this the same. Being more strict is an option though.
",0,13b870d7e183375822eea4ffd66aaacaeec760ff
5949747,0,"This block of code is repeated 3 times in Hash now. Perhaps it would be best extracted into a helper method that does something like:  ```php list($token, $conditions) = self::_splitConditions($token); ```  That would address the duplication in the """,2013-08-23 01:02:48,markstory,cakephp,cakephp,,https://github.com/cakephp/cakephp/pull/1549#discussion_r5949747,2013-08-23T13:02:48Z,2013-08-23T23:04:34Z,markstory,MEMBER,lib/Cake/Utility/Hash.php,,149.0,,,30,"@@ -222,16 +222,36 @@ protected static function _matches(array $data, $selector) {
  * @return array The data with $values inserted.
  */
 	public static function insert(array $data, $path, $values = null) {
-		$tokens = explode('.', $path);
-		if (strpos($path, '{') === false) {
+		if (strpos($path, '[') === false) {
+			$tokens = explode('.', $path);
+		} else {
+			$tokens = String::tokenize($path, '.', '[', ']');
+		}
+
+		if (strpos($path, '{') === false && strpos($path, '[') === false) {
 			return self::_simpleOp('insert', $data, $tokens, $values);
 		}
 
 		$token = array_shift($tokens);
 		$nextPath = implode('.', $tokens);
+
+		$conditions = false;
+		$position = strpos($token, '[');
+		if ($position !== false) {
+			$conditions = substr($token, $position);
+			$token = substr($token, 0, $position);
+		}","This block of code is repeated 3 times in Hash now. Perhaps it would be best extracted into a helper method that does something like:

``` php
list($token, $conditions) = self::_splitConditions($token);
```

That would address the duplication in the code.
",0,a0014e7a303067bb9c36d438de5a70fe819d22a7
4288367,0,"This looks good, but makes me think we should have originally added methods like `Security::blowfish($input)` and `Security::matchBlowfish($input, $hashedPassword)` or made a separate utility class for Bcrypt that didn't have as difficult to remember meth""",2013-05-18 04:31:19,markstory,cakephp,cakephp,,https://github.com/cakephp/cakephp/pull/1275#discussion_r4288367,2013-05-18T16:31:19Z,2013-05-26T05:59:44Z,markstory,MEMBER,lib/Cake/Controller/Component/Auth/BlowfishPasswordHasher.php,,44.0,,,44,"@@ -0,0 +1,58 @@
+<?php
+/**
+ * PHP 5
+ *
+ * CakePHP(tm) : Rapid Development Framework (http://cakephp.org)
+ * Copyright (c) Cake Software Foundation, Inc. (http://cakefoundation.org)
+ *
+ * Licensed under The MIT License
+ * For full copyright and license information, please see the LICENSE.txt
+ * Redistributions of files must retain the above copyright notice.
+ *
+ * @copyright     Copyright (c) Cake Software Foundation, Inc. (http://cakefoundation.org)
+ * @link          http://cakephp.org CakePHP(tm) Project
+ * @license       MIT License (http://www.opensource.org/licenses/mit-license.php)
+ */
+App::uses('BasePasswordHasher', 'Controller/Component/Auth');
+App::uses('Security', 'Utility');
+App::uses('Hash', 'Utility');
+
+/**
+ * Blowfish password hashing class.
+ *
+ * @package       Cake.Controller.Component.Auth
+ */
+class BlowfishPasswordHasher extends BasePasswordHasher {
+
+/**
+ * Settings for this object. Settings for authenticator are passed to the constructor
+ * which are merged with this property.
+ *
+ * @var array
+ */
+	public $settings = array();
+
+/**
+ * Generates password hash.
+ *
+ * @param string|array $password Plain text password to hash or data array
+ *   required to generate hash.
+ * @return string Password hash
+ */
+	public function hash($password) {
+		return Security::hash($password, 'blowfish', false);
+	}
+
+/**
+ * Check hash. Generate hash for user provided password and check against existing hash.
+ *
+ * @param string|array $password Plain text password to hash or data array
+ *   required to generate hash.
+ * @param string Existing hashed password.
+ * @return boolean True if hashes match else false.
+ */
+	public function check($password, $hashedPassword) {
+		return $hashedPassword === Security::hash($password, 'blowfish', $hashedPassword);","This looks good, but makes me think we should have originally added methods like `Security::blowfish($input)` and `Security::matchBlowfish($input, $hashedPassword)` or made a separate utility class for Bcrypt that didn't have as difficult to remember method signatures.
",0,dd2892ad8d0e3a0b09990b0a9ef26c320f1901fa
4288664,0,"Hmm, my thinking was all password hasher classes would extend the base class if we are not going to have an interface.""",2013-05-18 07:00:03,ADmad,cakephp,cakephp,,https://github.com/cakephp/cakephp/pull/1275#discussion_r4288664,2013-05-18T19:00:03Z,2013-05-26T05:59:44Z,ADmad,MEMBER,lib/Cake/Controller/Component/Auth/BlowfishPasswordHasher.php,,,,,1,"@@ -0,0 +1,58 @@
+<?php
+/**
+ * PHP 5
+ *
+ * CakePHP(tm) : Rapid Development Framework (http://cakephp.org)
+ * Copyright (c) Cake Software Foundation, Inc. (http://cakefoundation.org)
+ *
+ * Licensed under The MIT License
+ * For full copyright and license information, please see the LICENSE.txt
+ * Redistributions of files must retain the above copyright notice.
+ *
+ * @copyright     Copyright (c) Cake Software Foundation, Inc. (http://cakefoundation.org)
+ * @link          http://cakephp.org CakePHP(tm) Project
+ * @license       MIT License (http://www.opensource.org/licenses/mit-license.php)
+ */
+App::uses('BasePasswordHasher', 'Controller/Component/Auth');
+App::uses('Security', 'Utility');
+App::uses('Hash', 'Utility');
+
+/**
+ * Blowfish password hashing class.
+ *
+ * @package       Cake.Controller.Component.Auth
+ */
+class BlowfishPasswordHasher extends BasePasswordHasher {","Hmm, my thinking was all password hasher classes would extend the base class if we are not going to have an interface.
",0,dd2892ad8d0e3a0b09990b0a9ef26c320f1901fa
3122764,2,"I totally missed that, my bad. I'll get that fixed.""",2013-02-22 10:12:40,markstory,cakephp,cakephp,,https://github.com/cakephp/cakephp/pull/1154#discussion_r3122764,2013-02-22T21:12:40Z,2013-02-25T03:17:59Z,markstory,MEMBER,lib/Cake/Utility/ViewVarsTrait.php,,,,,1,"@@ -0,0 +1,55 @@
+<?php
+/**
+ * CakePHP(tm) : Rapid Development Framework (http://cakephp.org)
+ * Copyright 2005-2012, Cake Software Foundation, Inc. (http://cakefoundation.org)
+ *
+ * Licensed under The MIT License
+ * Redistributions of files must retain the above copyright notice.
+ *
+ * @copyright     Copyright 2005-2012, Cake Software Foundation, Inc. (http://cakefoundation.org)
+ * @link          http://cakephp.org CakePHP(tm) Project
+ * @since         CakePHP(tm) v 3.0.0
+ * @license       MIT License (http://www.opensource.org/licenses/mit-license.php)
+ */
+namespace Cake\Utility;
+
+/**
+ * Provides the set() method for collecting template context.
+ *
+ * Once collected context data can be passed to another object.
+ * This is done in Controller, TemplateTask and View for example.
+ *
+ * @package Cake.Utility
+ */
+trait ViewVarsTrait {
+
+/**
+ * Variables for the view
+ *
+ * @var array
+ */
+	public $viewVars = [];
+
+/**
+ * Saves a variable for use inside a template.
+ *
+ * @param string|array $one A string or an array of data.
+ * @param string|array $two Value in case $one is a string (which then works as the key).
+ *   Unused if $one is an associative array, otherwise serves as the values to $one's keys.
+ * @return void
+ * @link http://book.cakephp.org/2.0/en/controllers.html#interacting-with-views
+ */
+	public function set($one, $two = null) {","I totally missed that, my bad. I'll get that fixed.
",0,955889c6c731a56f9cbe6f572cea4594fd887d3a
3059333,2,"Resetting validation after it finishes will just break it :(""",2013-02-18 23:08:08,lorenzo,cakephp,cakephp,,https://github.com/cakephp/cakephp/pull/1149#discussion_r3059333,2013-02-19T10:08:08Z,2013-02-19T11:12:18Z,lorenzo,MEMBER,lib/Cake/Model/Validator/CakeValidationSet.php,,124.0,,,4,"@@ -121,7 +121,6 @@ public function setValidationDomain($validationDomain) {
  * @return array list of validation errors for this field
  */
 	public function validate($data, $isUpdate = false) {
-		$this->reset();","Resetting validation after it finishes will just break it :(
",0,1224ed595adb3286a6d94ddee2dab18b3a83d7ae
2427846,0,"as @ADmad and I pointed out, you need to respect the coding conventions. too many whitespaces here inside () for example.""",2012-12-14 15:18:31,dereuromark,cakephp,cakephp,,https://github.com/cakephp/cakephp/pull/1026#discussion_r2427846,2012-12-15T02:18:31Z,2012-12-17T21:25:05Z,dereuromark,MEMBER,lib/Cake/View/Helper/TextHelper.php,,,,,1,"@@ -228,6 +228,29 @@ public function highlight($text, $phrase, $options = array()) {
 	}
 
 /**
+ * Formats paragraphs around given text for all line breaks
+ *  <br> added for single line return
+ *  <p> added for double line return
+ *
+ * @param string $text Text
+ * @return string The text with proper <p> tags
+ * @link http://book.cakephp.org/2.0/en/core-libraries/helpers/text.html#TextHelper::autoParagraph
+ */
+  public static function autoParagraph($text) {
+    if ( trim($text) !== '' ) {","as @ADmad and I pointed out, you need to respect the coding conventions. too many whitespaces here inside () for example.
",0,03fdd4a14bfed87d35452b5c24c67fdb9f41b6fb
2385747,0,"`return $readyFds > 0` would suffice here. also, never forget the {} for if statements""",2012-12-11 11:12:22,dereuromark,cakephp,cakephp,,https://github.com/cakephp/cakephp/pull/1017#discussion_r2385747,2012-12-11T22:12:22Z,2012-12-12T17:24:00Z,dereuromark,MEMBER,lib/Cake/Console/ConsoleInput.php,,,,,1,"@@ -48,4 +48,20 @@ public function read() {
 		return fgets($this->_input);
 	}
 
+/**
+ * Check if data is available on stdin
+ *
+ * @param integer $timeout An optional time to wait for data
+ * @return bool True for data available, false otherwise
+ */
+	public function data_avail($timeout = 0) {
+		$read_fds = array($this->_input);
+		$ready_fds = stream_select($read_fds, $w = NULL, $e = NULL, $timeout);
+
+		if($ready_fds > 0)
+			return true;
+		else
+			return false;","`return $readyFds > 0` would suffice here. also, never forget the {} for if statements
",0,d6579a983819a5a9e9209928a241bec48f3e2733
2217916,1,"yup.  i thought of that too but wanted to avoid introducing a new option. but i agree it's cleaner and less hacky.  I'll adjust the PR.  Thanks.""",2012-11-25 15:17:09,rchavik,cakephp,cakephp,,https://github.com/cakephp/cakephp/pull/974#discussion_r2217916,2012-11-26T02:17:09Z,2012-11-28T03:11:43Z,rchavik,MEMBER,lib/Cake/View/Helper/FormHelper.php,,,,,1,"@@ -1094,6 +1071,48 @@ public function input($fieldName, $options = array()) {
 			unset($options['dateFormat'], $options['timeFormat']);
 		}
 
+		return compact('options', 'label', 'modelKey', 'fieldKey', 'fieldDef',
+			'divOptions', 'radioOptions', 'error', 'selected', 'dateFormat',
+			'timeFormat');
+	}
+
+/**
+ * Generates a form input element complete with label and wrapper div
+ *
+ * ### Options
+ *
+ * See each field type method for more information. Any options that are part of
+ * $attributes or $options for the different **type** methods can be included in `$options` for input().i
+ * Additionally, any unknown keys that are not in the list below, or part of the selected type's options
+ * will be treated as a regular html attribute for the generated input.
+ *
+ * - `type` - Force the type of widget you want. e.g. `type => 'select'`
+ * - `label` - Either a string label, or an array of options for the label. See FormHelper::label()
+ * - `div` - Either `false` to disable the div, or an array of options for the div.
+ *	See HtmlHelper::div() for more options.
+ * - `options` - for widgets that take options e.g. radio, select
+ * - `error` - control the error message that is produced
+ * - `empty` - String or boolean to enable empty select box options.
+ * - `before` - Content to place before the label + input.
+ * - `after` - Content to place after the label + input.
+ * - `between` - Content to place between the label + input.
+ * - `format` - format template for element order. Any element that is not in the array, will not be in the output.
+ *	- Default input format order: array('before', 'label', 'between', 'input', 'after', 'error')
+ *	- Default checkbox format order: array('before', 'input', 'between', 'label', 'after', 'error')
+ *	- Hidden input will not be formatted
+ *	- Radio buttons cannot have the order of input and label elements controlled with these settings.
+ *
+ * @param string $fieldName This should be ""Modelname.fieldname""
+ * @param array $options Each type of input takes different options.
+ * @return string Completed form widget.
+ * @link http://book.cakephp.org/2.0/en/core-libraries/helpers/form.html#creating-form-elements
+ */
+	public function input($fieldName, $options = array()) {
+		if (!isset($options['modelKey'])) {
+			$inputOptions = $this->_inputOptions($fieldName, $options);
+			extract($inputOptions);","yup.  i thought of that too but wanted to avoid introducing a new option.
but i agree it's cleaner and less hacky.

I'll adjust the PR.

Thanks.
",0,6670997283431c81fc687b79bf2c57e62d9992f4
1942196,0,"fixed (i will install code sniffer quite soon!)""",2012-10-25 03:37:54,thepeg,cakephp,cakephp,,https://github.com/cakephp/cakephp/pull/913#discussion_r1942196,2012-10-25T15:37:54Z,2013-01-20T08:13:46Z,marcopeg,NONE,lib/Cake/Model/Validator/CakeValidationRule.php,,,,,1,"@@ -271,6 +274,17 @@ public function process($field, &$data, &$methods) {
 			$this->_valid = call_user_func_array($methods[$rule], $this->_ruleParams);
 		} elseif (class_exists('Validation') && method_exists('Validation', $this->_rule)) {
 			$this->_valid = call_user_func_array(array('Validation', $this->_rule), $this->_ruleParams);
+		} elseif (strpos($this->_rule, '::')) {
+			list($plugin, $class) = pluginSplit($this->_rule);
+			list($className,$method) = explode('::', $class);
+			$location = 'Model/Validation';
+			if ( $plugin ) $location = $plugin . '.' . $location;","fixed (i will install code sniffer quite soon!)
",0,b2cbeeeb501285431bdc7fb2a5b37f260b792261
1616452,0,"it is for adding fields to a query or to the whitelist?""",2012-09-16 19:45:13,lorenzo,cakephp,cakephp,,https://github.com/cakephp/cakephp/pull/851#discussion_r1616452,2012-09-17T07:45:13Z,2012-11-02T09:54:30Z,lorenzo,MEMBER,lib/Cake/Model/Model.php,,,,,1,"@@ -2299,6 +2302,29 @@ public function saveAssociated($data = null, $options = array()) {
 	}
 
 /**
+ * Helper method for saveAll() and friends, to add foreign key to fieldlist
+ *
+ * @param string $key fieldname to be added to list
+ * @param array $options
+ * @return array $options
+ */
+	public function addToFieldList($key, $options) {","it is for adding fields to a query or to the whitelist?
",0,7007dba0eb836f852aaca95fada103bc4ba993a9
1518476,2,"Ah, true. I forgot about that. Browsers... :(""",2012-09-03 09:02:57,jrbasso,cakephp,cakephp,,https://github.com/cakephp/cakephp/pull/811#discussion_r1518476,2012-09-03T21:02:57Z,2012-09-03T21:02:57Z,jrbasso,MEMBER,lib/Cake/View/Helper/FormHelper.php,,1614.0,,,24,"@@ -1607,7 +1612,7 @@ public function postLink($title, $url = null, $options = array(), $confirmMessag
 		$formName = uniqid('post_');
 		$formUrl = $this->url($url);
 		$out = $this->Html->useTag('form', $formUrl, array('name' => $formName, 'id' => $formName, 'style' => 'display:none;', 'method' => 'post'));","Ah, true. I forgot about that. Browsers... :(
",0,fca98e39f9041c1aee915968e0523dfc83e0c2c8
1221562,0,"Exceptions should include a useful description based on what the failure is.  Perhaps 'Invalid encryption scheme chosen'.""",2012-07-23 13:29:22,markstory,cakephp,cakephp,,https://github.com/cakephp/cakephp/pull/734#discussion_r1221562,2012-07-24T01:29:22Z,2012-07-25T18:21:05Z,markstory,MEMBER,lib/Cake/Network/CakeSocket.php,,,,,1,"@@ -277,4 +298,34 @@ public function reset($state = null) {
 		return true;
 	}
 
-}
+/**
+ * Encrypts current stream socket, using one of the defined encryption methods
+ * 
+ * @param string $type can be one of 'ssl2', 'ssl3', 'ssl23' or 'tls'
+ * @param string $clientOrServer can be one of 'client', 'server'. Default is 'client'
+ * @param boolean $enable enable or disable encryption. Default is true (enable)
+ * @return boolean True on success
+ * @throws SocketException
+ * @see stream_socket_enable_crypto  
+ */
+	public function enableCrypto($type, $clientOrServer = 'client', $enable = true) {
+		if (!array_key_exists($type . '_' . $clientOrServer, $this->_encryptMethods)) {
+			throw new InvalidArgumentException();","Exceptions should include a useful description based on what the failure is.  Perhaps 'Invalid encryption scheme chosen'.
",0,7418be04d3fd24bd7cef09527bd40e55783c28c6
157669,1,"lol, I left that variable in there and forgot about it :P""",2011-10-06 02:08:38,lorenzo,cakephp,cakephp,,https://github.com/cakephp/cakephp/pull/229#discussion_r157669,2011-10-06T14:08:38Z,2011-10-06T14:08:38Z,lorenzo,MEMBER,lib/Cake/Model/Datasource/Database/Postgres.php,,784.0,,,16,"@@ -781,7 +778,12 @@ class Postgres extends DboSource {
  * @return string The database encoding
  */
 	public function getEncoding() {
-		$cosa = $this->_execute('SHOW client_encoding')->fetch();","lol, I left that variable in there and forgot about it :P
",0,ce8ece85aad66f2ad2c38614cd6deba173d43c21
6432269,0,"sprintf is not necessary here.""",2013-09-18 00:59:49,dereuromark,cakephp,cakephp,,https://github.com/cakephp/cakephp/pull/1654#discussion_r6432269,2013-09-18T12:59:49Z,2013-10-04T04:05:07Z,dereuromark,MEMBER,lib/Cake/Cache/Engine/MemcachedEngine.php,,,,,1,"@@ -113,14 +127,41 @@ public function init($settings = array()) {
 /**
  * Settings the memcached instance
  *
+ * @throws CacheException when the Memcached extension is not built with the desired serializer engine
  */
 	protected function _setOptions() {
 		$this->_Memcached->setOption(Memcached::OPT_LIBKETAMA_COMPATIBLE, true);
 
-		if (Memcached::HAVE_IGBINARY) {
-			$this->_Memcached->setOption(Memcached::OPT_SERIALIZER, Memcached::SERIALIZER_IGBINARY);
+		if (!array_key_exists($this->settings['serializer'], self::$serializer)) {
+			throw new CacheException(
+				__d('cake_dev', sprintf('%s is not a valid serializer engine for Memcached', $this->settings['serializer']))","sprintf is not necessary here.
",0,5d30cb15591af89b33fcbb61c10e4b96452f4ff6
851797,0,"This is not very readable plus has unnecessary merge with empty array. Better to replace with this: ```php if ($merge) {  $this->_inputDefaults = array_merge($this->_inputDefaults, $defaults); } else {  $this->_inputDefaults = $defaults; } ```""",2012-05-20 19:52:51,ADmad,cakephp,cakephp,,https://github.com/cakephp/cakephp/pull/659#discussion_r851797,2012-05-21T07:52:51Z,2012-05-21T07:52:51Z,ADmad,MEMBER,lib/Cake/View/Helper/FormHelper.php,,2595.0,,,22,"@@ -2583,4 +2583,18 @@ protected function _initInputField($field, $options = array()) {
 		return $result;
 	}
 
+/**
+ * Set/Get inputDefaults for form elements
+ *
+ * @param array $defaults New default values
+ * @param boolean Merge with current defaults
+ * @return array inputDefaults
+ */
+	public function inputDefaults($defaults = null, $merge = false) {
+		if (!is_null($defaults)) {
+			$this->_inputDefaults = array_merge($merge ? $this->_inputDefaults : array(), (array)$defaults);","This is not very readable plus has unnecessary merge with empty array. Better to replace with this:

``` php
if ($merge) {
    $this->_inputDefaults = array_merge($this->_inputDefaults, $defaults);
} else {
    $this->_inputDefaults = $defaults;
}
```
",0,57ad5e2573198781deb1586242f62a5b62fe26f9
4976178,2,"This is going to end poorly. I don't like overloading conditions like this, it will break eventually for someone somewhere.""",2013-07-01 13:23:40,markstory,cakephp,cakephp,,https://github.com/cakephp/cakephp/pull/1392#discussion_r4976178,2013-07-02T01:23:40Z,2013-07-11T12:35:45Z,markstory,MEMBER,lib/Cake/Model/Datasource/Database/Mysql.php,,353.0,,,5,"@@ -349,6 +349,12 @@ public function describe($model) {
  * @return array
  */
 	public function update(Model $model, $fields = array(), $values = null, $conditions = null) {
+		$query = array('joins' => array());
+		if (isset($conditions['joins'])) {","This is going to end poorly. I don't like overloading conditions like this, it will break eventually for someone somewhere.
",0,096f5f13eedd763c81e186d024110e32e3e01afd
6052285,0,"Do you mean run the key through pbkdf2 before using it as the key on the AES-256 stage?""",2013-08-28 15:22:08,markstory,cakephp,cakephp,,https://github.com/cakephp/cakephp/pull/1568#discussion_r6052285,2013-08-29T03:22:08Z,2013-09-02T01:44:56Z,markstory,MEMBER,lib/Cake/Utility/Security.php,,,,,1,"@@ -289,4 +289,69 @@ protected static function _crypt($password, $salt = false) {
 		return crypt($password, $salt);
 	}
 
+/**
+ * Encrypt a value using AES-256.
+ *
+ * *Caveat* You cannot properly encrypt/decrypt data with trailing null bytes.
+ * Any trailing null bytes will be removed on decryption due to how PHP pads messages
+ * with nulls prior to encryption.
+ *
+ * @param string $plain The value to encrypt.
+ * @param string $key The 256 bit/32 byte key to use as a cipher key.
+ * @return string Encrypted data.
+ * @throws CakeException On invalid data or key.
+ */
+	public static function encrypt($plain, $key) {
+		self::_checkKey($key, 'encrypt()');
+		if (empty($plain)) {
+			throw new CakeException(__d('cake_dev', 'The data to encrypt cannot be empty.'));
+		}
+		$key = substr($key, 0, 32);","Do you mean run the key through pbkdf2 before using it as the key on the AES-256 stage?
",0,13b870d7e183375822eea4ffd66aaacaeec760ff
5181780,1,"Models is fine, they can be isolated, and are easy to talk to directly though the class registry anyway  If a normal request has the same event manager for everything but models, then I'm a happy man for a crud plugin perspective :)""",2013-07-14 01:22:44,jippi,cakephp,cakephp,,https://github.com/cakephp/cakephp/pull/1418#discussion_r5181780,2013-07-14T13:22:44Z,2013-07-27T21:17:13Z,jippi,CONTRIBUTOR,lib/Cake/Controller/ComponentCollection.php,,55.0,,,71,"@@ -39,20 +41,23 @@ class ComponentCollection extends ObjectCollection implements EventListener {
 	protected $_Controller = null;
 
 /**
- * Initializes all the Components for a controller.
- * Attaches a reference of each component to the Controller.
+ * The event manager to bind components to.
  *
- * @param Controller $Controller Controller to initialize components for.
- * @return void
+ * @var Cake\Event\EventManager
  */
-	public function init(Controller $Controller) {
-		if (empty($Controller->components)) {
-			return;
-		}
-		$this->_Controller = $Controller;
-		$components = static::normalizeObjectArray($Controller->components);
-		foreach ($components as $name => $properties) {
-			$Controller->{$name} = $this->load($properties['class'], $properties['settings']);
+	protected $_eventManager = null;
+
+/**
+ * Constructor.
+ *
+ * @param Cake\Controller\Controller $Controller
+ */
+	public function __construct(Controller $Controller = null) {","Models is fine, they can be isolated, and are easy to talk to directly though the class registry anyway

If a normal request has the same event manager for everything but models, then I'm a happy man for a crud plugin perspective :)
",0,c8f6c84285080bfc9020401522b01bb7d50777ab
4604911,2,"nooo, why you hate on Wooohoo ! :(""",2013-06-09 08:21:09,jippi,cakephp,cakephp,,https://github.com/cakephp/cakephp/pull/1342#discussion_r4604911,2013-06-09T20:21:09Z,2013-06-09T20:21:09Z,jippi,CONTRIBUTOR,lib/Cake/Model/Datasource/DboSource.php,,1330.0,,,4,"@@ -1327,7 +1327,7 @@ public function queryAssociation(Model $model, &$linkModel, $type, $association,
 	}
 
 /**
- * A more efficient way to fetch associations.	Woohoo!","nooo, why you hate on Wooohoo ! :(
",0,42777b7809061116a9162cb0f51398999f5bc826
4394619,0,"I was thinking the upgrade shell might be better as well. Munging the fixtures might be simpler in terms of long term maintainability and correctness.  Would updating a the upgrade shell to include a munger, and issuing warnings/exceptions when old styl""",2013-05-26 03:52:40,markstory,cakephp,cakephp,,https://github.com/cakephp/cakephp/pull/1303#discussion_r4394619,2013-05-26T15:52:40Z,2013-05-29T02:13:15Z,markstory,MEMBER,lib/Cake/Test/Fixture/PostFixture.php,,,,,1,"@@ -41,13 +41,16 @@ class PostFixture extends TestFixture {
  * @var array
  */
 	public $fields = array(
-		'id' => array('type' => 'integer', 'key' => 'primary'),
+		'id' => array('type' => 'integer'),
 		'author_id' => array('type' => 'integer', 'null' => false),
 		'title' => array('type' => 'string', 'null' => false),
 		'body' => 'text',
 		'published' => array('type' => 'string', 'length' => 1, 'default' => 'N'),
 		'created' => 'datetime',
-		'updated' => 'datetime'
+		'updated' => 'datetime',
+		'constraints' => [","I was thinking the upgrade shell might be better as well. Munging the fixtures might be simpler in terms of long term maintainability and correctness.

Would updating a the upgrade shell to include a munger, and issuing warnings/exceptions when old style fixtures are found sound reasonable?
",0,2b90e7dbc75cccae5f7b1fc76eba57bf6fcbe049
2011137,0,"Extra space after `array(`""",2012-11-01 11:15:03,ADmad,cakephp,cakephp,,https://github.com/cakephp/cakephp/pull/913#discussion_r2011137,2012-11-01T22:15:03Z,2013-01-20T08:13:46Z,ADmad,MEMBER,lib/Cake/Test/test_app/Controller/CustomValidationObjectController.php,,,,,1,"@@ -0,0 +1,28 @@
+<?php
+/**
+ * CustomValidationObjectController
+ *
+ * This controller tryies to validate a model dataset with
+ * standard CakePHP model's validation rules.
+ *
+ * Output is created throught debug() method
+ */
+class CustomValidationObjectController extends AppController {
+
+	public $autoRender = false;
+
+	public $uses = array( 'CustomValidationModel' );
+
+	public function index() {
+		$data = array( 'CustomValidationModel' => array(","Extra space after `array(`
",0,b2cbeeeb501285431bdc7fb2a5b37f260b792261
1723748,2,"Oh that is a bit silly.""",2012-09-29 06:36:55,markstory,cakephp,cakephp,,https://github.com/cakephp/cakephp/pull/875#discussion_r1723748,2012-09-29T18:36:55Z,2012-12-10T10:10:06Z,markstory,MEMBER,lib/Cake/Test/Case/View/Helper/FormHelperTest.php,,6120.0,,,5,"@@ -5966,7 +5966,7 @@ public function testTextAreaWithStupidCharacters() {
 			'label' => 'Current Text', 'value' => ""GREAT®"", 'rows' => '15', 'cols' => '75'
 		));
 		$expected = array(
-			'div' => array('class' => 'input text'),
+			'div' => array('class' => 'input textarea'),","Oh that is a bit silly.
",0,2d908885c86de68f0e0c4cbfd88bce811d23aa54
1624729,0,"But isn't `fieldList` a copy of the whitelist? I think that is what @lorenzo and I are trying to get at.  Perhaps this doesn't need to be a public method?  It is just a helper method after all.""",2012-09-17 12:24:15,markstory,cakephp,cakephp,,https://github.com/cakephp/cakephp/pull/851#discussion_r1624729,2012-09-18T00:24:15Z,2012-11-02T09:54:30Z,markstory,MEMBER,lib/Cake/Model/Model.php,,,,,1,"@@ -2299,6 +2302,29 @@ public function saveAssociated($data = null, $options = array()) {
 	}
 
 /**
+ * Helper method for saveAll() and friends, to add foreign key to fieldlist
+ *
+ * @param string $key fieldname to be added to list
+ * @param array $options
+ * @return array $options
+ */
+	public function addToFieldList($key, $options) {","But isn't `fieldList` a copy of the whitelist? I think that is what @lorenzo and I are trying to get at.  Perhaps this doesn't need to be a public method?  It is just a helper method after all.
",0,7007dba0eb836f852aaca95fada103bc4ba993a9
1231261,0,"Same about the translation.""",2012-07-24 12:25:55,jrbasso,cakephp,cakephp,,https://github.com/cakephp/cakephp/pull/734#discussion_r1231261,2012-07-25T00:25:55Z,2012-07-25T18:21:05Z,jrbasso,MEMBER,lib/Cake/Network/CakeSocket.php,,,,,1,"@@ -277,4 +298,34 @@ public function reset($state = null) {
 		return true;
 	}
 
-}
+/**
+ * Encrypts current stream socket, using one of the defined encryption methods
+ * 
+ * @param string $type can be one of 'ssl2', 'ssl3', 'ssl23' or 'tls'
+ * @param string $clientOrServer can be one of 'client', 'server'. Default is 'client'
+ * @param boolean $enable enable or disable encryption. Default is true (enable)
+ * @return boolean True on success
+ * @throws SocketException
+ * @see stream_socket_enable_crypto  
+ */
+	public function enableCrypto($type, $clientOrServer = 'client', $enable = true) {
+		if (!array_key_exists($type . '_' . $clientOrServer, $this->_encryptMethods)) {
+			throw new InvalidArgumentException(__('Invalid encryption scheme chosen'));
+		}
+		$enableCryptoResult = false;
+		try {
+			$enableCryptoResult = stream_socket_enable_crypto($this->connection, $enable, $this->_encryptMethods[$type . '_' . $clientOrServer]);
+		} catch (Exception $e) {
+			$this->setLastError(null, $e->getMessage());
+			throw new SocketException($e->getMessage());
+		}
+		if ($enableCryptoResult === true) {
+			$this->encrypted = $enable;
+			return true;
+		} else {
+			$errorMessage = __('Unable to perform enableCrypto operation on CakeSocket');","Same about the translation.
",0,7418be04d3fd24bd7cef09527bd40e55783c28c6
2561154,0,"I guess it should. I was more concerned about the hostnames as sharing cookies between domains is going to cause problems. I forgot about path based cookies though.  Both Client::_storeCookies() & Client::_addCookies() will need to be updated.""",2013-01-06 14:03:47,markstory,cakephp,cakephp,,https://github.com/cakephp/cakephp/pull/1057#discussion_r2561154,2013-01-07T01:03:47Z,2013-01-24T02:45:59Z,markstory,MEMBER,lib/Cake/Network/Http/Client.php,,,,,1,"@@ -0,0 +1,515 @@
+<?php
+/**
+ * CakePHP(tm) : Rapid Development Framework (http://cakephp.org)
+ * Copyright 2005-2012, Cake Software Foundation, Inc. (http://cakefoundation.org)
+ *
+ * Licensed under The MIT License
+ * Redistributions of files must retain the above copyright notice.
+ *
+ * @copyright     Copyright 2005-2012, Cake Software Foundation, Inc. (http://cakefoundation.org)
+ * @link          http://cakephp.org CakePHP(tm) Project
+ * @since         CakePHP(tm) v 3.0.0
+ * @license       MIT License (http://www.opensource.org/licenses/mit-license.php)
+ */
+namespace Cake\Network\Http;
+
+use Cake\Core\App;
+use Cake\Error;
+use Cake\Network\Http\Request;
+use Cake\Network\Http\Response;
+use Cake\Utility\Hash;
+
+/**
+ * The end user interface for doing HTTP requests.
+ *
+ * ### Scoped clients
+ *
+ * If you're doing multiple requests to the same hostname its often convienent
+ * to use the constructor arguments to create a scoped client. This allows you
+ * to keep your code DRY and not repeat hostnames, authentication, and other options.
+ *
+ * ### Doing requests
+ *
+ * Once you've created an instance of Client you can do requests
+ * using several methods. Each corresponds to a different HTTP method.
+ *
+ * - get()
+ * - post()
+ * - put()
+ * - delete()
+ * - patch()
+ *
+ * ### Cookie management
+ *
+ * Client will maintain cookies from the responses done with
+ * a client instance. These cookies will be automatically added
+ * to future requests to matching hosts. Cookies will respect the
+ * `Expires` and `Domain` attributes. You can get the list of
+ * currently stored cookies using the cookies() method.
+ *
+ * ### Sending request bodies
+ *
+ * By default any POST/PUT/PATCH/DELETE request with $data will
+ * send their data as `multipart/form-data`.
+ *
+ * When sending request bodies you can use the `type` option to
+ * set the Content-Type for the request:
+ *
+ * `$http->get('/users', [], ['type' => 'json']);`
+ *
+ * The `type` option sets both the `Content-Type` and `Accept` header, to
+ * the same mime type. When using `type` you can use either a full mime
+ * type or an alias. If you need different types in the Accept and Content-Type
+ * headers you should set them manually and not use `type`
+ *
+ * ### Using authentication
+ *
+ * By using the `auth` key you can use authentication. The type sub option
+ * can be used to specify which authentication strategy you want to use.
+ * CakePHP comes with a few built-in strategies:
+ *
+ * - Basic
+ * - Digest
+ * - Oauth
+ *
+ * ### Using proxies
+ *
+ * By using the `proxy` key you can set authentication credentials for
+ * a proxy if you need to use one.. The type sub option can be used to
+ * specify which authentication strategy you want to use.
+ * CakePHP comes with built-in support for basic authentication.
+ *
+ */
+class Client {
+
+/**
+ * Stored configuration for the client.
+ *
+ * @var array
+ */
+	protected $_config = [
+		'host' => null,
+		'port' => null,
+		'scheme' => 'http',
+		'timeout' => 30,
+		'ssl_verify_peer' => true,
+		'ssl_verify_depth' => 5,
+		'ssl_verify_host' => true,
+		'redirect' => false,
+	];
+
+/**
+ * List of cookies from responses made with this client.
+ *
+ * Cookies are indexed by the cookie's domain or 
+ * request host name.
+ *
+ * @var array
+ */
+	protected $_cookies = [];
+
+/**
+ * Adapter for sending requests. Defaults to
+ * Cake\Network\Http\Stream
+ *
+ * @var Cake\Network\Http\Stream
+ */
+	protected $_adapter;
+
+/**
+ * Create a new HTTP Client.
+ *
+ * ### Config options
+ *
+ * You can set the following options when creating a client:
+ *
+ * - host - The hostname to do requests on.
+ * - port - The port to use.
+ * - scheme - The default scheme/protocol to use. Defaults to http.
+ * - timeout - The timeout in seconds. Defaults to 30
+ * - ssl_verify_peer - Whether or not SSL certificates should be validated.
+ *   Defaults to true.
+ * - ssl_verify_depth - The maximum certificate chain depth to travers.
+ *   Defaults to 5.
+ * - ssl_verify_host - Verify that the certificate and hostname match.
+ *   Defaults to true.
+ * - redirect - Number of redirects to follow. Defaults to false.
+ *
+ * @param array $config Config options for scoped clients.
+ */
+	public function __construct($config = []) {
+		$adapter = 'Cake\Network\Http\Adapter\Stream';
+		if (isset($config['adapter'])) {
+			$adapter = $config['adapter'];
+			unset($config['adapter']);
+		}
+		$this->config($config);
+
+		if (is_string($adapter)) {
+			$adapter = new $adapter();
+		}
+		$this->_adapter = $adapter;
+	}
+
+/**
+ * Get or set additional config options.
+ *
+ * Setting config will use Hash::merge() for appending into
+ * the existing configuration.
+ *
+ * @param array|null $config Configuration options. null to get.
+ * @return this|array
+ */
+	public function config($config = null) {
+		if ($config === null) {
+			return $this->_config;
+		}
+		$this->_config = Hash::merge($this->_config, $config);
+		return $this;
+	}
+
+/**
+ * Get the cookies stored in the Client.
+ *
+ * @return array
+ */
+	public function cookies() {
+		return $this->_cookies;
+	}
+
+/**
+ * Do a GET request.
+ *
+ * The $data argument supports a special `_content` key
+ * for providing a request body in a GET request. This is
+ * generally not used but services like ElasticSearch use 
+ * this feature.
+ *
+ * @param string $url The url or path you want to request.
+ * @param array $data The query data you want to send.
+ * @param array $options Additional options for the request.
+ * @return Cake\Network\Http\Response
+ */
+	public function get($url, $data = [], $options = []) {
+		$options = $this->_mergeOptions($options);
+		$body = [];
+		if (isset($data['_content'])) {
+			$body = $data['_content'];
+			unset($data['_content']);
+		}
+		$url = $this->buildUrl($url, $data, $options);
+		return $this->_doRequest(
+			Request::METHOD_GET,
+			$url,
+			$body,
+			$options
+		);
+	}
+
+/**
+ * Do a POST request.
+ *
+ * @param string $url The url or path you want to request.
+ * @param array $data The post data you want to send.
+ * @param array $options Additional options for the request.
+ * @return Cake\Network\Http\Response
+ */
+	public function post($url, $data = [], $options = []) {
+		$options = $this->_mergeOptions($options);
+		$url = $this->buildUrl($url, [], $options);
+		return $this->_doRequest(Request::METHOD_POST, $url, $data, $options);
+	}
+
+/**
+ * Do a PUT request.
+ *
+ * @param string $url The url or path you want to request.
+ * @param array $data The request data you want to send.
+ * @param array $options Additional options for the request.
+ * @return Cake\Network\Http\Response
+ */
+	public function put($url, $data = [], $options = []) {
+		$options = $this->_mergeOptions($options);
+		$url = $this->buildUrl($url, [], $options);
+		return $this->_doRequest(Request::METHOD_PUT, $url, $data, $options);
+	}
+
+/**
+ * Do a PATCH request.
+ *
+ * @param string $url The url or path you want to request.
+ * @param array $data The request data you want to send.
+ * @param array $options Additional options for the request.
+ * @return Cake\Network\Http\Response
+ */
+	public function patch($url, $data = [], $options = []) {
+		$options = $this->_mergeOptions($options);
+		$url = $this->buildUrl($url, [], $options);
+		return $this->_doRequest(Request::METHOD_PATCH, $url, $data, $options);
+	}
+
+/**
+ * Do a DELETE request.
+ *
+ * @param string $url The url or path you want to request.
+ * @param array $data The request data you want to send.
+ * @param array $options Additional options for the request.
+ * @return Cake\Network\Http\Response
+ */
+	public function delete($url, $data = [], $options = []) {
+		$options = $this->_mergeOptions($options);
+		$url = $this->buildUrl($url, [], $options);
+		return $this->_doRequest(Request::METHOD_DELETE, $url, $data, $options);
+	}
+
+/**
+ * Helper method for doing non-GET requests.
+ *
+ * @param string $method HTTP method.
+ * @param string $url URL to request.
+ */
+	protected function _doRequest($method, $url, $data, $options) {
+		$request = $this->_createRequest(
+			$method,
+			$url,
+			$data,
+			$options
+		);
+		return $this->send($request, $options);
+	}
+
+/**
+ * Does a recursive merge of the parameter with the scope config.
+ *
+ * @param array $options Options to merge.
+ * @return array Options merged with set config.
+ */
+	protected function _mergeOptions($options) {
+		return Hash::merge($this->_config, $options);
+	}
+
+/**
+ * Send a request.
+ *
+ * Used internally by other methods, but can also be used to send
+ * handcrafted Request objects.
+ *
+ * @param Cake\Network\Http\Request $request The request to send.
+ * @param array $options Additional options to use.
+ * @return Cake\Network\Http\Response
+ */
+	public function send(Request $request, $options = []) {
+		$responses = $this->_adapter->send($request, $options);
+		$host = parse_url($request->url(), PHP_URL_HOST);
+		foreach ($responses as $response) {
+			$this->_storeCookies($response, $host);
+		}
+		return array_pop($responses);
+	}
+
+/**
+ * Store cookies in a response to be used in future requests.
+ *
+ * Non-expired cookies will be stored for use in future requests
+ * made with the same Client instance. Cookies are not saved
+ * between instances.
+ *
+ * @param Response $response The response to read cookies from
+ * @param string $host The request host, used for getting host names
+ *   in case the cookies didn't set a domain.
+ * @return void
+ */
+	protected function _storeCookies(Response $response, $host) {","I guess it should. I was more concerned about the hostnames as sharing cookies between domains is going to cause problems. I forgot about path based cookies though.  Both Client::_storeCookies() & Client::_addCookies() will need to be updated.
",0,c0865001dc9b44d763aba9eaa00720fa4e485ddc
2628259,0,"@markstory To follow the [RFC 2109](http://www.ietf.org/rfc/rfc2109.txt) (section 4.3.1) the path should be the base path of the requested URL when not specified.  > Defaults to the path of the request URL that generated the > Set-Cookie response, up t""",2013-01-12 13:23:22,jrbasso,cakephp,cakephp,,https://github.com/cakephp/cakephp/pull/1057#discussion_r2628259,2013-01-13T00:23:22Z,2013-01-24T02:45:59Z,jrbasso,MEMBER,lib/Cake/Network/Http/Client.php,,,,,1,"@@ -0,0 +1,527 @@
+<?php
+/**
+ * CakePHP(tm) : Rapid Development Framework (http://cakephp.org)
+ * Copyright 2005-2012, Cake Software Foundation, Inc. (http://cakefoundation.org)
+ *
+ * Licensed under The MIT License
+ * Redistributions of files must retain the above copyright notice.
+ *
+ * @copyright     Copyright 2005-2012, Cake Software Foundation, Inc. (http://cakefoundation.org)
+ * @link          http://cakephp.org CakePHP(tm) Project
+ * @since         CakePHP(tm) v 3.0.0
+ * @license       MIT License (http://www.opensource.org/licenses/mit-license.php)
+ */
+namespace Cake\Network\Http;
+
+use Cake\Core\App;
+use Cake\Error;
+use Cake\Network\Http\Request;
+use Cake\Network\Http\Response;
+use Cake\Utility\Hash;
+
+/**
+ * The end user interface for doing HTTP requests.
+ *
+ * ### Scoped clients
+ *
+ * If you're doing multiple requests to the same hostname its often convienent
+ * to use the constructor arguments to create a scoped client. This allows you
+ * to keep your code DRY and not repeat hostnames, authentication, and other options.
+ *
+ * ### Doing requests
+ *
+ * Once you've created an instance of Client you can do requests
+ * using several methods. Each corresponds to a different HTTP method.
+ *
+ * - get()
+ * - post()
+ * - put()
+ * - delete()
+ * - patch()
+ *
+ * ### Cookie management
+ *
+ * Client will maintain cookies from the responses done with
+ * a client instance. These cookies will be automatically added
+ * to future requests to matching hosts. Cookies will respect the
+ * `Expires`, `Path` and `Domain` attributes. You can get the list of
+ * currently stored cookies using the cookies() method.
+ *
+ * ### Sending request bodies
+ *
+ * By default any POST/PUT/PATCH/DELETE request with $data will
+ * send their data as `multipart/form-data`.
+ *
+ * When sending request bodies you can use the `type` option to
+ * set the Content-Type for the request:
+ *
+ * `$http->get('/users', [], ['type' => 'json']);`
+ *
+ * The `type` option sets both the `Content-Type` and `Accept` header, to
+ * the same mime type. When using `type` you can use either a full mime
+ * type or an alias. If you need different types in the Accept and Content-Type
+ * headers you should set them manually and not use `type`
+ *
+ * ### Using authentication
+ *
+ * By using the `auth` key you can use authentication. The type sub option
+ * can be used to specify which authentication strategy you want to use.
+ * CakePHP comes with a few built-in strategies:
+ *
+ * - Basic
+ * - Digest
+ * - Oauth
+ *
+ * ### Using proxies
+ *
+ * By using the `proxy` key you can set authentication credentials for
+ * a proxy if you need to use one.. The type sub option can be used to
+ * specify which authentication strategy you want to use.
+ * CakePHP comes with built-in support for basic authentication.
+ *
+ */
+class Client {
+
+/**
+ * Stored configuration for the client.
+ *
+ * @var array
+ */
+	protected $_config = [
+		'host' => null,
+		'port' => null,
+		'scheme' => 'http',
+		'timeout' => 30,
+		'ssl_verify_peer' => true,
+		'ssl_verify_depth' => 5,
+		'ssl_verify_host' => true,
+		'redirect' => false,
+	];
+
+/**
+ * List of cookies from responses made with this client.
+ *
+ * Cookies are indexed by the cookie's domain or 
+ * request host name.
+ *
+ * @var array
+ */
+	protected $_cookies = [];
+
+/**
+ * Adapter for sending requests. Defaults to
+ * Cake\Network\Http\Stream
+ *
+ * @var Cake\Network\Http\Stream
+ */
+	protected $_adapter;
+
+/**
+ * Create a new HTTP Client.
+ *
+ * ### Config options
+ *
+ * You can set the following options when creating a client:
+ *
+ * - host - The hostname to do requests on.
+ * - port - The port to use.
+ * - scheme - The default scheme/protocol to use. Defaults to http.
+ * - timeout - The timeout in seconds. Defaults to 30
+ * - ssl_verify_peer - Whether or not SSL certificates should be validated.
+ *   Defaults to true.
+ * - ssl_verify_depth - The maximum certificate chain depth to travers.
+ *   Defaults to 5.
+ * - ssl_verify_host - Verify that the certificate and hostname match.
+ *   Defaults to true.
+ * - redirect - Number of redirects to follow. Defaults to false.
+ *
+ * @param array $config Config options for scoped clients.
+ */
+	public function __construct($config = []) {
+		$adapter = 'Cake\Network\Http\Adapter\Stream';
+		if (isset($config['adapter'])) {
+			$adapter = $config['adapter'];
+			unset($config['adapter']);
+		}
+		$this->config($config);
+
+		if (is_string($adapter)) {
+			$adapter = new $adapter();
+		}
+		$this->_adapter = $adapter;
+	}
+
+/**
+ * Get or set additional config options.
+ *
+ * Setting config will use Hash::merge() for appending into
+ * the existing configuration.
+ *
+ * @param array|null $config Configuration options. null to get.
+ * @return this|array
+ */
+	public function config($config = null) {
+		if ($config === null) {
+			return $this->_config;
+		}
+		$this->_config = Hash::merge($this->_config, $config);
+		return $this;
+	}
+
+/**
+ * Get the cookies stored in the Client.
+ *
+ * Returns an array of cookie data arrays.
+ *
+ * @return array
+ */
+	public function cookies() {
+		return $this->_cookies;
+	}
+
+/**
+ * Do a GET request.
+ *
+ * The $data argument supports a special `_content` key
+ * for providing a request body in a GET request. This is
+ * generally not used but services like ElasticSearch use 
+ * this feature.
+ *
+ * @param string $url The url or path you want to request.
+ * @param array $data The query data you want to send.
+ * @param array $options Additional options for the request.
+ * @return Cake\Network\Http\Response
+ */
+	public function get($url, $data = [], $options = []) {
+		$options = $this->_mergeOptions($options);
+		$body = [];
+		if (isset($data['_content'])) {
+			$body = $data['_content'];
+			unset($data['_content']);
+		}
+		$url = $this->buildUrl($url, $data, $options);
+		return $this->_doRequest(
+			Request::METHOD_GET,
+			$url,
+			$body,
+			$options
+		);
+	}
+
+/**
+ * Do a POST request.
+ *
+ * @param string $url The url or path you want to request.
+ * @param array $data The post data you want to send.
+ * @param array $options Additional options for the request.
+ * @return Cake\Network\Http\Response
+ */
+	public function post($url, $data = [], $options = []) {
+		$options = $this->_mergeOptions($options);
+		$url = $this->buildUrl($url, [], $options);
+		return $this->_doRequest(Request::METHOD_POST, $url, $data, $options);
+	}
+
+/**
+ * Do a PUT request.
+ *
+ * @param string $url The url or path you want to request.
+ * @param array $data The request data you want to send.
+ * @param array $options Additional options for the request.
+ * @return Cake\Network\Http\Response
+ */
+	public function put($url, $data = [], $options = []) {
+		$options = $this->_mergeOptions($options);
+		$url = $this->buildUrl($url, [], $options);
+		return $this->_doRequest(Request::METHOD_PUT, $url, $data, $options);
+	}
+
+/**
+ * Do a PATCH request.
+ *
+ * @param string $url The url or path you want to request.
+ * @param array $data The request data you want to send.
+ * @param array $options Additional options for the request.
+ * @return Cake\Network\Http\Response
+ */
+	public function patch($url, $data = [], $options = []) {
+		$options = $this->_mergeOptions($options);
+		$url = $this->buildUrl($url, [], $options);
+		return $this->_doRequest(Request::METHOD_PATCH, $url, $data, $options);
+	}
+
+/**
+ * Do a DELETE request.
+ *
+ * @param string $url The url or path you want to request.
+ * @param array $data The request data you want to send.
+ * @param array $options Additional options for the request.
+ * @return Cake\Network\Http\Response
+ */
+	public function delete($url, $data = [], $options = []) {
+		$options = $this->_mergeOptions($options);
+		$url = $this->buildUrl($url, [], $options);
+		return $this->_doRequest(Request::METHOD_DELETE, $url, $data, $options);
+	}
+
+/**
+ * Helper method for doing non-GET requests.
+ *
+ * @param string $method HTTP method.
+ * @param string $url URL to request.
+ */
+	protected function _doRequest($method, $url, $data, $options) {
+		$request = $this->_createRequest(
+			$method,
+			$url,
+			$data,
+			$options
+		);
+		return $this->send($request, $options);
+	}
+
+/**
+ * Does a recursive merge of the parameter with the scope config.
+ *
+ * @param array $options Options to merge.
+ * @return array Options merged with set config.
+ */
+	protected function _mergeOptions($options) {
+		return Hash::merge($this->_config, $options);
+	}
+
+/**
+ * Send a request.
+ *
+ * Used internally by other methods, but can also be used to send
+ * handcrafted Request objects.
+ *
+ * @param Cake\Network\Http\Request $request The request to send.
+ * @param array $options Additional options to use.
+ * @return Cake\Network\Http\Response
+ */
+	public function send(Request $request, $options = []) {
+		$responses = $this->_adapter->send($request, $options);
+		$host = parse_url($request->url(), PHP_URL_HOST);
+		foreach ($responses as $response) {
+			$this->_storeCookies($response, $host);
+		}
+		return array_pop($responses);
+	}
+
+/**
+ * Store cookies in a response to be used in future requests.
+ *
+ * Non-expired cookies will be stored for use in future requests
+ * made with the same Client instance. Cookies are not saved
+ * between instances.
+ *
+ * @param Response $response The response to read cookies from
+ * @param string $host The request host, used for getting host names
+ *   in case the cookies didn't set a domain.
+ * @return void
+ */
+	protected function _storeCookies(Response $response, $host) {
+		$cookies = $response->cookies();
+		foreach ($cookies as $name => $cookie) {
+			$expires = isset($cookie['expires']) ? $cookie['expires'] : false;
+			if ($expires) {
+				$expires = \DateTime::createFromFormat('D, j-M-Y H:i:s e', $expires);
+			}
+			if ($expires && $expires->getTimestamp() <= time()) {
+				continue;
+			}
+			if (empty($cookie['domain'])) {
+				$cookie['domain'] = $host;
+			}
+			$cookie['domain'] = trim($cookie['domain'], '.');
+			if (empty($cookie['path'])) {
+				$cookie['path'] = '/';","@markstory To follow the [RFC 2109](http://www.ietf.org/rfc/rfc2109.txt) (section 4.3.1) the path should be the base path of the requested URL when not specified.

> Defaults to the path of the request URL that generated the
> Set-Cookie response, up to, but not including, the
> right-most /.
",0,c0865001dc9b44d763aba9eaa00720fa4e485ddc
6224808,0,"@markstory Agree about the usage and expectations of support of those options...""",2013-09-07 02:25:24,ravage84,cakephp,cakephp,,https://github.com/cakephp/cakephp/pull/1606#discussion_r6224808,2013-09-07T14:25:24Z,2013-09-09T14:49:11Z,ravage84,MEMBER,App/App/Config/bootstrap.php,,,,,1,"@@ -14,9 +14,11 @@
  */
 namespace App\Config;
 
-if (file_exists(dirname(__DIR__) . 'vendor/autoload.php')) {
-	require dirname(__DIR__) . 'vendor/autoload.php';
+if (!file_exists(dirname(dirname(__DIR__)) . '/vendor/autoload.php')) {
+	die('Could not find vendor/autoload.php. You need to install dependencies with `php composer.phar install` first.');","@markstory Agree about the usage and expectations of support of those options...
",0,5bdb78603590331da86f3aea10ab718e0a29a0b9
6060638,0,"Another possible good idea is to add an hmac to detect tampering. I know zf2 does this as do a few other implementations I've seen.""",2013-08-29 01:52:47,markstory,cakephp,cakephp,,https://github.com/cakephp/cakephp/pull/1568#discussion_r6060638,2013-08-29T13:52:47Z,2013-09-02T01:44:56Z,markstory,MEMBER,lib/Cake/Utility/Security.php,,,,,1,"@@ -289,4 +289,69 @@ protected static function _crypt($password, $salt = false) {
 		return crypt($password, $salt);
 	}
 
+/**
+ * Encrypt a value using AES-256.
+ *
+ * *Caveat* You cannot properly encrypt/decrypt data with trailing null bytes.
+ * Any trailing null bytes will be removed on decryption due to how PHP pads messages
+ * with nulls prior to encryption.
+ *
+ * @param string $plain The value to encrypt.
+ * @param string $key The 256 bit/32 byte key to use as a cipher key.
+ * @return string Encrypted data.
+ * @throws CakeException On invalid data or key.
+ */
+	public static function encrypt($plain, $key) {
+		self::_checkKey($key, 'encrypt()');
+		if (empty($plain)) {
+			throw new CakeException(__d('cake_dev', 'The data to encrypt cannot be empty.'));
+		}
+		$key = substr($key, 0, 32);","Another possible good idea is to add an hmac to detect tampering. I know zf2 does this as do a few other implementations I've seen.
",0,13b870d7e183375822eea4ffd66aaacaeec760ff
5912764,2,"That was the reason I started to extract stuff into a Trait, found out the hard way it was not possible :(""",2013-08-21 11:27:35,lorenzo,cakephp,cakephp,,https://github.com/cakephp/cakephp/pull/1544#discussion_r5912764,2013-08-21T23:27:35Z,2013-08-24T16:35:52Z,lorenzo,MEMBER,lib/Cake/ORM/ResultCollectionTrait.php,,27.0,,,27,"@@ -0,0 +1,72 @@
+<?php
+/**
+ * PHP Version 5.4
+ *
+ * CakePHP(tm) : Rapid Development Framework (http://cakephp.org)
+ * Copyright (c) Cake Software Foundation, Inc. (http://cakefoundation.org)
+ *
+ * Licensed under The MIT License
+ * For full copyright and license information, please see the LICENSE.txt
+ * Redistributions of files must retain the above copyright notice.
+ *
+ * @copyright     Copyright (c) Cake Software Foundation, Inc. (http://cakefoundation.org)
+ * @link          http://cakephp.org CakePHP(tm) Project
+ * @since         CakePHP(tm) v 3.0.0
+ * @license       MIT License (http://www.opensource.org/licenses/mit-license.php)
+ */
+namespace Cake\ORM;
+
+use \Iterator;
+use \JsonSerializable;
+use \Serializable;
+
+/**
+ * Common set of methods that any specific ResultSet implementation
+ * should contain
+ */
+trait ResultCollectionTrait {","That was the reason I started to extract stuff into a Trait, found out the hard way it was not possible :(
",0,65cc26318d4c4fe3e0e590442a746385e46c152a
5444095,2,"This actually have a pattern name, but it is ugly and confusing: Flyweight factory""",2013-07-28 19:37:52,lorenzo,cakephp,cakephp,,https://github.com/cakephp/cakephp/pull/1457#discussion_r5444095,2013-07-29T07:37:52Z,2013-07-29T07:37:52Z,lorenzo,MEMBER,lib/Cake/Utility/ObjectRegistry.php,,17.0,,,17,"@@ -0,0 +1,178 @@
+<?php
+/**
+ * CakePHP(tm) : Rapid Development Framework (http://cakephp.org)
+ * Copyright (c) Cake Software Foundation, Inc. (http://cakefoundation.org)
+ *
+ * Licensed under The MIT License
+ * For full copyright and license information, please see the LICENSE.txt
+ * Redistributions of files must retain the above copyright notice.
+ *
+ * @copyright     Copyright (c) Cake Software Foundation, Inc. (http://cakefoundation.org)
+ * @link          http://cakephp.org CakePHP(tm) Project
+ * @license       http://www.opensource.org/licenses/mit-license.php MIT License
+ */
+namespace Cake\Utility;
+
+/**
+ * Acts as a registry/factory for objects.","This actually have a pattern name, but it is ugly and confusing: Flyweight factory
",0,999aef929c438155985a9991e9ed158fafaaa33e
5181782,1,"yes, I wanted to listen to a view render in a crud listener, but couldn't access the view to attach an event, since the view isn't created until render() is called - had to hack around it to make it work :) I expected a View.beforeRender event in any cla""",2013-07-14 01:24:06,jippi,cakephp,cakephp,,https://github.com/cakephp/cakephp/pull/1418#discussion_r5181782,2013-07-14T13:24:06Z,2013-07-27T21:17:13Z,jippi,CONTRIBUTOR,lib/Cake/Controller/Controller.php,,637.0,,,115,"@@ -600,13 +623,23 @@ public function constructClasses() {
 	public function getEventManager() {
 		if (empty($this->_eventManager)) {
 			$this->_eventManager = new EventManager();","yes, I wanted to listen to a view render in a crud listener, but couldn't access the view to attach an event, since the view isn't created until render() is called - had to hack around it to make it work :)
I expected a View.beforeRender event in any class attaching to the controller event manager would have worked, but alas it did not :)
",0,c8f6c84285080bfc9020401522b01bb7d50777ab
4464918,0,"This permits SQL injection. User data should never be interpolated into the keys of a find condition.""",2013-05-30 07:37:21,markstory,cakephp,cakephp,,https://github.com/cakephp/cakephp/pull/1319#discussion_r4464918,2013-05-30T19:37:21Z,2013-05-30T19:37:21Z,markstory,MEMBER,lib/Cake/Console/Templates/default/actions/controller_actions.ctp,,182.0,,,26,"@@ -157,3 +157,62 @@
 <?php endif; ?>
 		$this->redirect(array('action' => 'index'));
 	}
+	
+/**
+ * search method
+ *
+ * @return void
+ */
+	public function search() {
+		if ($this->request->is('post') || $this->request->is('put')) {
+			$conditions = array();
+			foreach ($this->data['<?php echo $currentModelName;?>'] as $key => $value) {
+				$empty = true;
+				if ((substr($key, -3) == ""_id"")) { // associated input have _id suffix
+					if ($value != 0)
+						$empty = false;
+				} else {
+					if ($value != """")
+						$empty = false;
+				}
+				
+				if (!$empty) {
+					if (strstr($value, ""*"")) {
+						$conditions[] = array(
+							'<?php echo $currentModelName;?>.'.$key."" LIKE"" => str_replace('*', '%', $value)","This permits SQL injection. User data should never be interpolated into the keys of a find condition.
",0,221f95f0af250cf48c90c350282af33478e5c15f
4394900,2,"Odd, it might be the test being wrong... I remember spending some time fixing the multi insert in sqlite so I was quite surprised it did not work.""",2013-05-26 06:58:24,lorenzo,cakephp,cakephp,,https://github.com/cakephp/cakephp/pull/1303#discussion_r4394900,2013-05-26T18:58:24Z,2013-05-29T02:13:15Z,lorenzo,MEMBER,lib/Cake/Database/Dialect/SqliteDialectTrait.php,,,,,1,"@@ -102,28 +102,33 @@ protected function _insertQueryTranslator($query) {
 			return $query;
 		}
 
-		$cols = $v->columns();
 		$newQuery = $query->connection()->newQuery();
+		$cols = $v->columns();
 		$values = [];
 		foreach ($v->values() as $k => $val) {
 			$values[] = $val;
-			$val = array_merge($val, array_fill(0, count($cols) - count($val), null));
+			$fillLength = count($cols) - count($val);
+			if ($fillLength > 0) {
+				$val = array_merge($val, array_fill(0, $fillLength, null));
+			}
+			// TODO this doesn't work all columns are inserted as null.","Odd, it might be the test being wrong... I remember spending some time fixing the multi insert in sqlite so I was quite surprised it did not work.
",0,2b90e7dbc75cccae5f7b1fc76eba57bf6fcbe049
3613646,0,"10, integers in postgres are signed so one of the bits is used for the sign. It is actually the same in Mysql, unless it is declared as unsigned""",2013-04-01 19:44:51,lorenzo,cakephp,cakephp,,https://github.com/cakephp/cakephp/pull/1212#discussion_r3613646,2013-04-02T07:44:51Z,2013-04-03T21:35:55Z,lorenzo,MEMBER,lib/Cake/Model/Datasource/Database/Dialect/PostgresDialectTrait.php,,205.0,,,58,"@@ -148,4 +148,128 @@ protected function _transformFunctionExpression(FunctionExpression $expression)
 		}
 	}
 
+/**
+ * Get the SQL to list the tables
+ *
+ * @param array $config The connection configuration to use for
+ *    getting tables from.
+ * @return array An array of (sql, params) to execute.
+ */
+	public function listTablesSql($config) {
+		$sql = ""SELECT table_name as name FROM INFORMATION_SCHEMA.tables WHERE table_schema = ? ORDER BY name"";
+		$schema = empty($config['schema']) ? 'public' : $config['schema'];
+		return [$sql, [$schema]];
+	}
+
+/**
+ * Get the SQL to describe a table in Postgres.
+ *
+ * @param string $table The table name to describe
+ * @param array $config The connection configuration to use
+ * @return array An array of (sql, params) to execute.
+ */
+	public function describeTableSql($table, $config) {
+		$sql =
+		""SELECT DISTINCT table_schema AS schema, column_name AS name, data_type AS type,
+			is_nullable AS null, column_default AS default, ordinal_position AS position,
+			character_maximum_length AS char_length, character_octet_length AS oct_length,
+			d.description as comment, i.indisprimary = 't' as pk
+		FROM information_schema.columns c
+		INNER JOIN pg_catalog.pg_namespace ns ON (ns.nspname = table_schema)
+		INNER JOIN pg_catalog.pg_class cl ON (cl.relnamespace = ns.oid AND cl.relname = table_name)
+		LEFT JOIN pg_catalog.pg_index i ON (i.indrelid = cl.oid AND i.indkey[0] = c.ordinal_position)
+		LEFT JOIN pg_catalog.pg_description d on (cl.oid = d.objoid AND d.objsubid = c.ordinal_position)
+		WHERE table_name = ? AND table_schema = ?  ORDER BY position"";
+		$schema = empty($config['schema']) ? 'public' : $config['schema'];
+		return [$sql, [$table, $schema]];
+	}
+
+/**
+ * Convert a column definition to the abstract types.
+ *
+ * The returned type will be a type that
+ * Cake\Model\Datasource\Database\Type can handle.
+ *
+ * @param string $column The column type + length
+ * @return array List of (type, length)
+ */
+	public function convertColumn($column) {
+		$col = strtolower($column);
+		if (in_array($col, array('date', 'time', 'boolean'))) {
+			return [$col, null];
+		}
+		if (strpos($col, 'timestamp') !== false) {
+			return ['datetime', null];
+		}
+		if ($col === 'serial' || $col === 'integer') {
+			return ['integer', 10];","10, integers in postgres are signed so one of the bits is used for the sign. It is actually the same in Mysql, unless it is declared as unsigned
",0,caec717bce20e06429dd54bafe39b4b0ee6682bb
3622375,2,"Derp, I missed that sorry.""",2013-04-02 05:23:11,markstory,cakephp,cakephp,,https://github.com/cakephp/cakephp/pull/1212#discussion_r3622375,2013-04-02T17:23:11Z,2013-04-03T21:35:55Z,markstory,MEMBER,lib/Cake/Test/TestCase/Model/Datasource/Database/Driver/PostgresTest.php,,343.0,,,225,"@@ -126,4 +129,218 @@ public function testConnectionConfigCustom() {
 		$driver->connect($config);
 	}
 
+/**
+ * Helper method for skipping tests that need a real connection.
+ *
+ * @return void
+ */
+	protected function _needsConnection() {
+		$config = Configure::read('Datasource.test');
+		$this->skipIf(strpos($config['datasource'], 'Postgres') === false, 'Not using Postgres for test config');
+	}
+
+/**
+ * Helper method for testing methods.
+ *
+ * @return void
+ */
+	protected function _createTables($connection) {
+		$this->_needsConnection();
+		$connection->execute('DROP TABLE IF EXISTS articles');
+		$connection->execute('DROP TABLE IF EXISTS authors');
+
+		$table = <<<SQL
+CREATE TABLE authors(
+id SERIAL,
+name VARCHAR(50),
+bio DATE,
+created TIMESTAMP
+)
+SQL;
+		$connection->execute($table);
+
+		$table = <<<SQL
+CREATE TABLE articles(
+id BIGINT PRIMARY KEY,
+title VARCHAR(20),
+body TEXT,
+author_id INTEGER NOT NULL,
+published BOOLEAN DEFAULT false,
+views SMALLINT DEFAULT 0,
+created TIMESTAMP
+)
+SQL;
+		$connection->execute($table);
+		$connection->execute('COMMENT ON COLUMN ""articles"".""title"" IS \'a title\'');
+	}
+
+/**
+ * Dataprovider for column testing
+ *
+ * @return array
+ */
+	public static function columnProvider() {
+		return [
+			[
+				'TIMESTAMP',
+				['datetime', null]
+			],
+			[
+				'TIMESTAMP WITHOUT TIME ZONE',
+				['datetime', null]
+			],
+			[
+				'DATE',
+				['date', null]
+			],
+			[
+				'TIME',
+				['time', null]
+			],
+			[
+				'SMALLINT',
+				['integer', 5]
+			],
+			[
+				'INTEGER',
+				['integer', 10]
+			],
+			[
+				'SERIAL',
+				['integer', 10]
+			],
+			[
+				'BIGINT',
+				['biginteger', 20]
+			],
+			[
+				'NUMERIC',
+				['decimal', null]
+			],
+			[
+				'VARCHAR',
+				['string', null]
+			],
+			[
+				'CHARACTER VARYING',
+				['string', null]
+			],
+			[
+				'CHAR',
+				['string', null]
+			],
+			[
+				'CHARACTER',
+				['string', null]
+			],
+			[
+				'TEXT',
+				['text', null]
+			],
+			[
+				'BYTEA',
+				['binary', null]
+			],
+			[
+				'REAL',
+				['float', null]
+			],
+			[
+				'DOUBLE PRECISION',
+				['float', null]
+			],
+			[
+				'BIGSERIAL',
+				['biginteger', 20]
+			],
+		];
+	}
+
+/**
+ * Test parsing Postgres column types.
+ *
+ * @dataProvider columnProvider
+ * @return void
+ */
+	public function testConvertColumnType($input, $expected) {
+		$driver = new Postgres();
+		$this->assertEquals($expected, $driver->convertColumn($input));
+	}
+
+
+/**
+ * Test listing tables with Postgres
+ *
+ * @return void
+ */
+	public function testListTables() {
+		$connection = new Connection(Configure::read('Datasource.test'));
+		$this->_createTables($connection);
+
+		$result = $connection->listTables();
+		$this->assertInternalType('array', $result);
+		$this->assertCount(2, $result);
+		$this->assertEquals('articles', $result[0]);
+		$this->assertEquals('authors', $result[1]);
+	}
+
+/**
+ * Test describing a table with Postgres
+ *
+ * @return void
+ */
+	public function testDescribeTable() {
+		$connection = new Connection(Configure::read('Datasource.test'));
+		$this->_createTables($connection);
+
+		$result = $connection->describe('articles');
+		$expected = [
+			'id' => [
+				'type' => 'biginteger',
+				'null' => false,
+				'default' => null,
+				'length' => 20,
+				'key' => 'primary',
+			],
+			'title' => [
+				'type' => 'string',
+				'null' => true,
+				'default' => null,
+				'length' => 20,
+				'comment' => 'a title',
+			],
+			'body' => [
+				'type' => 'text',
+				'null' => true,
+				'default' => null,
+				'length' => null,
+			],
+			'author_id' => [
+				'type' => 'integer',
+				'null' => false,
+				'default' => null,
+				'length' => 10,
+			],
+			'published' => [
+				'type' => 'boolean',
+				'null' => true,
+				'default' => 0,
+				'length' => null,
+			],
+			'views' => [
+				'type' => 'integer',
+				'null' => true,
+				'default' => 0,
+				'length' => 5,
+			],
+			'created' => [
+				'type' => 'datetime',
+				'null' => true,
+				'default' => null,
+				'length' => null,
+			],
+		];
+		$this->assertEquals($expected, $result);","Derp, I missed that sorry.
",0,caec717bce20e06429dd54bafe39b4b0ee6682bb
1941298,0,"Extra space after `(` and before `)`. If block should always have braces `{}` even for single lines.""",2012-10-25 02:34:46,ADmad,cakephp,cakephp,,https://github.com/cakephp/cakephp/pull/913#discussion_r1941298,2012-10-25T14:34:46Z,2013-01-20T08:13:45Z,ADmad,MEMBER,lib/Cake/Model/Validator/CakeValidationRule.php,,,,,1,"@@ -271,6 +274,13 @@ public function process($field, &$data, &$methods) {
 			$this->_valid = call_user_func_array($methods[$rule], $this->_ruleParams);
 		} elseif (class_exists('Validation') && method_exists('Validation', $this->_rule)) {
 			$this->_valid = call_user_func_array(array('Validation', $this->_rule), $this->_ruleParams);
+		} elseif (strpos($this->_rule ,'::')) {
+			list($plugin, $class) = pluginSplit($this->_rule);
+			list($className,$method) = explode('::',$class);
+			$location = 'Model/Validation';
+			if ( $plugin ) $location = $plugin . '.' . $location;","Extra space after `(` and before `)`. If block should always have braces `{}` even for single lines.
",0,b2cbeeeb501285431bdc7fb2a5b37f260b792261
1714815,0,"Indentation is still incorrect, better use the code sniffer.""",2012-09-27 17:55:21,ADmad,cakephp,cakephp,,https://github.com/cakephp/cakephp/pull/872#discussion_r1714815,2012-09-28T05:55:21Z,2012-09-28T06:07:43Z,ADmad,MEMBER,lib/Cake/Cache/Engine/WincacheEngine.php,,,,,1,"@@ -183,6 +183,7 @@ public function groups() {
  * @return boolean success
  **/
 	public function clearGroup($group) {
+	        $success = null;","Indentation is still incorrect, better use the code sniffer.
",0,f4565d51fad4ba81906f085cd5abf043d4852365
1460045,2,"Having a destructive get() seems like a bad idea.  Why not just call set() afterwards to clear the block.  I'd like to avoid duplicated functionality.""",2012-08-25 09:11:14,markstory,cakephp,cakephp,,https://github.com/cakephp/cakephp/pull/795#discussion_r1460045,2012-08-25T21:11:14Z,2012-08-25T21:19:27Z,markstory,MEMBER,lib/Cake/View/ViewBlock.php,,125.0,,,8,"@@ -119,13 +119,18 @@ public function set($name, $value) {
  * Get the content for a block.
  *
  * @param string $name Name of the block
+ * @param boolean $clear Whether or not to clear the block after retrieval (default false)
  * @return The block content or '' if the block does not exist.
  */
-	public function get($name) {
+	public function get($name, $clear = false) {","Having a destructive get() seems like a bad idea.  Why not just call set() afterwards to clear the block.  I'd like to avoid duplicated functionality.
",0,123a59baa20c336a089956e00a4f88b6f8d95860
408211,1,"Yeah, true, But I dunno if it would break userland code if init() would not register the Behavior in the Collection, but instead do nothing. But I trust your judgement in these things :-)""",2012-02-01 11:02:29,tPl0ch,cakephp,cakephp,,https://github.com/cakephp/cakephp/pull/455#discussion_r408211,2012-02-01T22:02:29Z,2012-02-03T18:33:39Z,tPl0ch,NONE,lib/Cake/Model/BehaviorCollection.php,,82.0,,,1,"@@ -70,6 +69,18 @@ public function init($modelName, $behaviors = array()) {
 	}
 
 /**
+ * Backwards compatible alias for __construct()
+ *
+ * @param string $modelName
+ * @param array $behaviors
+ * @return void
+ * @deprecated Initialize with constructor instead
+ */
+	public function init($modelName, $behaviors = array()) {
+		$this->__construct($modelName, $behaviors);
+	}
+
+/**","Yeah, true, But I dunno if it would break userland code if init() would not register the Behavior in the Collection, but instead do nothing. But I trust your judgement in these things :-)
",0,ea4f39c13bb80524ad470196be75d5a6a6964048
54071,2,"Yeah, that's right. My bad. Commit 788a7e4 corrects this issue.""",2011-06-28 11:01:01,luisarmando,cakephp,cakephp,,https://github.com/cakephp/cakephp/pull/136#discussion_r54071,2011-06-28T23:01:01Z,2011-07-01T10:19:38Z,labianchin,CONTRIBUTOR,lib/Cake/Console/Command/UpgradeShell.php,,,,,1,"@@ -74,16 +74,22 @@ class UpgradeShell extends Shell {
 	public function locations() {
 		$cwd = getcwd();
 
-		if (is_dir('plugins')) {
-
-			$Folder = new Folder('plugins');
-			list($plugins) = $Folder->read();
-			foreach($plugins as $plugin) {
-				chdir($cwd . DS . 'plugins' . DS . $plugin);
-				$this->locations();
+		$plugins = App::path('plugins');
+		if (!$pluginsFolders)
+			$pluginsFolders = array('plugins');
+
+		foreach ($pluginsFolders as $pluginsFolder){
+			if (is_dir($pluginsFolder)) {
+	
+				$Folder = new Folder($pluginsFolder);
+				list($plugins) = $Folder->read();
+					foreach($plugins as $plugin) {
+					chdir($cwd . DS . 'plugins' . DS . $plugin);","Yeah, that's right. My bad.
Commit 788a7e4 corrects this issue.
",0,b22e30c5a31fb8a7ff95f6670193bc7697de0e9a
6630638,0,"You can also use the official [code sniffer](https://github.com/cakephp/cakephp-codesniffer).""",2013-09-27 03:27:07,ADmad,cakephp,cakephp,,https://github.com/cakephp/cakephp/pull/1688#discussion_r6630638,2013-09-27T15:27:07Z,2013-09-27T15:27:07Z,ADmad,MEMBER,lib/Cake/TestSuite/ControllerTestCase.php,,,,,1,"@@ -219,7 +219,8 @@ protected function _testAction($url = '', $options = array()) {
 		$options = array_merge(array(
 			'data' => array(),
 			'method' => 'POST',
-			'return' => 'result'
+			'return' => 'result',
+            'named'  => array()","You can also use the official [code sniffer](https://github.com/cakephp/cakephp-codesniffer).
",0,9faf3ca5d46ad908974d590249083b5dd75971b9
2671628,0,"Just as curiosity, I was looking the [`DateTime` documentation](http://us2.php.net/manual/en/class.datetime.php) today and they have the constant for the RFC formats.  Form the [cookie RFC](http://tools.ietf.org/html/rfc2616#section-3.3.1), it could be """,2013-01-16 09:19:39,jrbasso,cakephp,cakephp,,https://github.com/cakephp/cakephp/pull/1057#discussion_r2671628,2013-01-16T20:19:39Z,2013-01-24T02:45:59Z,jrbasso,MEMBER,lib/Cake/Network/Http/Cookies.php,,,,,1,"@@ -0,0 +1,117 @@
+<?php
+/**
+ * CakePHP(tm) : Rapid Development Framework (http://cakephp.org)
+ * Copyright 2005-2012, Cake Software Foundation, Inc. (http://cakefoundation.org)
+ *
+ * Licensed under The MIT License
+ * Redistributions of files must retain the above copyright notice.
+ *
+ * @copyright     Copyright 2005-2012, Cake Software Foundation, Inc. (http://cakefoundation.org)
+ * @link          http://cakephp.org CakePHP(tm) Project
+ * @since         CakePHP(tm) v 3.0.0
+ * @license       MIT License (http://www.opensource.org/licenses/mit-license.php)
+ */
+namespace Cake\Network\Http;
+
+use Cake\Network\Http\Request;
+use Cake\Network\Http\Response;
+
+/**
+ * Container class for cookies used in Http\Client.
+ *
+ * Provides cookie jar like features for storing cookies between
+ * requests, as well as appending cookies to new requests.
+ */
+class Cookies {
+
+/**
+ * The cookies stored in this jar.
+ *
+ * @var array
+ */
+	protected $_cookies = [];
+
+/**
+ * Store the cookies from a response.
+ *
+ * Store the cookies that haven't expired. If a cookie has been expired
+ * and is currently stored, it will be removed.
+ *
+ * @param Response $response The response to read cookies from
+ * @param string $url The request URL used for default host/path values.
+ * @return void
+ */
+	public function store(Response $response, $url) {
+		$host = parse_url($url, PHP_URL_HOST);
+		$path = parse_url($url, PHP_URL_PATH);
+		$path = $path ?: '/';
+
+		$cookies = $response->cookies();
+		foreach ($cookies as $name => $cookie) {
+			if (empty($cookie['domain'])) {
+				$cookie['domain'] = $host;
+			}
+			if (empty($cookie['path'])) {
+				$cookie['path'] = $path;
+			}
+			$key = implode(';', [$cookie['name'], $cookie['domain'], $cookie['path']]);
+
+			$expires = isset($cookie['expires']) ? $cookie['expires'] : false;
+			if ($expires) {
+				$expires = \DateTime::createFromFormat('D, j-M-Y H:i:s e', $expires);","Just as curiosity, I was looking the [`DateTime` documentation](http://us2.php.net/manual/en/class.datetime.php) today and they have the constant for the RFC formats.

Form the [cookie RFC](http://tools.ietf.org/html/rfc2616#section-3.3.1), it could be ISO 1123 (most used and the same you used), RFC 1036 or asctime().
",0,c0865001dc9b44d763aba9eaa00720fa4e485ddc
2676081,0,"I ended up using `strtotime()` as the various formats that I saw in the wild and in the specs resulted in icky code. However, strtotime() seems to be able to sort everything out.""",2013-01-16 15:06:50,markstory,cakephp,cakephp,,https://github.com/cakephp/cakephp/pull/1057#discussion_r2676081,2013-01-17T02:06:50Z,2013-01-24T02:45:59Z,markstory,MEMBER,lib/Cake/Network/Http/Cookies.php,,,,,1,"@@ -0,0 +1,117 @@
+<?php
+/**
+ * CakePHP(tm) : Rapid Development Framework (http://cakephp.org)
+ * Copyright 2005-2012, Cake Software Foundation, Inc. (http://cakefoundation.org)
+ *
+ * Licensed under The MIT License
+ * Redistributions of files must retain the above copyright notice.
+ *
+ * @copyright     Copyright 2005-2012, Cake Software Foundation, Inc. (http://cakefoundation.org)
+ * @link          http://cakephp.org CakePHP(tm) Project
+ * @since         CakePHP(tm) v 3.0.0
+ * @license       MIT License (http://www.opensource.org/licenses/mit-license.php)
+ */
+namespace Cake\Network\Http;
+
+use Cake\Network\Http\Request;
+use Cake\Network\Http\Response;
+
+/**
+ * Container class for cookies used in Http\Client.
+ *
+ * Provides cookie jar like features for storing cookies between
+ * requests, as well as appending cookies to new requests.
+ */
+class Cookies {
+
+/**
+ * The cookies stored in this jar.
+ *
+ * @var array
+ */
+	protected $_cookies = [];
+
+/**
+ * Store the cookies from a response.
+ *
+ * Store the cookies that haven't expired. If a cookie has been expired
+ * and is currently stored, it will be removed.
+ *
+ * @param Response $response The response to read cookies from
+ * @param string $url The request URL used for default host/path values.
+ * @return void
+ */
+	public function store(Response $response, $url) {
+		$host = parse_url($url, PHP_URL_HOST);
+		$path = parse_url($url, PHP_URL_PATH);
+		$path = $path ?: '/';
+
+		$cookies = $response->cookies();
+		foreach ($cookies as $name => $cookie) {
+			if (empty($cookie['domain'])) {
+				$cookie['domain'] = $host;
+			}
+			if (empty($cookie['path'])) {
+				$cookie['path'] = $path;
+			}
+			$key = implode(';', [$cookie['name'], $cookie['domain'], $cookie['path']]);
+
+			$expires = isset($cookie['expires']) ? $cookie['expires'] : false;
+			if ($expires) {
+				$expires = \DateTime::createFromFormat('D, j-M-Y H:i:s e', $expires);","I ended up using `strtotime()` as the various formats that I saw in the wild and in the specs resulted in icky code. However, strtotime() seems to be able to sort everything out.
",0,c0865001dc9b44d763aba9eaa00720fa4e485ddc
4778220,1,"Yes you right""",2013-06-19 05:36:15,bhiv,cakephp,cakephp,,https://github.com/cakephp/cakephp/pull/1364#discussion_r4778220,2013-06-19T17:36:15Z,2013-06-19T17:36:15Z,np42,NONE,lib/Cake/Model/Behavior/ContainableBehavior.php,,163.0,,,19,"@@ -152,6 +157,12 @@ public function beforeFind(Model $Model, $query) {
 						if (!$reset && empty($instance->__backOriginalAssociation)) {
 							$instance->__backOriginalAssociation = $backupBindings;
 						}
+						foreach ($unbind as $className) {
+							$this->rebinds[] = array
+							( 'model' => $instance, 'type' => $type
+							, 'className' => $className, 'link' => &$instance->{$type}[$className]","Yes you right
",0,8e500c33349a5dbd05d1846c17538102669a5c51
6103651,0,"One could default this to false and only enable it dynamically inside the code.""",2013-09-01 10:55:17,dereuromark,cakephp,cakephp,,https://github.com/cakephp/cakephp/pull/1594#discussion_r6103651,2013-09-01T22:55:17Z,2013-09-01T22:55:17Z,dereuromark,MEMBER,lib/Cake/Console/ConsoleInput.php,,44.0,,,12,"@@ -33,11 +33,23 @@ class ConsoleInput {
 	protected $_input;
 
 /**
+ * Can this instance use readline?
+ * Two conditions must be met:
+ * 1. Readline support must be enabled.
+ * 2. Handle we are attached to must be stdin.
+ * Allows rich editing with arrow keys and history when inputting a string.
+ *
+ * @var bool
+ */
+	protected $_canReadline;","One could default this to false and only enable it dynamically inside the code.
",0,bb98ac761fad08204cb7ad9fac9e6b22e283f5e0
6060336,0,"One problem with pbkdf is the general lack of support. Prior to 5.5 I'm not aware of any commonly installed extension that provides pbkdf2. An alternative to length checks and pbkdf2 is to use sha256. That would mask the original key and ensure the correc""",2013-08-29 01:40:49,markstory,cakephp,cakephp,,https://github.com/cakephp/cakephp/pull/1568#discussion_r6060336,2013-08-29T13:40:49Z,2013-09-02T01:44:56Z,markstory,MEMBER,lib/Cake/Utility/Security.php,,,,,1,"@@ -289,4 +289,69 @@ protected static function _crypt($password, $salt = false) {
 		return crypt($password, $salt);
 	}
 
+/**
+ * Encrypt a value using AES-256.
+ *
+ * *Caveat* You cannot properly encrypt/decrypt data with trailing null bytes.
+ * Any trailing null bytes will be removed on decryption due to how PHP pads messages
+ * with nulls prior to encryption.
+ *
+ * @param string $plain The value to encrypt.
+ * @param string $key The 256 bit/32 byte key to use as a cipher key.
+ * @return string Encrypted data.
+ * @throws CakeException On invalid data or key.
+ */
+	public static function encrypt($plain, $key) {
+		self::_checkKey($key, 'encrypt()');
+		if (empty($plain)) {
+			throw new CakeException(__d('cake_dev', 'The data to encrypt cannot be empty.'));
+		}
+		$key = substr($key, 0, 32);","One problem with pbkdf is the general lack of support. Prior to 5.5 I'm not aware of any commonly installed extension that provides pbkdf2. An alternative to length checks and pbkdf2 is to use sha256. That would mask the original key and ensure the correct key length.
",0,13b870d7e183375822eea4ffd66aaacaeec760ff
5034403,2,"Sounds like hack, but with that difference I wonder if the `call_user_func_array` could be replaced until certain level by the same strategy used in [`Configure::write()` of 1.x version](https://github.com/cakephp/cakephp/blob/1.3/cake/libs/configure.php#""",2013-07-04 05:25:21,jrbasso,cakephp,cakephp,,https://github.com/cakephp/cakephp/pull/1397#discussion_r5034403,2013-07-04T17:25:21Z,2013-07-05T03:45:44Z,jrbasso,MEMBER,lib/Cake/Event/EventManager.php,,,,,1,"@@ -243,8 +235,10 @@ public function dispatch($event) {
 			if ($event->isStopped()) {
 				break;
 			}
-			if ($listener['passParams'] === true) {
-				$result = call_user_func_array($listener['callable'], $event->data);
+			$data = $event->data();
+			if ($data !== null) {
+				array_unshift($data, $event);
+				$result = call_user_func_array($listener['callable'], $data);
 			} else {
 				$result = call_user_func($listener['callable'], $event);","Sounds like hack, but with that difference I wonder if the `call_user_func_array` could be replaced until certain level by the same strategy used in [`Configure::write()` of 1.x version](https://github.com/cakephp/cakephp/blob/1.3/cake/libs/configure.php#L93-L107)
",0,3040dbe0c36960df4b3d20fd0cad8a570a98cdff
4288375,0,"It is needed and is set in [constructor](https://github.com/ADmad/cakephp/blob/8ae3934378e75b2bdc7ac850f7593467fa7e7fc3/lib/Cake/Controller/Component/Auth/BasicAuthenticate.php#L55). I removed the overriding of `$settings` property so that if its keys are""",2013-05-18 04:35:27,ADmad,cakephp,cakephp,,https://github.com/cakephp/cakephp/pull/1275#discussion_r4288375,2013-05-18T16:35:27Z,2013-05-26T05:59:44Z,ADmad,MEMBER,lib/Cake/Controller/Component/Auth/BasicAuthenticate.php,,68.0,,,25,"@@ -44,31 +44,6 @@
 class BasicAuthenticate extends BaseAuthenticate {
 
 /**
- * Settings for this object.
- *
- * - `fields` The fields to use to identify a user by.
- * - `userModel` The model name of the User, defaults to User.
- * - `scope` Additional conditions to use when looking up and authenticating users,
- *    i.e. `array('User.is_active' => 1).`
- * - `recursive` The value of the recursive key passed to find(). Defaults to 0.
- * - `contain` Extra models to contain and store in session.
- * - `realm` The realm authentication is for. Defaults the server name.
- *
- * @var array
- */
-	public $settings = array(
-		'fields' => array(
-			'username' => 'username',
-			'password' => 'password'
-		),
-		'userModel' => 'User',
-		'scope' => array(),
-		'recursive' => 0,
-		'contain' => null,
-		'realm' => '',","It is needed and is set in [constructor](https://github.com/ADmad/cakephp/blob/8ae3934378e75b2bdc7ac850f7593467fa7e7fc3/lib/Cake/Controller/Component/Auth/BasicAuthenticate.php#L55). I removed the overriding of `$settings` property so that if its keys are updated in `BaseAuthenticate` they are easily inherited and you don't have to update this class too. 
",0,dd2892ad8d0e3a0b09990b0a9ef26c320f1901fa
2930599,0,"should the regex then consider the following?   ```html      <br/>, <br />, <br>, <br > ```   Mark, I'm not sure if I follow the tag formatting that you've created and how it would account for the 4 versions of 'br' above?""",2013-02-07 07:07:30,TeckniX,cakephp,cakephp,,https://github.com/cakephp/cakephp/pull/1107#discussion_r2930599,2013-02-07T18:07:30Z,2013-03-25T15:01:22Z,TeckniX,CONTRIBUTOR,lib/Cake/View/Helper/TextHelper.php,,,,,1,"@@ -228,6 +228,29 @@ public function highlight($text, $phrase, $options = array()) {
 	}
 
 /**
+ * Formats paragraphs around given text for all line breaks
+ *  <br> added for single line return
+ *  <p> added for double line return
+ *
+ * @param string $text Text
+ * @return string The text with proper <p> tags
+ * @link http://book.cakephp.org/2.0/en/core-libraries/helpers/text.html#TextHelper::autoParagraph
+ */
+	public static function autoParagraph($text) {
+		if (trim($text) !== '') {
+			$text = preg_replace('|<br />\s*<br />|', ""\n\n"", $text . ""\n"");","should the regex then consider the following? 

``` html
     <br/>, <br />, <br>, <br >
```

Mark, I'm not sure if I follow the tag formatting that you've created and how it would account for the 4 versions of 'br' above?
",0,d260f4a5b3c4e057355397da65ab7f8a3088d5a7
1616412,0,"Can you please rename it to addToWhitelist ? First time I read this I thought it was ment to add fields to a query""",2012-09-16 19:33:50,lorenzo,cakephp,cakephp,,https://github.com/cakephp/cakephp/pull/851#discussion_r1616412,2012-09-17T07:33:50Z,2012-11-02T09:54:29Z,lorenzo,MEMBER,lib/Cake/Model/Model.php,,,,,1,"@@ -2299,6 +2302,29 @@ public function saveAssociated($data = null, $options = array()) {
 	}
 
 /**
+ * Helper method for saveAll() and friends, to add foreign key to fieldlist
+ *
+ * @param string $key fieldname to be added to list
+ * @param array $options
+ * @return array $options
+ */
+	public function addToFieldList($key, $options) {","Can you please rename it to addToWhitelist ? First time I read this I thought it was ment to add fields to a query
",0,7007dba0eb836f852aaca95fada103bc4ba993a9
1620325,0,"fieldList == whiteList though.""",2012-09-17 04:39:36,markstory,cakephp,cakephp,,https://github.com/cakephp/cakephp/pull/851#discussion_r1620325,2012-09-17T16:39:36Z,2012-11-02T09:54:30Z,markstory,MEMBER,lib/Cake/Model/Model.php,,,,,1,"@@ -2299,6 +2302,29 @@ public function saveAssociated($data = null, $options = array()) {
 	}
 
 /**
+ * Helper method for saveAll() and friends, to add foreign key to fieldlist
+ *
+ * @param string $key fieldname to be added to list
+ * @param array $options
+ * @return array $options
+ */
+	public function addToFieldList($key, $options) {","fieldList == whiteList though.
",0,7007dba0eb836f852aaca95fada103bc4ba993a9
1616459,2,"Can we add a default return? throwing an exception sounds a bit too much for view related code""",2012-09-16 19:47:21,lorenzo,cakephp,cakephp,,https://github.com/cakephp/cakephp/pull/850#discussion_r1616459,2012-09-17T07:47:21Z,2012-09-17T11:22:15Z,lorenzo,MEMBER,lib/Cake/Utility/CakeNumber.php,,127.0,,,1,"@@ -102,6 +102,28 @@ public static function toReadableSize($size) {
 	}
 
 /**
+ * Converts filesize from human readable string to bytes
+ *
+ * @param string $size Size in human readable string like '5MB'
+ * @return integer Bytes
+ */
+	public static function fromReadableSize($size) {
+		if (ctype_digit($size)) {
+			return $size * 1;
+		}
+		$units = array('KB', 'MB', 'GB', 'TB', 'PB');
+		foreach ($units as $i => $unit) {
+			if ($unit == substr($size, -2)) {
+				return $size * pow(1024, $i + 1);
+			}
+		}
+		if (substr($size, -1) == 'B' && ctype_digit(substr($size, 0, strlen($size) - 1))) {
+			return $size * 1;
+		}
+		throw new CakeException(__d('cake_dev', 'No unit type.'));","Can we add a default return? throwing an exception sounds a bit too much for view related code
",0,9530e68ae62dc9cb49b00e61814165c46009f56e
1560837,0,"Why not have the _setupFilesystem() method return a list of variables that you can unpack with list().  That solves the duplication and variable scoping issues.""",2012-09-08 05:35:24,markstory,cakephp,cakephp,,https://github.com/cakephp/cakephp/pull/626#discussion_r1560837,2012-09-08T17:35:24Z,2012-09-08T17:35:24Z,markstory,MEMBER,lib/Cake/Test/Case/Utility/FolderTest.php,,1023.0,,,62,"@@ -848,14 +973,76 @@ public function testCopy() {
 		file_put_contents($folderThree . DS . 'folder2' . DS . 'file2.php', 'untouched');
 
 		$Folder = new Folder($folderOne);
-		$result = $Folder->copy($folderThree);
+		$result = $Folder->copy(array('to'=>$folderThree, 'scheme'=>Folder::SKIP));
 		$this->assertTrue($result);
 		$this->assertTrue(file_exists($folderThree . DS . 'file1.php'));
 		$this->assertEquals('untouched', file_get_contents($folderThree . DS . 'folder2' . DS . 'file2.php'));
 
 		$Folder = new Folder($path);
 		$Folder->delete();
+	}	
+	
+	/**
+	 * testCopyWithOverwrite
+	 * 
+	 * Verify that subdirectories existing in both destination and source directory
+	 * are overwritten/replaced recursivly.
+	 * 
+	 * $path: folder_test/
+	 * $folderOne: folder_test/folder1/
+	 * - file1.php
+	 * $folderTwo: folder_test/folder2/
+	 * - file2.php
+	 * $folderThree: folder_test/folder1/folder3/
+	 * - file3.php
+	 * $folderFour: folder_test/folder2/folder4/
+	 * - file4.php
+	 * $folderFive: folder_test/folder4/
+	 */
+	function testCopyWithOverwrite() {
+		$path = TMP . 'folder_test';
+		$folderOne = $path . DS . 'folder1';
+		$folderTwo = $path . DS . 'folder2';
+		$folderThree = $folderOne . DS . 'folder';
+		$folderFour = $folderTwo . DS . 'folder';
+		$folderFive = $path . DS . 'folder5';
+		$fileOne = $folderOne . DS . 'file1.php';
+		$fileTwo = $folderTwo . DS . 'file2.php';
+		$file3 = $folderThree . DS . 'file3.php';
+		$file4 = $folderFour . DS . 'file4.php';
+	
+		new Folder($path, true);
+		new Folder($folderOne, true);
+		new Folder($folderTwo, true);
+		new Folder($folderThree, true);
+		new Folder($folderFour, true);
+		new Folder($folderFive, true);
+		touch($fileOne);
+		touch($fileTwo);
+		touch($file3);
+		touch($file4);","Why not have the _setupFilesystem() method return a list of variables that you can unpack with list().  That solves the duplication and variable scoping issues.
",0,0a35f514cb07b016ac7bd1b904a273b6a0026d05
165826,1,"I think the mask config option is useful.  I just think that chmod() has no chance of side effects in a multi-threaded webserver unlike umask()""",2011-10-11 13:29:24,markstory,cakephp,cakephp,,https://github.com/cakephp/cakephp/pull/240#discussion_r165826,2011-10-12T01:29:24Z,2011-10-12T08:20:12Z,markstory,MEMBER,lib/Cake/Cache/Engine/FileEngine.php,,,,,1,"@@ -288,9 +283,10 @@ class FileEngine extends CacheEngine {
 		if (!$createKey && !$path->isFile()) {
 			return false;
 		}
-		$old = umask(0);
+
+		$old = umask(0666 & ~$this->settings['mask']);","I think the mask config option is useful.  I just think that chmod() has no chance of side effects in a multi-threaded webserver unlike umask()
",0,40aeabe03afb523261c36d3da690d1527207412b
6632562,1,"Returning early for `if (Configure::read('Cache.check') === true) {` would be great too!""",2013-09-27 04:41:53,renan,cakephp,cakephp,,https://github.com/cakephp/cakephp/pull/1687#discussion_r6632562,2013-09-27T16:41:53Z,2013-09-28T08:19:33Z,renan,CONTRIBUTOR,lib/Cake/Model/Model.php,,,,,1,"@@ -3501,17 +3501,20 @@ public function onError() {
 	protected function _clearCache($type = null) {
 		if ($type === null) {","Returning early for `if (Configure::read('Cache.check') === true) {` would be great too!
",0,be61a5023f6052b7765bddfb3b29e52407d0df85
4779589,0,"beeing => being and singup => signup ?""",2013-06-19 06:22:19,dereuromark,cakephp,cakephp,,https://github.com/cakephp/cakephp/pull/1352#discussion_r4779589,2013-06-19T18:22:19Z,2013-06-19T18:22:19Z,dereuromark,MEMBER,lib/Cake/Test/Case/View/Helper/FormHelperTest.php,,6636.0,,,8,"@@ -6629,6 +6629,31 @@ public function testYearAutoExpandRange() {
 	}
 
 /**
+ * testInputDateMaxYear method
+ * 
+ * Let's say we want to only allow users born from
+ * 2006 to 2008 to register
+ * This beeing the first singup page, we still don't have any data","beeing => being and singup => signup ?
",0,2c2f357f30afb956187d89f84313ea268ff22ea9
6374521,0,"If you want you can, if not I can go through and fix the old code. There isn't a phpcs test for this which is why it is inconsistent.""",2013-09-15 23:55:27,markstory,cakephp,cakephp,,https://github.com/cakephp/cakephp/pull/1638#discussion_r6374521,2013-09-16T11:55:27Z,2013-09-16T12:06:12Z,markstory,MEMBER,lib/Cake/Test/Case/Event/CakeEventManagerTest.php,,,,,1,"@@ -414,4 +422,63 @@ public function testStopPropagation() {
 		$expected = array('secondListenerFunction');
 		$this->assertEquals($expected, $listener->callStack);
 	}
+
+/**
+ * Tests event dispatching using priorities
+ *
+ * @return void
+ */
+	public function testDispatchPrioritizedWithGlobal() {
+		$generalManager = $this->getMock('CakeEventManager');
+		$manager = new CakeEventManager;
+		$listener = new CustomTestEventListerner;","If you want you can, if not I can go through and fix the old code. There isn't a phpcs test for this which is why it is inconsistent.
",0,8a87f7e1b56af69b3ac9b2df52ace9caad45e9f5
6101204,2,":(""",2013-08-31 11:25:29,jrbasso,cakephp,cakephp,,https://github.com/cakephp/cakephp/pull/1584#discussion_r6101204,2013-08-31T23:25:29Z,2013-09-01T02:33:40Z,jrbasso,MEMBER,lib/Cake/ORM/Query.php,,,,,1,"@@ -558,6 +558,29 @@ public function mapReduce(callable $mapper = null, callable $reducer = null, $ov
 	}
 
 /**
+ * Returns the first result out of executed this query, if the query has not been
+ * executed before, it will set the limit clause to 1 for performance reasons.
+ *
+ * ###Example:
+ *
+ * ``$singleUser = $query->select(['id', 'username'])->first()``
+ *
+ * @return mixed the first result from the ResultSet
+ */
+	public function first() {
+		if ($this->_dirty) {
+			$this->limit(1);
+		}
+		$this->bufferResults();
+		$this->_results = $this->execute();
+		// Calls foreach so we cursor is rewinded automatically
+		foreach ($this->_results as $row) {",":(
",0,88c0ab3a2f5be7840d559e8873b0b6562e915416
5829535,2,"I'm glad I'm not the only person who hates Cache::set(). That method is all sorts of silly. I'm on board for removing it if others are. It adds a pile of complexity to Cache for almost no benefit other than making the calling code more complicated as well""",2013-08-17 06:44:30,markstory,cakephp,cakephp,,https://github.com/cakephp/cakephp/pull/1534#discussion_r5829535,2013-08-17T18:44:30Z,2013-08-17T21:09:51Z,markstory,MEMBER,lib/Cake/Cache/Cache.php,,181.0,,,71,"@@ -125,25 +132,62 @@ class Cache {
 
 /**
  * This method can be used to define cache adapters for an application
- * during the bootstrapping process. You can use this method to add new cache adapters
- * at runtime as well. New cache configurations will be constructed upon the next write.
+ * or read existing configuration.
  *
  * To change an adapter's configuration at runtime, first drop the adapter and then
  * reconfigure it.
  *
  * Adapters will not be constructed until the first operation is done.
  *
+ * ### Usage
+ *
+ * Reading config data back:
+ *
+ * `Cache::config('default');`
+ *
+ * Setting a cache engine up.
+ *
+ * `Cache::config('default', $settings);`
+ *
+ * Injecting a constructed adapter in:
+ *
+ * `Cache::config('default', $instance);`
+ *
+ * Using a factory function to get an adapter:
+ *
+ * `Cache::config('default', function () { return new FileEngine(); });`
+ *
+ * Configure multiple adapters at once:
+ *
+ * `Cache::config($arrayOfConfig);`
+ *
  * @param string|array $key The name of the cache config, or an array of multiple configs.
  * @param array $config An array of name => config data for adapter.
- * @return void
+ * @return mixed null when adding configuration and an array of configuration data when reading.
+ * @throws Cake\Error\Exception When trying to modify an existing config.
  */
 	public static function config($key, $config = null) {
-		if ($config !== null && is_string($key)) {
-			static::$_config[$key] = $config;
+		// Read config.
+		if ($config === null && is_string($key)) {
+			return isset(static::$_config[$key]) ? static::$_config[$key] : null;
+		}
+		if ($config === null && is_array($key)) {
+			foreach ($key as $name => $settings) {
+				static::config($name, $settings);
+			}
 			return;
 		}
-
-		static::$_config = array_merge(static::$_config, $key);
+		if (isset(static::$_config[$key])) {
+			throw new Error\Exception(__d('cake_dev', 'Cannot reconfigure existing adapter ""%s""', $key));","I'm glad I'm not the only person who hates Cache::set(). That method is all sorts of silly. I'm on board for removing it if others are. It adds a pile of complexity to Cache for almost no benefit other than making the calling code more complicated as well.
",0,0ecdd6f5b831281d144abd821e93f9157897709d
5591330,0,"There are a number of classname checks throughout the new code. Would it make sense to have a simple class that implemented the ExpressionInterface that we could use to wrap other values with? That might help remove the various `instanceof` checks through""",2013-08-05 09:50:16,markstory,cakephp,cakephp,,https://github.com/cakephp/cakephp/pull/1479#discussion_r5591330,2013-08-05T21:50:16Z,2013-08-10T09:37:05Z,markstory,MEMBER,lib/Cake/Database/Query.php,,1209.0,,,196,"@@ -1157,8 +1182,27 @@ protected function _buildInsertPart($parts) {
  * @param array $parts
  * @return string SQL fragment.
  */
-	protected function _buildValuesPart($parts) {
-		return implode('', $parts);
+	protected function _buildValuesPart($parts, $generator) {
+		return implode('', $this->_stringifyExpressions($parts, $generator));
+	}
+
+/**
+ * Helper function used to covert ExpressionInterface objects inside an array
+ * into their string representation
+ *
+ * @param array $expression list of strings and ExpressionInterface objects
+ * @param ValueBinder $generator the placeholder generator to be used in expressions
+ * @return array
+ */
+	protected function _stringifyExpressions(array $expressions, ValueBinder $generator) {
+		$result = [];
+		foreach ($expressions as $k => $expression) {
+			if ($expression instanceof ExpressionInterface) {
+				$expression = '(' . $expression->sql($generator) . ')';
+			}","There are a number of classname checks throughout the new code. Would it make sense to have a simple class that implemented the ExpressionInterface that we could use to wrap other values with? That might help remove the various `instanceof` checks throughout the code as all values would implement the ExpressionInterface.
",0,8962e041fb4d9c46bb7cd809418d8f6f92cb2daf
5609729,2,"Blerg. Do we need/want to support that syntax?""",2013-08-06 05:06:40,markstory,cakephp,cakephp,,https://github.com/cakephp/cakephp/pull/1479#discussion_r5609729,2013-08-06T17:06:40Z,2013-08-10T09:37:05Z,markstory,MEMBER,lib/Cake/Database/Query.php,,,,,1,"@@ -1453,6 +1497,48 @@ public function defaultTypes(array $types = null) {
 	}
 
 /**
+ * Associates a query placeholder to a value and a type.
+ *
+ * If type is expressed as ""atype[]"" (note braces) then it will cause the
+ * placeholder to be re-written dynamically so if the value is an array, it
+ * will create as many placeholders as values are in it. For example ""string[]""
+ * will create several placeholders of type string.
+ *
+ * @param string|integer $token placeholder to be replaced with quoted version
+ * of $value
+ * @param mixed $value the value to be bound
+ * @param string|integer $type the mapped type name, used for casting when sending
+ * to database
+ * @return Query
+ */
+	public function bind($param, $value, $type) {","Blerg. Do we need/want to support that syntax?
",0,8962e041fb4d9c46bb7cd809418d8f6f92cb2daf
4604322,0,"Yes, please.""",2013-06-09 03:19:14,Phally,cakephp,cakephp,,https://github.com/cakephp/cakephp/pull/1340#discussion_r4604322,2013-06-09T15:19:14Z,2013-06-16T04:10:38Z,Phally,CONTRIBUTOR,lib/Cake/Database/Expression/QueryExpression.php,,,,,1,"@@ -551,9 +551,12 @@ protected function _parseCondition($field, $value, $types) {
 		$type = isset($types[$expression]) ? $types[$expression] : null;
 		$multi = false;
 
-		if (in_array(strtolower(trim($operator)), ['in', 'not in'])) {
+		$typeMultiple = strpos($type, '[]') !== false;
+		if (in_array(strtolower(trim($operator)), ['in', 'not in']) || $typeMultiple) {
 			$type = $type ?: 'string';
-			$type .= strpos($type, '[]') === false ? '[]' : null;
+			$type .= $typeMultiple ? null : '[]';
+			$operator = $operator == '=' ? 'in' : $operator;
+			$operator = $operator == '!=' ? 'not in' : $operator;","Yes, please.
",0,adb78e6c3992279bb0dcede982f7ba86db765a25
4412256,1,"I like.  It's not obvious in the diff, but does this allow setting the value 'once' like so:  ```php $this->Html->pathPrefix = '//cakephp.org/css'; $this->Html->css('foo'); // http://cakephp.org/css/foo.css $this->Html->css(array('bar', 'spam'); //""",2013-05-28 01:15:40,rchavik,cakephp,cakephp,,https://github.com/cakephp/cakephp/pull/1305#discussion_r4412256,2013-05-28T13:15:40Z,2013-08-07T02:45:05Z,rchavik,MEMBER,lib/Cake/Test/Case/View/Helper/HtmlHelperTest.php,,421.0,,,21,"@@ -386,6 +386,15 @@ public function testImageTag() {
 
 		$result = $this->Html->image('test.gif?one=two&three=four');
 		$this->assertTags($result, array('img' => array('src' => 'img/test.gif?one=two&amp;three=four', 'alt' => '')));
+
+		$result = $this->Html->image('test.gif', array('pathPrefix' => '/my/custom/path/'));
+		$this->assertTags($result, array('img' => array('src' => '/my/custom/path/test.gif', 'alt' => '')));
+
+		$result = $this->Html->image('test.gif', array('pathPrefix' => 'http://cakephp.org/assets/img/'));
+		$this->assertTags($result, array('img' => array('src' => 'http://cakephp.org/assets/img/test.gif', 'alt' => '')));
+
+		$result = $this->Html->image('test.gif', array('pathPrefix' => '//cakephp.org/assets/img/'));","I like.

It's not obvious in the diff, but does this allow setting the value 'once' like so:

``` php
$this->Html->pathPrefix = '//cakephp.org/css';
$this->Html->css('foo'); // http://cakephp.org/css/foo.css
$this->Html->css(array('bar', 'spam'); // http://cakephp.org/css/bar.css http://cakephp.org/css/spam.css
```
",0,cda1a1e6c996ac91d7f0794b4134889f7f711024
4288362,0,"Could you not use array_merge() here? None of the built-in hashers have nested settings.""",2013-05-18 04:27:10,markstory,cakephp,cakephp,,https://github.com/cakephp/cakephp/pull/1275#discussion_r4288362,2013-05-18T16:27:10Z,2013-05-26T05:59:44Z,markstory,MEMBER,lib/Cake/Controller/Component/Auth/BasePasswordHasher.php,,,,,1,"@@ -0,0 +1,66 @@
+<?php
+/**
+ * PHP 5
+ *
+ * CakePHP(tm) : Rapid Development Framework (http://cakephp.org)
+ * Copyright (c) Cake Software Foundation, Inc. (http://cakefoundation.org)
+ *
+ * Licensed under The MIT License
+ * For full copyright and license information, please see the LICENSE.txt
+ * Redistributions of files must retain the above copyright notice.
+ *
+ * @copyright     Copyright (c) Cake Software Foundation, Inc. (http://cakefoundation.org)
+ * @link          http://cakephp.org CakePHP(tm) Project
+ * @license       MIT License (http://www.opensource.org/licenses/mit-license.php)
+ */
+App::uses('Security', 'Utility');
+App::uses('Hash', 'Utility');
+
+/**
+ * Base password hashing class.
+ *
+ * @package       Cake.Controller.Component.Auth
+ */
+class BasePasswordHasher {
+
+/**
+ * Settings for this object. Settings for authenticator are passed to the constructor
+ * which are merged with this property.
+ *
+ * @var array
+ */
+	public $settings = array();
+
+/**
+ * Constructor
+ *
+ * @param array $settings Array of settings to use.
+ */
+	public function __construct($settings = array()) {
+		$this->settings = Hash::merge($this->settings, $settings);","Could you not use array_merge() here? None of the built-in hashers have nested settings.
",0,dd2892ad8d0e3a0b09990b0a9ef26c320f1901fa
2741043,0,"Better to use the `cake.power.gif` image from `Test/test_app/`. Also as per cake's coding standard there should be a space before and after each `.`. You can use https://github.com/cakephp/cakephp-codesniffer """,2013-01-23 01:44:24,ADmad,cakephp,cakephp,,https://github.com/cakephp/cakephp/pull/1080#discussion_r2741043,2013-01-23T12:44:24Z,2013-01-23T12:53:25Z,ADmad,MEMBER,lib/Cake/Test/Case/BasicsTest.php,,,,,1,"@@ -242,6 +242,10 @@ public function testH() {
 		$obj = new CakeResponse(array('body' => 'Body content'));
 		$result = h($obj);
 		$this->assertEquals('Body content', $result);
+		
+		$invalidString = file_get_contents(CAKE.'..'.DS.'..'.DS.'app'.DS.'webroot'.DS.'favicon.ico');","Better to use the `cake.power.gif` image from `Test/test_app/`. Also as per cake's coding standard there should be a space before and after each `.`. You can use https://github.com/cakephp/cakephp-codesniffer 
",0,29326d77308437c1557843c090ef7ab77ac94c88
2521324,0,"That's quite the selection in behaviour. This is all to handle the case where the referring URL & loginRedirect are inaccessible to the user who is logged in?""",2012-12-30 04:17:59,markstory,cakephp,cakephp,,https://github.com/cakephp/cakephp/pull/1053#discussion_r2521324,2012-12-30T15:17:59Z,2013-01-12T05:57:49Z,markstory,MEMBER,lib/Cake/Controller/Component/AuthComponent.php,,222.0,,,1,"@@ -215,11 +215,13 @@ class AuthComponent extends Component {
 	public $authError = null;
 
 /**
- * Controls handling of unauthorized access. By default unauthorized user is
- * redirected to the referrer url or AuthComponent::$loginRedirect or '/'.
- * If set to false a ForbiddenException exception is thrown instead of redirecting.
+ * Controls handling of unauthorized access.
+ * - For default value `true` unauthorized user is redirected to the referrer url
+ *   or AuthComponent::$loginRedirect or '/'.
+ * - If set to a string or array the value is used as an url to redirect to.
+ * - If set to false a ForbiddenException exception is thrown instead of redirecting.","That's quite the selection in behaviour. This is all to handle the case where the referring URL & loginRedirect are inaccessible to the user who is logged in?
",0,676872d623753db5f748a696582d7298a9a28914
1940999,0,"Missing spaces after `,`.  Please use the code sniffer for these types of errors.""",2012-10-25 02:11:27,markstory,cakephp,cakephp,,https://github.com/cakephp/cakephp/pull/912#discussion_r1940999,2012-10-25T14:11:27Z,2012-10-25T15:15:54Z,markstory,MEMBER,lib/Cake/Model/Validator/CakeValidationRule.php,,263.0,,,7,"@@ -257,6 +257,9 @@ public function isUpdate($exists = null) {
 /**
  * Dispatches the validation rule to the given validator method
  *
+ * Use ""PluginName.ClassName::method"" as validation rule name to refer to a custom validator object.
+ * /App/Plugin/Model/Validation/ClassName.php
+ *
  * @return boolean True if the rule could be dispatched, false otherwise","Missing spaces after `,`.  Please use the code sniffer for these types of errors.
",0,b843eda89dc380108a48e5c6fc84036170edc3a2
1735942,0,"I would name it Logger instead. Or at least I would try to avoid exposing the name trait on it as it is different from interfaces in that they act very much like a class""",2012-10-01 18:36:06,lorenzo,cakephp,cakephp,,https://github.com/cakephp/cakephp/pull/885#discussion_r1735942,2012-10-02T06:36:06Z,2012-10-03T03:00:37Z,lorenzo,MEMBER,lib/Cake/Log/LogTrait.php,,22.0,,,22,"@@ -0,0 +1,41 @@
+<?php
+/**
+ * CakePHP(tm) : Rapid Development Framework (http://cakephp.org)
+ * Copyright 2005-2012, Cake Software Foundation, Inc. (http://cakefoundation.org)
+ *
+ * Licensed under The MIT License
+ * Redistributions of files must retain the above copyright notice.
+ *
+ * @copyright     Copyright 2005-2012, Cake Software Foundation, Inc. (http://cakefoundation.org)
+ * @link          http://cakephp.org CakePHP(tm) Project
+ * @since         CakePHP(tm) v 3.0.0
+ * @license       MIT License (http://www.opensource.org/licenses/mit-license.php)
+ */
+namespace Cake\Log;
+
+use Cake\Log\Log;
+
+/**
+ * A trait providing an object short-cut method
+ * to logging.
+ *
+ * @package Cake.Log
+ */
+trait LogTrait {","I would name it Logger instead. Or at least I would try to avoid exposing the name trait on it as it is different from interfaces in that they act very much like a class
",0,dbcc0c104aa46a8df553d97c4fe50c0a2164bc94
1050070,0,"Should be `if (`and `) {` as per the [coding conventions](http://book.cakephp.org/2.0/en/contributing/cakephp-coding-conventions.html)""",2012-06-25 23:42:15,markstory,cakephp,cakephp,,https://github.com/cakephp/cakephp/pull/700#discussion_r1050070,2012-06-26T11:42:15Z,2012-06-26T14:56:27Z,markstory,MEMBER,lib/Cake/Model/Datasource/DboSource.php,,,,,1,"@@ -1077,6 +1082,10 @@ public function read(Model $model, $queryData = array(), $recursive = null) {
 			}
 		}
 
+        if(!empty($joins)){","Should be `if (`and `) {` as per the [coding conventions](http://book.cakephp.org/2.0/en/contributing/cakephp-coding-conventions.html)
",0,dbdc183fbf878b48f8368c8ee46dcb825cb7d708
6647248,0,"Perhaps this method should not directly tested if you need to use reflection hacks to test it.""",2013-09-29 01:56:48,markstory,cakephp,cakephp,,https://github.com/cakephp/cakephp/pull/1693#discussion_r6647248,2013-09-29T13:56:48Z,2013-10-05T22:23:27Z,markstory,MEMBER,Cake/Test/TestCase/Database/Schema/MysqlSchemaTest.php,,,,,1,"@@ -119,13 +119,14 @@ public static function columnProvider() {
 /**
  * Test parsing MySQL column types.
  *
- * @dataProvider columnProvider
+ * @dataProvider convertColumnProvider
  * @return void
  */
-	public function testConvertColumnType($input, $expected) {
+	public function testConvertColumn($input, $expected) {
 		$driver = $this->getMock('Cake\Database\Driver\Mysql');
 		$dialect = new MysqlSchema($driver);
-		$this->assertEquals($expected, $dialect->convertColumn($input));
+		$method = $this->getPrivateMethod($dialect, '_convertColumn');
+		$this->assertEquals($expected, $method->invoke($dialect, $input));
 	}","Perhaps this method should not directly tested if you need to use reflection hacks to test it.
",0,e88556e91540fd24aba8a434b351897153e56a13
6698205,0,"Could simple unset them in CommandTask::getShellList from listing. TBH that is hacky at best. Using reflection to check for a attribute marking it as hidden would slow it down considerably but could be a clean way to do it.""",2013-10-01 08:22:36,WyriHaximus,cakephp,cakephp,,https://github.com/cakephp/cakephp/pull/1644#discussion_r6698205,2013-10-01T20:22:36Z,2013-10-02T20:32:13Z,WyriHaximus,CONTRIBUTOR,lib/Cake/Test/Case/Console/Command/CommandListShellTest.php,,108.0,,,26,"@@ -98,7 +105,7 @@ public function testMain() {
 		$expected = ""/\[.*TestPluginTwo.*\] example, welcome/"";
 		$this->assertRegExp($expected, $output);
 
-		$expected = ""/\[.*CORE.*\] acl, api, bake, command_list, console, i18n, schema, server, test, testsuite, upgrade/"";
+		$expected = ""/\[.*CORE.*\] acl, api, bake, command_list, completion, console, i18n, schema, server, test, testsuite, upgrade/"";","Could simple unset them in CommandTask::getShellList from listing. TBH that is hacky at best. Using reflection to check for a attribute marking it as hidden would slow it down considerably but could be a clean way to do it.
",0,ac9b7f3882ba5ba8ab240508e46fc8d0ff30b056
6101145,2,"@jrbasso I tried that, does not work :(""",2013-08-31 11:06:08,lorenzo,cakephp,cakephp,,https://github.com/cakephp/cakephp/pull/1584#discussion_r6101145,2013-08-31T23:06:08Z,2013-09-01T02:33:40Z,lorenzo,MEMBER,lib/Cake/ORM/Query.php,,,,,1,"@@ -558,6 +558,29 @@ public function mapReduce(callable $mapper = null, callable $reducer = null, $ov
 	}
 
 /**
+ * Returns the first result out of executed this query, if the query has not been
+ * executed before, it will set the limit clause to 1 for performance reasons.
+ *
+ * ###Example:
+ *
+ * ``$singleUser = $query->select(['id', 'username'])->first()``
+ *
+ * @return mixed the first result from the ResultSet
+ */
+	public function first() {
+		if ($this->_dirty) {
+			$this->limit(1);
+		}
+		$this->bufferResults();
+		$this->_results = $this->execute();
+		// Calls foreach so we cursor is rewinded automatically
+		foreach ($this->_results as $row) {","@jrbasso I tried that, does not work :(
",0,88c0ab3a2f5be7840d559e8873b0b6562e915416
5895963,1,"Well the current code sniffs complain about it. We could always change the rules :smile:""",2013-08-21 02:07:47,markstory,cakephp,cakephp,,https://github.com/cakephp/cakephp/pull/1544#discussion_r5895963,2013-08-21T14:07:47Z,2013-08-24T16:35:52Z,markstory,MEMBER,lib/Cake/Test/TestCase/ORM/QueryTest.php,,,,,1,"@@ -888,4 +903,105 @@ public function testApplyOptions() {
 		$this->assertEquals($expected, $query->contain());
 	}
 
+/**
+ * Tests registering mappers with mapReduce()
+ *
+ * @return void
+ */
+	public function testMapReduceOnlyMapper() {
+		$mapper1 = function() {};
+		$mapper2 = function() {};
+		$query = new Query($this->connection, $this->table);
+		$this->assertSame($query, $query->mapReduce($mapper1));
+		$this->assertSame([['mapper' => $mapper1]], $query->mapReduce());
+
+		$this->assertSame($query, $query->mapReduce($mapper1));
+		$result = $query->mapReduce();
+		$this->assertEquals([['mapper' => $mapper1], ['mapper' => $mapper2]], $result);
+	}
+
+/**
+ * Tests registering mappers and reducers with mapReduce()
+ *
+ * @return void
+ */
+	public function testMapReduceBothMethods() {
+		$mapper1 = function() {};
+		$mapper2 = function() {};
+		$reducer1 = function() {};
+		$reducer2 = function() {};
+		$query = new Query($this->connection, $this->table);
+		$this->assertSame($query, $query->mapReduce($mapper1, $reducer1));
+		$this->assertSame(
+			[['mapper' => $mapper1, 'reducer' => $reducer1]],
+			$query->mapReduce()
+		);
+
+		$this->assertSame($query, $query->mapReduce($mapper2, $reducer2));
+		$this->assertSame(
+			[
+				['mapper' => $mapper1, 'reducer' => $reducer1],
+				['mapper' => $mapper2, 'reducer' => $reducer2]
+			],
+			$query->mapReduce()
+		);
+	}
+
+/**
+ * Tests that it is possible to overwrite previous map reducers
+ *
+ * @return void
+ */
+	public function testOverwriteMapReduce() {
+		$mapper1 = function() {};
+		$mapper2 = function() {};
+		$reducer1 = function() {};
+		$reducer2 = function() {};
+		$query = new Query($this->connection, $this->table);
+		$this->assertSame($query, $query->mapReduce($mapper1, $reducer1));
+		$this->assertSame(
+			[['mapper' => $mapper1, 'reducer' => $reducer1]],
+			$query->mapReduce()
+		);
+
+		$this->assertSame($query, $query->mapReduce($mapper2, $reducer2, true));
+		$this->assertSame(
+			[['mapper' => $mapper2, 'reducer' => $reducer2]],
+			$query->mapReduce()
+		);
+	}
+
+/**
+ * Tests that multiple map reducers can be stacked
+ *
+ * @return void
+ */
+	public function testResultsAreWrappedInMapReduce() {
+		$params = [$this->connection, $this->table];
+		$query = $this->getMock('\Cake\ORM\Query', ['executeStatement'], $params);
+
+		$statement = $this->getMock('\Database\StatementInterface', ['fetch']);
+		$statement->expects($this->at(0))
+			->method('fetch')
+			->will($this->returnValue(['a' => 1]));
+		$statement->expects($this->at(1))
+			->method('fetch')
+			->will($this->returnValue(['a' => 2]));
+		$statement->expects($this->at(2))
+			->method('fetch')
+			->will($this->returnValue(false));
+
+		$query->expects($this->once())
+			->method('executeStatement')
+			->will($this->returnValue($statement));
+
+		$query->mapReduce(function($k, $v, $mr) { $mr->emit($v['a']); });","Well the current code sniffs complain about it. We could always change the rules :smile:
",0,65cc26318d4c4fe3e0e590442a746385e46c152a
5575758,0,"A cleaner way could be to json_encode the string casted $message variable.""",2013-08-04 22:08:45,lorenzo,cakephp,cakephp,,https://github.com/cakephp/cakephp/pull/1477#discussion_r5575758,2013-08-05T10:08:45Z,2013-08-05T11:11:30Z,lorenzo,MEMBER,lib/Cake/View/Helper/FormHelper.php,,,,,1,"@@ -1796,6 +1795,18 @@ public function postLink($title, $url = null, $options = array(), $confirmMessag
 	}
 
 /**
+ * Returns a string to be used as onclick handler for confirm messages.
+ *
+ * @param string $message
+ * @param string $action
+ */
+	protected function getConfirmHandler($message, $action) {
+		$message = str_replace(array(""'"", '""'), array(""\'"", '\""'), $message);","A cleaner way could be to json_encode the string casted $message variable.
",0,560e4dc93b177f2ca5b522c2ca01dcb8d7b53018
5436927,2,"This is bad, returning early is a good thing.""",2013-07-26 17:31:55,ADmad,cakephp,cakephp,,https://github.com/cakephp/cakephp/pull/1455#discussion_r5436927,2013-07-27T05:31:55Z,2013-07-27T05:31:55Z,ADmad,MEMBER,lib/Cake/Controller/Controller.php,,426.0,,,26,"@@ -422,15 +422,20 @@ public function __set($name, $value) {
 			case 'here':
 			case 'webroot':
 			case 'data':
-				return $this->request->{$name} = $value;
+				$this->request->{$name} = $value;
+				break;","This is bad, returning early is a good thing.
",0,340847c19786d301a71ad5a34b9401258d7cc067
3597681,0,"You could use an interface, I don't have a good grasp of whether an interface is better, or whether the current approach is better. I thought that the if statements that were added wouldn't be required if it were a 'pure' decorator. Something like:  ```""",2013-03-31 13:30:56,markstory,cakephp,cakephp,,https://github.com/cakephp/cakephp/pull/1210#discussion_r3597681,2013-04-01T01:30:56Z,2013-04-03T22:16:21Z,markstory,MEMBER,lib/Cake/Model/Datasource/Database/Log/LoggingStatement.php,,,,,1,"@@ -0,0 +1,95 @@
+<?php
+/**
+ * PHP Version 5.4
+ *
+ * CakePHP(tm) : Rapid Development Framework (http://cakephp.org)
+ * Copyright (c) Cake Software Foundation, Inc. (http://cakefoundation.org)
+ *
+ * Licensed under The MIT License
+ * For full copyright and license information, please see the LICENSE.txt
+ * Redistributions of files must retain the above copyright notice.
+ *
+ * @copyright     Copyright (c) Cake Software Foundation, Inc. (http://cakefoundation.org)
+ * @link          http://cakephp.org CakePHP(tm) Project
+ * @since         CakePHP(tm) v 3.0.0
+ * @license       MIT License (http://www.opensource.org/licenses/mit-license.php)
+ */
+namespace Cake\Model\Datasource\Database\Log;
+
+/**
+ * Statement decorator used to 
+ *
+ * @return void
+ */
+class LoggingStatement extends \Cake\Model\Datasource\Database\Statement {","You could use an interface, I don't have a good grasp of whether an interface is better, or whether the current approach is better. I thought that the if statements that were added wouldn't be required if it were a 'pure' decorator. Something like:

```
new LoggingStatement(new Statement($pdoStatement));
```

Where LoggingStatement and Statement offer the same interface. This way if we needed to add more decorators later we could re-use the same pattern.  Most methods in Statement/LoggingStatement would just proxy to the decorated object.
",0,24e5481bc0204765ce15bcf8a104c8e8cde88507
2356979,0,"It is trivial, it can be changed if you consider it appropriate... in fact, I just added this here for consistency I suppose.   Cause the easiest way to 'hack' into generating enum values was to use PHPMyAdmin's approach: to use the (already available) """,2012-12-08 05:32:36,bar,cakephp,cakephp,,https://github.com/cakephp/cakephp/pull/1011#discussion_r2356979,2012-12-08T16:32:36Z,2012-12-09T16:43:11Z,bar,CONTRIBUTOR,lib/Cake/Model/Datasource/Database/Mysql.php,,701.0,,,111,"@@ -676,13 +684,103 @@ public function column($real) {
 		if (strpos($col, 'float') !== false || strpos($col, 'double') !== false || strpos($col, 'decimal') !== false) {
 			return 'float';
 		}
-		if (strpos($col, 'enum') !== false) {
-			return ""enum($vals)"";
-		}
 		return 'text';
 	}
 
 /**
+ * Gets the length of a MySQL column description.
+ *
+ * If type is ENUM or SET, the actual count of values is returned.
+ *
+ * @see DboSource::length().
+ * @param string $real Real database-layer column type (i.e. ""varchar(255)"")
+ * @return mixed An integer or string representing the length of the column, or null for unknown length.
+ */
+	public function length($real) {
+		if ($this->isEnumeration($real)) {
+			return count($this->enumerationValues($real));","It is trivial, it can be changed if you consider it appropriate... in fact, I just added this here for consistency I suppose.

Cause the easiest way to 'hack' into generating enum values was to use PHPMyAdmin's approach: to use the (already available) length logic, which achieves the same cause they have the same shape: `string(255)` as opposed to `enum('a','b')`, but the enum value would end up being a string.

Because there was a need to understand the enum values and later validate (and handle) them, it was better if they were an array instead, so `enumerationValues()` and `isEnumeration()` were born, and the [test](https://github.com/cakephp/cakephp/pull/1011/files#L1R325) inside `describe()` was done.
",0,8ce174647e132787676a237dd4c84e31895da335
2098343,1,"Sorry, you are right about that, i think we should always unset it in BaseAuthenticate if present in the userdata, not only if its in the conditions.""",2012-11-12 04:25:54,ceeram,cakephp,cakephp,,https://github.com/cakephp/cakephp/pull/949#discussion_r2098343,2012-11-12T15:25:54Z,2012-11-12T15:25:54Z,ceeram,CONTRIBUTOR,lib/Cake/Controller/Component/Auth/DirectAuthenticate.php,,79.0,,,79,"@@ -0,0 +1,85 @@
+<?php
+App::uses('BaseAuthenticate', 'Controller/Component/Auth');
+
+/**
+ * An authentication adapter for AuthComponent to directly log in a user by username, id or
+ * any other distinct identification.
+ *
+ * Inside a controller(/component):
+ *
+ *   $this->request->data = array('User' => array('id' => $userId));
+ *   $this->Auth->authenticate = array('Direct' => array('contain' => array('Role.id'), 'fields'=>array('username' => 'id')));
+ *   $result = $this->Auth->login();
+ *
+ * This has several advantages over using Auth->login($data) directly:
+ * - You keep it dry, especially when using contain ($data would have to have the exact same data).
+ * - No overhead - retrieving the data prior to the login is not necessary. It's short and easy.
+ * - You keep it centralized, only one single mechanism to login (using your Authentication adapters
+ *   and its common _findUser() method). It also respects the scope and contain settings specified
+ *   in your AppController just as any other adapter.
+ *
+ */
+class DirectAuthenticate extends BaseAuthenticate {
+
+/**
+ * Authenticates the identity contained in a request.  Will use the `settings.userModel`, and `settings.fields`
+ * to find POST data that is used to find a matching record in the `settings.userModel`.  Will return false if
+ * there is no post data, username is missing, of if the scope conditions have not been met.
+ *
+ * @param CakeRequest $request The request that contains login information.
+ * @param CakeResponse $response Unused response object.
+ * @return mixed.  False on login failure.  An array of User data on success.
+ */
+	public function authenticate(CakeRequest $request, CakeResponse $response) {
+		$userModel = $this->settings['userModel'];
+		list($plugin, $model) = pluginSplit($userModel);
+
+		$fields = $this->settings['fields'];
+		if (!$this->_checkFields($request, $model, $fields)) {
+			return false;
+		}
+		$conditions = array(
+			$model . '.' . $fields['username'] => $request->data[$model][$fields['username']]
+		);
+		return $this->_findUser($conditions);
+	}
+
+/**
+ * Checks the fields to ensure they are supplied.
+ *
+ * @param CakeRequest $request The request that contains login information.
+ * @param string $model The model used for login verification.
+ * @param array $fields The fields to be checked.
+ * @return boolean False if the fields have not been supplied. True if they exist.
+ */
+	protected function _checkFields(CakeRequest $request, $model, $fields) {
+		if (empty($request->data[$model])) {
+			return false;
+		}
+		if (empty($request->data[$model][$fields['username']])) {
+			return false;
+		}
+		return true;
+	}
+
+/**
+ * Find a user record using the standard options.
+ *
+ * The $conditions parameter can be a (string)username or an array containing conditions for Model::find('first').
+ *
+ * @param array $conditions An array of find conditions.
+ * @return Mixed Either false on failure, or an array of user data.
+ */
+	protected function _findUser($conditions, $password = null) {
+		$userModel = $this->settings['userModel'];
+		list($plugin, $model) = pluginSplit($userModel);
+		$fields = $this->settings['fields'];
+
+		$user = parent::_findUser($conditions);
+		if (isset($user[$fields['password']])) {","Sorry, you are right about that, i think we should always unset it in BaseAuthenticate if present in the userdata, not only if its in the conditions.
",0,0be9ccd832417a542f3903e0371986a2d6c748de
2015276,2,"I disagree. Passing """"::somestring"""" would be invalid either way and the developers fault (you cant possibly cover all mistakes possible here). But using the type safe check we would at least result in a meaningful exception: """"trigger_error(__d('cake_dev'",2012-11-02 00:52:48,dereuromark,cakephp,cakephp,,https://github.com/cakephp/cakephp/pull/913#discussion_r2015276,2012-11-02T11:52:48Z,2013-01-20T08:13:47Z,dereuromark,MEMBER,lib/Cake/Model/Validator/CakeValidationRule.php,,,,,1,"@@ -271,6 +274,17 @@ public function process($field, &$data, &$methods) {
 			$this->_valid = call_user_func_array($methods[$rule], $this->_ruleParams);
 		} elseif (class_exists('Validation') && method_exists('Validation', $this->_rule)) {
 			$this->_valid = call_user_func_array(array('Validation', $this->_rule), $this->_ruleParams);
+		} elseif (strpos($this->_rule, '::')) {","I disagree. Passing ""::somestring"" would be invalid either way and the developers fault (you cant possibly cover all mistakes possible here).
But using the type safe check we would at least result in a meaningful exception: ""trigger_error(__d('cake_dev', 'Could not find custom validation rule %s'"" instead of trying to execute it as a preg match string.
",0,b2cbeeeb501285431bdc7fb2a5b37f260b792261
6377811,0,"Makes sense, I haven't tested getters/setters yet""",2013-09-16 02:30:34,lorenzo,cakephp,cakephp,,https://github.com/cakephp/cakephp/pull/1639#discussion_r6377811,2013-09-16T14:30:34Z,2013-10-19T14:50:16Z,lorenzo,MEMBER,Cake/ORM/Entity.php,,,,,1,"@@ -0,0 +1,139 @@
+<?php
+
+namespace Cake\ORM;
+
+class Entity implements \ArrayAccess {
+
+/**
+ * Holds all properties and their values for this entity
+ *
+ * @var array
+ */
+	protected $_properties = [];
+
+/**
+ * Magic getter to access properties that has be set in this entity
+ *
+ * @param string $property name of the property to access
+ * @return mixed
+ */
+	public function &__get($property) {
+		return $this->get($property);
+	}
+
+/**
+ * Magic setter to add or edit a property in this entity
+ *
+ * @param string $property the name of the property to set
+ * @param mixed $value the value to set to the property
+ * @return void
+ */
+	public function __set($property, $value) {
+		$this->set([$property => $value]);
+	}
+
+/**
+ * Set a hashed array as properties in this entity by converting each
+ * key => value pair into properties in this object.
+ *
+ * ## Example:
+ *
+ * {{
+ *	$entity->set(['name' => 'andrew', 'id' => 1]);
+ *	echo $entity->name // prints andrew
+ *	echo $entity->id // prints 1
+ * }}
+ *
+ * @param array $properties list of properties to set
+ * @param boolean $useSetters whether to use setter functions in this object
+ * or bypass them
+ * @return \Cake\ORM\Entity
+ */
+	public function set(array $properties = [], $useSetters = true) {
+		if (!$useSetters) {
+			$this->_properties = $properties + $this->_properties;
+			return $this;
+		}
+
+		foreach($properties as $property => $value) {
+			if (method_exists($this, 'set' . ucFirst($property))) {
+				$value = $this->{'set' . ucFirst($property)}($value);
+			}
+			$this->_properties[$property] = $value;
+		}
+		return $this;
+	}
+
+/**
+ * Returns the value of a property by name
+ *
+ * @param string $property the name of the property to retrieve
+ * @return mixed
+ */
+	public function &get($property) {
+		$method = 'get' . ucFirst($property);
+		if (method_exists($this, $method)) {
+			$value =& $this->{$method}();","Makes sense, I haven't tested getters/setters yet
",0,299e7b81cf0f0f975497454d75a8e191ce1e3c88
2827387,0,"This is not something you can just do. It will break every encoded cookie out in the wild.""",2013-01-30 04:13:44,markstory,cakephp,cakephp,,https://github.com/cakephp/cakephp/pull/1100#discussion_r2827387,2013-01-30T15:13:44Z,2013-01-30T18:06:50Z,markstory,MEMBER,lib/Cake/Controller/Component/CookieComponent.php,,,,,1,"@@ -131,11 +131,11 @@ class CookieComponent extends Component {
  * Type of encryption to use.
  *
  * Currently two methods are available: cipher and rijndael
- * Defaults to Security::cipher();
+ * Defaults to Security::rijndael();
  *
  * @var string
  */
-	protected $_type = 'cipher';
+	protected $_type = 'rijndael';","This is not something you can just do. It will break every encoded cookie out in the wild.
",0,c9b14115bf619f0585524e431fae2ac9577a1b98
5912524,2,"It is too bad a trait cannot implement an interface :(""",2013-08-21 11:17:48,markstory,cakephp,cakephp,,https://github.com/cakephp/cakephp/pull/1544#discussion_r5912524,2013-08-21T23:17:48Z,2013-08-24T16:35:52Z,markstory,MEMBER,lib/Cake/ORM/ResultCollectionTrait.php,,27.0,,,27,"@@ -0,0 +1,72 @@
+<?php
+/**
+ * PHP Version 5.4
+ *
+ * CakePHP(tm) : Rapid Development Framework (http://cakephp.org)
+ * Copyright (c) Cake Software Foundation, Inc. (http://cakefoundation.org)
+ *
+ * Licensed under The MIT License
+ * For full copyright and license information, please see the LICENSE.txt
+ * Redistributions of files must retain the above copyright notice.
+ *
+ * @copyright     Copyright (c) Cake Software Foundation, Inc. (http://cakefoundation.org)
+ * @link          http://cakephp.org CakePHP(tm) Project
+ * @since         CakePHP(tm) v 3.0.0
+ * @license       MIT License (http://www.opensource.org/licenses/mit-license.php)
+ */
+namespace Cake\ORM;
+
+use \Iterator;
+use \JsonSerializable;
+use \Serializable;
+
+/**
+ * Common set of methods that any specific ResultSet implementation
+ * should contain
+ */
+trait ResultCollectionTrait {","It is too bad a trait cannot implement an interface :(
",0,65cc26318d4c4fe3e0e590442a746385e46c152a
5576286,2,"Oh noes, code style. :( I'll be super careful about that in the future. Too many projects here.""",2013-08-04 22:50:38,aleho,cakephp,cakephp,,https://github.com/cakephp/cakephp/pull/1477#discussion_r5576286,2013-08-05T10:50:38Z,2013-08-05T11:11:30Z,aleho,NONE,lib/Cake/View/Helper/FormHelper.php,,,,,1,"@@ -1796,6 +1795,18 @@ public function postLink($title, $url = null, $options = array(), $confirmMessag
 	}
 
 /**
+ * Returns a string to be used as onclick handler for confirm messages.
+ *
+ * @param string $message
+ * @param string $action
+ */
+	protected function getConfirmHandler($message, $action) {","Oh noes, code style. :(
I'll be super careful about that in the future. Too many projects here.
",0,560e4dc93b177f2ca5b522c2ca01dcb8d7b53018
5421890,2,"I did... in this case just don't write anything in the docblock. I've encountered too many times where the ``@return void`` annotation was wrong.  I guess that's one of those things where opinions just differ. Like coding standards in general. I leave""",2013-07-26 01:04:10,ravage84,cakephp,cakephp,,https://github.com/cakephp/cakephp/pull/1451#discussion_r5421890,2013-07-26T13:04:10Z,2013-07-26T13:21:42Z,ravage84,MEMBER,lib/Cake/Test/Case/Controller/Component/AuthComponentTest.php,,,,,1,"@@ -1269,6 +1269,39 @@ public function testRedirectSessionReadEqualToLoginAction() {
 	}
 
 /**
+ * test that the base is handled correctly.
+ *
+ * @return void","I did... in this case just don't write anything in the docblock.
I've encountered too many times where the `@return void` annotation was wrong.

I guess that's one of those things where opinions just differ. Like coding standards in general.
I leave it to @Phally 
",0,f7eab23a5c03b4f323e1445e3129b54da56793d3
4676740,1,"It seems you are right. I've just checked and indeed it has overwritten my own Return-Path.""",2013-06-12 23:29:09,Phally,cakephp,cakephp,,https://github.com/cakephp/cakephp/pull/1349#discussion_r4676740,2013-06-13T11:29:09Z,2013-06-13T11:29:09Z,Phally,CONTRIBUTOR,lib/Cake/Test/Case/Network/Email/SmtpTransportTest.php,,293.0,,,33,"@@ -290,7 +312,6 @@ public function testSendData() {
 		$email->expects($this->any())->method('message')->will($this->returnValue(array('First Line', 'Second Line', '.Third Line', '')));
 
 		$data = ""From: CakePHP Test <noreply@cakephp.org>\r\n"";
-		$data .= ""Return-Path: CakePHP Return <pleasereply@cakephp.org>\r\n"";","It seems you are right. I've just checked and indeed it has overwritten my own Return-Path.
",0,796e4b45dd092c7eb1a0ab128280578523191ef3
3507806,0,"Moving the `!empty($config['log'])` check also inside the `_skipLogging()` function sounds good to me.""",2013-03-24 21:23:39,ADmad,cakephp,cakephp,,https://github.com/cakephp/cakephp/pull/1186#discussion_r3507806,2013-03-25T08:23:39Z,2013-03-26T14:10:02Z,ADmad,MEMBER,lib/Cake/Error/ErrorHandler.php,,,,,1,"@@ -110,7 +110,7 @@ class ErrorHandler {
  */
 	public static function handleException(Exception $exception) {
 		$config = Configure::read('Exception');
-		if (!empty($config['log'])) {
+		if (!empty($config['log']) && !self::_skipLogging($exception, $config)) {","Moving the `!empty($config['log'])` check also inside the `_skipLogging()` function sounds good to me.
",0,6bf9363217137b6deb1dccb44ecc7d93875d49a3
1714707,0,"Indentation is not correct here. Also there should be space before and after `=`. You can use the [codesniffer](https://github.com/cakephp/cakephp-codesniffer) to avoid such errors.""",2012-09-27 17:27:22,ADmad,cakephp,cakephp,,https://github.com/cakephp/cakephp/pull/872#discussion_r1714707,2012-09-28T05:27:22Z,2012-09-28T06:07:43Z,ADmad,MEMBER,lib/Cake/Cache/Engine/WincacheEngine.php,,,,,1,"@@ -183,6 +183,7 @@ public function groups() {
  * @return boolean success
  **/
 	public function clearGroup($group) {
+	        $success=0;","Indentation is not correct here. Also there should be space before and after `=`. You can use the [codesniffer](https://github.com/cakephp/cakephp-codesniffer) to avoid such errors.
",0,f4565d51fad4ba81906f085cd5abf043d4852365
1625821,0,"Indeed the fieldList is a whitelist. I too think it should be a protected method.""",2012-09-17 17:05:16,ADmad,cakephp,cakephp,,https://github.com/cakephp/cakephp/pull/851#discussion_r1625821,2012-09-18T05:05:16Z,2012-11-02T09:54:30Z,ADmad,MEMBER,lib/Cake/Model/Model.php,,,,,1,"@@ -2299,6 +2302,29 @@ public function saveAssociated($data = null, $options = array()) {
 	}
 
 /**
+ * Helper method for saveAll() and friends, to add foreign key to fieldlist
+ *
+ * @param string $key fieldname to be added to list
+ * @param array $options
+ * @return array $options
+ */
+	public function addToFieldList($key, $options) {","Indeed the fieldList is a whitelist. I too think it should be a protected method.
",0,7007dba0eb836f852aaca95fada103bc4ba993a9
1611246,0,"Isn't this a behavior change as well, the count could be > 1 now and pass.""",2012-09-14 07:58:35,markstory,cakephp,cakephp,,https://github.com/cakephp/cakephp/pull/846#discussion_r1611246,2012-09-14T19:58:35Z,2012-10-01T01:08:06Z,markstory,MEMBER,lib/Cake/View/Helper.php,,530.0,,,14,"@@ -526,12 +526,11 @@ public function setEntity($entity, $setScope = false) {
 
 		$isHabtm = (
 			isset($this->fieldset[$this->_modelScope]['fields'][$parts[0]]['type']) &&
-			$this->fieldset[$this->_modelScope]['fields'][$parts[0]]['type'] === 'multiple' &&
-			$count == 1","Isn't this a behavior change as well, the count could be > 1 now and pass.
",0,408e619c9fa6f114ca0531713e1df996165637eb
808124,0,"Missing `{` and `}` as per the [coding standards](http://book.cakephp.org/2.0/en/contributing/cakephp-coding-conventions.html)""",2012-05-11 00:00:17,markstory,cakephp,cakephp,,https://github.com/cakephp/cakephp/pull/647#discussion_r808124,2012-05-11T12:00:17Z,2012-05-11T12:00:17Z,markstory,MEMBER,lib/Cake/Network/CakeResponse.php,,378.0,,,4,"@@ -375,6 +375,8 @@ public function send() {
 		$this->_setContentLength();
 		$this->_setContentType();
 		foreach ($this->_headers as $header => $value) {
+			if (is_array($value))","Missing `{` and `}` as per the [coding standards](http://book.cakephp.org/2.0/en/contributing/cakephp-coding-conventions.html)
",0,5324365d94c7f598bc133adb0cc64217108efd9a
374831,2,"Sure that makes sense. I also broke the build - AllTests fails because of classnames - so I'm fixing that as well.""",2012-01-22 10:01:47,josegonzalez,cakephp,cakephp,,https://github.com/cakephp/cakephp/pull/437#discussion_r374831,2012-01-22T21:01:47Z,2012-01-22T21:01:47Z,josegonzalez,MEMBER,lib/Cake/View/View.php,,308.0,,,17,"@@ -299,6 +305,9 @@ public function __construct($controller) {
 				$this->{$var} = $controller->{$var};
 			}
 			$this->_eventManager = $controller->getEventManager();
+			if (!empty($controller->theme)) {","Sure that makes sense. I also broke the build - AllTests fails because of classnames - so I'm fixing that as well.
",0,c2519e702d26845654e25125412a8ad1485ed73f
284853,1,"Thanks! Fixed. You think after all those code standards commits I would have caught this. :)""",2011-12-10 06:07:31,shama,cakephp,cakephp,,https://github.com/cakephp/cakephp/pull/371#discussion_r284853,2011-12-10T17:07:31Z,2011-12-10T17:07:31Z,shama,CONTRIBUTOR,lib/Cake/TestSuite/CakeTestSuite.php,,,,,1,"@@ -52,6 +52,9 @@ public function addTestDirectoryRecursive($directory = '.') {
 		$files = $Folder->tree(null, false, 'files');
 
 		foreach ($files as $file) {
+			if (strpos($file, DS.'.') !== false) {","Thanks! Fixed. You think after all those code standards commits I would have caught this. :)
",0,17fcd0534fac8f672ef03b126faebb73f1edcfe1
112620,2,"I really don't care much if PHP4 people can't run tests.  I'd rather be able to ensure code isn't buggy than ensure compatibility with PHP4.""",2011-09-04 02:39:31,markstory,cakephp,cakephp,,https://github.com/cakephp/cakephp/pull/182#discussion_r112620,2011-09-04T14:39:31Z,2011-09-04T14:39:31Z,markstory,MEMBER,cake/tests/cases/libs/view/helpers/time.test.php,,414.0,,,6,"@@ -409,6 +409,16 @@ class TimeHelperTest extends CakeTestCase {
  */
 	function testToRss() {
 		$this->assertEqual(date('r'), $this->Time->toRss(time()));
+
+		if (!$this->skipIf(!class_exists('DateTimeZone'), '%s DateTimeZone class not available.')) {
+			$timezones = array('Europe/London', 'Europe/Brussels', 'UTC', 'America/Denver', 'America/Caracas', 'Asia/Kathmandu');","I really don't care much if PHP4 people can't run tests.  I'd rather be able to ensure code isn't buggy than ensure compatibility with PHP4.
",0,da4b75c99383957b3974b019a28dd1777765fe6d
6485024,1,"Perhaps reversing the previous decision is best. Having isset() and the ArrayAccess interface work as expected is more important than handling null values. Perhaps a separate method could be used to see if a property is defined?""",2013-09-20 00:14:52,markstory,cakephp,cakephp,,https://github.com/cakephp/cakephp/pull/1639#discussion_r6485024,2013-09-20T12:14:52Z,2013-10-19T14:50:16Z,markstory,MEMBER,Cake/ORM/Entity.php,,,,,1,"@@ -0,0 +1,250 @@
+<?php
+
+namespace Cake\ORM;
+
+class Entity implements \ArrayAccess {
+
+/**
+ * Holds all properties and their values for this entity
+ *
+ * @var array
+ */
+	protected $_properties = [];
+
+/**
+ * Initializes the internal properties of this entity out of the
+ * keys in an array
+ *
+ * ### Example:
+ *
+ * ``$entity = new Entity(['id' => 1, 'name' => 'Andrew'])``
+ *
+ * @param array $properties hash of properties to set in this entity
+ * @param boolean $useSetters whether use internal setters for properties or not
+ * @return void
+ */
+	public function __construct(array $properties = [], $useSetters = true) {
+		$this->set($properties, $useSetters);
+	}
+
+/**
+ * Magic getter to access properties that has be set in this entity
+ *
+ * @param string $property name of the property to access
+ * @return mixed
+ */
+	public function &__get($property) {
+		return $this->get($property);
+	}
+
+/**
+ * Magic setter to add or edit a property in this entity
+ *
+ * @param string $property the name of the property to set
+ * @param mixed $value the value to set to the property
+ * @return void
+ */
+	public function __set($property, $value) {
+		$this->set([$property => $value]);
+	}
+
+/**
+ * Returns whether this entity contains a property named $property
+ * regardless of if it is empty.
+ *
+ * @see \Cake\ORM\Entity::has()
+ * @param string $property
+ * @return boolean
+ */
+	public function __isset($property) {
+		return $this->has($property);
+	}
+
+/**
+ * Removes a property from this entity
+ *
+ * @param string $property
+ * @return void
+ */
+	public function __unset($property) {
+		$this->unsetProperty($property);
+	}
+
+/**
+ * Sets a single property inside this entity.
+ *
+ * ### Example:
+ *
+ * ``$entity->set('name', 'Andrew');``
+ *
+ * It is also possible to mass-assign multiple properties to this entity
+ * with one call by passing a hashed array as properties in the form of
+ * property => value pairs
+ *
+ * ## Example:
+ *
+ * {{
+ *	$entity->set(['name' => 'andrew', 'id' => 1]);
+ *	echo $entity->name // prints andrew
+ *	echo $entity->id // prints 1
+ * }}
+ *
+ * Some times it is handy to bypass setter functions in this entity when assigning
+ * properties. You can achieve this by setting the third argument to false when
+ * assigning a single property or the second param when using an array of
+ * properties.
+ *
+ * ### Example:
+ *
+ * ``$entity->set('name', 'Andrew', false);``
+ *
+ * ``$entity->set(['name' => 'Andrew', 'id' => 1], false);``
+ *
+ * @param string|array $property the name of property to set or a list of
+ * properties with their respective values
+ * @param mixed|boolean $value the value to set to the property or a boolean
+ * signifying whether to use internal setter functions or not
+ * @param boolean $useSetters whether to use setter functions in this object
+ * or bypass them
+ * @return \Cake\ORM\Entity
+ */
+	public function set($property, $value = true, $useSetters = true) {
+		if (is_string($property)) {
+			$property = [$property => $value];
+		} else {
+			$useSetters = $value;
+		}
+
+		if (!$useSetters) {
+			$this->_properties = $property + $this->_properties;
+			return $this;
+		}
+
+		foreach ($property as $p => $value) {
+			if (method_exists($this, 'set' . ucFirst($p))) {
+				$value = $this->{'set' . ucFirst($p)}($value);
+			}
+			$this->_properties[$p] = $value;
+		}
+		return $this;
+	}
+
+/**
+ * Returns the value of a property by name
+ *
+ * @param string $property the name of the property to retrieve
+ * @return mixed
+ */
+	public function &get($property) {
+		$method = 'get' . ucFirst($property);
+		$value = null;
+
+		if (isset($this->_properties[$property])) {
+			$value =& $this->_properties[$property];
+		}
+
+		if (method_exists($this, $method)) {
+			$value = $this->{$method}($value);
+		}
+		return $value;
+	}
+
+/**
+ * Returns whether this entity contains a property named $property
+ * regardless of if it is empty.
+ *
+ * ### Example:
+ *
+ * {{{
+ *		$entity = new Entity(['id' => 1, 'name' => null]);
+ *		$entity->has('id'); // true
+ *		$entity->has('name'); // true
+ *		$entity->has('last_name'); // false
+ * }}}
+ *
+ * @param string $property
+ * @return boolean
+ */
+	public function has($property) {
+		$set = array_key_exists($property, $this->_properties);
+		return $set || method_exists($this, 'get' . ucFirst($property));","Perhaps reversing the previous decision is best. Having isset() and the ArrayAccess interface work as expected is more important than handling null values. Perhaps a separate method could be used to see if a property is defined?
",0,299e7b81cf0f0f975497454d75a8e191ce1e3c88
6687028,0,"What if you had 2 fields:  * 1 string with 1$-dollar signs * 1 string with 1€-euro signs  would these 2 not get the same id?""",2013-10-01 02:07:17,kimegede,cakephp,cakephp,,https://github.com/cakephp/cakephp/pull/1635#discussion_r6687028,2013-10-01T14:07:17Z,2013-12-24T14:20:46Z,kimegede,CONTRIBUTOR,lib/Cake/Test/Case/View/HelperTest.php,,,,,1,"@@ -854,6 +854,32 @@ public function testClean() {
 	}
 
 /**
+ * testDomId method
+ *
+ * @return void
+ */
+	public function testDomId() {
+		$result = $this->Helper->domId('Foo.bar');
+		$this->assertEquals('FooBar', $result);
+	}
+
+/**
+ * testDomIdSuffix method
+ *
+ * @return void
+ */
+	public function testDomIdSuffix() {
+		$result = $this->Helper->domIdSuffix('1 string with 1$-dollar signs', 'xhtml');
+		$this->assertEquals('1StringWith1-dollarSigns', $result);","What if you had 2 fields:
- 1 string with 1$-dollar signs
- 1 string with 1€-euro signs

would these 2 not get the same id?
",0,b392254c9211aa521f44f4a4b61bb5b11e4b2b81
6307484,2,"What IDE do you guys use? Mine has spelling correction so I never run into these mistakes!""",2013-09-11 09:21:57,milesj,cakephp,cakephp,,https://github.com/cakephp/cakephp/pull/1621#discussion_r6307484,2013-09-11T21:21:57Z,2013-09-12T01:23:58Z,milesj,NONE,lib/Cake/Core/Plugin.php,,,,,1,"@@ -36,37 +34,73 @@ class Plugin {
  *
  * @var array
  */
-	protected static $_plugins = array();
+	protected static $_plugins = [];
 
 /**
- * Loads a plugin and optionally loads bootstrapping, routing files or loads a initialization function
+ * Loads a plugin and optionally loads bootstrapping,
+ * routing files or runs a initialization function.
+ *
+ * Plugins only need to be loaded if you want bootstrapping/routes/cli commands to
+ * be exposed. If your plugin doese not expose any of these features you do not need","What IDE do you guys use? Mine has spelling correction so I never run into these mistakes!
",0,0480325e8404f7792144aef7bd1e2b681b24d983
6189897,0,"@ADmad Very true! testing with ```array_key_exists()``` now.  @markstory @ravage84 It does, but I targeted master because I considered a bug: . throwing undefined index when a key is not in the ```viewVars``` array . returning a JSON encoded array whe""",2013-09-05 06:36:15,bar,cakephp,cakephp,,https://github.com/cakephp/cakephp/pull/1613#discussion_r6189897,2013-09-05T18:36:15Z,2013-09-07T05:39:06Z,bar,CONTRIBUTOR,lib/Cake/View/JsonView.php,,,,,1,"@@ -130,13 +130,15 @@ public function render($view = null, $layout = null) {
  */
 	protected function _serialize($serialize) {
 		if (is_array($serialize)) {
-			$data = array();
 			foreach ($serialize as $alias => $key) {
 				if (is_numeric($alias)) {
 					$alias = $key;
 				}
-				$data[$alias] = $this->viewVars[$key];
+				if (isset($this->viewVars[$key])) {","@ADmad Very true! testing with `array_key_exists()` now.

@markstory @ravage84 It does, but I targeted master because I considered a bug:
. throwing undefined index when a key is not in the `viewVars` array
. returning a JSON encoded array when no key is found and array is given to `_serialize`
",0,c3ee9a20586eed65edb3fa9b7e6107178bba1b8e
6186448,0,"Won't these changes cause strict errors in applications? Their code might have previously conformed to the old method signatures but will not anymore.""",2013-09-05 04:33:49,markstory,cakephp,cakephp,,https://github.com/cakephp/cakephp/pull/1610#discussion_r6186448,2013-09-05T16:33:49Z,2013-09-05T16:33:49Z,markstory,MEMBER,lib/Cake/Model/ModelBehavior.php,,172.0,,,22,"@@ -163,9 +165,11 @@ public function afterValidate(Model $model) {
  * will abort the save operation.
  *
  * @param Model $model Model using this behavior
+ * @param array $options Options passed from Model::save().
  * @return mixed False if the operation should abort. Any other result will continue.
+ * @see Model::save()
  */
-	public function beforeSave(Model $model) {
+	public function beforeSave(Model $model, $options = array()) {","Won't these changes cause strict errors in applications? Their code might have previously conformed to the old method signatures but will not anymore.
",0,c524645738e666bf4a298d15e6fd6f39d7c6992e
5891580,0,"Should it still be a early-return or something in the lines of:  ```php if ($this->_useBufferedResults) {     $resultSet = new BufferedResultSet($this, $this->executeStatement()); } else {     $resultSet = new ResultSet($this, $this->executeStatemen""",2013-08-20 22:08:44,renansaddam,cakephp,cakephp,,https://github.com/cakephp/cakephp/pull/1544#discussion_r5891580,2013-08-21T10:08:44Z,2013-08-24T16:35:52Z,renan,CONTRIBUTOR,lib/Cake/ORM/Query.php,,393.0,,,28,"@@ -375,16 +383,18 @@ public function setResult($results) {
  * Resulting object is traversable, so it can be used in any loop as you would
  * with an array.
  *
- * @return Cake\ORM\ResultSet
+ * @return Cake\ORM\ResultCollectionTrait
  */
 	public function execute() {
 		if (isset($this->_results)) {
 			return $this->_results;
 		}
 		if ($this->_useBufferedResults) {
-			return new BufferedResultSet($this, parent::execute());
+			return $this->_applyFormatters(","Should it still be a early-return or something in the lines of:

``` php
if ($this->_useBufferedResults) {
    $resultSet = new BufferedResultSet($this, $this->executeStatement());
} else {
    $resultSet = new ResultSet($this, $this->executeStatement());
}
return $this->_applyFormatters($resultSet);
```

or even:

``` php
$resultSetClass = ($this->_useBufferedResults) ? 'BufferedResultSet' : 'ResultSet';
return $this->_applyFormatters(new $resultSetClass($this, $this->executeStatement()));
```
",0,65cc26318d4c4fe3e0e590442a746385e46c152a
5621790,2,"Because I hadn't seen that, this is very out of place :( Will fix in a few.""",2013-08-06 13:23:24,tigrang,cakephp,cakephp,,https://github.com/cakephp/cakephp/pull/1483#discussion_r5621790,2013-08-07T01:23:24Z,2013-08-07T01:31:13Z,tigrang,CONTRIBUTOR,lib/Cake/Utility/Debugger.php,,,,,1,"@@ -576,6 +576,11 @@ protected static function _object($var, $depth, $indent) {
 		$out = '';
 		$props = array();
 
+		$type = gettype($var);
+		if ($type === 'unknown type') {
+			return $type;
+		}","Because I hadn't seen that, this is very out of place :( Will fix in a few.
",0,2150e8dce51c485808dafe67b9a415d4e9131ef6
4604177,0,"Do you mean that some association types don't implement more than one strategy to fetch records?""",2013-06-09 02:21:56,markstory,cakephp,cakephp,,https://github.com/cakephp/cakephp/pull/1340#discussion_r4604177,2013-06-09T14:21:56Z,2013-06-16T04:10:38Z,markstory,MEMBER,lib/Cake/ORM/Association.php,,124.0,,,124,"@@ -0,0 +1,406 @@
+<?php
+/**
+ * PHP Version 5.4
+ *
+ * CakePHP(tm) : Rapid Development Framework (http://cakephp.org)
+ * Copyright (c) Cake Software Foundation, Inc. (http://cakefoundation.org)
+ *
+ * Licensed under The MIT License
+ * For full copyright and license information, please see the LICENSE.txt
+ * Redistributions of files must retain the above copyright notice.
+ *
+ * @copyright     Copyright (c) Cake Software Foundation, Inc. (http://cakefoundation.org)
+ * @link          http://cakephp.org CakePHP(tm) Project
+ * @since         CakePHP(tm) v 3.0.0
+ * @license       MIT License (http://www.opensource.org/licenses/mit-license.php)
+ */
+namespace Cake\ORM;
+
+/**
+ * An Association is a relationship established between two tables and is used
+ * as a configuration place for customizing the way interconnected records are
+ * retrieved.
+ *
+ */
+abstract class Association {
+
+/**
+ * Strategy name to use joins for fetching associated records
+ *
+ * @var string
+ */
+	const STRATEGY_JOIN = 'join';
+
+/**
+ * Strategy name to use a subquery for fetching associated records
+ *
+ * @var string
+ */
+	const STRATEGY_SUBQUERY = 'subquery';
+
+/**
+ * Strategy name to use a  select for fetching associated records
+ *
+ * @var string
+ */
+	const STRATEGY_SELECT = 'select';
+
+/**
+ * Name given to the association, it usually represents the alias
+ * assigned to the target associated table
+ *
+ * @var string
+ */
+	protected $_name;
+
+/**
+ * Whether this association can be expressed directly in a query join
+ *
+ * @var boolean
+ */
+	protected $_canBeJoined = false;
+
+/**
+ * The className of the target table object
+ *
+ * @var string
+ */
+	protected $_className;
+
+/**
+ * The name of the field representing the foreign key to the target table
+ *
+ * @var string
+ */
+	protected $_foreignKey;
+
+/**
+ * A list of conditions to be always included when fetching records from
+ * the target association
+ *
+ * @var array
+ */
+	protected $_conditions = [];
+
+/**
+ * Whether the records on the target table are dependent on the source table,
+ * often used to indicate that records should be removed is the owning record in
+ * the source table is deleted.
+ *
+ * @var boolean
+ */
+	protected $_dependent = false;
+
+/**
+ * Source table instance
+ *
+ * @var Cake\ORM\Table
+ */
+	protected $_sourceTable;
+
+/**
+ * Target table instance
+ *
+ * @var Cake\ORM\Table
+ */
+	protected $_targetTable;
+
+/**
+ * The type of join to be used when adding the association to a query
+ *
+ * @var string
+ */
+	protected $_joinType = 'LEFT';
+
+/**
+ * The property name that should be filled with data from the target table
+ * in the source table record.
+ *
+ * @var string
+ */
+	protected $_property;
+
+/**
+ * The strategy name to be used to fetch associated records. Some association
+ * types might not implement but one strategy to fetch records.","Do you mean that some association types don't implement more than one strategy to fetch records?
",0,adb78e6c3992279bb0dcede982f7ba86db765a25
4604658,0,"Yes, they are""",2013-06-09 06:39:19,lorenzo,cakephp,cakephp,,https://github.com/cakephp/cakephp/pull/1340#discussion_r4604658,2013-06-09T18:39:19Z,2013-06-16T04:10:38Z,lorenzo,MEMBER,lib/Cake/ORM/Association.php,,269.0,,,269,"@@ -0,0 +1,406 @@
+<?php
+/**
+ * PHP Version 5.4
+ *
+ * CakePHP(tm) : Rapid Development Framework (http://cakephp.org)
+ * Copyright (c) Cake Software Foundation, Inc. (http://cakefoundation.org)
+ *
+ * Licensed under The MIT License
+ * For full copyright and license information, please see the LICENSE.txt
+ * Redistributions of files must retain the above copyright notice.
+ *
+ * @copyright     Copyright (c) Cake Software Foundation, Inc. (http://cakefoundation.org)
+ * @link          http://cakephp.org CakePHP(tm) Project
+ * @since         CakePHP(tm) v 3.0.0
+ * @license       MIT License (http://www.opensource.org/licenses/mit-license.php)
+ */
+namespace Cake\ORM;
+
+/**
+ * An Association is a relationship established between two tables and is used
+ * as a configuration place for customizing the way interconnected records are
+ * retrieved.
+ *
+ */
+abstract class Association {
+
+/**
+ * Strategy name to use joins for fetching associated records
+ *
+ * @var string
+ */
+	const STRATEGY_JOIN = 'join';
+
+/**
+ * Strategy name to use a subquery for fetching associated records
+ *
+ * @var string
+ */
+	const STRATEGY_SUBQUERY = 'subquery';
+
+/**
+ * Strategy name to use a  select for fetching associated records
+ *
+ * @var string
+ */
+	const STRATEGY_SELECT = 'select';
+
+/**
+ * Name given to the association, it usually represents the alias
+ * assigned to the target associated table
+ *
+ * @var string
+ */
+	protected $_name;
+
+/**
+ * Whether this association can be expressed directly in a query join
+ *
+ * @var boolean
+ */
+	protected $_canBeJoined = false;
+
+/**
+ * The className of the target table object
+ *
+ * @var string
+ */
+	protected $_className;
+
+/**
+ * The name of the field representing the foreign key to the target table
+ *
+ * @var string
+ */
+	protected $_foreignKey;
+
+/**
+ * A list of conditions to be always included when fetching records from
+ * the target association
+ *
+ * @var array
+ */
+	protected $_conditions = [];
+
+/**
+ * Whether the records on the target table are dependent on the source table,
+ * often used to indicate that records should be removed is the owning record in
+ * the source table is deleted.
+ *
+ * @var boolean
+ */
+	protected $_dependent = false;
+
+/**
+ * Source table instance
+ *
+ * @var Cake\ORM\Table
+ */
+	protected $_sourceTable;
+
+/**
+ * Target table instance
+ *
+ * @var Cake\ORM\Table
+ */
+	protected $_targetTable;
+
+/**
+ * The type of join to be used when adding the association to a query
+ *
+ * @var string
+ */
+	protected $_joinType = 'LEFT';
+
+/**
+ * The property name that should be filled with data from the target table
+ * in the source table record.
+ *
+ * @var string
+ */
+	protected $_property;
+
+/**
+ * The strategy name to be used to fetch associated records. Some association
+ * types might not implement but one strategy to fetch records.
+ *
+ * @var string
+ */
+	protected $_strategy = self::STRATEGY_JOIN;
+
+/**
+ * Constructor. Subclasses can override _options function to get the original
+ * list of passed options if expecting any other special key
+ *
+ * @param string $name The name given to the association
+ * @param array $options A list of properties to be set on this object
+ * @return void
+ */
+	public function __construct($name, array $options = []) {
+		$defaults = [
+			'className',
+			'foreignKey',
+			'conditions',
+			'dependent',
+			'sourceTable',
+			'targetTable',
+			'joinType',
+			'property'
+		];
+		foreach ($defaults as $property) {
+			if (isset($options[$property])) {
+				$this->{'_' . $property} = $options[$property];
+			}
+		}
+
+		$this->_name = $name;
+		$this->_options($options);
+
+		if (empty($this->_property)) {
+			$this->property($name);
+		}
+
+		if (!empty($options['strategy'])) {
+			$this->strategy($options['strategy']);
+		}
+	}
+
+/**
+ * Sets the name for this association. If no argument is passed then the current
+ * configured name will be returned
+ *
+ * @param string $name Name to be assigned
+ * @return string
+ */
+	public function name($name = null) {
+		if ($name !== null) {
+			$this->_name = $name;
+		}
+		return $this->_name;
+	}
+
+/**
+ * Sets the table instance for the source side of the association. If no arguments
+ * are passed, the current configured table instance is returned
+ *
+ * @param Cake\ORM\Table $table the instance to be assigned as source side
+ * @return Cake\ORM\Table
+ */
+	public function source(Table $table = null) {
+		if ($table === null) {
+			return $this->_sourceTable;
+		}
+		return $this->_sourceTable = $table;
+	}
+
+/**
+ * Sets the table instance for the target side of the association. If no arguments
+ * are passed, the current configured table instance is returned
+ *
+ * @param Cake\ORM\Table $table the instance to be assigned as target side
+ * @return Cake\ORM\Table
+ */
+	public function target(Table $table = null) {
+		if ($table === null && $this->_targetTable) {
+			return $this->_targetTable;
+		}
+
+		if ($table !== null) {
+			return $this->_targetTable = $table;
+		}
+
+		if ($table === null) {
+			$className = $this->_className;
+			$this->_targetTable = Table::build($this->_name, compact('className'));
+		}
+		return $this->_targetTable;
+	}
+
+/**
+ * Sets a list of conditions to be always included when fetching records from
+ * the target association. If no parameters are passed current list is returned
+ *
+ * @param array $conditions list of conditions to be used
+ * @see Cake\Database\Query::where() for examples on the format of the array
+ * @return array
+ */
+	public function conditions($conditions = null) {
+		if ($conditions !== null) {
+			$this->_conditions = $conditions;
+		}
+		return $this->_conditions;
+	}
+
+/**
+ * Sets the name of the field representing the foreign key to the target table.
+ * If no parameters are passed current field is returned
+ *
+ * @param string $key the key to be used to link both tables together
+ * @return string
+ */
+	public function foreignKey($key = null) {
+		if ($key !== null) {
+			$this->_foreignKey = $key;
+		}
+		return $this->_foreignKey;
+	}
+
+/**
+ * Sets Whether the records on the target table are dependent on the source table,
+ * often used to indicate that records should be removed is the owning record in
+ * the source table is deleted.
+ * If no parameters are passed current setting is returned.
+ *
+ * @param boolean $dependent
+ * @return boolean
+ */
+	public function dependent($dependent = null) {
+		if ($dependent !== null) {
+			$this->_dependent = $dependent;
+		}
+		return $this->_dependent;
+	}
+
+/**
+ * Whether this association can be expressed directly in a query join
+ *
+ * @param array $options custom options key that could alter the return value
+ * @return boolean
+ */
+	public function canBeJoined($options = []) {","Yes, they are
",0,adb78e6c3992279bb0dcede982f7ba86db765a25
4520550,0,"You can use the official [codesniffer](https://github.com/cakephp/cakephp-codesniffer).""",2013-06-03 23:58:28,ADmad,cakephp,cakephp,,https://github.com/cakephp/cakephp/pull/1323#discussion_r4520550,2013-06-04T11:58:28Z,2013-06-04T14:39:15Z,ADmad,MEMBER,lib/Cake/Model/Model.php,,,,,1,"@@ -1497,6 +1497,14 @@ public function create($data = array(), $filterKey = false) {
 		}
 		return $this->data;
 	}
+	
+/**
+ * This function is a convenient wrapper class to create(false) and, as the name suggests, clears the id, data, and validation errors.
+ * 
+ * @return array The current Model::data; after clearing via create(false)
+ * @see Model::create()
+ */
+	public function clear() { return $this->create(false); }","You can use the official [codesniffer](https://github.com/cakephp/cakephp-codesniffer).
",0,1a164c21422136bbd432574c3a7fc8e7e4ead41a
3788818,2,"I too dislike having huge lists in classes and the memory overhead. Can't we come up with a better way to avoid the extra memory cost for those who don't need this feature by having the list load conditionally from a config file and/or through `Configure:""",2013-04-14 18:27:20,ADmad,cakephp,cakephp,,https://github.com/cakephp/cakephp/pull/1229#discussion_r3788818,2013-04-15T06:27:20Z,2013-04-15T06:27:20Z,ADmad,MEMBER,lib/Cake/Network/CakeRequest.php,,992.0,,,355,"@@ -646,7 +986,13 @@ public function host() {
 	public function domain($tldLength = 1) {
 		$segments = explode('.', $this->host());
 		$domain = array_slice($segments, -1 * ($tldLength + 1));
-		return implode('.', $domain);
+		$domain = implode('.', $domain);
+
+		if (in_array('.' . $domain, $this->_slds)) {
+			return $this->domain($tldLength + 1);","I too dislike having huge lists in classes and the memory overhead. Can't we come up with a better way to avoid the extra memory cost for those who don't need this feature by having the list load conditionally from a config file and/or through `Configure::load()/write()`?
",0,db927fd419f56f733eb8106ea0a0f423e2993006
3503370,0,"All right, I'll fix it up.""",2013-03-23 23:07:34,dereuromark,cakephp,cakephp,,https://github.com/cakephp/cakephp/pull/1191#discussion_r3503370,2013-03-24T10:07:34Z,2013-03-24T10:09:06Z,dereuromark,MEMBER,lib/Cake/Utility/Validation.php,,624.0,,,1,"@@ -617,8 +617,8 @@ public static function phone($check, $regex = null, $country = 'all') {
 		if (is_null($regex)) {
 			switch ($country) {
 				case 'us':
+				case 'ca':
 				case 'all':
-				case 'can':
 					// includes all NANPA members.","All right, I'll fix it up.
",0,f633e59091c41e42741971df7aeb6aa4c21c8d58
2869489,0,"Should probably also add the solution. i.e. you should either copy or symlink the plugin assets into webroot""",2013-02-02 08:24:28,ADmad,cakephp,cakephp,,https://github.com/cakephp/cakephp/pull/1113#discussion_r2869489,2013-02-02T19:24:28Z,2013-02-03T15:37:15Z,ADmad,MEMBER,app/Config/core.php,,97.0,,,7,"@@ -92,7 +92,9 @@
  * /app/.htaccess
  * /app/webroot/.htaccess
  *
- * And uncomment the App.baseUrl below:
+ * And uncomment the App.baseUrl below. But keep in mind
+ * that plugin assets such as images, CSS and Javascript files 
+ * will not work without url rewriting!","Should probably also add the solution. i.e. you should either copy or symlink the plugin assets into webroot
",0,804753ff6c5c5c5acc73952ae8511f5af0ba2217
2020462,1,"Better not give the code sniffer reasons to complain :smile: """,2012-11-02 08:46:04,ADmad,cakephp,cakephp,,https://github.com/cakephp/cakephp/pull/934#discussion_r2020462,2012-11-02T19:46:04Z,2012-11-03T21:14:08Z,ADmad,MEMBER,lib/Cake/Test/Case/View/XmlViewTest.php,,,,,5,"@@ -64,6 +64,14 @@ public function testRenderWithoutView() {
 
 		$expected = Xml::build(array('response' => array('users' => $data)))->asXML();
 		$this->assertSame($expected, $output);
+
+","Better not give the code sniffer reasons to complain :smile: 
",0,c3af467476a9a1b2e46f69e5cef76c3dfa2e205b
2628267,0,"@markstory Why do you trim the dot from the domain? It can cause security issue. The `cakephp.org` cookie domain is accessible only by the `http://cakephp.org`, but the `.cakephp.org` cookie can be accessed by `http://cakephp.org` and `http://bakery.cakep""",2013-01-12 13:26:23,jrbasso,cakephp,cakephp,,https://github.com/cakephp/cakephp/pull/1057#discussion_r2628267,2013-01-13T00:26:23Z,2013-01-24T02:45:59Z,jrbasso,MEMBER,lib/Cake/Network/Http/Client.php,,,,,1,"@@ -0,0 +1,527 @@
+<?php
+/**
+ * CakePHP(tm) : Rapid Development Framework (http://cakephp.org)
+ * Copyright 2005-2012, Cake Software Foundation, Inc. (http://cakefoundation.org)
+ *
+ * Licensed under The MIT License
+ * Redistributions of files must retain the above copyright notice.
+ *
+ * @copyright     Copyright 2005-2012, Cake Software Foundation, Inc. (http://cakefoundation.org)
+ * @link          http://cakephp.org CakePHP(tm) Project
+ * @since         CakePHP(tm) v 3.0.0
+ * @license       MIT License (http://www.opensource.org/licenses/mit-license.php)
+ */
+namespace Cake\Network\Http;
+
+use Cake\Core\App;
+use Cake\Error;
+use Cake\Network\Http\Request;
+use Cake\Network\Http\Response;
+use Cake\Utility\Hash;
+
+/**
+ * The end user interface for doing HTTP requests.
+ *
+ * ### Scoped clients
+ *
+ * If you're doing multiple requests to the same hostname its often convienent
+ * to use the constructor arguments to create a scoped client. This allows you
+ * to keep your code DRY and not repeat hostnames, authentication, and other options.
+ *
+ * ### Doing requests
+ *
+ * Once you've created an instance of Client you can do requests
+ * using several methods. Each corresponds to a different HTTP method.
+ *
+ * - get()
+ * - post()
+ * - put()
+ * - delete()
+ * - patch()
+ *
+ * ### Cookie management
+ *
+ * Client will maintain cookies from the responses done with
+ * a client instance. These cookies will be automatically added
+ * to future requests to matching hosts. Cookies will respect the
+ * `Expires`, `Path` and `Domain` attributes. You can get the list of
+ * currently stored cookies using the cookies() method.
+ *
+ * ### Sending request bodies
+ *
+ * By default any POST/PUT/PATCH/DELETE request with $data will
+ * send their data as `multipart/form-data`.
+ *
+ * When sending request bodies you can use the `type` option to
+ * set the Content-Type for the request:
+ *
+ * `$http->get('/users', [], ['type' => 'json']);`
+ *
+ * The `type` option sets both the `Content-Type` and `Accept` header, to
+ * the same mime type. When using `type` you can use either a full mime
+ * type or an alias. If you need different types in the Accept and Content-Type
+ * headers you should set them manually and not use `type`
+ *
+ * ### Using authentication
+ *
+ * By using the `auth` key you can use authentication. The type sub option
+ * can be used to specify which authentication strategy you want to use.
+ * CakePHP comes with a few built-in strategies:
+ *
+ * - Basic
+ * - Digest
+ * - Oauth
+ *
+ * ### Using proxies
+ *
+ * By using the `proxy` key you can set authentication credentials for
+ * a proxy if you need to use one.. The type sub option can be used to
+ * specify which authentication strategy you want to use.
+ * CakePHP comes with built-in support for basic authentication.
+ *
+ */
+class Client {
+
+/**
+ * Stored configuration for the client.
+ *
+ * @var array
+ */
+	protected $_config = [
+		'host' => null,
+		'port' => null,
+		'scheme' => 'http',
+		'timeout' => 30,
+		'ssl_verify_peer' => true,
+		'ssl_verify_depth' => 5,
+		'ssl_verify_host' => true,
+		'redirect' => false,
+	];
+
+/**
+ * List of cookies from responses made with this client.
+ *
+ * Cookies are indexed by the cookie's domain or 
+ * request host name.
+ *
+ * @var array
+ */
+	protected $_cookies = [];
+
+/**
+ * Adapter for sending requests. Defaults to
+ * Cake\Network\Http\Stream
+ *
+ * @var Cake\Network\Http\Stream
+ */
+	protected $_adapter;
+
+/**
+ * Create a new HTTP Client.
+ *
+ * ### Config options
+ *
+ * You can set the following options when creating a client:
+ *
+ * - host - The hostname to do requests on.
+ * - port - The port to use.
+ * - scheme - The default scheme/protocol to use. Defaults to http.
+ * - timeout - The timeout in seconds. Defaults to 30
+ * - ssl_verify_peer - Whether or not SSL certificates should be validated.
+ *   Defaults to true.
+ * - ssl_verify_depth - The maximum certificate chain depth to travers.
+ *   Defaults to 5.
+ * - ssl_verify_host - Verify that the certificate and hostname match.
+ *   Defaults to true.
+ * - redirect - Number of redirects to follow. Defaults to false.
+ *
+ * @param array $config Config options for scoped clients.
+ */
+	public function __construct($config = []) {
+		$adapter = 'Cake\Network\Http\Adapter\Stream';
+		if (isset($config['adapter'])) {
+			$adapter = $config['adapter'];
+			unset($config['adapter']);
+		}
+		$this->config($config);
+
+		if (is_string($adapter)) {
+			$adapter = new $adapter();
+		}
+		$this->_adapter = $adapter;
+	}
+
+/**
+ * Get or set additional config options.
+ *
+ * Setting config will use Hash::merge() for appending into
+ * the existing configuration.
+ *
+ * @param array|null $config Configuration options. null to get.
+ * @return this|array
+ */
+	public function config($config = null) {
+		if ($config === null) {
+			return $this->_config;
+		}
+		$this->_config = Hash::merge($this->_config, $config);
+		return $this;
+	}
+
+/**
+ * Get the cookies stored in the Client.
+ *
+ * Returns an array of cookie data arrays.
+ *
+ * @return array
+ */
+	public function cookies() {
+		return $this->_cookies;
+	}
+
+/**
+ * Do a GET request.
+ *
+ * The $data argument supports a special `_content` key
+ * for providing a request body in a GET request. This is
+ * generally not used but services like ElasticSearch use 
+ * this feature.
+ *
+ * @param string $url The url or path you want to request.
+ * @param array $data The query data you want to send.
+ * @param array $options Additional options for the request.
+ * @return Cake\Network\Http\Response
+ */
+	public function get($url, $data = [], $options = []) {
+		$options = $this->_mergeOptions($options);
+		$body = [];
+		if (isset($data['_content'])) {
+			$body = $data['_content'];
+			unset($data['_content']);
+		}
+		$url = $this->buildUrl($url, $data, $options);
+		return $this->_doRequest(
+			Request::METHOD_GET,
+			$url,
+			$body,
+			$options
+		);
+	}
+
+/**
+ * Do a POST request.
+ *
+ * @param string $url The url or path you want to request.
+ * @param array $data The post data you want to send.
+ * @param array $options Additional options for the request.
+ * @return Cake\Network\Http\Response
+ */
+	public function post($url, $data = [], $options = []) {
+		$options = $this->_mergeOptions($options);
+		$url = $this->buildUrl($url, [], $options);
+		return $this->_doRequest(Request::METHOD_POST, $url, $data, $options);
+	}
+
+/**
+ * Do a PUT request.
+ *
+ * @param string $url The url or path you want to request.
+ * @param array $data The request data you want to send.
+ * @param array $options Additional options for the request.
+ * @return Cake\Network\Http\Response
+ */
+	public function put($url, $data = [], $options = []) {
+		$options = $this->_mergeOptions($options);
+		$url = $this->buildUrl($url, [], $options);
+		return $this->_doRequest(Request::METHOD_PUT, $url, $data, $options);
+	}
+
+/**
+ * Do a PATCH request.
+ *
+ * @param string $url The url or path you want to request.
+ * @param array $data The request data you want to send.
+ * @param array $options Additional options for the request.
+ * @return Cake\Network\Http\Response
+ */
+	public function patch($url, $data = [], $options = []) {
+		$options = $this->_mergeOptions($options);
+		$url = $this->buildUrl($url, [], $options);
+		return $this->_doRequest(Request::METHOD_PATCH, $url, $data, $options);
+	}
+
+/**
+ * Do a DELETE request.
+ *
+ * @param string $url The url or path you want to request.
+ * @param array $data The request data you want to send.
+ * @param array $options Additional options for the request.
+ * @return Cake\Network\Http\Response
+ */
+	public function delete($url, $data = [], $options = []) {
+		$options = $this->_mergeOptions($options);
+		$url = $this->buildUrl($url, [], $options);
+		return $this->_doRequest(Request::METHOD_DELETE, $url, $data, $options);
+	}
+
+/**
+ * Helper method for doing non-GET requests.
+ *
+ * @param string $method HTTP method.
+ * @param string $url URL to request.
+ */
+	protected function _doRequest($method, $url, $data, $options) {
+		$request = $this->_createRequest(
+			$method,
+			$url,
+			$data,
+			$options
+		);
+		return $this->send($request, $options);
+	}
+
+/**
+ * Does a recursive merge of the parameter with the scope config.
+ *
+ * @param array $options Options to merge.
+ * @return array Options merged with set config.
+ */
+	protected function _mergeOptions($options) {
+		return Hash::merge($this->_config, $options);
+	}
+
+/**
+ * Send a request.
+ *
+ * Used internally by other methods, but can also be used to send
+ * handcrafted Request objects.
+ *
+ * @param Cake\Network\Http\Request $request The request to send.
+ * @param array $options Additional options to use.
+ * @return Cake\Network\Http\Response
+ */
+	public function send(Request $request, $options = []) {
+		$responses = $this->_adapter->send($request, $options);
+		$host = parse_url($request->url(), PHP_URL_HOST);
+		foreach ($responses as $response) {
+			$this->_storeCookies($response, $host);
+		}
+		return array_pop($responses);
+	}
+
+/**
+ * Store cookies in a response to be used in future requests.
+ *
+ * Non-expired cookies will be stored for use in future requests
+ * made with the same Client instance. Cookies are not saved
+ * between instances.
+ *
+ * @param Response $response The response to read cookies from
+ * @param string $host The request host, used for getting host names
+ *   in case the cookies didn't set a domain.
+ * @return void
+ */
+	protected function _storeCookies(Response $response, $host) {
+		$cookies = $response->cookies();
+		foreach ($cookies as $name => $cookie) {
+			$expires = isset($cookie['expires']) ? $cookie['expires'] : false;
+			if ($expires) {
+				$expires = \DateTime::createFromFormat('D, j-M-Y H:i:s e', $expires);
+			}
+			if ($expires && $expires->getTimestamp() <= time()) {
+				continue;
+			}
+			if (empty($cookie['domain'])) {
+				$cookie['domain'] = $host;
+			}
+			$cookie['domain'] = trim($cookie['domain'], '.');","@markstory Why do you trim the dot from the domain? It can cause security issue. The `cakephp.org` cookie domain is accessible only by the `http://cakephp.org`, but the `.cakephp.org` cookie can be accessed by `http://cakephp.org` and `http://bakery.cakephp.org` and all others subdomains.
",0,c0865001dc9b44d763aba9eaa00720fa4e485ddc
2629304,0,"In RFC 2109 an explicitly set domain must always start with a `.` (section 4.2.2). Only if the domain is omitted will the  leading `.` be missing (section 4.3.1). Based on the domain matching examples, the rules seem like a cookie's inclusion in a request""",2013-01-13 05:26:02,markstory,cakephp,cakephp,,https://github.com/cakephp/cakephp/pull/1057#discussion_r2629304,2013-01-13T16:26:02Z,2013-01-24T02:45:59Z,markstory,MEMBER,lib/Cake/Network/Http/Client.php,,,,,1,"@@ -0,0 +1,527 @@
+<?php
+/**
+ * CakePHP(tm) : Rapid Development Framework (http://cakephp.org)
+ * Copyright 2005-2012, Cake Software Foundation, Inc. (http://cakefoundation.org)
+ *
+ * Licensed under The MIT License
+ * Redistributions of files must retain the above copyright notice.
+ *
+ * @copyright     Copyright 2005-2012, Cake Software Foundation, Inc. (http://cakefoundation.org)
+ * @link          http://cakephp.org CakePHP(tm) Project
+ * @since         CakePHP(tm) v 3.0.0
+ * @license       MIT License (http://www.opensource.org/licenses/mit-license.php)
+ */
+namespace Cake\Network\Http;
+
+use Cake\Core\App;
+use Cake\Error;
+use Cake\Network\Http\Request;
+use Cake\Network\Http\Response;
+use Cake\Utility\Hash;
+
+/**
+ * The end user interface for doing HTTP requests.
+ *
+ * ### Scoped clients
+ *
+ * If you're doing multiple requests to the same hostname its often convienent
+ * to use the constructor arguments to create a scoped client. This allows you
+ * to keep your code DRY and not repeat hostnames, authentication, and other options.
+ *
+ * ### Doing requests
+ *
+ * Once you've created an instance of Client you can do requests
+ * using several methods. Each corresponds to a different HTTP method.
+ *
+ * - get()
+ * - post()
+ * - put()
+ * - delete()
+ * - patch()
+ *
+ * ### Cookie management
+ *
+ * Client will maintain cookies from the responses done with
+ * a client instance. These cookies will be automatically added
+ * to future requests to matching hosts. Cookies will respect the
+ * `Expires`, `Path` and `Domain` attributes. You can get the list of
+ * currently stored cookies using the cookies() method.
+ *
+ * ### Sending request bodies
+ *
+ * By default any POST/PUT/PATCH/DELETE request with $data will
+ * send their data as `multipart/form-data`.
+ *
+ * When sending request bodies you can use the `type` option to
+ * set the Content-Type for the request:
+ *
+ * `$http->get('/users', [], ['type' => 'json']);`
+ *
+ * The `type` option sets both the `Content-Type` and `Accept` header, to
+ * the same mime type. When using `type` you can use either a full mime
+ * type or an alias. If you need different types in the Accept and Content-Type
+ * headers you should set them manually and not use `type`
+ *
+ * ### Using authentication
+ *
+ * By using the `auth` key you can use authentication. The type sub option
+ * can be used to specify which authentication strategy you want to use.
+ * CakePHP comes with a few built-in strategies:
+ *
+ * - Basic
+ * - Digest
+ * - Oauth
+ *
+ * ### Using proxies
+ *
+ * By using the `proxy` key you can set authentication credentials for
+ * a proxy if you need to use one.. The type sub option can be used to
+ * specify which authentication strategy you want to use.
+ * CakePHP comes with built-in support for basic authentication.
+ *
+ */
+class Client {
+
+/**
+ * Stored configuration for the client.
+ *
+ * @var array
+ */
+	protected $_config = [
+		'host' => null,
+		'port' => null,
+		'scheme' => 'http',
+		'timeout' => 30,
+		'ssl_verify_peer' => true,
+		'ssl_verify_depth' => 5,
+		'ssl_verify_host' => true,
+		'redirect' => false,
+	];
+
+/**
+ * List of cookies from responses made with this client.
+ *
+ * Cookies are indexed by the cookie's domain or 
+ * request host name.
+ *
+ * @var array
+ */
+	protected $_cookies = [];
+
+/**
+ * Adapter for sending requests. Defaults to
+ * Cake\Network\Http\Stream
+ *
+ * @var Cake\Network\Http\Stream
+ */
+	protected $_adapter;
+
+/**
+ * Create a new HTTP Client.
+ *
+ * ### Config options
+ *
+ * You can set the following options when creating a client:
+ *
+ * - host - The hostname to do requests on.
+ * - port - The port to use.
+ * - scheme - The default scheme/protocol to use. Defaults to http.
+ * - timeout - The timeout in seconds. Defaults to 30
+ * - ssl_verify_peer - Whether or not SSL certificates should be validated.
+ *   Defaults to true.
+ * - ssl_verify_depth - The maximum certificate chain depth to travers.
+ *   Defaults to 5.
+ * - ssl_verify_host - Verify that the certificate and hostname match.
+ *   Defaults to true.
+ * - redirect - Number of redirects to follow. Defaults to false.
+ *
+ * @param array $config Config options for scoped clients.
+ */
+	public function __construct($config = []) {
+		$adapter = 'Cake\Network\Http\Adapter\Stream';
+		if (isset($config['adapter'])) {
+			$adapter = $config['adapter'];
+			unset($config['adapter']);
+		}
+		$this->config($config);
+
+		if (is_string($adapter)) {
+			$adapter = new $adapter();
+		}
+		$this->_adapter = $adapter;
+	}
+
+/**
+ * Get or set additional config options.
+ *
+ * Setting config will use Hash::merge() for appending into
+ * the existing configuration.
+ *
+ * @param array|null $config Configuration options. null to get.
+ * @return this|array
+ */
+	public function config($config = null) {
+		if ($config === null) {
+			return $this->_config;
+		}
+		$this->_config = Hash::merge($this->_config, $config);
+		return $this;
+	}
+
+/**
+ * Get the cookies stored in the Client.
+ *
+ * Returns an array of cookie data arrays.
+ *
+ * @return array
+ */
+	public function cookies() {
+		return $this->_cookies;
+	}
+
+/**
+ * Do a GET request.
+ *
+ * The $data argument supports a special `_content` key
+ * for providing a request body in a GET request. This is
+ * generally not used but services like ElasticSearch use 
+ * this feature.
+ *
+ * @param string $url The url or path you want to request.
+ * @param array $data The query data you want to send.
+ * @param array $options Additional options for the request.
+ * @return Cake\Network\Http\Response
+ */
+	public function get($url, $data = [], $options = []) {
+		$options = $this->_mergeOptions($options);
+		$body = [];
+		if (isset($data['_content'])) {
+			$body = $data['_content'];
+			unset($data['_content']);
+		}
+		$url = $this->buildUrl($url, $data, $options);
+		return $this->_doRequest(
+			Request::METHOD_GET,
+			$url,
+			$body,
+			$options
+		);
+	}
+
+/**
+ * Do a POST request.
+ *
+ * @param string $url The url or path you want to request.
+ * @param array $data The post data you want to send.
+ * @param array $options Additional options for the request.
+ * @return Cake\Network\Http\Response
+ */
+	public function post($url, $data = [], $options = []) {
+		$options = $this->_mergeOptions($options);
+		$url = $this->buildUrl($url, [], $options);
+		return $this->_doRequest(Request::METHOD_POST, $url, $data, $options);
+	}
+
+/**
+ * Do a PUT request.
+ *
+ * @param string $url The url or path you want to request.
+ * @param array $data The request data you want to send.
+ * @param array $options Additional options for the request.
+ * @return Cake\Network\Http\Response
+ */
+	public function put($url, $data = [], $options = []) {
+		$options = $this->_mergeOptions($options);
+		$url = $this->buildUrl($url, [], $options);
+		return $this->_doRequest(Request::METHOD_PUT, $url, $data, $options);
+	}
+
+/**
+ * Do a PATCH request.
+ *
+ * @param string $url The url or path you want to request.
+ * @param array $data The request data you want to send.
+ * @param array $options Additional options for the request.
+ * @return Cake\Network\Http\Response
+ */
+	public function patch($url, $data = [], $options = []) {
+		$options = $this->_mergeOptions($options);
+		$url = $this->buildUrl($url, [], $options);
+		return $this->_doRequest(Request::METHOD_PATCH, $url, $data, $options);
+	}
+
+/**
+ * Do a DELETE request.
+ *
+ * @param string $url The url or path you want to request.
+ * @param array $data The request data you want to send.
+ * @param array $options Additional options for the request.
+ * @return Cake\Network\Http\Response
+ */
+	public function delete($url, $data = [], $options = []) {
+		$options = $this->_mergeOptions($options);
+		$url = $this->buildUrl($url, [], $options);
+		return $this->_doRequest(Request::METHOD_DELETE, $url, $data, $options);
+	}
+
+/**
+ * Helper method for doing non-GET requests.
+ *
+ * @param string $method HTTP method.
+ * @param string $url URL to request.
+ */
+	protected function _doRequest($method, $url, $data, $options) {
+		$request = $this->_createRequest(
+			$method,
+			$url,
+			$data,
+			$options
+		);
+		return $this->send($request, $options);
+	}
+
+/**
+ * Does a recursive merge of the parameter with the scope config.
+ *
+ * @param array $options Options to merge.
+ * @return array Options merged with set config.
+ */
+	protected function _mergeOptions($options) {
+		return Hash::merge($this->_config, $options);
+	}
+
+/**
+ * Send a request.
+ *
+ * Used internally by other methods, but can also be used to send
+ * handcrafted Request objects.
+ *
+ * @param Cake\Network\Http\Request $request The request to send.
+ * @param array $options Additional options to use.
+ * @return Cake\Network\Http\Response
+ */
+	public function send(Request $request, $options = []) {
+		$responses = $this->_adapter->send($request, $options);
+		$host = parse_url($request->url(), PHP_URL_HOST);
+		foreach ($responses as $response) {
+			$this->_storeCookies($response, $host);
+		}
+		return array_pop($responses);
+	}
+
+/**
+ * Store cookies in a response to be used in future requests.
+ *
+ * Non-expired cookies will be stored for use in future requests
+ * made with the same Client instance. Cookies are not saved
+ * between instances.
+ *
+ * @param Response $response The response to read cookies from
+ * @param string $host The request host, used for getting host names
+ *   in case the cookies didn't set a domain.
+ * @return void
+ */
+	protected function _storeCookies(Response $response, $host) {
+		$cookies = $response->cookies();
+		foreach ($cookies as $name => $cookie) {
+			$expires = isset($cookie['expires']) ? $cookie['expires'] : false;
+			if ($expires) {
+				$expires = \DateTime::createFromFormat('D, j-M-Y H:i:s e', $expires);
+			}
+			if ($expires && $expires->getTimestamp() <= time()) {
+				continue;
+			}
+			if (empty($cookie['domain'])) {
+				$cookie['domain'] = $host;
+			}
+			$cookie['domain'] = trim($cookie['domain'], '.');","In RFC 2109 an explicitly set domain must always start with a `.` (section 4.2.2). Only if the domain is omitted will the  leading `.` be missing (section 4.3.1). Based on the domain matching examples, the rules seem like a cookie's inclusion in a request should rely on:
- Secure flag matching.
- Domain matching request host exactly (for default values)
- Domain matching request host at the end of the domain,
- Path matching the request path at the beginning of the path.
- Cookie not being expired.
",0,c0865001dc9b44d763aba9eaa00720fa4e485ddc
5700222,0,"Is this good to go then?""",2013-08-11 02:44:08,dereuromark,cakephp,cakephp,,https://github.com/cakephp/cakephp/pull/1493#discussion_r5700222,2013-08-11T14:44:08Z,2013-08-11T14:44:08Z,dereuromark,MEMBER,lib/Cake/View/Helper/HtmlHelper.php,,921.0,,,5,"@@ -918,13 +918,10 @@ public function tag($name, $text = null, $options = array()) {
 		if (empty($name)) {
 			return $text;
 		}
-		if (is_array($options) && isset($options['escape']) && $options['escape']) {
+		if (isset($options['escape']) && $options['escape']) {","Is this good to go then?
",0,fc2d28974b8080e7670ea1a302e662cbb2fa6489
