comment_id,polarity,text,created_at_gold,author_login,owner,repo,review_id,html_url,created_at_kaiaulu,updated_at,comment_user_login,author_association,file_path,start_line,line,original_start_line,original_line,position,diff_hunk,body,commit_id
165770,0,"You'd need to escape every regexp special characters (think . for instance) in s.data so that you don't have false negative. Talk about a """"simple"""" hack gone wrong in the convoluted department (not to mention performance and memory issues in older browsers""",2010-10-10 04:05:40,jeresig,jquery,jquery,,https://github.com/jquery/jquery/pull/544#discussion_r165770,2011-10-12T00:44:14Z,2011-10-12T00:44:14Z,jaubourg,MEMBER,src/ajax.js,,668.0,,,6,"@@ -664,10 +664,10 @@ jQuery.extend({
 		if ( !s.hasContent ) {
 
 			// If data is available, append data to url
-			if ( s.data ) {
+			// Only append once, do not re-append if data is already in url
+			var dataAppendedToUrl = ( new RegExp( ""(&|\\?)"" + s.data + ""(&|$)"" ) ).test( s.url );","You'd need to escape every regexp special characters (think . for instance) in s.data so that you don't have false negative. Talk about a ""simple"" hack gone wrong in the convoluted department (not to mention performance and memory issues in older browsers).

``` js
{ type: ""GET"", url: ""path/to/page"", data: { p: 6 } }
// and
{ type: ""GET"", url: ""path/to/page?p=6"" }
```

are strictly equivalent. It's up to the particular plugin you wish to fix for to handle that situation (ie. understand that data _is_ part of the URL in a GET request).

Again: this is _not_ a regression, the data is still there, the requests are _strictly_ equivalent.

Relying on data not being part of the URL in the context of a GET request is the actual bug and it doesn't happen within jQuery core.
",ee8e088e17b51469fb389b25f5fd806fc26c0c2c
22811,2,"off course, sorry bother you, i return to 7906 so i cant provide data :(""",2011-04-25 14:36:07,timmywil,jquery,jquery,,https://github.com/jquery/jquery/pull/347#discussion_r22811,2011-04-26T02:36:07Z,2011-04-30T14:38:29Z,timmywil,MEMBER,src/manipulation.js,,454.0,,,20,"@@ -440,6 +440,14 @@ jQuery.buildFragment = function( args, nodes, scripts ) {
 	var fragment, cacheable, cacheresults,
 		doc = (nodes && nodes[0] ? nodes[0].ownerDocument || nodes[0] : document);
 
+	// If an HTML tag is passed, along with an object of attributes
+	// ensure that the attr object doesnt incorrectly stand in as a document object
+	// Chrome and Firefox seem to allow this to occur and will throw exception
+	// Fixes #8950
+	if ( !doc.createDocumentFragment ) {
+		doc = document;
+	}","I wonder if we could combine this if with the doc definition above somehow.  Maybe this is too fancy, but...

```
var node,
...
doc = ( nodes && (node = nodes[0])  && node.ownerDocument || node.createDocumentFragment && node ) || document;
```
",c99ee5f7b81fbfe9f624428d25b1ad03e4599ae0
6194911,1,"That's fine.  Keep in mind there will be two new literals, Binary and Octal, but I doubt we'll have to worry about that anytime soon :)""",2013-09-05 09:24:29,rwaldron,jquery,jquery,,https://github.com/jquery/jquery/pull/1352#discussion_r6194911,2013-09-05T21:24:29Z,2013-09-07T19:05:49Z,rwaldron,MEMBER,src/core.js,,358.0,,,1,"@@ -352,7 +352,10 @@ jQuery.extend({
 	},
 
 	isNumeric: function( obj ) {
-		return !isNaN( parseFloat(obj) ) && isFinite( obj );
+		// parseFloat NaNs numeric-cast false positives (null|true|false|"""")
+		// ...but misinterprets hex literals (""0x..."") and other leading-number strings
+		// subtraction forces infinities to NaN
+		return obj - parseFloat( obj ) >= 0;","That's fine.

Keep in mind there will be two new literals, Binary and Octal, but I doubt we'll have to worry about that anytime soon :)
",335b7c65982190d44ac26b7b51c04b2fbbf63d83
6196517,1,"Well, in that world `Number.isNaN(obj)` will work correctly too :)""",2013-09-05 10:31:09,rwaldron,jquery,jquery,,https://github.com/jquery/jquery/pull/1352#discussion_r6196517,2013-09-05T22:31:09Z,2013-09-07T19:05:49Z,rwaldron,MEMBER,src/core.js,,358.0,,,1,"@@ -352,7 +352,10 @@ jQuery.extend({
 	},
 
 	isNumeric: function( obj ) {
-		return !isNaN( parseFloat(obj) ) && isFinite( obj );
+		// parseFloat NaNs numeric-cast false positives (null|true|false|"""")
+		// ...but misinterprets hex literals (""0x..."") and other leading-number strings
+		// subtraction forces infinities to NaN
+		return obj - parseFloat( obj ) >= 0;","Well, in that world `Number.isNaN(obj)` will work correctly too :)
",335b7c65982190d44ac26b7b51c04b2fbbf63d83
6222993,1,"True, nice catch!""",2013-09-06 12:26:42,mzgol,jquery,jquery,,https://github.com/jquery/jquery/pull/1348#discussion_r6222993,2013-09-07T00:26:42Z,2013-09-09T12:44:05Z,mgol,MEMBER,src/offset.js,,189.0,,,33,"@@ -177,4 +177,31 @@ jQuery.each( {scrollLeft: ""pageXOffset"", scrollTop: ""pageYOffset""}, function( me
 	};
 });
 
+// Webkit bug: https://bugs.webkit.org/show_bug.cgi?id=29084
+// getComputedStyle returns percent when specified for top/left/bottom/right
+jQuery.each( [ ""top"", ""left"" ], function( i, prop ) {
+	jQuery.cssHooks[ prop ] = {
+		get: function( elem, computed ) {
+			if ( support.pixelPosition() || !jQuery.fn.position ) {","True, nice catch!
",ebf2972b0ef5be5c2c0aee8d8b46dc6f6f1db96e
4501882,1,"When it comes to maintain assertion count, your preferred version wins. :smile: . It also makes the code neater and follows the same style as the preceding assertions.""",2013-06-03 03:19:13,ruado1987,jquery,jquery,,https://github.com/jquery/jquery/pull/1284#discussion_r4501882,2013-06-03T15:19:13Z,2013-06-03T15:24:51Z,ruado1987,CONTRIBUTOR,test/unit/core.js,,,,,1,"@@ -1308,6 +1308,8 @@ test(""jQuery.parseHTML"", function() {
 	equal( jQuery.parseHTML(""<span><span>"").length, 1, ""Incorrect html-strings should not break anything"" );
 	equal( jQuery.parseHTML(""<td><td>"")[ 1 ].parentNode.nodeType, 11,
 		""parentNode should be documentFragment for wrapMap (variable in manipulation module) elements too"" );
+	equal( jQuery.parseHTML(""<#if><tr><p>This is a test.</p></tr><#/if>"")[0].nodeName.toLowerCase(), ""tr"",
+		""garbage input should not cause error"");","When it comes to maintain assertion count, your preferred version wins. :smile: . It also makes the code neater and follows the same style as the preceding assertions.
",30b97f65c8b70b9de530ad1afd547f3b495ff8ae
4338837,2,"Yeah... I don't like this either but too many tools are failing at the moment so we have to sort-of monkey-patch them.""",2013-05-22 02:04:25,mzgol,jquery,jquery,,https://github.com/jquery/jquery/pull/1275#discussion_r4338837,2013-05-22T14:04:25Z,2013-05-23T19:04:26Z,mgol,MEMBER,Gruntfile.js,,114.0,,,5,"@@ -111,11 +111,12 @@ module.exports = function( grunt ) {
 					""dist/jquery.pre-min.js"": [ ""dist/jquery.js"" ]
 				},
 				options: {
-					banner: ""/*! jQuery v<%= pkg.version %> | "" +
+					banner: ""\n\n\n\n\n\n\n\n\n\n"" + // banner line size must be preserved","Yeah... I don't like this either but too many tools are failing at the moment so we have to sort-of monkey-patch them.
",3fa700f7be90fef904d989e67b86901d5136447a
3687354,1,"Nice use of the bizarre array argument :)""",2013-04-07 08:50:29,rwaldron,jquery,jquery,,https://github.com/jquery/jquery/pull/1226#discussion_r3687354,2013-04-07T20:50:29Z,2013-04-08T18:09:30Z,rwaldron,MEMBER,src/queue.js,,62.0,,,25,"@@ -57,10 +57,9 @@ jQuery.extend({
 	// not intended for public consumption - generates a queueHooks object, or returns the current one
 	_queueHooks: function( elem, type ) {
 		var key = type + ""queueHooks"";
-		return jQuery._data( elem, key ) || jQuery._data( elem, key, {
+		return data_priv.get( elem, key ) || data_priv.access( elem, key, {
 			empty: jQuery.Callbacks(""once memory"").add(function() {
-				jQuery._removeData( elem, type + ""queue"" );
-				jQuery._removeData( elem, key );
+				data_priv.remove( elem, [ type + ""queue"", key ] );","Nice use of the bizarre array argument :)
",73bb7d58b35a6ae0a8f7d8a3874be424d39bb08a
3595608,1,"I was sold basically as soon as I hit submit. Tests updated, and jQuery is now marginally more consistent!""",2013-03-30 10:55:07,gibson042,jquery,jquery,,https://github.com/jquery/jquery/pull/1215#discussion_r3595608,2013-03-30T21:55:07Z,2013-03-30T21:55:07Z,gibson042,MEMBER,test/unit/traversing.js,,,,,1,"@@ -80,8 +80,8 @@ test(""is(String|undefined)"", function() {
 
 test(""is() against window|document (#10178)"", function() {
 	expect(2);
-	ok( !jQuery(window).is(""a""), ""Checking is on a window does not throw an exception"" );
-	ok( !jQuery(document).is(""a""), ""Checking is on a document does not throw an exception"" );
+	ok( jQuery(window).is(""a"") || true, ""Checking is on a window does not throw an exception"" );
+	ok( jQuery(document).is(""a"") || true, ""Checking is on a document does not throw an exception"" );","I was sold basically as soon as I hit submit. Tests updated, and jQuery is now marginally more consistent!
",bd598039b9a071bdecb290e49168234075aac5ff
2558621,1,"Ah-ha! Good to know :D""",2013-01-05 07:49:24,rwaldron,jquery,jquery,,https://github.com/jquery/jquery/pull/1109#discussion_r2558621,2013-01-05T18:49:24Z,2013-01-06T00:35:00Z,rwaldron,MEMBER,src/ajax/xhr.js,,89.0,,,259,"@@ -1,218 +1,92 @@
-var xhrCallbacks, xhrSupported,
-	xhrId = 0,
-	// #5280: Internet Explorer will keep connections alive if we don't abort on unload
-	xhrOnUnloadAbort = window.ActiveXObject && function() {
-		// Abort all pending requests
-		var key;
-		for ( key in xhrCallbacks ) {
-			xhrCallbacks[ key ]( undefined, true );
-		}
-	};
-
-// Functions to create xhrs
-function createStandardXHR() {
+jQuery.ajaxSettings.xhr = function() {
 	try {
-		return new window.XMLHttpRequest();
+		return new XMLHttpRequest();
 	} catch( e ) {}
-}
-
-function createActiveXHR() {
-	try {
-		return new window.ActiveXObject(""Microsoft.XMLHTTP"");
-	} catch( e ) {}
-}
-
-// Create the request object
-// (This is still attached to ajaxSettings for backward compatibility)
-jQuery.ajaxSettings.xhr = window.ActiveXObject ?
-	/* Microsoft failed to properly
-	 * implement the XMLHttpRequest in IE7 (can't request local files),
-	 * so we use the ActiveXObject when it is available
-	 * Additionally XMLHttpRequest can be disabled in IE7/IE8 so
-	 * we need a fallback.
-	 */
-	function() {
-		return !this.isLocal && createStandardXHR() || createActiveXHR();
-	} :
-	// For all other browsers, use the standard XMLHttpRequest object
-	createStandardXHR;
-
-// Determine support properties
-xhrSupported = jQuery.ajaxSettings.xhr();
+};
+
+var xhrSupported = jQuery.ajaxSettings.xhr(),
+	xhrSuccessStatus = {
+		// file protocol always yields status code 0, assume 200
+		0: 200,
+		// IE - #1450: sometimes returns 1223 when it should be 204
+		1223: 204
+	};
+	
 jQuery.support.cors = !!xhrSupported && ( ""withCredentials"" in xhrSupported );
-xhrSupported = jQuery.support.ajax = !!xhrSupported;
-
-// Create transport if the browser can provide an xhr
-if ( xhrSupported ) {
-
-	jQuery.ajaxTransport(function( s ) {
-		// Cross domain only allowed if supported through XMLHttpRequest
-		if ( !s.crossDomain || jQuery.support.cors ) {
-
-			var callback;
-
-			return {
-				send: function( headers, complete ) {
-
-					// Get a new xhr
-					var handle, i,
-						xhr = s.xhr();
-
-					// Open the socket
-					// Passing null username, generates a login popup on Opera (#2865)
-					if ( s.username ) {
-						xhr.open( s.type, s.url, s.async, s.username, s.password );
-					} else {
-						xhr.open( s.type, s.url, s.async );
-					}
-
-					// Apply custom fields if provided
-					if ( s.xhrFields ) {
-						for ( i in s.xhrFields ) {
-							xhr[ i ] = s.xhrFields[ i ];
-						}
-					}
-
-					// Override mime type if needed
-					if ( s.mimeType && xhr.overrideMimeType ) {
-						xhr.overrideMimeType( s.mimeType );
+jQuery.support.ajax = xhrSupported = !!xhrSupported;
+
+jQuery.ajaxTransport(function( options ) {
+	var callback;
+	// Cross domain only allowed if supported through XMLHttpRequest
+	if ( jQuery.support.cors || xhrSupported && !options.crossDomain ) {
+		return {
+			send: function( headers, complete ) {
+				var i,
+					xhr = options.xhr();
+				// Open the socket
+				xhr.open( options.type, options.url, options.async, options.username, options.password );
+				// Apply custom fields if provided
+				if ( options.xhrFields ) {
+					for ( i in options.xhrFields ) {
+						xhr[ i ] = options.xhrFields[ i ];
 					}
-
-					// X-Requested-With header
-					// For cross-domain requests, seeing as conditions for a preflight are
-					// akin to a jigsaw puzzle, we simply never set it to be sure.
-					// (it can always be set on a per-request basis or even using ajaxSetup)
-					// For same-domain requests, won't change header if already provided.
-					if ( !s.crossDomain && !headers[""X-Requested-With""] ) {
-						headers[""X-Requested-With""] = ""XMLHttpRequest"";
-					}
-
-					// Need an extra try/catch for cross domain requests in Firefox 3
-					try {
-						for ( i in headers ) {
-							xhr.setRequestHeader( i, headers[ i ] );
-						}
-					} catch( err ) {}
-
-					// Do send the request
-					// This may raise an exception which is actually
-					// handled in jQuery.ajax (so no try/catch here)
-					xhr.send( ( s.hasContent && s.data ) || null );
-
-					// Listener
-					callback = function( _, isAbort ) {
-
-						var status,
-							statusText,
-							responseHeaders,
-							responses,
-							xml;
-
-						// Firefox throws exceptions when accessing properties
-						// of an xhr when a network error occurred
-						// http://helpful.knobs-dials.com/index.php/Component_returned_failure_code:_0x80040111_(NS_ERROR_NOT_AVAILABLE)
-						try {
-
-							// Was never called and is aborted or complete
-							if ( callback && ( isAbort || xhr.readyState === 4 ) ) {
-
-								// Only called once
-								callback = undefined;
-
-								// Do not keep as active anymore
-								if ( handle ) {
-									xhr.onreadystatechange = jQuery.noop;
-									if ( xhrOnUnloadAbort ) {
-										delete xhrCallbacks[ handle ];
-									}
-								}
-
-								// If it's an abort
-								if ( isAbort ) {
-									// Abort it manually if needed
-									if ( xhr.readyState !== 4 ) {
-										xhr.abort();
-									}
-								} else {
-									responses = {};
-									status = xhr.status;
-									xml = xhr.responseXML;
-									responseHeaders = xhr.getAllResponseHeaders();
-
-									// Construct response list
-									if ( xml && xml.documentElement /* #4958 */ ) {
-										responses.xml = xml;
-									}
-
-									// When requesting binary data, IE6-9 will throw an exception
-									// on any attempt to access responseText (#11426)
-									if ( typeof xhr.responseText === ""string"" ) {
-										responses.text = xhr.responseText;
-									}
-
-									// Firefox throws an exception when accessing
-									// statusText for faulty cross-domain requests
-									try {
-										statusText = xhr.statusText;
-									} catch( e ) {
-										// We normalize with Webkit giving an empty statusText
-										statusText = """";
-									}
-
-									// Filter status for non standard behaviors
-
-									// If the request is local and we have data: assume a success
-									// (success with no data won't get notified, that's the best we
-									// can do given current implementations)
-									if ( !status && s.isLocal && !s.crossDomain ) {
-										status = responses.text ? 200 : 404;
-									// IE - #1450: sometimes returns 1223 when it should be 204
-									} else if ( status === 1223 ) {
-										status = 204;
-									}
-								}
-							}
-						} catch( firefoxAccessException ) {
-							if ( !isAbort ) {
-								complete( -1, firefoxAccessException );
+				}
+				// Override mime type if needed
+				if ( options.mimeType && xhr.overrideMimeType ) {
+					xhr.overrideMimeType( options.mimeType );
+				}
+				// X-Requested-With header
+				// For cross-domain requests, seeing as conditions for a preflight are
+				// akin to a jigsaw puzzle, we simply never set it to be sure.
+				// (it can always be set on a per-request basis or even using ajaxSetup)
+				// For same-domain requests, won't change header if already provided.
+				if ( !options.crossDomain && !headers[""X-Requested-With""] ) {
+					headers[""X-Requested-With""] = ""XMLHttpRequest"";
+				}
+				// Set headers
+				for ( i in headers ) {
+					xhr.setRequestHeader( i, headers[ i ] );
+				}
+				// Callback
+				callback = function( type ) {
+					return function() {
+						if ( callback ) {
+							callback = xhr.onload = xhr.onerror = null;
+							if ( type === ""abort"" ) {
+								xhr.abort();
+							} else if ( type === ""error"" ) {
+								complete( xhr.status, xhr.statusText );
+							} else {
+								complete(
+									xhrSuccessStatus[ xhr.status ] || xhr.status,
+									xhr.statusText,
+									// IE - #11426: When requesting binary data, IE9 will
+									// throw an exception on any attempt to access responseText
+									typeof xhr.responseText === ""string"" ? {
+										text: xhr.responseText
+									} : undefined,
+									xhr.getAllResponseHeaders()
+								);","Ah-ha! Good to know :D
",69173e79137d48c4bc1e66939c3d87a4b345751c
2219453,0,"Should the result of this deferred chaining map go into a new array instead of reassigning `requests`?""",2012-11-25 22:15:15,gibson042,jquery,jquery,,https://github.com/jquery/jquery/pull/1045#discussion_r2219453,2012-11-26T09:15:15Z,2012-11-26T11:10:14Z,gibson042,MEMBER,test/data/testinit.js,,,,,1,"@@ -143,6 +143,77 @@ function url( value ) {
 	return value + (/\?/.test(value) ? ""&"" : ""?"") + new Date().getTime() + """" + parseInt(Math.random() * 100000, 10);
 }
 
+// Ajax testing helper
+var ajaxTest = (function() {
+	
+	var resolved = $.Deferred().resolve();
+	
+	function getRequests( options ) {
+		var requests = options.requests || options.request || options || [];
+		if ( !jQuery.isArray(requests) ) {
+			requests = [ requests ];
+		}
+		return requests;
+	}
+		
+	return function( title, expect, options ) {
+		if ( jQuery.isFunction(options) ) {
+			options = options();
+		}
+		options = options || [];
+		asyncTest( title, expect, function() {
+			setTimeout(function() {
+				if ( options.setup ) {
+					options.setup();
+				}
+				var ajaxSettings = jQuery.ajaxSetup( {}, {} );
+					aborted = false,
+					abort = function( reason ) {
+						if ( !aborted ) {
+							aborted = true;
+							ok( false, ""unexpected "" + reason );
+							jQuery.each( requests, function( _, request ) {
+								request.abort();
+							});
+						}
+					},
+					requestOptions = getRequests( options ),
+					requests = jQuery.map( requestOptions, function( options ) {
+						var request = ( options.create || jQuery.ajax )( options );
+						if ( options.afterSend ) {
+							options.afterSend( request );
+						}
+						return request;
+					});
+				requests = jQuery.map( requests, function( request, index ) {","Should the result of this deferred chaining map go into a new array instead of reassigning `requests`?
",512b826f9f14e30b715b943547b97aaaf1099f4e
2032205,1,"No, it wasn't; nice catch. Fixed.""",2012-11-05 06:22:57,gibson042,jquery,jquery,,https://github.com/jquery/jquery/pull/1017#discussion_r2032205,2012-11-05T17:22:57Z,2012-11-05T17:22:57Z,gibson042,MEMBER,src/core.js,,,,,1,"@@ -768,23 +782,22 @@ jQuery.extend({
 
 	// Multifunctional method to get and set values of a collection
 	// The value/s can optionally be executed if it's a function
-	access: function( elems, fn, key, value, chainable, emptyGet, pass ) {
-		var exec,
+	access: function( elems, fn, key, value, chainable, emptyGet ) {
+		var i = 0,
+			length = elems.length,
 			bulk = key == null,
-			i = 0,
-			length = elems.length;
+			exec = value !== undefined && jQuery.isFunction( value );
 
 		// Sets many values
 		if ( key && typeof key === ""object"" ) {
+			chainable = true;
 			for ( i in key ) {
-				jQuery.access( elems, fn, i, key[i], 1, emptyGet, value );
+				jQuery.access( elems, fn, i, key[i], true );","No, it wasn't; nice catch. Fixed.
",848c71bfbe3034e0a349e52f1b8028b47acb3178
1899991,1,"thanks for your patience, here is the new pull request:  https://github.com/jquery/jquery/pull/1005""",2012-10-21 15:44:13,yiminghe,jquery,jquery,,https://github.com/jquery/jquery/pull/999#discussion_r1899991,2012-10-22T03:44:13Z,2012-10-22T03:44:13Z,yiminghe,CONTRIBUTOR,test/unit/css.js,,871.0,,,25,"@@ -847,4 +847,25 @@ test( ""cssHooks - expand"", function() {
 
 });
 
+test( ""css opacity does not behave consistently across browsers, see #12685"",function() {
+    var tag = ""opacity"" + new Date().getTime(),
+        t, t2,
+        fixture = jQuery( ""#qunit-fixture"" );
+    t2 = jQuery( ""<style>."" + tag + "" { opacity: 0.1; filter: alpha(opacity=10); }</style>"" ).appendTo( fixture );
+    t = jQuery( ""<div class='"" + tag + ""'></div>"" ).appendTo( fixture );
+    t.css( ""opacity"", 0.2 );
+    t.css( ""opacity"", """" );
+    ok( Math.abs( t.css( ""opacity"" ) - 0.1 ) < 1e-5 );
+    t.remove();
+    t2.remove();
+    
+    tag = ""opacity2"" + new Date().getTime();
+    t2 = jQuery( ""<style>."" + tag + "" { opacity: 0.1; filter: alpha(opacity = 10); }</style>"" ).appendTo( fixture );
+    t = jQuery( ""<div class='"" + tag + ""'></div>"" ).appendTo( fixture );
+    ok( Math.abs( t.css( ""opacity"" ) - 0.1 ) < 1e-5 );
+    t.remove();
+    t2.remove();
+    
+});
+
 }","thanks for your patience, here is the new pull request:

https://github.com/jquery/jquery/pull/1005
",b8b34b0ab2610930d6867c0b1a5b12e0e986a16b
1441352,1,"Oh, that's a good point, it might not be our instance! Your property check is looking a lot prettier now.""",2012-08-22 13:30:02,dmethvin,jquery,jquery,,https://github.com/jquery/jquery/pull/903#discussion_r1441352,2012-08-23T01:30:02Z,2012-08-23T01:30:02Z,dmethvin,MEMBER,src/manipulation.js,,495.0,,,15,"@@ -489,15 +489,11 @@ jQuery.buildFragment = function( args, context, scripts ) {
 		first = args[ 0 ];
 
 	// Set context from what may come in as undefined or a jQuery collection or a node
+	// Updated to fix #12266 where accessing context[0] could throw an exception in IE9/10 &
+	// also doubles as fix for #8950 where plain objects caused createDocumentFragment exception
 	context = context || document;
-	context = (context[0] || context).ownerDocument || context[0] || context;
-
-	// Ensure that an attr object doesn't incorrectly stand in as a document object
-	// Chrome and Firefox seem to allow this to occur and will throw exception
-	// Fixes #8950
-	if ( typeof context.createDocumentFragment === ""undefined"" ) {
-		context = document;
-	}
+	context = context instanceof jQuery ? context[0] : context;","Oh, that's a good point, it might not be our instance! Your property check is looking a lot prettier now.
",5344a612b124f5e3c8631b289d522b72de8f35b1
811124,0,"Since `jQuery.fx.timer()` is a new signature, does anyone have any thoughts about changing it to:  ```javascript jQuery.fx.timer( tick, element, queue, animation ) ```  Just thinking for people overriding with their own tick functions, having to extend th""",2012-05-11 09:15:39,gnarf,jquery,jquery,,https://github.com/jquery/jquery/pull/775#discussion_r811124,2012-05-11T21:15:39Z,2012-05-11T21:15:39Z,gnarf,MEMBER,src/effects.js,,143.0,,,86,"@@ -132,13 +134,13 @@ function Animation( elem, properties, options ) {
 
 	callTweeners( animation, props );
 
-	jQuery.extend( animation.tick, {
-		anim: animation,
-		queue: animation.opts.queue,
-		elem: elem
-	});
-
-	jQuery.fx.timer( animation.tick );
+	jQuery.fx.timer(
+		jQuery.extend( tick, {
+			anim: animation,
+			queue: animation.opts.queue,
+			elem: elem
+		})
+	);","Since `jQuery.fx.timer()` is a new signature, does anyone have any thoughts about changing it to:

``` javascript
jQuery.fx.timer( tick, element, queue, animation )
```

Just thinking for people overriding with their own tick functions, having to extend these properties to hook into `stop` and `:animated`, etc  might not be very intuitive.
",8e837a9a0ce2dfa0007e39ca045b468cb73cc0da
802610,0,"+1""",2012-05-10 03:30:17,rwaldron,jquery,jquery,,https://github.com/jquery/jquery/pull/772#discussion_r802610,2012-05-10T15:30:17Z,2012-05-16T17:47:40Z,rwaldron,MEMBER,test/unit/event.js,,,,,1,"@@ -1059,6 +1059,25 @@ test(""trigger(type, [data], [fn])"", function() {
 	form.remove();
 });
 
+test( ""foo"", function(){
+	expect( 2 );
+	
+	function delegatedSubmit() {
+		ok( true, ""Make sure submit event bubbles up."" );
+		return false;
+	}
+	
+	jQuery( ""#qunit-fixture"" ).append( ""<div id=\""test_11649\""><form class=\""test_form_11649\""><input name=\""test\"" class=\""test_submit_11649\"" type=\""submit\""/></form></div>"" );","+1
",f6022e9906898b27ef32a30f1380d47d48372f9a
698192,2,"This is terrible to read.   Ditch the underscores.  Needs padding spaces for readability""",2012-04-17 10:46:45,rwaldron,jquery,jquery,,https://github.com/jquery/jquery/pull/740#discussion_r698192,2012-04-17T22:46:45Z,2012-05-11T19:58:21Z,rwaldron,MEMBER,src/core.js,,364.0,,,195,"@@ -300,7 +356,12 @@ jQuery.fn = jQuery.prototype = {
 // Give the init function the jQuery prototype for later instantiation
 jQuery.fn.init.prototype = jQuery.fn;
 
-jQuery.extend = jQuery.fn.extend = function() {
+jQuery.extend = jQuery.fn.extend =
+/**
+ * @param {...*} var_args
+ * @return {Object}
+ */
+function(var_args) {","This is terrible to read. 

Ditch the underscores.

Needs padding spaces for readability
",1763039169843d0113fdbb092e629ff2c2e73b5e
691411,1,"It would be helpful, if you get a moment. -> http://www.opera.com/browser/next/""",2012-04-16 09:07:00,miketaylr,jquery,jquery,,https://github.com/jquery/jquery/pull/736#discussion_r691411,2012-04-16T21:07:00Z,2012-04-17T02:27:36Z,miketaylr,NONE,test/data/event/asyncQuickReadyFalse.html,,15.0,,,15,"@@ -0,0 +1,32 @@
+<!DOCTYPE HTML PUBLIC ""-//W3C//DTD HTML 4.01 Transitional//EN"">
+<html>
+<head>
+<meta http-equiv=""content-type"" content=""text/html; charset=utf-8"">
+<title>Test case for jQuery ticket #10067</title>
+<script type=""text/javascript"">
+
+// ready should fire callback after the iframe fires the callback
+setTimeout(function () {
+	el = document.createElement('script');
+	el.type = 'text/javascript';
+	el.onload = function () {
+		jQuery.quickReady = false;
+		jQuery(document).ready(function () {
+			// unfortunately, Opera 11.6 and lower has a bug where","It would be helpful, if you get a moment. -> http://www.opera.com/browser/next/
",e3f0fe80b2d6f873f0bc6ce224a12453c8165f66
642791,0,"Sure, but adds 1 call to the stack only the first time for any property. It's actually a win on repeated calls because it's only one property access instead of 2, but I hear you. Any suggestions on how I might detect that a browser has no vendor prefixes """,2012-04-03 13:06:54,mikesherov,jquery,jquery,,https://github.com/jquery/jquery/pull/727#discussion_r642791,2012-04-04T01:06:54Z,2012-04-06T12:33:41Z,mikesherov,MEMBER,src/css.js,,31.0,,,20,"@@ -13,12 +13,35 @@ var ralpha = /alpha\([^)]*\)/i,
 
 	// order is important!
 	cssExpand = [ ""Top"", ""Right"", ""Bottom"", ""Left"" ],
+	cssPrefixes = [ ""O"", ""Webkit"", ""Moz"", ""ms"" ],
 
 	curCSS,
-
 	getComputedStyle,
 	currentStyle;
 
+// return a css property mapped to a potentially vendor prefixed property
+function vendorPropName( style, name ) {
+
+	// shortcut for names that are not vendor prefixed
+	if ( name in style ) {
+		return name;
+	}
+
+	// check for vendor prefixed names
+	var capName = name.charAt(0).toUpperCase() + name.slice(1),","Sure, but adds 1 call to the stack only the first time for any property. It's actually a win on repeated calls because it's only one property access instead of 2, but I hear you. Any suggestions on how I might detect that a browser has no vendor prefixes without browser sniffing?
",dd8e1fbbeadca313b5ee65036d2cb821517ca95d
629393,0,"rather than add some real html and then selecting it, you should do what you did in your other tests, create some arbitrary html with jQuery, and append it to `#qunit_fixture`. I know that you're just following examples in the tests here, but it's somethi""",2012-03-30 13:51:08,mikesherov,jquery,jquery,,https://github.com/jquery/jquery/pull/719#discussion_r629393,2012-03-31T01:51:08Z,2012-03-31T02:28:13Z,mikesherov,MEMBER,test/unit/offset.js,,,,,1,"@@ -466,3 +466,24 @@ test(""fractions (see #7730 and #7885)"", function() {
 
 	div.remove();
 });
+
+test(""offset doesn't return all 0's on non-position:absolute elements with negative margin-right at the end of their parent"", function() {
+	expect(2);
+
+	var offset = jQuery(""#nonzeroOffset span"").offset();","rather than add some real html and then selecting it, you should do what you did in your other tests, create some arbitrary html with jQuery, and append it to `#qunit_fixture`. I know that you're just following examples in the tests here, but it's something we're committed to changing and keeping an eye on going forward.
",14745a1ca04aed6129f79bc98bd61f555c888f0a
24602,0,"`node.createDocumentFragment && node` could easily be misinterpreted as a code bug (it took me several minutes to figure out that its intent is to ensure `node` is assigned and not simply that operands got inadvertently swapped); I’m strongly inclined to """,2011-04-29 19:56:12,csnover,jquery,jquery,,https://github.com/jquery/jquery/pull/347#discussion_r24602,2011-04-30T07:56:12Z,2011-04-30T14:38:29Z,csnover,MEMBER,src/manipulation.js,,,,,1,"@@ -437,8 +437,12 @@ function cloneFixAttributes( src, dest ) {
 }
 
 jQuery.buildFragment = function( args, nodes, scripts ) {
-	var fragment, cacheable, cacheresults,
-		doc = (nodes && nodes[0] ? nodes[0].ownerDocument || nodes[0] : document);
+	var fragment, cacheable, cacheresults, node,
+		// If an HTML tag is passed, along with an object of attributes
+		// ensure that the attr object doesnt incorrectly stand in as a document object
+		// Chrome and Firefox seem to allow this to occur and will throw exception. Fixes #8950
+		// For all other cases, declare and assign the proper document object
+		doc = ( nodes && (node = nodes[0]) && node.ownerDocument || node.createDocumentFragment && node ) || document;","`node.createDocumentFragment && node` could easily be misinterpreted as a code bug (it took me several minutes to figure out that its intent is to ensure `node` is assigned and not simply that operands got inadvertently swapped); I’m strongly inclined to suggest that the added brevity is not worth the lack of clarity and that a more boring if/else structure should be used here. :)
",c99ee5f7b81fbfe9f624428d25b1ad03e4599ae0
20115,0,"You are correct -- beforedeactivate only exists in IE.  propertychange also only exists in IE.  Would you like me to remove the browser sniffing, and while I'm at it, clean up the code as per JQuery_Core_Style_Guidelines, and rebase it (or whatever the co""",2011-04-17 13:49:35,bman654,jquery,jquery,,https://github.com/jquery/jquery/pull/156#discussion_r20115,2011-04-18T01:49:35Z,2011-04-18T01:49:35Z,bman654,NONE,src/event.js,,829.0,,,59,"@@ -806,11 +819,21 @@ if ( !jQuery.support.changeBubbles ) {
 		}
 	};
 
+	propertychange = function (e) { /* no-op.  Just registering this event handler causes code in jQuery.event.handle() to examine all propertychange events for this input field. */ };
+
 	jQuery.event.special.change = {
 		filters: {
 			focusout: testChange,
 
-			beforedeactivate: testChange,
+			beforedeactivate: function ( e ) {
+				if (jQuery.browser.msie) {","You are correct -- beforedeactivate only exists in IE.  propertychange also only exists in IE.

Would you like me to remove the browser sniffing, and while I'm at it, clean up the code as per JQuery_Core_Style_Guidelines, and rebase it (or whatever the correct GIT term is--I'm a GIT novice) to the current revision in master?
",e5cf9ddd28536b2500c1080d835747d6967b25a2
1163393,0,"Shouldn't the assigned value be `jQuery.fn.toggle`?""",2012-07-13 13:23:53,gibson042,jquery,jquery,,https://github.com/jquery/jquery/pull/859#discussion_r1163393,2012-07-14T01:23:53Z,2012-07-14T01:23:53Z,gibson042,MEMBER,src/deprecated.js,,63.0,,,7,"@@ -58,5 +58,39 @@ jQuery.sub = function() {
 	var rootjQuerySub = jQuerySub(document);
 	return jQuerySub;
 };
-	
+
+// This is exposed only so unit tests can determine whether event .toggle() exists
+jQuery._toggle = true;","Shouldn't the assigned value be `jQuery.fn.toggle`?
",5553667a3f49d4b9a919df3643344378a48f56f7
4833785,0,"else is not necessary here.""",2013-06-23 06:01:06,mzgol,jquery,jquery,,https://github.com/jquery/jquery/pull/1297#discussion_r4833785,2013-06-23T18:01:06Z,2013-06-25T03:17:09Z,mgol,MEMBER,src/css.js,,,,,1,"@@ -504,15 +504,25 @@ jQuery(function() {
 	// getComputedStyle returns percent when specified for top/left/bottom/right
 	// rather than make the css module depend on the offset module, we just check for it here
 	if ( !jQuery.support.pixelPosition && jQuery.fn.position ) {
-		jQuery.each( [ ""top"", ""left"" ], function( i, prop ) {
+		jQuery.each( [ ""top"", ""left"", ""bottom"", ""right"" ], function( i, prop ) {
 			jQuery.cssHooks[ prop ] = {
 				get: function( elem, computed ) {
 					if ( computed ) {
+					  var elStyles = getStyles(elem);
 						computed = curCSS( elem, prop );
-						// if curCSS returns percentage, fallback to offset
-						return rnumnonpx.test( computed ) ?
-							jQuery( elem ).position()[ prop ] + ""px"" :
-							computed;
+						// if curCSS returns percentage, fallback to offset.
+						// Since we can't handle right and bottom with offset, let's work around it
+						if ( rnumnonpx.test( computed ) ) {
+						  if (prop === ""bottom"" ) {
+						    return jQuery( elem ).position().top + parseFloat( elStyles.height ) + ""px"";
+						  } else if ( prop === ""right"" ) {
+						    return jQuery( elem ).position().left + parseFloat( elStyles.width ) + ""px"";
+						  } else {
+						    return jQuery( elem ).position()[ prop ] + ""px"";
+						  }
+						} else {","else is not necessary here.
",dc3bdb5818a7889e0b996db495307a21768ce4c3
3640977,2,"Another gem. :angry:""",2013-04-03 05:24:05,gibson042,jquery,jquery,,https://github.com/jquery/jquery/pull/1216#discussion_r3640977,2013-04-03T17:24:05Z,2013-04-05T19:34:19Z,gibson042,MEMBER,src/manipulation.js,,,,,1,"@@ -720,7 +722,12 @@ jQuery.extend({
 			contains = jQuery.contains( elem.ownerDocument, elem );
 
 			// Append to fragment
-			tmp = getAll( safe.appendChild( elem ), ""script"" );
+			tmp = getAll(
+				// Support: Safari<5.1
+				// XML elements must first be detached
+				safe.appendChild( elem.parentNode ? elem.parentNode.removeChild( elem ) : elem ),","Another gem. :angry:
",768a0faffd4fda1097ca2bf0de5192a633de7340
3588985,1,"I think that link is off, but I trust you. I didn't know we moved it.""",2013-03-29 06:51:12,timmywil,jquery,jquery,,https://github.com/jquery/jquery/pull/1215#discussion_r3588985,2013-03-29T17:51:12Z,2013-03-30T21:53:45Z,timmywil,MEMBER,test/unit/selector.js,,44.0,,,15,"@@ -31,17 +31,10 @@ test(""class - jQuery only"", function() {
 });
 
 test(""attributes - jQuery only"", function() {
-	expect( 6 );
+	expect( 5 );
 
 	t( ""Find elements with a tabindex attribute"", ""[tabindex]"", [""listWithTabIndex"", ""foodWithNegativeTabIndex"", ""linkWithTabIndex"", ""linkWithNegativeTabIndex"", ""linkWithNoHrefWithTabIndex"", ""linkWithNoHrefWithNegativeTabIndex""] );
 
-	// #12523
-	deepEqual(
-		jQuery.find( ""[title]"", null, null, jQuery(""#qunit-fixture a"").get().concat( document.createTextNode("""") ) ),
-		q(""google""),
-		""Text nodes fail attribute tests without exception""
-	);
-","I think that link is off, but I trust you. I didn't know we moved it.
",bd598039b9a071bdecb290e49168234075aac5ff
3165372,1,"This is a nice way to do it. """,2013-02-26 15:47:23,dmethvin,jquery,jquery,,https://github.com/jquery/jquery/pull/1180#discussion_r3165372,2013-02-27T02:47:23Z,2013-02-27T02:47:23Z,dmethvin,MEMBER,Gruntfile.js,,42.0,,,14,"@@ -39,10 +39,9 @@ module.exports = function( grunt ) {
 					""src/queue.js"",
 					""src/attributes.js"",
 					""src/event.js"",
-					""src/selector.js"",
+					{ flag: ""sizzle"", src: ""src/selector-sizzle.js"", alt: ""src/selector-native.js"" },","This is a nice way to do it. 
",edaa2168afc06d4b20a6f78755e9d9babaec31d0
2558534,1,"This comment made the transition verbatim from 1.4.x without anyone noticing :P""",2013-01-05 06:49:34,jaubourg,jquery,jquery,,https://github.com/jquery/jquery/pull/1109#discussion_r2558534,2013-01-05T17:49:34Z,2013-01-06T00:35:00Z,jaubourg,MEMBER,src/ajax/xhr.js,,,,,1,"@@ -1,218 +1,92 @@
-var xhrCallbacks, xhrSupported,
-	xhrId = 0,
-	// #5280: Internet Explorer will keep connections alive if we don't abort on unload
-	xhrOnUnloadAbort = window.ActiveXObject && function() {
-		// Abort all pending requests
-		var key;
-		for ( key in xhrCallbacks ) {
-			xhrCallbacks[ key ]( undefined, true );
-		}
-	};
-
-// Functions to create xhrs
-function createStandardXHR() {
+jQuery.ajaxSettings.xhr = function() {
 	try {
-		return new window.XMLHttpRequest();
+		return new XMLHttpRequest();
 	} catch( e ) {}
-}
-
-function createActiveXHR() {
-	try {
-		return new window.ActiveXObject(""Microsoft.XMLHTTP"");
-	} catch( e ) {}
-}
-
-// Create the request object
-// (This is still attached to ajaxSettings for backward compatibility)
-jQuery.ajaxSettings.xhr = window.ActiveXObject ?
-	/* Microsoft failed to properly
-	 * implement the XMLHttpRequest in IE7 (can't request local files),
-	 * so we use the ActiveXObject when it is available
-	 * Additionally XMLHttpRequest can be disabled in IE7/IE8 so
-	 * we need a fallback.
-	 */
-	function() {
-		return !this.isLocal && createStandardXHR() || createActiveXHR();
-	} :
-	// For all other browsers, use the standard XMLHttpRequest object
-	createStandardXHR;
-
-// Determine support properties
-xhrSupported = jQuery.ajaxSettings.xhr();
+};
+
+var xhrSupported = jQuery.ajaxSettings.xhr(),
+	xhrSuccessStatus = {
+		// file protocol always yields status code 0, assume 200
+		0: 200,
+		// IE - #1450: sometimes returns 1223 when it should be 204
+		1223: 204
+	};
+	
 jQuery.support.cors = !!xhrSupported && ( ""withCredentials"" in xhrSupported );
-xhrSupported = jQuery.support.ajax = !!xhrSupported;
-
-// Create transport if the browser can provide an xhr
-if ( xhrSupported ) {
-
-	jQuery.ajaxTransport(function( s ) {
-		// Cross domain only allowed if supported through XMLHttpRequest
-		if ( !s.crossDomain || jQuery.support.cors ) {
-
-			var callback;
-
-			return {
-				send: function( headers, complete ) {
-
-					// Get a new xhr
-					var handle, i,
-						xhr = s.xhr();
-
-					// Open the socket
-					// Passing null username, generates a login popup on Opera (#2865)
-					if ( s.username ) {
-						xhr.open( s.type, s.url, s.async, s.username, s.password );
-					} else {
-						xhr.open( s.type, s.url, s.async );
-					}
-
-					// Apply custom fields if provided
-					if ( s.xhrFields ) {
-						for ( i in s.xhrFields ) {
-							xhr[ i ] = s.xhrFields[ i ];
-						}
-					}
-
-					// Override mime type if needed
-					if ( s.mimeType && xhr.overrideMimeType ) {
-						xhr.overrideMimeType( s.mimeType );
+jQuery.support.ajax = xhrSupported = !!xhrSupported;
+
+jQuery.ajaxTransport(function( options ) {
+	var callback;
+	// Cross domain only allowed if supported through XMLHttpRequest
+	if ( jQuery.support.cors || xhrSupported && !options.crossDomain ) {
+		return {
+			send: function( headers, complete ) {
+				var i,
+					xhr = options.xhr();
+				// Open the socket","This comment made the transition verbatim from 1.4.x without anyone noticing :P
",69173e79137d48c4bc1e66939c3d87a4b345751c
2283647,1,"I'm on it!""",2012-11-30 11:45:43,PaulBRamos,jquery,jquery,,https://github.com/jquery/jquery/pull/1047#discussion_r2283647,2012-11-30T22:45:43Z,2012-12-05T04:11:47Z,PaulBRamos,CONTRIBUTOR,src/manipulation.js,,754.0,,,168,"@@ -778,7 +778,11 @@ jQuery.extend({
 				safe = jQuery.contains( elem.ownerDocument, elem );
 
 				// Append to fragment
-				fragment.appendChild( elem );
+				// #4087 - If origin and destination elements are the same, and this is
+				// that element, do not append to fragment
+				if ( !( selection && jQuery.inArray( elem, selection ) !== -1 ) ) {","I'm on it!
",d5182513ea6bf9118e3c42b02e1b5d3f79118f65
2216181,2,"Hope you didn't hate me too much for not having commented there in the first place :/""",2012-11-24 17:52:17,jaubourg,jquery,jquery,,https://github.com/jquery/jquery/pull/1041#discussion_r2216181,2012-11-25T04:52:17Z,2012-11-25T05:34:59Z,jaubourg,MEMBER,src/ajax.js,,401.0,,,390,"@@ -415,148 +392,38 @@ jQuery.extend({
 					return this;
 				},
 
+				// Status-dependent callbacks
+				statusCode: function( map ) {
+					var code;
+					if ( map ) {
+						if ( state < 2 ) {
+							for ( code in map ) {
+								// Lazy-add the new callback in a way that preserves old ones","Hope you didn't hate me too much for not having commented there in the first place :/
",30dda15d8f46d529b92d5796848268540a597477
2216203,1,"Mmmm, good idea.""",2012-11-24 18:09:37,gibson042,jquery,jquery,,https://github.com/jquery/jquery/pull/1041#discussion_r2216203,2012-11-25T05:09:37Z,2012-11-25T05:34:59Z,gibson042,MEMBER,src/ajax/jsonp.js,,8.0,,,12,"@@ -1,13 +1,11 @@
 var oldCallbacks = [],
-	rquestion = /\?/,
-	rjsonp = /(=)\?(?=&|$)|\?\?/,
-	nonce = jQuery.now();
+	rjsonp = /(=)\?(?=&|$)|\?\?/;
 
 // Default jsonp settings
 jQuery.ajaxSetup({
 	jsonp: ""callback"",
 	jsonpCallback: function() {
-		var callback = oldCallbacks.pop() || ( jQuery.expando + ""_"" + ( nonce++ ) );
+		var callback = oldCallbacks.pop() || ( jQuery.expando + ""_"" + ( ajax_nonce++ ) );","Mmmm, good idea.
",30dda15d8f46d529b92d5796848268540a597477
1941645,1,"That's a good thought. Hm.""",2012-10-25 03:01:15,farmdawgnation,jquery,jquery,,https://github.com/jquery/jquery/pull/1007#discussion_r1941645,2012-10-25T15:01:15Z,2012-11-25T21:03:57Z,farmdawgnation,CONTRIBUTOR,src/ajax.js,,,,,1,"@@ -335,6 +335,9 @@ jQuery.extend({
 		// Force options to be an object
 		options = options || {};
 
+		// Alias options.method to options.type as per ticket #12004
+		options.type = options.method || options.type;","That's a good thought. Hm.
",5816980e5d70cda3bdb07adc4bb4f0decf892934
1854274,1,"Un-assigned vars need to go above assigned vars ;)""",2012-10-16 02:10:39,rwaldron,jquery,jquery,,https://github.com/jquery/jquery/pull/969#discussion_r1854274,2012-10-16T14:10:39Z,2012-10-16T14:10:39Z,rwaldron,MEMBER,src/deprecated.js,,8.0,,,9,"@@ -1,7 +1,11 @@
 // Limit scope pollution from any deprecated API
 (function() {
 
-var matched, browser;
+var rhoverHack = /(?:^|\s)hover(\.\S+|)\b/,
+	hoverHack = function( events ) {
+		return jQuery.event.special.hover ? events : events.replace( rhoverHack, ""mouseenter$1 mouseleave$1"" );
+	},
+	matched, browser, eventAdd, eventRemove;","Un-assigned vars need to go above assigned vars ;)
",2306cfdf43ce2a3ff6d1ab036822bd9da849dfa9
1634559,1,"I love hot paths.""",2012-09-18 09:55:55,jaubourg,jquery,jquery,,https://github.com/jquery/jquery/pull/887#discussion_r1634559,2012-09-18T21:55:55Z,2012-09-18T21:55:55Z,jaubourg,MEMBER,src/data.js,,235.0,,,23,"@@ -232,7 +232,7 @@ jQuery.fn.extend({
 					for ( l = attr.length; i < l; i++ ) {
 						name = attr[i].name;
 
-						if ( name.indexOf( ""data-"" ) === 0 ) {
+						if ( !name.indexOf( ""data-"" ) ) {","I love hot paths.
",f7067566d1bda266e8bc9bc7c51d8755d068fbd4
1997102,1,"No, it's not. :-) But you should then make sure this test works with a custom build that has ajax excluded.""",2012-10-31 08:36:15,mikesherov,jquery,jquery,,https://github.com/jquery/jquery/pull/864#discussion_r1997102,2012-10-31T19:36:15Z,2012-11-19T14:49:11Z,mikesherov,MEMBER,src/manipulation.js,,385.0,,,152,"@@ -345,48 +344,61 @@ jQuery.fn.extend({
 
 			if ( first ) {
 				table = table && jQuery.nodeName( first, ""tr"" );
+				scripts = jQuery.map( getAll( fragment, ""script"" ), disableScript );
+				hasScripts = scripts.length;
 
 				// Use the original fragment for the last item instead of the first because it can end up
 				// being emptied incorrectly in certain situations (#8070).
 				// Fragments from the fragment cache must always be cloned and never used in place.
 				for ( iNoClone = results.cacheable || l - 1; i < l; i++ ) {
+					node = fragment;
+					if ( i !== iNoClone ) {
+						node = jQuery.clone( node, true, true );
+
+						// Keep references to cloned scripts for later restoration
+						if ( hasScripts ) {
+							jQuery.merge( scripts, getAll( node, ""script"" ) );
+						}
+					}
 					callback.call(
 						table && jQuery.nodeName( this[i], ""table"" ) ?
 							findOrAppend( this[i], ""tbody"" ) :
 							this[i],
-						i === iNoClone ?
-							fragment :
-							jQuery.clone( fragment, true, true )
+						node
 					);
 				}
-			}
 
-			// Fix #11809: Avoid leaking memory
-			fragment = first = null;
-
-			if ( scripts.length ) {
-				jQuery.each( scripts, function( i, elem ) {
-					if ( elem.src ) {
-						if ( jQuery.ajax ) {
-							jQuery.ajax({
-								url: elem.src,
-								type: ""GET"",
-								dataType: ""script"",
-								async: false,
-								global: false,
-								""throws"": true
-							});
-						} else {
-							jQuery.error(""no ajax"");
+				if ( hasScripts ) {
+					doc = scripts[ scripts.length - 1 ].ownerDocument;
+
+					// Reenable scripts
+					jQuery.map( scripts, restoreScript );
+
+					// Evaluate executable scripts on first document insertion
+					for ( i = 0; i < hasScripts; i++ ) {
+						node = scripts[ i ];
+						if ( rscriptType.test( node.type || """" ) &&
+							!jQuery._data( node, ""globalEval"" ) && jQuery.contains( doc, node ) ) {
+
+							if ( node.src ) {
+								// Hope ajax is available...
+								jQuery.ajax({","No, it's not. :-) But you should then make sure this test works with a custom build that has ajax excluded.
",f6ec2f3d7ba168a36495f8d1a76d16f681faa038
2012975,1,"That is an excellent point, but probably out of scope for this batch of changes. I'll open a new ticket.""",2012-11-01 15:42:19,gibson042,jquery,jquery,,https://github.com/jquery/jquery/pull/864#discussion_r2012975,2012-11-02T02:42:19Z,2012-11-19T14:49:11Z,gibson042,MEMBER,src/manipulation.js,,385.0,,,152,"@@ -345,48 +344,61 @@ jQuery.fn.extend({
 
 			if ( first ) {
 				table = table && jQuery.nodeName( first, ""tr"" );
+				scripts = jQuery.map( getAll( fragment, ""script"" ), disableScript );
+				hasScripts = scripts.length;
 
 				// Use the original fragment for the last item instead of the first because it can end up
 				// being emptied incorrectly in certain situations (#8070).
 				// Fragments from the fragment cache must always be cloned and never used in place.
 				for ( iNoClone = results.cacheable || l - 1; i < l; i++ ) {
+					node = fragment;
+					if ( i !== iNoClone ) {
+						node = jQuery.clone( node, true, true );
+
+						// Keep references to cloned scripts for later restoration
+						if ( hasScripts ) {
+							jQuery.merge( scripts, getAll( node, ""script"" ) );
+						}
+					}
 					callback.call(
 						table && jQuery.nodeName( this[i], ""table"" ) ?
 							findOrAppend( this[i], ""tbody"" ) :
 							this[i],
-						i === iNoClone ?
-							fragment :
-							jQuery.clone( fragment, true, true )
+						node
 					);
 				}
-			}
 
-			// Fix #11809: Avoid leaking memory
-			fragment = first = null;
-
-			if ( scripts.length ) {
-				jQuery.each( scripts, function( i, elem ) {
-					if ( elem.src ) {
-						if ( jQuery.ajax ) {
-							jQuery.ajax({
-								url: elem.src,
-								type: ""GET"",
-								dataType: ""script"",
-								async: false,
-								global: false,
-								""throws"": true
-							});
-						} else {
-							jQuery.error(""no ajax"");
+				if ( hasScripts ) {
+					doc = scripts[ scripts.length - 1 ].ownerDocument;
+
+					// Reenable scripts
+					jQuery.map( scripts, restoreScript );
+
+					// Evaluate executable scripts on first document insertion
+					for ( i = 0; i < hasScripts; i++ ) {
+						node = scripts[ i ];
+						if ( rscriptType.test( node.type || """" ) &&
+							!jQuery._data( node, ""globalEval"" ) && jQuery.contains( doc, node ) ) {
+
+							if ( node.src ) {
+								// Hope ajax is available...
+								jQuery.ajax({","That is an excellent point, but probably out of scope for this batch of changes. I'll open a new ticket.
",f6ec2f3d7ba168a36495f8d1a76d16f681faa038
820762,1,"Yay!""",2012-05-14 13:20:25,rwaldron,jquery,jquery,,https://github.com/jquery/jquery/pull/778#discussion_r820762,2012-05-15T01:20:25Z,2012-05-15T01:20:25Z,rwaldron,MEMBER,src/effects.js,,684.0,,,4,"@@ -681,7 +681,7 @@ function defaultDisplay( nodeName ) {
 		// document to it; WebKit & Firefox won't allow reusing the iframe document.
 		if ( !iframeDoc || !iframe.createElement ) {
 			iframeDoc = ( iframe.contentWindow || iframe.contentDocument ).document;
-			iframeDoc.write( ( jQuery.support.boxModel ? ""<!doctype html>"" : """" ) + ""<html><body>"" );","Yay!
",020ddf234bdf50c1af85864bce32e34a167e4839
400276,0,"This can easily become something like `/*repeat*/ var rspace = /\s+/;`, or the comment can be moved to the preceding line. Would either of those syntaxes be objectionable?""",2012-01-30 17:52:29,gibson042,jquery,jquery,,https://github.com/jquery/jquery/pull/668#discussion_r400276,2012-01-31T04:52:29Z,2012-01-31T14:17:02Z,gibson042,MEMBER,src/callbacks.js,,,,,1,"@@ -1,5 +1,7 @@
 (function( jQuery ) {
 
+var rspace = /\s+/; // repeat","This can easily become something like `/*repeat*/ var rspace = /\s+/;`, or the comment can be moved to the preceding line. Would either of those syntaxes be objectionable?
",8903c6f8dba528428eb3b0f30c6d34f9ac4bf9df
161315,0,"`(arguments)` => `( arguments )`""",2011-10-09 05:06:03,rwaldron,jquery,jquery,,https://github.com/jquery/jquery/pull/536#discussion_r161315,2011-10-09T17:06:03Z,2011-10-09T17:34:13Z,rwaldron,MEMBER,src/traversing.js,,,,,1,"@@ -237,7 +232,7 @@ jQuery.each({
 			ret = ret.reverse();
 		}
 
-		return this.pushStack( ret, name, args.join("","") );
+		return this.pushStack( ret, name, slice.call(arguments).join("","") );","`(arguments)` => `( arguments )`
",291a1edf92a96a2d150e0a16a613ed4dfdb9cc5e
17504,0,"Fix that the problem while saving characters ?  cause when you log out and then login all your things are not saved and you have to start again""",2011-04-11 16:14:07,jeresig,jquery,jquery,,https://github.com/jquery/jquery/pull/272#discussion_r17504,2011-04-12T04:14:07Z,2011-04-12T04:14:07Z,jeresig,MEMBER,test/unit/css.js,,340.0,,,8,"@@ -333,3 +333,18 @@ test(""internal ref to elem.runtimeStyle (bug #7608)"", function () {
 
 	ok( result, ""elem.runtimeStyle does not throw exception"" );
 });
+
+test(""$().css override !important css declarations (bug #4427)"", function(){
+	expect(4);
+	var div = jQuery(""<div/>"", {
+		""class"": ""isimportant"" // background-color: #fff !important","@rwldrn: I'm not sure what you're referring to - class is perfectly find here, you just need to make sure that you have quotes around it.
",e6b78c402e02116180da0ca66443bce9c77d55df
3665730,0,"You can't load a script using script tag injection synchronously.""",2013-04-04 11:30:36,jaubourg,jquery,jquery,,https://github.com/jquery/jquery/pull/1051#discussion_r3665730,2013-04-04T23:30:36Z,2013-04-04T23:30:36Z,jaubourg,MEMBER,src/manipulation.js,,337.0,,,12,"@@ -334,14 +334,7 @@ jQuery.fn.extend({
 
 							if ( node.src ) {
 								// Hope ajax is available...
-								jQuery.ajax({
-									url: node.src,
-									type: ""GET"",
-									dataType: ""script"",
-									async: false,
-									global: false,
-									""throws"": true
-								});
+								jQuery._evalUrl( node.src );","You can't load a script using script tag injection synchronously.
",bd820ad89fa72369aefc9da0ac9c866607875605
3687347,1,"This is irrelevant to the actual necessary changes, but it's a definite improvement—nice one.""",2013-04-07 08:48:42,rwaldron,jquery,jquery,,https://github.com/jquery/jquery/pull/1226#discussion_r3687347,2013-04-07T20:48:42Z,2013-04-08T18:09:30Z,rwaldron,MEMBER,src/data.js,,299.0,,,183,"@@ -297,10 +293,10 @@ jQuery.fn.extend({
 				// This might not apply to all properties...*
 				data_user.set( this, camelKey, value );
 
-				// *... In the case of properties that might ACTUALLY
+				// *... In the case of properties that might _actually_
 				// have dashes, we need to also store a copy of that
 				// unchanged property.
-				if ( /-/.test( key ) && data !== undefined ) {
+				if ( key.indexOf(""-"") !== -1 && data !== undefined ) {","This is irrelevant to the actual necessary changes, but it's a definite improvement—nice one.
",73bb7d58b35a6ae0a8f7d8a3874be424d39bb08a
2708502,1,"That's why it's so nice to have that many pairs of eyes looking at this code :) Thanks!  https://github.com/jquery/jquery/commit/1c77259d06e49ccaedbd0f7adf968e10748dacc0""",2013-01-20 15:06:20,jaubourg,jquery,jquery,,https://github.com/jquery/jquery/pull/1123#discussion_r2708502,2013-01-21T02:06:20Z,2013-01-21T02:06:20Z,jaubourg,MEMBER,src/ajax/script.js,,41.0,,,68,"@@ -14,71 +14,42 @@ jQuery.ajaxSetup({
 	}
 });
 
-// Handle cache's special case and global
+// Handle cache's special case and crossDomain
 jQuery.ajaxPrefilter( ""script"", function( s ) {
 	if ( s.cache === undefined ) {
 		s.cache = false;
 	}
 	if ( s.crossDomain ) {
 		s.type = ""GET"";
-		s.global = false;
 	}
 });
 
 // Bind script tag hack transport
-jQuery.ajaxTransport( ""script"", function(s) {
-
+jQuery.ajaxTransport( ""script"", function( s ) {
 	// This transport only deals with cross domain requests
 	if ( s.crossDomain ) {
-
-		var script,
-			head = document.head || jQuery(""head"")[0] || document.documentElement;
-
+		var script, callback;
 		return {
-
-			send: function( _, callback ) {
-
-				script = document.createElement(""script"");
-
-				script.async = true;
-
-				if ( s.scriptCharset ) {
-					script.charset = s.scriptCharset;
-				}
-
-				script.src = s.url;
-
-				// Attach handlers for all browsers
-				script.onload = script.onreadystatechange = function( _, isAbort ) {
-
-					if ( isAbort || !script.readyState || /loaded|complete/.test( script.readyState ) ) {
-
-						// Handle memory leak in IE
-						script.onload = script.onreadystatechange = null;
-
-						// Remove the script
-						if ( script.parentNode ) {
-							script.parentNode.removeChild( script );
-						}
-
-						// Dereference the script
-						script = null;
-
-						// Callback if not abort
-						if ( !isAbort ) {
-							callback( 200, ""success"" );
+			send: function( _, complete ) {
+				script = jQuery(""<script>"").prop({
+					async: true,
+					charset: s.scriptCharset,
+					src: s.url
+				}).on(
+					""load error"",
+					callback = function( evt ) {
+						script.off().remove();","That's why it's so nice to have that many pairs of eyes looking at this code :) Thanks!

https://github.com/jquery/jquery/commit/1c77259d06e49ccaedbd0f7adf968e10748dacc0
",45aa20e574a8681d100194a621bed22b257784da
2826955,0,"ok  @jaubourg, no-timeout is the default in spec, but does browsers implementation work according to spec? """,2013-01-30 03:44:47,Yaffle,jquery,jquery,,https://github.com/jquery/jquery/pull/1109#discussion_r2826955,2013-01-30T14:44:47Z,2013-01-30T14:44:47Z,Yaffle,NONE,src/ajax/xhr.js,,96.0,,,299,"@@ -1,218 +1,111 @@
-var xhrCallbacks, xhrSupported,
-	xhrId = 0,
-	// #5280: Internet Explorer will keep connections alive if we don't abort on unload
-	xhrOnUnloadAbort = window.ActiveXObject && function() {
-		// Abort all pending requests
-		var key;
-		for ( key in xhrCallbacks ) {
-			xhrCallbacks[ key ]( undefined, true );
-		}
-	};
-
-// Functions to create xhrs
-function createStandardXHR() {
+jQuery.ajaxSettings.xhr = function() {
 	try {
-		return new window.XMLHttpRequest();
+		return new XMLHttpRequest();
 	} catch( e ) {}
-}
+};
+
+var xhrSupported = jQuery.ajaxSettings.xhr(),
+	xhrSuccessStatus = {
+		// file protocol always yields status code 0, assume 200
+		0: 200,
+		// Support: IE9
+		// #1450: sometimes IE returns 1223 when it should be 204
+		1223: 204
+	},
+	// Support: IE9
+	// We need to keep track of outbound xhr and abort them manually
+	// because IE is not smart enough to do it all by itself
+	xhrId = 0,
+	xhrCallbacks = {};
 
-function createActiveXHR() {
-	try {
-		return new window.ActiveXObject(""Microsoft.XMLHTTP"");
-	} catch( e ) {}
+if ( window.ActiveXObject ) {
+	jQuery( window ).on( ""unload"", function() {
+		for( var key in xhrCallbacks ) {
+			xhrCallbacks[ key ]();
+		}
+		xhrCallbacks = undefined;
+	});
 }
 
-// Create the request object
-// (This is still attached to ajaxSettings for backward compatibility)
-jQuery.ajaxSettings.xhr = window.ActiveXObject ?
-	/* Microsoft failed to properly
-	 * implement the XMLHttpRequest in IE7 (can't request local files),
-	 * so we use the ActiveXObject when it is available
-	 * Additionally XMLHttpRequest can be disabled in IE7/IE8 so
-	 * we need a fallback.
-	 */
-	function() {
-		return !this.isLocal && createStandardXHR() || createActiveXHR();
-	} :
-	// For all other browsers, use the standard XMLHttpRequest object
-	createStandardXHR;
-
-// Determine support properties
-xhrSupported = jQuery.ajaxSettings.xhr();
 jQuery.support.cors = !!xhrSupported && ( ""withCredentials"" in xhrSupported );
-xhrSupported = jQuery.support.ajax = !!xhrSupported;
-
-// Create transport if the browser can provide an xhr
-if ( xhrSupported ) {
-
-	jQuery.ajaxTransport(function( s ) {
-		// Cross domain only allowed if supported through XMLHttpRequest
-		if ( !s.crossDomain || jQuery.support.cors ) {
-
-			var callback;
-
-			return {
-				send: function( headers, complete ) {
-
-					// Get a new xhr
-					var handle, i,
-						xhr = s.xhr();
-
-					// Open the socket
-					// Passing null username, generates a login popup on Opera (#2865)
-					if ( s.username ) {
-						xhr.open( s.type, s.url, s.async, s.username, s.password );
-					} else {
-						xhr.open( s.type, s.url, s.async );
-					}
-
-					// Apply custom fields if provided
-					if ( s.xhrFields ) {
-						for ( i in s.xhrFields ) {
-							xhr[ i ] = s.xhrFields[ i ];
-						}
-					}
-
-					// Override mime type if needed
-					if ( s.mimeType && xhr.overrideMimeType ) {
-						xhr.overrideMimeType( s.mimeType );
+jQuery.support.ajax = xhrSupported = !!xhrSupported;
+
+jQuery.ajaxTransport(function( options ) {
+	var callback;
+	// Cross domain only allowed if supported through XMLHttpRequest
+	if ( jQuery.support.cors || xhrSupported && !options.crossDomain ) {
+		return {
+			send: function( headers, complete ) {
+				var i, id,
+					xhr = options.xhr();
+				xhr.open( options.type, options.url, options.async, options.username, options.password );
+				// Apply custom fields if provided
+				if ( options.xhrFields ) {
+					for ( i in options.xhrFields ) {
+						xhr[ i ] = options.xhrFields[ i ];
 					}
-
-					// X-Requested-With header
-					// For cross-domain requests, seeing as conditions for a preflight are
-					// akin to a jigsaw puzzle, we simply never set it to be sure.
-					// (it can always be set on a per-request basis or even using ajaxSetup)
-					// For same-domain requests, won't change header if already provided.
-					if ( !s.crossDomain && !headers[""X-Requested-With""] ) {
-						headers[""X-Requested-With""] = ""XMLHttpRequest"";
-					}
-
-					// Need an extra try/catch for cross domain requests in Firefox 3
-					try {
-						for ( i in headers ) {
-							xhr.setRequestHeader( i, headers[ i ] );
-						}
-					} catch( err ) {}
-
-					// Do send the request
-					// This may raise an exception which is actually
-					// handled in jQuery.ajax (so no try/catch here)
-					xhr.send( ( s.hasContent && s.data ) || null );
-
-					// Listener
-					callback = function( _, isAbort ) {
-
-						var status,
-							statusText,
-							responseHeaders,
-							responses,
-							xml;
-
-						// Firefox throws exceptions when accessing properties
-						// of an xhr when a network error occurred
-						// http://helpful.knobs-dials.com/index.php/Component_returned_failure_code:_0x80040111_(NS_ERROR_NOT_AVAILABLE)
-						try {
-
-							// Was never called and is aborted or complete
-							if ( callback && ( isAbort || xhr.readyState === 4 ) ) {
-
-								// Only called once
-								callback = undefined;
-
-								// Do not keep as active anymore
-								if ( handle ) {
-									xhr.onreadystatechange = jQuery.noop;
-									if ( xhrOnUnloadAbort ) {
-										delete xhrCallbacks[ handle ];
-									}
-								}
-
-								// If it's an abort
-								if ( isAbort ) {
-									// Abort it manually if needed
-									if ( xhr.readyState !== 4 ) {
-										xhr.abort();
-									}
-								} else {
-									responses = {};
-									status = xhr.status;
-									xml = xhr.responseXML;
-									responseHeaders = xhr.getAllResponseHeaders();
-
-									// Construct response list
-									if ( xml && xml.documentElement /* #4958 */ ) {
-										responses.xml = xml;
-									}
-
-									// When requesting binary data, IE6-9 will throw an exception
-									// on any attempt to access responseText (#11426)
-									if ( typeof xhr.responseText === ""string"" ) {
-										responses.text = xhr.responseText;
-									}
-
-									// Firefox throws an exception when accessing
-									// statusText for faulty cross-domain requests
-									try {
-										statusText = xhr.statusText;
-									} catch( e ) {
-										// We normalize with Webkit giving an empty statusText
-										statusText = """";
-									}
-
-									// Filter status for non standard behaviors
-
-									// If the request is local and we have data: assume a success
-									// (success with no data won't get notified, that's the best we
-									// can do given current implementations)
-									if ( !status && s.isLocal && !s.crossDomain ) {
-										status = responses.text ? 200 : 404;
-									// IE - #1450: sometimes returns 1223 when it should be 204
-									} else if ( status === 1223 ) {
-										status = 204;
-									}
-								}
-							}
-						} catch( firefoxAccessException ) {
-							if ( !isAbort ) {
-								complete( -1, firefoxAccessException );
+				}
+				// Override mime type if needed
+				if ( options.mimeType && xhr.overrideMimeType ) {
+					xhr.overrideMimeType( options.mimeType );
+				}
+				// X-Requested-With header
+				// For cross-domain requests, seeing as conditions for a preflight are
+				// akin to a jigsaw puzzle, we simply never set it to be sure.
+				// (it can always be set on a per-request basis or even using ajaxSetup)
+				// For same-domain requests, won't change header if already provided.
+				if ( !options.crossDomain && !headers[""X-Requested-With""] ) {
+					headers[""X-Requested-With""] = ""XMLHttpRequest"";
+				}
+				// Set headers
+				for ( i in headers ) {
+					xhr.setRequestHeader( i, headers[ i ] );
+				}
+				// Callback
+				callback = function( type ) {
+					return function() {
+						if ( callback ) {
+							delete xhrCallbacks[ id ];
+							callback = xhr.onload = xhr.onerror = null;
+							if ( type === ""abort"" ) {
+								xhr.abort();
+							} else if ( type === ""error"" ) {
+								complete(
+									// file protocol always yields status 0, assume 404
+									xhr.status || 404,
+									xhr.statusText
+								);
+							} else {
+								complete(
+									xhrSuccessStatus[ xhr.status ] || xhr.status,
+									xhr.statusText,
+									// Support: IE9
+									// #11426: When requesting binary data, IE9 will throw an exception
+									// on any attempt to access responseText
+									typeof xhr.responseText === ""string"" ? {
+										text: xhr.responseText
+									} : undefined,
+									xhr.getAllResponseHeaders()
+								);
 							}
 						}
-
-						// Call complete if needed
-						if ( responses ) {
-							complete( status, statusText, responses, responseHeaders );
-						}
 					};
-
-					if ( !s.async ) {
-						// if we're in sync mode we fire the callback
-						callback();
-					} else if ( xhr.readyState === 4 ) {
-						// (IE6 & IE7) if it's in cache and has been
-						// retrieved directly we need to fire the callback
-						setTimeout( callback );
-					} else {
-						handle = ++xhrId;
-						if ( xhrOnUnloadAbort ) {
-							// Create the active xhrs callbacks list if needed
-							// and attach the unload handler
-							if ( !xhrCallbacks ) {
-								xhrCallbacks = {};
-								jQuery( window ).unload( xhrOnUnloadAbort );
-							}
-							// Add to list of active xhrs callbacks
-							xhrCallbacks[ handle ] = callback;
-						}
-						xhr.onreadystatechange = callback;
-					}
-				},
-
-				abort: function() {
-					if ( callback ) {
-						callback( undefined, true );
-					}
+				};
+				// Listen to events
+				xhr.onload = callback();
+				xhr.onerror = callback(""error"");","ok

@jaubourg, no-timeout is the default in spec, but does browsers implementation work according to spec?
",69173e79137d48c4bc1e66939c3d87a4b345751c
2827019,0,"If you find a bug in a browser regarding this point, then please report it to the browser's bug tracker because that would be a violation of the spec. I'm not aware of any problem here. Did you encounter any issue or are we musing with hypothetics for the""",2013-01-30 03:49:28,jaubourg,jquery,jquery,,https://github.com/jquery/jquery/pull/1109#discussion_r2827019,2013-01-30T14:49:28Z,2013-01-30T14:49:28Z,jaubourg,MEMBER,src/ajax/xhr.js,,96.0,,,299,"@@ -1,218 +1,111 @@
-var xhrCallbacks, xhrSupported,
-	xhrId = 0,
-	// #5280: Internet Explorer will keep connections alive if we don't abort on unload
-	xhrOnUnloadAbort = window.ActiveXObject && function() {
-		// Abort all pending requests
-		var key;
-		for ( key in xhrCallbacks ) {
-			xhrCallbacks[ key ]( undefined, true );
-		}
-	};
-
-// Functions to create xhrs
-function createStandardXHR() {
+jQuery.ajaxSettings.xhr = function() {
 	try {
-		return new window.XMLHttpRequest();
+		return new XMLHttpRequest();
 	} catch( e ) {}
-}
+};
+
+var xhrSupported = jQuery.ajaxSettings.xhr(),
+	xhrSuccessStatus = {
+		// file protocol always yields status code 0, assume 200
+		0: 200,
+		// Support: IE9
+		// #1450: sometimes IE returns 1223 when it should be 204
+		1223: 204
+	},
+	// Support: IE9
+	// We need to keep track of outbound xhr and abort them manually
+	// because IE is not smart enough to do it all by itself
+	xhrId = 0,
+	xhrCallbacks = {};
 
-function createActiveXHR() {
-	try {
-		return new window.ActiveXObject(""Microsoft.XMLHTTP"");
-	} catch( e ) {}
+if ( window.ActiveXObject ) {
+	jQuery( window ).on( ""unload"", function() {
+		for( var key in xhrCallbacks ) {
+			xhrCallbacks[ key ]();
+		}
+		xhrCallbacks = undefined;
+	});
 }
 
-// Create the request object
-// (This is still attached to ajaxSettings for backward compatibility)
-jQuery.ajaxSettings.xhr = window.ActiveXObject ?
-	/* Microsoft failed to properly
-	 * implement the XMLHttpRequest in IE7 (can't request local files),
-	 * so we use the ActiveXObject when it is available
-	 * Additionally XMLHttpRequest can be disabled in IE7/IE8 so
-	 * we need a fallback.
-	 */
-	function() {
-		return !this.isLocal && createStandardXHR() || createActiveXHR();
-	} :
-	// For all other browsers, use the standard XMLHttpRequest object
-	createStandardXHR;
-
-// Determine support properties
-xhrSupported = jQuery.ajaxSettings.xhr();
 jQuery.support.cors = !!xhrSupported && ( ""withCredentials"" in xhrSupported );
-xhrSupported = jQuery.support.ajax = !!xhrSupported;
-
-// Create transport if the browser can provide an xhr
-if ( xhrSupported ) {
-
-	jQuery.ajaxTransport(function( s ) {
-		// Cross domain only allowed if supported through XMLHttpRequest
-		if ( !s.crossDomain || jQuery.support.cors ) {
-
-			var callback;
-
-			return {
-				send: function( headers, complete ) {
-
-					// Get a new xhr
-					var handle, i,
-						xhr = s.xhr();
-
-					// Open the socket
-					// Passing null username, generates a login popup on Opera (#2865)
-					if ( s.username ) {
-						xhr.open( s.type, s.url, s.async, s.username, s.password );
-					} else {
-						xhr.open( s.type, s.url, s.async );
-					}
-
-					// Apply custom fields if provided
-					if ( s.xhrFields ) {
-						for ( i in s.xhrFields ) {
-							xhr[ i ] = s.xhrFields[ i ];
-						}
-					}
-
-					// Override mime type if needed
-					if ( s.mimeType && xhr.overrideMimeType ) {
-						xhr.overrideMimeType( s.mimeType );
+jQuery.support.ajax = xhrSupported = !!xhrSupported;
+
+jQuery.ajaxTransport(function( options ) {
+	var callback;
+	// Cross domain only allowed if supported through XMLHttpRequest
+	if ( jQuery.support.cors || xhrSupported && !options.crossDomain ) {
+		return {
+			send: function( headers, complete ) {
+				var i, id,
+					xhr = options.xhr();
+				xhr.open( options.type, options.url, options.async, options.username, options.password );
+				// Apply custom fields if provided
+				if ( options.xhrFields ) {
+					for ( i in options.xhrFields ) {
+						xhr[ i ] = options.xhrFields[ i ];
 					}
-
-					// X-Requested-With header
-					// For cross-domain requests, seeing as conditions for a preflight are
-					// akin to a jigsaw puzzle, we simply never set it to be sure.
-					// (it can always be set on a per-request basis or even using ajaxSetup)
-					// For same-domain requests, won't change header if already provided.
-					if ( !s.crossDomain && !headers[""X-Requested-With""] ) {
-						headers[""X-Requested-With""] = ""XMLHttpRequest"";
-					}
-
-					// Need an extra try/catch for cross domain requests in Firefox 3
-					try {
-						for ( i in headers ) {
-							xhr.setRequestHeader( i, headers[ i ] );
-						}
-					} catch( err ) {}
-
-					// Do send the request
-					// This may raise an exception which is actually
-					// handled in jQuery.ajax (so no try/catch here)
-					xhr.send( ( s.hasContent && s.data ) || null );
-
-					// Listener
-					callback = function( _, isAbort ) {
-
-						var status,
-							statusText,
-							responseHeaders,
-							responses,
-							xml;
-
-						// Firefox throws exceptions when accessing properties
-						// of an xhr when a network error occurred
-						// http://helpful.knobs-dials.com/index.php/Component_returned_failure_code:_0x80040111_(NS_ERROR_NOT_AVAILABLE)
-						try {
-
-							// Was never called and is aborted or complete
-							if ( callback && ( isAbort || xhr.readyState === 4 ) ) {
-
-								// Only called once
-								callback = undefined;
-
-								// Do not keep as active anymore
-								if ( handle ) {
-									xhr.onreadystatechange = jQuery.noop;
-									if ( xhrOnUnloadAbort ) {
-										delete xhrCallbacks[ handle ];
-									}
-								}
-
-								// If it's an abort
-								if ( isAbort ) {
-									// Abort it manually if needed
-									if ( xhr.readyState !== 4 ) {
-										xhr.abort();
-									}
-								} else {
-									responses = {};
-									status = xhr.status;
-									xml = xhr.responseXML;
-									responseHeaders = xhr.getAllResponseHeaders();
-
-									// Construct response list
-									if ( xml && xml.documentElement /* #4958 */ ) {
-										responses.xml = xml;
-									}
-
-									// When requesting binary data, IE6-9 will throw an exception
-									// on any attempt to access responseText (#11426)
-									if ( typeof xhr.responseText === ""string"" ) {
-										responses.text = xhr.responseText;
-									}
-
-									// Firefox throws an exception when accessing
-									// statusText for faulty cross-domain requests
-									try {
-										statusText = xhr.statusText;
-									} catch( e ) {
-										// We normalize with Webkit giving an empty statusText
-										statusText = """";
-									}
-
-									// Filter status for non standard behaviors
-
-									// If the request is local and we have data: assume a success
-									// (success with no data won't get notified, that's the best we
-									// can do given current implementations)
-									if ( !status && s.isLocal && !s.crossDomain ) {
-										status = responses.text ? 200 : 404;
-									// IE - #1450: sometimes returns 1223 when it should be 204
-									} else if ( status === 1223 ) {
-										status = 204;
-									}
-								}
-							}
-						} catch( firefoxAccessException ) {
-							if ( !isAbort ) {
-								complete( -1, firefoxAccessException );
+				}
+				// Override mime type if needed
+				if ( options.mimeType && xhr.overrideMimeType ) {
+					xhr.overrideMimeType( options.mimeType );
+				}
+				// X-Requested-With header
+				// For cross-domain requests, seeing as conditions for a preflight are
+				// akin to a jigsaw puzzle, we simply never set it to be sure.
+				// (it can always be set on a per-request basis or even using ajaxSetup)
+				// For same-domain requests, won't change header if already provided.
+				if ( !options.crossDomain && !headers[""X-Requested-With""] ) {
+					headers[""X-Requested-With""] = ""XMLHttpRequest"";
+				}
+				// Set headers
+				for ( i in headers ) {
+					xhr.setRequestHeader( i, headers[ i ] );
+				}
+				// Callback
+				callback = function( type ) {
+					return function() {
+						if ( callback ) {
+							delete xhrCallbacks[ id ];
+							callback = xhr.onload = xhr.onerror = null;
+							if ( type === ""abort"" ) {
+								xhr.abort();
+							} else if ( type === ""error"" ) {
+								complete(
+									// file protocol always yields status 0, assume 404
+									xhr.status || 404,
+									xhr.statusText
+								);
+							} else {
+								complete(
+									xhrSuccessStatus[ xhr.status ] || xhr.status,
+									xhr.statusText,
+									// Support: IE9
+									// #11426: When requesting binary data, IE9 will throw an exception
+									// on any attempt to access responseText
+									typeof xhr.responseText === ""string"" ? {
+										text: xhr.responseText
+									} : undefined,
+									xhr.getAllResponseHeaders()
+								);
 							}
 						}
-
-						// Call complete if needed
-						if ( responses ) {
-							complete( status, statusText, responses, responseHeaders );
-						}
 					};
-
-					if ( !s.async ) {
-						// if we're in sync mode we fire the callback
-						callback();
-					} else if ( xhr.readyState === 4 ) {
-						// (IE6 & IE7) if it's in cache and has been
-						// retrieved directly we need to fire the callback
-						setTimeout( callback );
-					} else {
-						handle = ++xhrId;
-						if ( xhrOnUnloadAbort ) {
-							// Create the active xhrs callbacks list if needed
-							// and attach the unload handler
-							if ( !xhrCallbacks ) {
-								xhrCallbacks = {};
-								jQuery( window ).unload( xhrOnUnloadAbort );
-							}
-							// Add to list of active xhrs callbacks
-							xhrCallbacks[ handle ] = callback;
-						}
-						xhr.onreadystatechange = callback;
-					}
-				},
-
-				abort: function() {
-					if ( callback ) {
-						callback( undefined, true );
-					}
+				};
+				// Listen to events
+				xhr.onload = callback();
+				xhr.onerror = callback(""error"");","If you find a bug in a browser regarding this point, then please report it to the browser's bug tracker because that would be a violation of the spec. I'm not aware of any problem here. Did you encounter any issue or are we musing with hypothetics for the sake of musing?
",69173e79137d48c4bc1e66939c3d87a4b345751c
2160770,0,"I think this entire special-case block and corresponding expense of `.index` can be eliminated if the `jQuery( this ).remove()` on [L296](https://github.com/PaulBRamos/jquery/blob/6fb68d22f4b136f0b467cf060ea3286f8cc6fcce/src/manipulation.js#L296) moves af""",2012-11-17 18:17:12,gibson042,jquery,jquery,,https://github.com/jquery/jquery/pull/1033#discussion_r2160770,2012-11-18T05:17:12Z,2012-11-18T05:17:12Z,gibson042,MEMBER,src/manipulation.js,,275.0,,,5,"@@ -272,7 +272,8 @@ jQuery.fn.extend({
 
 		// Make sure that the elements are removed from the DOM before they are inserted
 		// this can help fix replacing a parent with child elements
-		if ( !isFunc && typeof value !== ""string"" ) {
+		// #4087 - don't detach if original and target are the same (element is removed otherwise)","I think this entire special-case block and corresponding expense of `.index` can be eliminated if the `jQuery( this ).remove()` on [L296](https://github.com/PaulBRamos/jquery/blob/6fb68d22f4b136f0b467cf060ea3286f8cc6fcce/src/manipulation.js#L296) moves after the `.before`/`.append`. Did you try anything like that?
",6fb68d22f4b136f0b467cf060ea3286f8cc6fcce
1863969,2,"regex abuse.  just do: `process.platform.match === """"win32""""`  also excessive parens""",2012-10-16 19:50:12,sindresorhus,jquery,jquery,,https://github.com/jquery/jquery/pull/996#discussion_r1863969,2012-10-17T07:50:12Z,2012-10-17T08:23:21Z,sindresorhus,CONTRIBUTOR,grunt.js,,,,,1,"@@ -230,7 +230,7 @@ module.exports = function( grunt ) {
 		grunt.log.writeln( ""Creating custom build...\n"" );
 
 		grunt.utils.spawn({
-			cmd: ""grunt"",
+			cmd: (!!process.platform.match(/^win/) ? ""grunt.cmd"" : ""grunt""),","regex abuse.

just do: `process.platform.match === ""win32""`

also excessive parens
",1fadbb6a68f3965951a93c7b7dd8a9988a08068b
1872664,0,"Unassigned variables should precede assignments (i.e., make this the last declaration). Also, why `type = typeof value` instead of `stringValue = typeof value === """"string""""`?""",2012-10-17 09:58:38,gibson042,jquery,jquery,,https://github.com/jquery/jquery/pull/988#discussion_r1872664,2012-10-17T21:58:38Z,2012-10-17T23:20:43Z,gibson042,MEMBER,src/attributes.js,,,,,1,"@@ -34,7 +34,8 @@ jQuery.fn.extend({
 	},
 
 	addClass: function( value ) {
-		var classNames, i, l, elem,
+		var type = typeof value,","Unassigned variables should precede assignments (i.e., make this the last declaration). Also, why `type = typeof value` instead of `stringValue = typeof value === ""string""`?
",8ef25136bbb1b34e13a7107f6ceabdcd9461a1d3
1162418,1,"Sounds like an amazing idea, likely a @mikesherov project?""",2012-07-13 09:21:48,gnarf,jquery,jquery,,https://github.com/jquery/jquery/pull/861#discussion_r1162418,2012-07-13T21:21:48Z,2012-07-13T21:21:48Z,gnarf,MEMBER,src/effects.js,,429.0,,,4,"@@ -426,6 +426,17 @@ Tween.propHooks = {
 	}
 };
 
+// Remove in 2.0 - this supports IE8's panic based approach","Sounds like an amazing idea, likely a @mikesherov project?
",3c56b8aaee1a64ececcf241b3a7982148b345c1d
930539,1,"Excellent; this is much nicer than the way I had it and almost the same size. You can save a byte gzipped by testing `scale !== 1` first, for a total size increase of 35 bytes.""",2012-06-05 05:58:22,gibson042,jquery,jquery,,https://github.com/jquery/jquery/pull/808#discussion_r930539,2012-06-05T17:58:22Z,2012-06-06T06:16:26Z,gibson042,MEMBER,src/effects.js,,,,,1,"@@ -7,20 +7,37 @@ var fxNow, timerId,
 	animationPrefilters = [ defaultPrefilter ],
 	tweeners = {
 		""*"": [function( prop, value ) {
-			var end, unit,
+			var end, unit, prevScale,
 				tween = this.createTween( prop, value ),
 				parts = rfxnum.exec( value ),
-				start = tween.cur();
+				start = tween.cur(),
+				scale = 1,
+				target = start;
 
 			if ( parts ) {
 				end = +parts[2];
 				unit = parts[3] || ( jQuery.cssNumber[ prop ] ? """" : ""px"" );
 
 				// We need to compute starting value
-				if ( unit !== ""px"" ) {
-					jQuery.style( this, prop, (end || 1) + unit);
-					start = start * (end || 1) / tween.cur() || 0;
-					jQuery.style( this, prop, start + unit);
+				if ( unit !== ""px"" && start ) {
+					// Iteratively approximate from a nonzero starting point
+					// Prefer the current property, because this process will be trivial if it uses the same units
+					// Fallback to end or a simple constant
+					start = parseFloat( jQuery.style( tween.elem, prop ) ) || end || 1;
+
+					do {
+						// If previous iteration zeroed out, double until we get *something*
+						prevScale = scale = scale || 0.5;
+
+						// Adjust and apply
+						start = start / scale;
+						jQuery.style( tween.elem, prop, start + unit );
+
+						// Update scale, tolerating zeroes from tween.cur()
+						scale = tween.cur() / target;
+
+					// Stop looping if scale is unchanged or we've hit the mark
+					} while ( scale !== prevScale && scale !== 1 );","Excellent; this is much nicer than the way I had it and almost the same size. You can save a byte gzipped by testing `scale !== 1` first, for a total size increase of 35 bytes.
",f1f02ce504a7e97c7582bb8d5886dd006c9d8157
756619,0,"Also, complete and always callbacks do NOT have the same signature so you won't call with the arguments in the correct order.""",2012-05-01 04:01:17,jaubourg,jquery,jquery,,https://github.com/jquery/jquery/pull/758#discussion_r756619,2012-05-01T16:01:17Z,2012-05-01T16:01:17Z,jaubourg,MEMBER,src/ajax.js,,217.0,,,108,"@@ -158,73 +158,63 @@ jQuery.fn.extend({
 	load: function( url, params, callback ) {
 		if ( typeof url !== ""string"" && _load ) {
 			return _load.apply( this, arguments );
+		}
 
 		// Don't do a request if no elements are being requested
-		} else if ( !this.length ) {
+		if ( !this.length ) {
 			return this;
 		}
 
-		var off = url.indexOf( "" "" );
+		var selector, type,
+			self = this,
+			off = url.indexOf("" "");
+
 		if ( off >= 0 ) {
-			var selector = url.slice( off, url.length );
+			selector = url.slice( off, url.length );
 			url = url.slice( 0, off );
 		}
 
-		// Default to a GET request
-		var type = ""GET"";
+		// If it's a function
+		if ( jQuery.isFunction( params ) ) {
 
-		// If the second parameter was provided
-		if ( params ) {
-			// If it's a function
-			if ( jQuery.isFunction( params ) ) {
-				// We assume that it's the callback
-				callback = params;
-				params = undefined;
+			// We assume that it's the callback
+			callback = params;
+			params = undefined;
 
-			// Otherwise, build a param string
-			} else if ( typeof params === ""object"" ) {
-				params = jQuery.param( params, jQuery.ajaxSettings.traditional );
-				type = ""POST"";
-			}
+		// Otherwise, build a param string
+		} else if ( typeof params === ""object"" ) {
+			type = ""POST"";
 		}
 
-		var self = this;
-
 		// Request the remote document
 		jQuery.ajax({
 			url: url,
+
+			// Default to a GET request
 			type: type,
 			dataType: ""html"",
-			data: params,
-			// Complete callback (responseText is used internally)
-			complete: function( jqXHR, status, responseText ) {
-				// Store the response as specified by the jqXHR object
-				responseText = jqXHR.responseText;
-				// If successful, inject the HTML into all the matched elements
-				if ( jqXHR.isResolved() ) {
-					// #4825: Get the actual response in case
-					// a dataFilter is present in ajaxSettings
-					jqXHR.done(function( r ) {
-						responseText = r;
-					});
-					// See if a selector was specified
-					self.html( selector ?
-						// Create a dummy div to hold the results
-						jQuery(""<div>"")
-							// inject the contents of the document in, removing the scripts
-							// to avoid any 'Permission Denied' errors in IE
-							.append(responseText.replace(rscript, """"))
-
-							// Locate the specified elements
-							.find(selector) :
-
-						// If not, just inject the full result
-						responseText );
-				}
+			data: params
+		}).done(function( responseText ) {
 
-				if ( callback ) {
-					self.each( callback, [ responseText, status, jqXHR ] );
-				}
+			// See if a selector was specified
+			self.html( selector ?
+
+				// Create a dummy div to hold the results
+				jQuery(""<div>"")
+
+					// inject the contents of the document in, removing the scripts
+					// to avoid any 'Permission Denied' errors in IE
+					.append( responseText.replace( rscript, """" ) )
+
+					// Locate the specified elements
+					.find( selector ) :
+
+				// If not, just inject the full result
+				responseText );
+
+		}).always(function() {
+			if ( callback ) {
+				self.each( callback, arguments );","Also, complete and always callbacks do NOT have the same signature so you won't call with the arguments in the correct order.
",068070c3a97ac66f00f183a69e4419470bccee6e
741336,1,"Add in the deprecated reference, so that I can test & merge this ;) Nice work as usual :)""",2012-04-26 08:26:07,jaubourg,jquery,jquery,,https://github.com/jquery/jquery/pull/754#discussion_r741336,2012-04-26T20:26:07Z,2012-04-26T20:26:07Z,jaubourg,MEMBER,src/deferred.js,,77.0,,,37,"@@ -59,19 +59,22 @@ jQuery.extend({
 
 		// Add list-specific methods
 		jQuery.each( tuples, function( i, tuple ) {
-			var list = tuple[ 2 ], stateString;
+			var list = tuple[ 2 ],
+				stateString = tuple[ 3 ];
 
 			// promise[ done | fail | progress ] = list.add
 			promise[ tuple[1] ] = list.add;
 
 			// Handle state
 			if ( i < 2 ) {
-				stateString = tuple[ 0 ].replace( /e?$/, ""ed"" );
 				list.add(function() {
+					// state = [ resolved | rejected ]
 					state = stateString;
-					tuples[ i ^ 1 ][ 2 ].disable();
-					tuples[ 2 ][ 2 ].lock();
-				});
+
+				// [ reject_list | resolve_list ].disable; progress_list.lock
+				}, tuples[ i ^ 1 ][ 2 ].disable, tuples[ 2 ][ 2 ].lock );
+
+				// [ isResolved | isRejected ] = [ resolve_list | reject_list ].fired","Add in the deprecated reference, so that I can test & merge this ;) Nice work as usual :)
",a25721a2cdf9e6cc105993ce70a0a2b8cef30dd8
483821,2,"Sorry, that was lazy... :/""",2012-02-23 16:34:30,rwaldron,jquery,jquery,,https://github.com/jquery/jquery/pull/693#discussion_r483821,2012-02-24T03:34:30Z,2012-02-24T03:34:39Z,rwaldron,MEMBER,test/data/testinit.js,,132.0,,,14,"@@ -119,4 +119,36 @@ function url(value) {
 			oldActive = jQuery.active;
 		}
 	};
+
+	this.testIframe = function( fileName, name, fn ) {
+
+		test(name, function() {
+			// pause execution for now
+			stop();
+
+			// load fixture in iframe
+			var iframe = loadFixture(),
+				win = iframe.contentWindow,
+				interval = setInterval( function() {","Sorry, that was lazy... :/
",658c9eb31ab8d04fae20150cbf8e19cfc8493d2d
282714,1,"Nice! I did this late last night, so not surprised I missed that, will fix shorty""",2011-12-09 02:32:53,rwaldron,jquery,jquery,,https://github.com/jquery/jquery/pull/627#discussion_r282714,2011-12-09T13:32:53Z,2011-12-13T15:23:31Z,rwaldron,MEMBER,build/jshint-check.js,,,,,59,"@@ -1,34 +1,36 @@
-﻿var JSHINT = require(""./lib/jshint"").JSHINT,
-	print = require(""sys"").print,
-	src = require(""fs"").readFileSync(""dist/jquery.js"", ""utf8"");
+﻿var jshint = require(""./lib/jshint"").JSHINT,
+		src = require(""fs"").readFileSync(""dist/jquery.js"", ""utf8""),
+		config = {
+			evil: true,
+			undef: false,
+			browser: true,
+			wsh: true,
+			eqnull: true,
+			expr: true,
+			curly: true,
+			trailing: true,
+			predef: [
+				""define"",
+				""DOMParser""
+			],
+			maxerr: 100
+		};
 
-JSHINT(src, {
-	evil: true,
-	undef: false,
-	browser: true,
-	wsh: true,
-	eqnull: true,
-	expr: true,
-	curly: true,
-	trailing: true,
-	predef: [
-		""define"",
-		""DOMParser""
-	],
-	maxerr: 100
-});
+if ( jshint( src, config ) ) {
+	console.log(""JSHint check passed."");
+} else {
 
-var e = JSHINT.errors, found = e.length, i = 0, w;
+	console.log( ""JSHint found errors."" );
 
-for ( ; i < e.length; i++ ) {
-	w = e[i];
+	jshint.errors.forEach(function( e ) {
+		if ( !e ) { return; }
 
-	print( ""\n"" + w.evidence + ""\n"" );
-	print( ""    Problem at line "" + w.line + "" character "" + w.character + "": "" + w.reason );
-}
+		var str = e.evidence ? e.evidence : """";
 
-if ( found > 0 ) {
-	print( ""\n"" + found + "" Error(s) found.\n"" );
-} else {
-	print( ""JSHint check passed.\n"" );
+		if ( str ) {
+			str = str.replace( /\t/g, "" "" ).trim()","Nice! I did this late last night, so not surprised I missed that, will fix shorty
",6b2b3b9aa04a3a124f99a61821b9a09cbb6e3023
54504,0,"The style guide actually says to put these at the top: http://docs.jquery.com/JQuery_Core_Style_Guidelines#Assignment""",2011-06-29 04:42:06,scottgonzalez,jquery,jquery,,https://github.com/jquery/jquery/pull/425#discussion_r54504,2011-06-29T16:42:06Z,2011-06-29T17:14:03Z,scottgonzalez,MEMBER,src/effects.js,,17.0,,,21,"@@ -13,20 +11,20 @@ var elemdisplay = {},
 		// opacity animations
 		[ ""opacity"" ]
 	],
-	fxNow,
 	requestAnimationFrame = window.webkitRequestAnimationFrame ||
-		window.mozRequestAnimationFrame ||
-		window.oRequestAnimationFrame;
+			window.mozRequestAnimationFrame ||
+			window.oRequestAnimationFrame,
+	timerId, iframe, iframeDoc, fxNow;","The style guide actually says to put these at the top: http://docs.jquery.com/JQuery_Core_Style_Guidelines#Assignment
",cb8ed194f88740a10892e11c1b216f10d298065d
23696,2,"However, I'm not sure this is the way to fix it.  My guess is this would be a noticeable performance decrease in selections and manipulation.  This is my main concern.""",2011-04-27 08:41:22,timmywil,jquery,jquery,,https://github.com/jquery/jquery/pull/353#discussion_r23696,2011-04-27T20:41:22Z,2011-04-27T23:26:36Z,timmywil,MEMBER,src/core.js,,,,,1,"@@ -681,7 +681,7 @@ jQuery.extend({
 		var i = first.length,
 			j = 0;
 
-		if ( typeof second.length === ""number"" ) {
+		if ( typeof second.length === ""number"" && jQuery.type( second ) === ""array"" ) {","However, I'm not sure this is the way to fix it.  My guess is this would be a noticeable performance decrease in selections and manipulation.  This is my main concern.
",c0450f3c2aab7af902ccf4ba0537088fc26f065d
2061,1,"Thanks for your comments and tests!  (Aptana is driving me nuts, I'm currently searching for another IDE)""",2011-02-15 22:11:23,louisremi,jquery,jquery,,https://github.com/jquery/jquery/pull/165#discussion_r2061,2011-02-16T09:11:23Z,2011-02-16T09:28:45Z,louisremi,CONTRIBUTOR,src/effects.js,,,,,1,"@@ -336,8 +336,12 @@ jQuery.fx.prototype = {
 			return this.elem[ this.prop ];
 		}
 
-		var r = parseFloat( jQuery.css( this.elem, this.prop ) );
-		return r || 0;
+		var r = jQuery.css( this.elem, this.prop ),
+			parsed;
+		// Empty strings and ""auto"" are converted to 0, 
+		// complex values such as ""rotate(1rad)"" are returned as is,
+		// simple values such as ""10px"" are parsed to Float.
+		return r === """" || r === ""auto"" ? 0 : isNaN( parsed = parseFloat(r) ) ? r : parsed;","Thanks for your comments and tests!

(Aptana is driving me nuts, I'm currently searching for another IDE)
",61849aa409889a9fd4879310ad60a378502dbf55
2570356,1,"done, it saves 15 bytes or so and it definitely looks more elegant. """,2013-01-07 11:01:55,orkel,jquery,jquery,,https://github.com/jquery/jquery/pull/1117#discussion_r2570356,2013-01-07T22:01:55Z,2013-01-07T22:01:55Z,markelog,MEMBER,src/manipulation.js,,,,,1,"@@ -458,59 +448,57 @@ jQuery.extend({
 					tmp.innerHTML = wrap[ 1 ] + elem.replace( rxhtmlTag, ""<$1></$2>"" );
 
 					// Descend through wrappers to the right content
-					j = wrap[0];
+					j = wrap[ 0 ];
 					while ( j-- ) {
-						tmp = tmp.lastChild;
+						tmp = tmp.firstChild;
 					}
 
-					core_push.apply( ret, tmp.childNodes );
+					core_push.apply( nodes, tmp.childNodes );
 
-					// Fix #12392 - remove childNodes parent
-					tmp.textContent = """";
+					// Remember the top-level container
+					tmp = fragment.firstChild;
 
-					// Remember the top-level container for proper cleanup
-					tmp = container.lastChild;
+					// Fixes #12346
+					// Support: Webkit, IE
+					tmp.textContent = """";
 				}
 			}
 		}
 
-		// Fix #11356: Clear elements from fragment
-		if ( tmp ) {
-			container.removeChild( tmp );
-		}
+		// Remove wrapper from fragment
+		fragment.textContent = """";
 
-		if ( fragment ) {
-			for ( i = 0, l = ret.length; i < l; i++ ) {
-				elem = ret[ i ];
-				container = jQuery.contains( elem.ownerDocument, elem );
+		for ( i = 0, l = nodes.length; i < l; i++ ) {
+			elem = nodes[ i ];
+			contains = jQuery.contains( elem.ownerDocument, elem );
 
-				// Append to fragment
-				// #4087 - If origin and destination elements are the same, and this is
-				// that element, do not append to fragment
-				if ( !selection || jQuery.inArray( elem, selection ) === -1 ) {
-					fragment.appendChild( elem );
-				}
-				tmp = getAll( elem, ""script"" );
+			// #4087 - If origin and destination elements are the same, and this is
+			// that element, do not do anything
+			if ( selection && jQuery.inArray( elem, selection ) !== -1 ) {
+				continue;
+			}
 
-				// Preserve script evaluation history
-				if ( container ) {
-					setGlobalEval( tmp );
-				}
+			// Append to fragment
+			tmp = getAll( fragment.appendChild( elem ), ""script"" );
 
-				// Capture executables
-				if ( scripts ) {
-					for ( j = 0, ll = tmp.length; j < ll; j++ ) {
-						elem = tmp[ j ];
+			// Preserve script evaluation history
+			if ( contains ) {
+				setGlobalEval( tmp );
+			}
 
-						if ( rscriptType.test( elem.type || """" ) ) {
-							scripts.push( elem );
-						}
+			// Capture executables
+			if ( scripts ) {
+				for ( j = 0, ll = tmp.length; j < ll; j++ ) {
+					elem = tmp[ j ];","done, it saves 15 bytes or so and it definitely looks more elegant. 
",668977e03794f5a8ccb8a487796982422ea543ed
2558409,1,"The convention we're using for support related comments is:  ```js // Support: IE(version) // Explanation ```  This will make it easier to identify these in the future :)""",2013-01-05 05:17:13,rwaldron,jquery,jquery,,https://github.com/jquery/jquery/pull/1109#discussion_r2558409,2013-01-05T16:17:13Z,2013-01-06T00:34:59Z,rwaldron,MEMBER,src/ajax/xhr.js,,,,,1,"@@ -1,218 +1,92 @@
-var xhrCallbacks, xhrSupported,
-	xhrId = 0,
-	// #5280: Internet Explorer will keep connections alive if we don't abort on unload
-	xhrOnUnloadAbort = window.ActiveXObject && function() {
-		// Abort all pending requests
-		var key;
-		for ( key in xhrCallbacks ) {
-			xhrCallbacks[ key ]( undefined, true );
-		}
-	};
-
-// Functions to create xhrs
-function createStandardXHR() {
+jQuery.ajaxSettings.xhr = function() {
 	try {
-		return new window.XMLHttpRequest();
+		return new XMLHttpRequest();
 	} catch( e ) {}
-}
-
-function createActiveXHR() {
-	try {
-		return new window.ActiveXObject(""Microsoft.XMLHTTP"");
-	} catch( e ) {}
-}
-
-// Create the request object
-// (This is still attached to ajaxSettings for backward compatibility)
-jQuery.ajaxSettings.xhr = window.ActiveXObject ?
-	/* Microsoft failed to properly
-	 * implement the XMLHttpRequest in IE7 (can't request local files),
-	 * so we use the ActiveXObject when it is available
-	 * Additionally XMLHttpRequest can be disabled in IE7/IE8 so
-	 * we need a fallback.
-	 */
-	function() {
-		return !this.isLocal && createStandardXHR() || createActiveXHR();
-	} :
-	// For all other browsers, use the standard XMLHttpRequest object
-	createStandardXHR;
-
-// Determine support properties
-xhrSupported = jQuery.ajaxSettings.xhr();
+};
+
+var xhrSupported = jQuery.ajaxSettings.xhr(),
+	xhrSuccessStatus = {
+		// file protocol always yields status code 0, assume 200
+		0: 200,
+		// IE - #1450: sometimes returns 1223 when it should be 204","The convention we're using for support related comments is:

``` js
// Support: IE(version)
// Explanation
```

This will make it easier to identify these in the future :)
",69173e79137d48c4bc1e66939c3d87a4b345751c
2558537,1,"This wouldn't work because getting responseText for a request fetching binary data throws an exception in IE9 :P""",2013-01-05 06:50:40,jaubourg,jquery,jquery,,https://github.com/jquery/jquery/pull/1109#discussion_r2558537,2013-01-05T17:50:40Z,2013-01-06T00:35:00Z,jaubourg,MEMBER,src/ajax/xhr.js,,89.0,,,259,"@@ -1,218 +1,92 @@
-var xhrCallbacks, xhrSupported,
-	xhrId = 0,
-	// #5280: Internet Explorer will keep connections alive if we don't abort on unload
-	xhrOnUnloadAbort = window.ActiveXObject && function() {
-		// Abort all pending requests
-		var key;
-		for ( key in xhrCallbacks ) {
-			xhrCallbacks[ key ]( undefined, true );
-		}
-	};
-
-// Functions to create xhrs
-function createStandardXHR() {
+jQuery.ajaxSettings.xhr = function() {
 	try {
-		return new window.XMLHttpRequest();
+		return new XMLHttpRequest();
 	} catch( e ) {}
-}
-
-function createActiveXHR() {
-	try {
-		return new window.ActiveXObject(""Microsoft.XMLHTTP"");
-	} catch( e ) {}
-}
-
-// Create the request object
-// (This is still attached to ajaxSettings for backward compatibility)
-jQuery.ajaxSettings.xhr = window.ActiveXObject ?
-	/* Microsoft failed to properly
-	 * implement the XMLHttpRequest in IE7 (can't request local files),
-	 * so we use the ActiveXObject when it is available
-	 * Additionally XMLHttpRequest can be disabled in IE7/IE8 so
-	 * we need a fallback.
-	 */
-	function() {
-		return !this.isLocal && createStandardXHR() || createActiveXHR();
-	} :
-	// For all other browsers, use the standard XMLHttpRequest object
-	createStandardXHR;
-
-// Determine support properties
-xhrSupported = jQuery.ajaxSettings.xhr();
+};
+
+var xhrSupported = jQuery.ajaxSettings.xhr(),
+	xhrSuccessStatus = {
+		// file protocol always yields status code 0, assume 200
+		0: 200,
+		// IE - #1450: sometimes returns 1223 when it should be 204
+		1223: 204
+	};
+	
 jQuery.support.cors = !!xhrSupported && ( ""withCredentials"" in xhrSupported );
-xhrSupported = jQuery.support.ajax = !!xhrSupported;
-
-// Create transport if the browser can provide an xhr
-if ( xhrSupported ) {
-
-	jQuery.ajaxTransport(function( s ) {
-		// Cross domain only allowed if supported through XMLHttpRequest
-		if ( !s.crossDomain || jQuery.support.cors ) {
-
-			var callback;
-
-			return {
-				send: function( headers, complete ) {
-
-					// Get a new xhr
-					var handle, i,
-						xhr = s.xhr();
-
-					// Open the socket
-					// Passing null username, generates a login popup on Opera (#2865)
-					if ( s.username ) {
-						xhr.open( s.type, s.url, s.async, s.username, s.password );
-					} else {
-						xhr.open( s.type, s.url, s.async );
-					}
-
-					// Apply custom fields if provided
-					if ( s.xhrFields ) {
-						for ( i in s.xhrFields ) {
-							xhr[ i ] = s.xhrFields[ i ];
-						}
-					}
-
-					// Override mime type if needed
-					if ( s.mimeType && xhr.overrideMimeType ) {
-						xhr.overrideMimeType( s.mimeType );
+jQuery.support.ajax = xhrSupported = !!xhrSupported;
+
+jQuery.ajaxTransport(function( options ) {
+	var callback;
+	// Cross domain only allowed if supported through XMLHttpRequest
+	if ( jQuery.support.cors || xhrSupported && !options.crossDomain ) {
+		return {
+			send: function( headers, complete ) {
+				var i,
+					xhr = options.xhr();
+				// Open the socket
+				xhr.open( options.type, options.url, options.async, options.username, options.password );
+				// Apply custom fields if provided
+				if ( options.xhrFields ) {
+					for ( i in options.xhrFields ) {
+						xhr[ i ] = options.xhrFields[ i ];
 					}
-
-					// X-Requested-With header
-					// For cross-domain requests, seeing as conditions for a preflight are
-					// akin to a jigsaw puzzle, we simply never set it to be sure.
-					// (it can always be set on a per-request basis or even using ajaxSetup)
-					// For same-domain requests, won't change header if already provided.
-					if ( !s.crossDomain && !headers[""X-Requested-With""] ) {
-						headers[""X-Requested-With""] = ""XMLHttpRequest"";
-					}
-
-					// Need an extra try/catch for cross domain requests in Firefox 3
-					try {
-						for ( i in headers ) {
-							xhr.setRequestHeader( i, headers[ i ] );
-						}
-					} catch( err ) {}
-
-					// Do send the request
-					// This may raise an exception which is actually
-					// handled in jQuery.ajax (so no try/catch here)
-					xhr.send( ( s.hasContent && s.data ) || null );
-
-					// Listener
-					callback = function( _, isAbort ) {
-
-						var status,
-							statusText,
-							responseHeaders,
-							responses,
-							xml;
-
-						// Firefox throws exceptions when accessing properties
-						// of an xhr when a network error occurred
-						// http://helpful.knobs-dials.com/index.php/Component_returned_failure_code:_0x80040111_(NS_ERROR_NOT_AVAILABLE)
-						try {
-
-							// Was never called and is aborted or complete
-							if ( callback && ( isAbort || xhr.readyState === 4 ) ) {
-
-								// Only called once
-								callback = undefined;
-
-								// Do not keep as active anymore
-								if ( handle ) {
-									xhr.onreadystatechange = jQuery.noop;
-									if ( xhrOnUnloadAbort ) {
-										delete xhrCallbacks[ handle ];
-									}
-								}
-
-								// If it's an abort
-								if ( isAbort ) {
-									// Abort it manually if needed
-									if ( xhr.readyState !== 4 ) {
-										xhr.abort();
-									}
-								} else {
-									responses = {};
-									status = xhr.status;
-									xml = xhr.responseXML;
-									responseHeaders = xhr.getAllResponseHeaders();
-
-									// Construct response list
-									if ( xml && xml.documentElement /* #4958 */ ) {
-										responses.xml = xml;
-									}
-
-									// When requesting binary data, IE6-9 will throw an exception
-									// on any attempt to access responseText (#11426)
-									if ( typeof xhr.responseText === ""string"" ) {
-										responses.text = xhr.responseText;
-									}
-
-									// Firefox throws an exception when accessing
-									// statusText for faulty cross-domain requests
-									try {
-										statusText = xhr.statusText;
-									} catch( e ) {
-										// We normalize with Webkit giving an empty statusText
-										statusText = """";
-									}
-
-									// Filter status for non standard behaviors
-
-									// If the request is local and we have data: assume a success
-									// (success with no data won't get notified, that's the best we
-									// can do given current implementations)
-									if ( !status && s.isLocal && !s.crossDomain ) {
-										status = responses.text ? 200 : 404;
-									// IE - #1450: sometimes returns 1223 when it should be 204
-									} else if ( status === 1223 ) {
-										status = 204;
-									}
-								}
-							}
-						} catch( firefoxAccessException ) {
-							if ( !isAbort ) {
-								complete( -1, firefoxAccessException );
+				}
+				// Override mime type if needed
+				if ( options.mimeType && xhr.overrideMimeType ) {
+					xhr.overrideMimeType( options.mimeType );
+				}
+				// X-Requested-With header
+				// For cross-domain requests, seeing as conditions for a preflight are
+				// akin to a jigsaw puzzle, we simply never set it to be sure.
+				// (it can always be set on a per-request basis or even using ajaxSetup)
+				// For same-domain requests, won't change header if already provided.
+				if ( !options.crossDomain && !headers[""X-Requested-With""] ) {
+					headers[""X-Requested-With""] = ""XMLHttpRequest"";
+				}
+				// Set headers
+				for ( i in headers ) {
+					xhr.setRequestHeader( i, headers[ i ] );
+				}
+				// Callback
+				callback = function( type ) {
+					return function() {
+						if ( callback ) {
+							callback = xhr.onload = xhr.onerror = null;
+							if ( type === ""abort"" ) {
+								xhr.abort();
+							} else if ( type === ""error"" ) {
+								complete( xhr.status, xhr.statusText );
+							} else {
+								complete(
+									xhrSuccessStatus[ xhr.status ] || xhr.status,
+									xhr.statusText,
+									// IE - #11426: When requesting binary data, IE9 will
+									// throw an exception on any attempt to access responseText
+									typeof xhr.responseText === ""string"" ? {
+										text: xhr.responseText
+									} : undefined,
+									xhr.getAllResponseHeaders()
+								);","This wouldn't work because getting responseText for a request fetching binary data throws an exception in IE9 :P
",69173e79137d48c4bc1e66939c3d87a4b345751c
2496968,2,"This was an accident with ctrl + f. I reverted the others but forgot about this one :(""",2012-12-23 17:53:36,Kangaroopower,jquery,jquery,,https://github.com/jquery/jquery/pull/1100#discussion_r2496968,2012-12-24T04:53:36Z,2012-12-24T04:55:10Z,Kangaroopower,NONE,src/callbacks.js,,,,,1,"@@ -16,7 +26,7 @@ function createOptions( options ) {
  *	options: an optional list of space-separated options that will change how
  *			the callback list behaves or a more traditional option object
  *
- * By default a callback list will act like an event callback list and can be
+ * By default a callback list will self like an event callback list and can be","This was an accident with ctrl + f. I reverted the others but forgot about this one :(
",c2941d6295e40c196bcce9e074c6cfaece9a1d8a
2216175,1,"Love what you did there.""",2012-11-24 17:49:04,jaubourg,jquery,jquery,,https://github.com/jquery/jquery/pull/1041#discussion_r2216175,2012-11-25T04:49:04Z,2012-11-25T05:34:59Z,jaubourg,MEMBER,src/ajax.js,,294.0,,,275,"@@ -315,11 +283,24 @@ jQuery.extend({
 		// and when you create one that shouldn't be
 		// deep extended (see ajaxExtend)
 		flatOptions: {
-			context: true,
-			url: true
+			url: true,
+			context: true
 		}
 	},
 
+	// Creates a full fledged settings object into target
+	// with both ajaxSettings and settings fields.
+	// If target is omitted, writes into ajaxSettings.
+	ajaxSetup: function( target, settings ) {","Love what you did there.
",30dda15d8f46d529b92d5796848268540a597477
1724874,1,"Its safe, at least from a unit testing perspective! I also don't see why it wouldn't be safe. An I missing something?""",2012-09-30 06:01:19,mikesherov,jquery,jquery,,https://github.com/jquery/jquery/pull/939#discussion_r1724874,2012-09-30T18:01:19Z,2012-09-30T18:01:19Z,mikesherov,MEMBER,src/css.js,,605.0,,,6,"@@ -601,7 +601,8 @@ jQuery(function() {
 
 if ( jQuery.expr && jQuery.expr.filters ) {
 	jQuery.expr.filters.hidden = function( elem ) {
-		return ( elem.offsetWidth === 0 && elem.offsetHeight === 0 ) || (!jQuery.support.reliableHiddenOffsets && ((elem.style && elem.style.display) || curCSS( elem, ""display"" )) === ""none"");
+		return ( elem.offsetWidth === 0 && elem.offsetHeight === 0 ) ||
+			( ( !jQuery.support.reliableHiddenOffsets || elem.offsetWidth == null ) && ((elem.style && elem.style.display) || curCSS( elem, ""display"" )) === ""none"");","Its safe, at least from a unit testing perspective! I also don't see why it wouldn't be safe. An I missing something?
",82cf42bcd63d767bfcadd1e1304f132c5959dcba
1351180,0,"Maybe a note would be suffiecient, which tells the user to checkout the branch in the latest stable version?""",2012-08-10 01:01:16,staabm,jquery,jquery,,https://github.com/jquery/jquery/pull/890#discussion_r1351180,2012-08-10T13:01:16Z,2012-08-10T13:01:16Z,staabm,CONTRIBUTOR,README.md,,81.0,,,33,"@@ -80,6 +75,11 @@ Starting in jQuery 1.8, special builds can now be created that optionally exclud
 - effects
 - offset
 
+Before creating a custom build for use in production, be sure to check out the latest stable version:
+
+```bash
+git checkout 1.8.0","Maybe a note would be suffiecient, which tells the user to checkout the branch in the latest stable version?
",5a0aaa562df30f80db40a5a637d14f9530c8b190
961247,1,"Great, let's merge!""",2012-06-11 05:41:36,mikesherov,jquery,jquery,,https://github.com/jquery/jquery/pull/808#discussion_r961247,2012-06-11T17:41:36Z,2012-06-11T17:41:36Z,mikesherov,MEMBER,src/effects.js,,26.0,,,26,"@@ -7,20 +7,37 @@ var fxNow, timerId,
 	animationPrefilters = [ defaultPrefilter ],
 	tweeners = {
 		""*"": [function( prop, value ) {
-			var end, unit,
+			var end, unit, prevScale,
 				tween = this.createTween( prop, value ),
 				parts = rfxnum.exec( value ),
-				start = tween.cur();
+				start = tween.cur(),
+				scale = 1,
+				target = start;
 
 			if ( parts ) {
 				end = +parts[2];
 				unit = parts[3] || ( jQuery.cssNumber[ prop ] ? """" : ""px"" );
 
 				// We need to compute starting value
-				if ( unit !== ""px"" ) {
-					jQuery.style( this, prop, (end || 1) + unit);
-					start = start * (end || 1) / tween.cur() || 0;
-					jQuery.style( this, prop, start + unit);
+				if ( unit !== ""px"" && start ) {
+					// Iteratively approximate from a nonzero starting point
+					// Prefer the current property, because this process will be trivial if it uses the same units
+					// Fallback to end or a simple constant
+					start = parseFloat( jQuery.style( tween.elem, prop ) ) || end || 1;","Great, let's merge!
",f1f02ce504a7e97c7582bb8d5886dd006c9d8157
856972,1,"@mikesherov haha, yikes! thanks for info :)""",2012-05-21 10:09:07,rwaldron,jquery,jquery,,https://github.com/jquery/jquery/pull/788#discussion_r856972,2012-05-21T22:09:07Z,2012-05-22T20:49:58Z,rwaldron,MEMBER,src/css.js,,,,,1,"@@ -285,26 +292,26 @@ function augmentWidthOrHeight( name, elem, extra, isBorderBox ) {
 			if ( extra === ""margin"" ) {
 				// we use jQuery.css instead of curCSS here
 				// because of the reliableMarginRight CSS hook!
-				val += parseFloat( jQuery.css( elem, extra + cssExpand[ i ] ) ) || 0;
+				val += jQuery.css( elem, extra + cssExpand[ i ], true );
 			}
 
 			if ( isBorderBox ) {
 				// border-box includes padding, so remove it if we want content
 				if ( extra === ""content"" ) {
-					val -= parseFloat( curCSS( elem, ""padding"" + cssExpand[ i ] ) ) || 0;
+					val -= jQuery.css( elem, ""padding"" + cssExpand[ i ], true );
 				}
 
 				// at this point, extra isnt border nor margin, so remove border
 				if ( extra !== ""margin"" ) {
-					val -= parseFloat( curCSS( elem, ""border"" + cssExpand[ i ] + ""Width"" ) ) || 0;
+					val -= jQuery.css( elem, ""border"" + cssExpand[ i ] + ""Width"", true );
 				}
 			} else {
 				// at this point, extra isnt content, so add padding
-				val += parseFloat( curCSS( elem, ""padding"" + cssExpand[ i ] ) ) || 0;
+				val += jQuery.css( elem, ""padding"" + cssExpand[ i ], true );
 
 				// at this point, extra isnt content nor padding, so add border
 				if ( extra !== ""padding"" ) {
-					val += parseFloat( curCSS( elem, ""border"" + cssExpand[ i ] + ""Width"" ) ) || 0;
+					val += jQuery.css( elem, ""border"" + cssExpand[ i ] + ""Width"", true );
 				}","@mikesherov haha, yikes! thanks for info :)
",21ff2574c7d3399686f661a751a7d140060287a2
812092,0,"@dmethvin - It's a function that adds a """"timer"""" function to be called by the jQuery animation timer loop.  `tick` is a function that is expected to return a number of ms til the end of the animation (for support with rAF maybe?) or 0/false to """"remove"""" its""",2012-05-11 18:49:56,gnarf,jquery,jquery,,https://github.com/jquery/jquery/pull/775#discussion_r812092,2012-05-12T06:49:56Z,2012-05-12T06:49:56Z,gnarf,MEMBER,src/effects.js,,143.0,,,86,"@@ -132,13 +134,13 @@ function Animation( elem, properties, options ) {
 
 	callTweeners( animation, props );
 
-	jQuery.extend( animation.tick, {
-		anim: animation,
-		queue: animation.opts.queue,
-		elem: elem
-	});
-
-	jQuery.fx.timer( animation.tick );
+	jQuery.fx.timer(
+		jQuery.extend( tick, {
+			anim: animation,
+			queue: animation.opts.queue,
+			elem: elem
+		})
+	);","@dmethvin - It's a function that adds a ""timer"" function to be called by the jQuery animation timer loop.  `tick` is a function that is expected to return a number of ms til the end of the animation (for support with rAF maybe?) or 0/false to ""remove"" itself from the timers loop.  The `element`, `queue`, and `animation` properties attached to `tick` are all used to identify/manipulate it in the timers array when you call `.stop()`
",8e837a9a0ce2dfa0007e39ca045b468cb73cc0da
847929,1,"@gibson042 Good catch - thanks.""",2012-05-18 08:53:16,MoonScript,jquery,jquery,,https://github.com/jquery/jquery/pull/772#discussion_r847929,2012-05-18T20:53:16Z,2012-05-18T20:53:16Z,MoonScript,NONE,test/unit/event.js,,1082.0,,,24,"@@ -1059,6 +1059,41 @@ test(""trigger(type, [data], [fn])"", function() {
 	form.remove();
 });
 
+test( ""submit event bubbles on copied forms (#11649)"", function(){
+	expect( 3 );
+	
+	var $formByClone, $formByHTML,
+		$testForm = jQuery(""#testForm""),
+		$fixture = jQuery(""#qunit-fixture""),
+		$wrapperDiv = jQuery(""<div/>"").appendTo( $fixture );
+	
+	function noSubmit( e ) {
+		e.preventDefault();
+	}
+	function delegatedSubmit() {
+		ok( true, ""Make sure submit event bubbles up."" );
+		return false;
+	}
+	
+	// Attach a delegated submit handler to the parent element
+	$fixture.on( ""submit"", ""form"", delegatedSubmit );
+	
+	// Trigger form submission to introduce the _submit_attached property
+	$testForm.on( ""submit"", noSubmit ).find(""input[name=sub1]"").click();","@gibson042 Good catch - thanks.
",f6022e9906898b27ef32a30f1380d47d48372f9a
629341,1,"on the contrary, that was a great suggestion, I just simplified the code because of that""",2012-03-30 13:21:25,laughinghan,jquery,jquery,,https://github.com/jquery/jquery/pull/719#discussion_r629341,2012-03-31T01:21:25Z,2012-03-31T02:28:13Z,laughinghan,NONE,src/offset.js,,,,,1,"@@ -15,6 +15,21 @@ if ( ""getBoundingClientRect"" in document.documentElement ) {
 			return box ? { top: box.top, left: box.left } : { top: 0, left: 0 };
 		}
 
+		// #11523 - getBoundingClientRect() can return all zeroes incorrectly
+		// this is a specific Opera bug that doesn't affect absolutely positioned
+		// elements, so measure the offset of an absolutely positioned test element
+		// at exactly the same coordinates instead
+		if ( jQuery.support.zeroOffset && box.top === 0 && box.left === 0 && jQuery.css( elem, ""position"" ) !== ""absolute"" ) {
+			// need elem to be the offsetParent of the test element, so if position:static, swap for position:relative
+			var swap = jQuery.css( elem, ""position"" ) === ""static"" ? { position: ""relative"", top: 0, left: 0 } : {};
+			return jQuery.swap( elem, swap, function() {
+				var testEl = jQuery( ""<span style='position:absolute;top:0;left:0;margin:0;padding:0;border:0'></span>"" ).prependTo( elem )[0],
+					offset = getOffset( testEl, doc, docElem );","on the contrary, that was a great suggestion, I just simplified the code because of that
",14745a1ca04aed6129f79bc98bd61f555c888f0a
610436,2,"my bad, fixed in b08e417""",2012-03-27 05:43:20,laughinghan,jquery,jquery,,https://github.com/jquery/jquery/pull/717#discussion_r610436,2012-03-27T17:43:20Z,2012-03-27T17:44:40Z,laughinghan,NONE,src/offset.js,,,,,1,"@@ -15,6 +15,11 @@ if ( ""getBoundingClientRect"" in document.documentElement ) {
 			return box ? { top: box.top, left: box.left } : { top: 0, left: 0 };
 		}
 
+		// #11523 - getBoundingClientRect() can return all zeroes incorrectly
+		if (jQuery.support.zeroOffset && box.top === 0 && box.left === 0 ) {","my bad, fixed in b08e417
",b08e4177f8f8b1660467ae159443d3faaa9daae3
527184,1,"Can you add a comment that outlines the handling and overloading of the API - thanks.""",2012-03-06 17:41:10,rwaldron,jquery,jquery,,https://github.com/jquery/jquery/pull/704#discussion_r527184,2012-03-07T04:41:10Z,2012-03-10T16:39:56Z,rwaldron,MEMBER,src/core.js,,135.0,,,5,"@@ -132,7 +132,7 @@ jQuery.fn = jQuery.prototype = {
 						}
 
 					} else {
-						ret = jQuery.buildFragment( [ match[1] ], [ doc ] );
+						ret = jQuery.buildFragment( [ match[1] ], doc );","Can you add a comment that outlines the handling and overloading of the API - thanks.
",0e353de37d451f4591ac783738db41aae350348e
528865,1,"I can't put this together right now, but would greatly appreciate someone else doing so.""",2012-03-07 04:30:44,gibson042,jquery,jquery,,https://github.com/jquery/jquery/pull/704#discussion_r528865,2012-03-07T15:30:44Z,2012-03-10T16:39:56Z,gibson042,MEMBER,src/manipulation.js,,,,,1,"@@ -760,22 +697,52 @@ jQuery.extend({
 			}
 		}
 
+		// Fix #11356: Clear elements from safeFragment
+		if ( div ) {
+			safe.removeChild( div );
+			div = safe = null;
+		}
+
+		// Reset defaultChecked for any radios and checkboxes
+		// about to be appended to the DOM in IE 6/7 (#8060)
+		if ( !jQuery.support.appendChecked ) {
+			for ( i = 0; (elem = ret[i]) != null; i++ ) {
+				if ( jQuery.nodeName( elem, ""input"" ) ) {
+					fixDefaultChecked( elem );
+				} else if ( typeof elem.getElementsByTagName !== ""undefined"" ) {
+					jQuery.grep( elem.getElementsByTagName(""input""), fixDefaultChecked );
+				}
+			}
+		}
+
+		// Append elements to a provided document fragment
 		if ( fragment ) {
-			checkScriptType = function( elem ) {
-				return !elem.type || rscriptType.test( elem.type );
+			// Special handling of each script element
+			handleScript = function( elem ) {
+				// Check if we consider it executable
+				if ( !elem.type || rscriptType.test( elem.type ) ) {
+					// Detach the script and store it in the scripts array (if provided) or the fragment
+					// Return truthy to indicate that it has been handled
+					return scripts ?
+						scripts.push( elem.parentNode ? elem.parentNode.removeChild( elem ) : elem ) :
+						fragment.appendChild( elem );
+				}
 			};
-			for ( i = 0; ret[i]; i++ ) {
-				script = ret[i];
-				if ( scripts && jQuery.nodeName( script, ""script"" ) && (!script.type || rscriptType.test( script.type )) ) {
-					scripts.push( script.parentNode ? script.parentNode.removeChild( script ) : script );
 
-				} else {
-					if ( script.nodeType === 1 ) {
-						var jsTags = jQuery.grep( script.getElementsByTagName( ""script"" ), checkScriptType );
+			for ( i = 0; (elem = ret[i]) != null; i++ ) {
+				// Move on if we find and handle an executable script
+				if ( jQuery.nodeName( elem, ""script"" ) && handleScript( elem ) ) {
+					continue;
+				}
 
-						ret.splice.apply( ret, [i + 1, 0].concat( jsTags ) );
-					}
-					fragment.appendChild( script );
+				// Append to fragment and handle embedded scripts
+				fragment.appendChild( elem );
+				if ( typeof elem.getElementsByTagName !== ""undefined"" ) {
+					jsTags = jQuery.grep( jQuery.makeArray( elem.getElementsByTagName(""script"") ), handleScript );","I can't put this together right now, but would greatly appreciate someone else doing so.
",0e353de37d451f4591ac783738db41aae350348e
399162,0,"This causes a style guide violation and makes it harder to move towards `onevar`""",2012-01-30 11:00:56,rwaldron,jquery,jquery,,https://github.com/jquery/jquery/pull/668#discussion_r399162,2012-01-30T22:00:56Z,2012-01-31T14:17:02Z,rwaldron,MEMBER,src/callbacks.js,,,,,1,"@@ -1,5 +1,7 @@
 (function( jQuery ) {
 
+var rspace = /\s+/; // repeat","This causes a style guide violation and makes it harder to move towards `onevar`
",8903c6f8dba528428eb3b0f30c6d34f9ac4bf9df
347705,1,"It's redundant. `typeof v === """"object""""` would obviously match an array or an object :)   And yes, all tests pass """,2012-01-12 07:20:53,rwaldron,jquery,jquery,,https://github.com/jquery/jquery/pull/625#discussion_r347705,2012-01-12T18:20:53Z,2012-01-12T18:21:07Z,rwaldron,MEMBER,src/ajax.js,,817.0,,,5,"@@ -814,11 +814,11 @@ function buildParams( prefix, obj, traditional, add ) {
 				// a server error. Possible fixes are to modify rack's
 				// deserialization algorithm or to provide an option or flag
 				// to force array serialization to be shallow.
-				buildParams( prefix + ""["" + ( typeof v === ""object"" || jQuery.isArray(v) ? i : """" ) + ""]"", v, traditional, add );
+				buildParams( prefix + ""["" + ( typeof v === ""object"" ? i : """" ) + ""]"", v, traditional, add );","It's redundant. `typeof v === ""object""` would obviously match an array or an object :)

And yes, all tests pass 
",283fc3c62d0dada982e79df087b4d21b573c9a13
128681,0,"Should cache `jQuery.support.elementTraversing` to a var locally""",2011-09-16 03:58:20,rwaldron,jquery,jquery,,https://github.com/jquery/jquery/pull/507#discussion_r128681,2011-09-16T15:58:20Z,2011-09-27T17:59:16Z,rwaldron,MEMBER,src/traversing.js,,,,,1,"@@ -13,7 +13,11 @@ var runtil = /Until$/,
 		contents: true,
 		next: true,
 		prev: true
-	};
+	},
+	next = jQuery.support.elementTraversing ? ""nextElementSibling"" : ""nextSibling"",","Should cache `jQuery.support.elementTraversing` to a var locally
",0a5de90a4066df1e84ae6beb31e92675e935aeaf
128707,0,"This `for` loop can be combined with the one above. Only do the `n !== elem` check if `elem` exists, instead of writing out two nearly identical loops""",2011-09-16 04:18:49,rwaldron,jquery,jquery,,https://github.com/jquery/jquery/pull/507#discussion_r128707,2011-09-16T16:18:49Z,2011-09-27T17:59:16Z,rwaldron,MEMBER,src/traversing.js,,,,,1,"@@ -262,43 +266,97 @@ jQuery.extend({
 			jQuery.find.matches(expr, elems);
 	},
 
-	dir: function( elem, dir, until ) {
-		var matched = [],
-			cur = elem[ dir ];
+	dir: jQuery.support.elementTraversing ?
+		function( elem, dir, until ) {
+			var matched = [],
+				cur = elem[ dir ];
 
-		while ( cur && cur.nodeType !== 9 && (until === undefined || cur.nodeType !== 1 || !jQuery( cur ).is( until )) ) {
-			if ( cur.nodeType === 1 ) {
+			while ( cur && (until === undefined || !jQuery( cur ).is( until )) ) {
 				matched.push( cur );
+				cur = cur[dir];
 			}
-			cur = cur[dir];
-		}
-		return matched;
-	},
 
-	nth: function( cur, result, dir, elem ) {
-		result = result || 1;
-		var num = 0;
-
-		for ( ; cur; cur = cur[dir] ) {
-			if ( cur.nodeType === 1 && ++num === result ) {
-				break;
+			// Check if last element is Document
+			// Because we no longer have a check for nodeType in for,
+			// but parentNode can retrieve a Document
+			if ( dir === ""parentNode"" && matched.length && matched[ matched.length - 1 ].nodeType === 9 ) {
+				matched.pop();
 			}
-		}
 
-		return cur;
-	},
+			return matched;
+		} :
+		function( elem, dir, until ) {
+			var matched = [],
+				cur = elem[ dir ];
+
+				while ( cur && cur.nodeType !== 9 && (until === undefined || cur.nodeType !== 1 || !jQuery( cur ).is( until )) ) {
+					if ( cur.nodeType === 1 ) {
+						matched.push( cur );
+					}
+					cur = cur[dir];
+				}
+
+				return matched;
+		},
+
+	nth: jQuery.support.elementTraversing ?
+		function( cur, result, dir, elem ) {
+			result = result || 1;
+			var num = 0;
+
+			for ( ; cur; cur = cur[dir] ) {
+				if ( ++num === result ) {
+					break;
+				}
+			}
 
-	sibling: function( n, elem ) {
-		var r = [];
+			return cur;
+		} :
+		function( cur, result, dir, elem ) {
+			result = result || 1;
+			var num = 0;
 
-		for ( ; n; n = n.nextSibling ) {
-			if ( n.nodeType === 1 && n !== elem ) {
-				r.push( n );
+			for ( ; cur; cur = cur[dir] ) {
+				if ( cur.nodeType === 1 && ++num === result ) {
+					break;
+				}
 			}
+
+			return cur;
+		},
+
+	sibling: jQuery.support.elementTraversing ?
+			function( n, elem ) {
+				var r = [];
+
+				if ( elem ) {
+					for ( ; n; n = n.nextElementSibling ) {
+						if ( n.nodeType === 1 && n !== elem ) {
+							r.push( n );
+						}
+					}
+
+					return r;
+				} 
+
+				for ( ; n; n = n.nextElementSibling ) {
+					r.push( n );
+				}","This `for` loop can be combined with the one above. Only do the `n !== elem` check if `elem` exists, instead of writing out two nearly identical loops
",0a5de90a4066df1e84ae6beb31e92675e935aeaf
127828,1,"So what if you didnt put it there? Be the hero Corey!!!! :D""",2011-09-15 12:57:10,rwaldron,jquery,jquery,,https://github.com/jquery/jquery/pull/503#discussion_r127828,2011-09-16T00:57:10Z,2011-09-16T00:57:10Z,rwaldron,MEMBER,src/data.js,,,,,1,"@@ -255,8 +255,8 @@ jQuery.fn.extend({
 			if ( this.length ) {
 				data = jQuery.data( this[0] );
 
-				if ( this[0].nodeType === 1 ) {
-			    var attr = this[0].attributes, name;
+				if ( this[0].nodeType === 1 && !jQuery._data( this[0], ""parsedAttrs"" ) ) {
+					var attr = this[0].attributes, name;","So what if you didnt put it there? Be the hero Corey!!!! :D
",d85029435ba1f604b4405130b9da52bccf05180d
8137,1,"Awesome, thanks dude""",2011-03-13 14:33:37,rwaldron,jquery,jquery,,https://github.com/jquery/jquery/pull/265#discussion_r8137,2011-03-14T01:33:37Z,2011-04-03T22:47:58Z,rwaldron,MEMBER,test/unit/attributes.js,,6.0,,,4,"@@ -3,38 +3,40 @@ module(""attributes"", { teardown: moduleTeardown });
 var bareObj = function(value) { return value; };
 var functionReturningObj = function(value) { return (function() { return value; }); };
 
-test(""jQuery.props: itegrity test"", function() {","Awesome, thanks dude
",34288f05e7d9a579b4a21aec99f48c65d01fe96c
4798,0,"offsetWidth/height are unreliable cross-browser - especially when it comes to inputs. http://jsfiddle.net/jboesch26/Gtm5H/""",2011-02-27 08:54:14,jboesch,jquery,jquery,,https://github.com/jquery/jquery/pull/253#discussion_r4798,2011-02-27T19:54:14Z,2011-04-14T04:18:42Z,jboesch,CONTRIBUTOR,src/css.js,,341.0,,,4,"@@ -299,24 +299,36 @@ curCSS = getComputedStyle || currentStyle;
 
 function getWH( elem, name, extra ) {
 	var which = name === ""width"" ? cssWidth : cssHeight,
-		val = name === ""width"" ? elem.offsetWidth : elem.offsetHeight;","offsetWidth/height are unreliable cross-browser - especially when it comes to inputs.
http://jsfiddle.net/jboesch26/Gtm5H/
",6636c532f2c94afa43e3564ae4c82ca1f87d9fdf
6720407,1,"`/>` is unnecessary with this doctype ;)""",2013-10-02 04:34:51,rwaldron,jquery,jquery,,https://github.com/jquery/jquery/pull/1389#discussion_r6720407,2013-10-02T16:34:51Z,2013-10-03T01:36:11Z,rwaldron,MEMBER,test/data/core/aliased.html,,16.0,,,16,"@@ -0,0 +1,24 @@
+<!doctype html>
+<html>
+<head>
+	<meta http-equiv=""Content-type"" content=""text/html; charset=utf-8"">
+	<title>alias-masked DOM properties (#14074)</title>
+	<script>
+		var errors = [];
+		window.onerror = function( errorMessage, filePath, lineNumber ) {
+			errors.push( errorMessage );
+		};
+	</script>
+	<script src=""../../jquery.js""></script>
+</head>
+<body>
+	<form>
+		<input type=""text"" id=""nodeName""/>","`/>` is unnecessary with this doctype ;)
",004ca5c95d5deb95a0a0da8764e4eb81f44c5ad4
3664480,0,"There's [240 more](http://bugs.jquery.com/query?status=assigned&status=closed&status=new&status=open&status=pending&status=reopened&type=feature&resolution=notabug&resolution=patchwelcome&resolution=plugin&resolution=wontfix&resolution=duplicate&col=id&co""",2013-04-04 09:54:54,rwaldron,jquery,jquery,,https://github.com/jquery/jquery/pull/1051#discussion_r3664480,2013-04-04T21:54:54Z,2013-04-04T21:54:54Z,rwaldron,MEMBER,src/manipulation.js,,337.0,,,12,"@@ -334,14 +334,7 @@ jQuery.fn.extend({
 
 							if ( node.src ) {
 								// Hope ajax is available...
-								jQuery.ajax({
-									url: node.src,
-									type: ""GET"",
-									dataType: ""script"",
-									async: false,
-									global: false,
-									""throws"": true
-								});
+								jQuery._evalUrl( node.src );","There's [240 more](http://bugs.jquery.com/query?status=assigned&status=closed&status=new&status=open&status=pending&status=reopened&type=feature&resolution=notabug&resolution=patchwelcome&resolution=plugin&resolution=wontfix&resolution=duplicate&col=id&col=summary&col=status&col=type&col=priority&col=milestone&col=component&order=priority) we might as well just implement!
",bd820ad89fa72369aefc9da0ac9c866607875605
3700600,1,"Let's shift the conversations to the relevant PRs    btw, thanks for breaking these up :)""",2013-04-08 06:59:59,rwaldron,jquery,jquery,,https://github.com/jquery/jquery/pull/1226#discussion_r3700600,2013-04-08T18:59:59Z,2013-04-08T18:59:59Z,rwaldron,MEMBER,src/data.js,,23.0,,,11,"@@ -14,7 +14,14 @@ var data_user, data_priv,
 	rmultiDash = /([A-Z])/g;
 
 function Data() {
-	this.cache = {};
+	// Support: Android < 4,
+	// Old WebKit does not have Object.preventExtensions/freeze method, return new empty object instead
+	Object.defineProperty( this.cache = {}, 0, {
+		get: function() {
+			return {};
+		}
+	});","Let's shift the conversations to the relevant PRs  

btw, thanks for breaking these up :)
",73bb7d58b35a6ae0a8f7d8a3874be424d39bb08a
2708220,0,"If you want a boolean but still more compact an expression, you could go for: ``` return !!( list && list.length && ( !fn || jQuery.inArray(fn,list) > -1 ) ); ``` Unless other think it too cryptic (and provided I got the logic right, which is not a gi""",2013-01-20 12:56:15,jaubourg,jquery,jquery,,https://github.com/jquery/jquery/pull/1111#discussion_r2708220,2013-01-20T23:56:15Z,2013-01-21T19:47:57Z,jaubourg,MEMBER,src/callbacks.js,,,,,1,"@@ -137,9 +137,14 @@ jQuery.Callbacks = function( options ) {
 				}
 				return this;
 			},
-			// Control if a given callback is in the list
-			has: function( fn ) {
-				return jQuery.inArray( fn, list ) > -1;
+			// Check if a given callback is in the list.
+			// If no argument is given, return whether or not list has callbacks attached.
+			has: function(fn) {
+				if (fn){
+					return jQuery.inArray( fn, list ) > -1;
+				} else {
+					return list ? list.length > 0 : false;
+				}","If you want a boolean but still more compact an expression, you could go for:

```
return !!( list && list.length && ( !fn || jQuery.inArray(fn,list) > -1 ) );
```

Unless other think it too cryptic (and provided I got the logic right, which is not a given :P)
",a0eef58dbefa50d552cff43eeb674a8f622634e6
1557818,0,"There should be coverage for all manip methods""",2012-09-07 07:09:33,rwaldron,jquery,jquery,,https://github.com/jquery/jquery/pull/924#discussion_r1557818,2012-09-07T19:09:33Z,2012-09-07T23:41:16Z,rwaldron,MEMBER,test/unit/manipulation.js,,,,,1,"@@ -530,6 +530,22 @@ test(""append(Function) with incoming value"", function() {
 	QUnit.reset();
 });
 
+test(""Append not working on XML document, see #9960"", function () {
+	var newNode,
+		xmlDoc1 = jQuery.parseXML(""<scxml xmlns='http://www.w3.org/2005/07/scxml' version='1.0'><state x='100' y='100' initial='actions' id='provisioning'></state><state x='100' y='100' id='error'></state><state x='100' y='100' id='finished' final='true'></state></scxml>""),
+		xmlDoc2 = jQuery.parseXML(""<scxml xmlns='http://www.w3.org/2005/07/scxml' version='1.0'><state id='provisioning3'></state></scxml>""),
+		xml1 = jQuery( xmlDoc1 ),
+		xml2 = jQuery( xmlDoc2 ),
+		scxml1 = jQuery( "":first"", xml1 ),
+		scxml2 = jQuery( "":first"", xml2 );
+	
+	scxml1.replaceWith( scxml2 );
+	
+	newNode = jQuery( "":first>state[id='provisioning3']"", xml1 );
+	
+	equal( newNode.length, 1, ""ReplaceWith not working on document nodes."" );","There should be coverage for all manip methods
",b9a0dc96c3cebc1aef87c36ade123538bc7b4da5
1537593,2,"It *is* a magic number, and... no. The choice of how good a fit to demand while protecting ourselves against nontrivial loops is arbitrary.""",2012-09-05 08:09:50,gibson042,jquery,jquery,,https://github.com/jquery/jquery/pull/922#discussion_r1537593,2012-09-05T20:09:50Z,2012-09-11T20:01:07Z,gibson042,MEMBER,src/effects.js,,,,,1,"@@ -26,17 +26,16 @@ var fxNow, timerId,
 					do {
 						// If previous iteration zeroed out, double until we get *something*
 						// Use a string for doubling factor so we don't accidentally see scale as unchanged below
-						prevScale = scale = scale || "".5"";
+						scale = scale || "".5"";
 
 						// Adjust and apply
 						start = start / scale;
 						jQuery.style( tween.elem, prop, start + unit );
 
-						// Update scale, tolerating zeroes from tween.cur()
-						scale = tween.cur() / target;
-
-					// Stop looping if we've hit the mark or scale is unchanged
-					} while ( scale !== 1 && scale !== prevScale );
+					// Update scale, tolerating zero or NaN from tween.cur()
+					// And breaking the loop if scale is unchanged or (approximately) one
+					} while ( scale !== (scale = tween.cur() / target) &&
+						( 1 - scale ) * ( 1 - scale ) > 0.0001 );","It _is_ a magic number, and... no. The choice of how good a fit to demand while protecting ourselves against nontrivial loops is arbitrary.
",6acde1df89ac52639c34af256ff1ca01362a1faf
1441445,1,"Yea... and if PR discussions was stored in git repositories too... it would be visible that this one was actually the first one :)""",2012-08-22 13:53:34,rkatic,jquery,jquery,,https://github.com/jquery/jquery/pull/903#discussion_r1441445,2012-08-23T01:53:34Z,2012-08-23T01:53:34Z,rkatic,CONTRIBUTOR,src/manipulation.js,,495.0,,,15,"@@ -489,15 +489,11 @@ jQuery.buildFragment = function( args, context, scripts ) {
 		first = args[ 0 ];
 
 	// Set context from what may come in as undefined or a jQuery collection or a node
+	// Updated to fix #12266 where accessing context[0] could throw an exception in IE9/10 &
+	// also doubles as fix for #8950 where plain objects caused createDocumentFragment exception
 	context = context || document;
-	context = (context[0] || context).ownerDocument || context[0] || context;
-
-	// Ensure that an attr object doesn't incorrectly stand in as a document object
-	// Chrome and Firefox seem to allow this to occur and will throw exception
-	// Fixes #8950
-	if ( typeof context.createDocumentFragment === ""undefined"" ) {
-		context = document;
-	}
+	context = context instanceof jQuery ? context[0] : context;","Yea... and if PR discussions was stored in git repositories too... it would be visible that this one was actually the first one :)
",5344a612b124f5e3c8631b289d522b72de8f35b1
1386431,1,"This is so much nicer to read <3""",2012-08-15 07:48:39,rwaldron,jquery,jquery,,https://github.com/jquery/jquery/pull/895#discussion_r1386431,2012-08-15T19:48:39Z,2012-08-15T19:48:39Z,rwaldron,MEMBER,src/effects.js,,382.0,,,8,"@@ -376,7 +376,13 @@ Tween.prototype = {
 		var eased,
 			hooks = Tween.propHooks[ this.prop ];
 
-		this.pos = eased = jQuery.easing[ this.easing ]( percent, this.options.duration * percent, 0, 1, this.options.duration );
+		if ( this.options.duration ) {
+			this.pos = eased = jQuery.easing[ this.easing ](
+				percent, this.options.duration * percent, 0, 1, this.options.duration
+			);","This is so much nicer to read <3
",e2089bebbd0320d0ac757cb0ace1b5fb3e2a1389
1634394,2,"Being explicit is faster then coercion, I suspect that extend is a perf sensitive operation...""",2012-09-18 09:42:39,rwaldron,jquery,jquery,,https://github.com/jquery/jquery/pull/887#discussion_r1634394,2012-09-18T21:42:39Z,2012-09-18T21:42:39Z,rwaldron,MEMBER,src/data.js,,235.0,,,23,"@@ -232,7 +232,7 @@ jQuery.fn.extend({
 					for ( l = attr.length; i < l; i++ ) {
 						name = attr[i].name;
 
-						if ( name.indexOf( ""data-"" ) === 0 ) {
+						if ( !name.indexOf( ""data-"" ) ) {","Being explicit is faster then coercion, I suspect that extend is a perf sensitive operation...
",f7067566d1bda266e8bc9bc7c51d8755d068fbd4
2001481,1,"You're a wily one, @mikesherov. [Now](https://github.com/jquery/jquery/commit/14e1501b89491bad5744af4f2a8d084834f9c295) that it's possible to test no-ajax builds, I can confirm that this PR passes. :triumph:""",2012-10-31 18:02:48,gibson042,jquery,jquery,,https://github.com/jquery/jquery/pull/864#discussion_r2001481,2012-11-01T05:02:48Z,2012-11-19T14:49:11Z,gibson042,MEMBER,src/manipulation.js,,385.0,,,152,"@@ -345,48 +344,61 @@ jQuery.fn.extend({
 
 			if ( first ) {
 				table = table && jQuery.nodeName( first, ""tr"" );
+				scripts = jQuery.map( getAll( fragment, ""script"" ), disableScript );
+				hasScripts = scripts.length;
 
 				// Use the original fragment for the last item instead of the first because it can end up
 				// being emptied incorrectly in certain situations (#8070).
 				// Fragments from the fragment cache must always be cloned and never used in place.
 				for ( iNoClone = results.cacheable || l - 1; i < l; i++ ) {
+					node = fragment;
+					if ( i !== iNoClone ) {
+						node = jQuery.clone( node, true, true );
+
+						// Keep references to cloned scripts for later restoration
+						if ( hasScripts ) {
+							jQuery.merge( scripts, getAll( node, ""script"" ) );
+						}
+					}
 					callback.call(
 						table && jQuery.nodeName( this[i], ""table"" ) ?
 							findOrAppend( this[i], ""tbody"" ) :
 							this[i],
-						i === iNoClone ?
-							fragment :
-							jQuery.clone( fragment, true, true )
+						node
 					);
 				}
-			}
 
-			// Fix #11809: Avoid leaking memory
-			fragment = first = null;
-
-			if ( scripts.length ) {
-				jQuery.each( scripts, function( i, elem ) {
-					if ( elem.src ) {
-						if ( jQuery.ajax ) {
-							jQuery.ajax({
-								url: elem.src,
-								type: ""GET"",
-								dataType: ""script"",
-								async: false,
-								global: false,
-								""throws"": true
-							});
-						} else {
-							jQuery.error(""no ajax"");
+				if ( hasScripts ) {
+					doc = scripts[ scripts.length - 1 ].ownerDocument;
+
+					// Reenable scripts
+					jQuery.map( scripts, restoreScript );
+
+					// Evaluate executable scripts on first document insertion
+					for ( i = 0; i < hasScripts; i++ ) {
+						node = scripts[ i ];
+						if ( rscriptType.test( node.type || """" ) &&
+							!jQuery._data( node, ""globalEval"" ) && jQuery.contains( doc, node ) ) {
+
+							if ( node.src ) {
+								// Hope ajax is available...
+								jQuery.ajax({","You're a wily one, @mikesherov. [Now](https://github.com/jquery/jquery/commit/14e1501b89491bad5744af4f2a8d084834f9c295) that it's possible to test no-ajax builds, I can confirm that this PR passes. :triumph:
",f6ec2f3d7ba168a36495f8d1a76d16f681faa038
931642,2,"This loop will continue until it reaches the target or hits a cycle, so it won't fail on precision. However, we might run into problems from something like `font-size: 100em` or `opacity: 100`. And even if we don't, I suspect (without evidence) that it's """,2012-06-05 08:22:31,gibson042,jquery,jquery,,https://github.com/jquery/jquery/pull/808#discussion_r931642,2012-06-05T20:22:31Z,2012-06-06T06:16:27Z,gibson042,MEMBER,src/effects.js,,26.0,,,26,"@@ -7,20 +7,37 @@ var fxNow, timerId,
 	animationPrefilters = [ defaultPrefilter ],
 	tweeners = {
 		""*"": [function( prop, value ) {
-			var end, unit,
+			var end, unit, prevScale,
 				tween = this.createTween( prop, value ),
 				parts = rfxnum.exec( value ),
-				start = tween.cur();
+				start = tween.cur(),
+				scale = 1,
+				target = start;
 
 			if ( parts ) {
 				end = +parts[2];
 				unit = parts[3] || ( jQuery.cssNumber[ prop ] ? """" : ""px"" );
 
 				// We need to compute starting value
-				if ( unit !== ""px"" ) {
-					jQuery.style( this, prop, (end || 1) + unit);
-					start = start * (end || 1) / tween.cur() || 0;
-					jQuery.style( this, prop, start + unit);
+				if ( unit !== ""px"" && start ) {
+					// Iteratively approximate from a nonzero starting point
+					// Prefer the current property, because this process will be trivial if it uses the same units
+					// Fallback to end or a simple constant
+					start = parseFloat( jQuery.style( tween.elem, prop ) ) || end || 1;","This loop will continue until it reaches the target or hits a cycle, so it won't fail on precision. However, we might run into problems from something like `font-size: 100em` or `opacity: 100`. And even if we don't, I suspect (without evidence) that it's common for non-pixel animations to run against properties already specified with correct units, in which case the above approach is optimal.

Switching to `start = 100` would save 7 bytes, but I don't think we should.
",f1f02ce504a7e97c7582bb8d5886dd006c9d8157
683451,1,"Great explanation. I figured it was okay, seemed too obvious to be a bug.""",2012-04-13 07:11:46,dmethvin,jquery,jquery,,https://github.com/jquery/jquery/pull/736#discussion_r683451,2012-04-13T19:11:46Z,2012-04-17T02:27:36Z,dmethvin,MEMBER,src/core.js,,443.0,,,31,"@@ -429,9 +438,9 @@ jQuery.extend({
 
 		// Catch cases where $(document).ready() is called after the
 		// browser event has already occurred.
-		if ( document.readyState === ""complete"" ) {
+		if ( document.readyState !== ""loading"" ) {
 			// Handle it asynchronously to allow scripts the opportunity to delay ready
-			return setTimeout( jQuery.ready, 1 );
+			setTimeout( jQuery.ready, 1 );","Great explanation. I figured it was okay, seemed too obvious to be a bug.
",e3f0fe80b2d6f873f0bc6ce224a12453c8165f66
691400,0,"I have not tested in next.""",2012-04-16 09:05:32,mikesherov,jquery,jquery,,https://github.com/jquery/jquery/pull/736#discussion_r691400,2012-04-16T21:05:32Z,2012-04-17T02:27:36Z,mikesherov,MEMBER,test/data/event/asyncQuickReadyFalse.html,,15.0,,,15,"@@ -0,0 +1,32 @@
+<!DOCTYPE HTML PUBLIC ""-//W3C//DTD HTML 4.01 Transitional//EN"">
+<html>
+<head>
+<meta http-equiv=""content-type"" content=""text/html; charset=utf-8"">
+<title>Test case for jQuery ticket #10067</title>
+<script type=""text/javascript"">
+
+// ready should fire callback after the iframe fires the callback
+setTimeout(function () {
+	el = document.createElement('script');
+	el.type = 'text/javascript';
+	el.onload = function () {
+		jQuery.quickReady = false;
+		jQuery(document).ready(function () {
+			// unfortunately, Opera 11.6 and lower has a bug where","I have not tested in next.
",e3f0fe80b2d6f873f0bc6ce224a12453c8165f66
642776,2,"But this adds a call to the stack for poorly performing browsers :\   I'm thinking the net win in your other PR affords you a few bytes if you need them""",2012-04-03 12:58:01,rwaldron,jquery,jquery,,https://github.com/jquery/jquery/pull/727#discussion_r642776,2012-04-04T00:58:01Z,2012-04-06T12:33:41Z,rwaldron,MEMBER,src/css.js,,31.0,,,20,"@@ -13,12 +13,35 @@ var ralpha = /alpha\([^)]*\)/i,
 
 	// order is important!
 	cssExpand = [ ""Top"", ""Right"", ""Bottom"", ""Left"" ],
+	cssPrefixes = [ ""O"", ""Webkit"", ""Moz"", ""ms"" ],
 
 	curCSS,
-
 	getComputedStyle,
 	currentStyle;
 
+// return a css property mapped to a potentially vendor prefixed property
+function vendorPropName( style, name ) {
+
+	// shortcut for names that are not vendor prefixed
+	if ( name in style ) {
+		return name;
+	}
+
+	// check for vendor prefixed names
+	var capName = name.charAt(0).toUpperCase() + name.slice(1),","But this adds a call to the stack for poorly performing browsers :\

I'm thinking the net win in your other PR affords you a few bytes if you need them
",dd8e1fbbeadca313b5ee65036d2cb821517ca95d
529230,1,"@gibson042 thanks for compiling that information, super helpful. I can't get to this today, but I will surely try to work with this data ASAP... (please do the same if/when possible :D )""",2012-03-07 05:30:38,rwaldron,jquery,jquery,,https://github.com/jquery/jquery/pull/704#discussion_r529230,2012-03-07T16:30:38Z,2012-03-10T16:39:56Z,rwaldron,MEMBER,src/manipulation.js,,,,,1,"@@ -760,22 +697,52 @@ jQuery.extend({
 			}
 		}
 
+		// Fix #11356: Clear elements from safeFragment
+		if ( div ) {
+			safe.removeChild( div );
+			div = safe = null;
+		}
+
+		// Reset defaultChecked for any radios and checkboxes
+		// about to be appended to the DOM in IE 6/7 (#8060)
+		if ( !jQuery.support.appendChecked ) {
+			for ( i = 0; (elem = ret[i]) != null; i++ ) {
+				if ( jQuery.nodeName( elem, ""input"" ) ) {
+					fixDefaultChecked( elem );
+				} else if ( typeof elem.getElementsByTagName !== ""undefined"" ) {
+					jQuery.grep( elem.getElementsByTagName(""input""), fixDefaultChecked );
+				}
+			}
+		}
+
+		// Append elements to a provided document fragment
 		if ( fragment ) {
-			checkScriptType = function( elem ) {
-				return !elem.type || rscriptType.test( elem.type );
+			// Special handling of each script element
+			handleScript = function( elem ) {
+				// Check if we consider it executable
+				if ( !elem.type || rscriptType.test( elem.type ) ) {
+					// Detach the script and store it in the scripts array (if provided) or the fragment
+					// Return truthy to indicate that it has been handled
+					return scripts ?
+						scripts.push( elem.parentNode ? elem.parentNode.removeChild( elem ) : elem ) :
+						fragment.appendChild( elem );
+				}
 			};
-			for ( i = 0; ret[i]; i++ ) {
-				script = ret[i];
-				if ( scripts && jQuery.nodeName( script, ""script"" ) && (!script.type || rscriptType.test( script.type )) ) {
-					scripts.push( script.parentNode ? script.parentNode.removeChild( script ) : script );
 
-				} else {
-					if ( script.nodeType === 1 ) {
-						var jsTags = jQuery.grep( script.getElementsByTagName( ""script"" ), checkScriptType );
+			for ( i = 0; (elem = ret[i]) != null; i++ ) {
+				// Move on if we find and handle an executable script
+				if ( jQuery.nodeName( elem, ""script"" ) && handleScript( elem ) ) {
+					continue;
+				}
 
-						ret.splice.apply( ret, [i + 1, 0].concat( jsTags ) );
-					}
-					fragment.appendChild( script );
+				// Append to fragment and handle embedded scripts
+				fragment.appendChild( elem );
+				if ( typeof elem.getElementsByTagName !== ""undefined"" ) {
+					jsTags = jQuery.grep( jQuery.makeArray( elem.getElementsByTagName(""script"") ), handleScript );","@gibson042 thanks for compiling that information, super helpful. I can't get to this today, but I will surely try to work with this data ASAP... (please do the same if/when possible :D )
",0e353de37d451f4591ac783738db41aae350348e
432850,2,"That is so weird.""",2012-02-09 03:59:48,rwaldron,jquery,jquery,,https://github.com/jquery/jquery/pull/675#discussion_r432850,2012-02-09T14:59:48Z,2012-02-09T14:59:48Z,rwaldron,MEMBER,src/support.js,,134.0,,,6,"@@ -129,6 +129,11 @@ jQuery.support = (function() {
 	support.radioValue = input.value === ""t"";
 
 	input.setAttribute(""checked"", ""checked"");
+
+	// #11217 - WebKit now passes the checkClone test, but looses the
+	// checked state when the name attribute is after the checked attribute","That is so weird.
",200cd2a4248ff7dfe4a32b9d247d2807b11f3b0f
280855,1,"Show us on your github and we'll take a look. :)""",2011-12-08 08:20:45,timmywil,jquery,jquery,,https://github.com/jquery/jquery/pull/626#discussion_r280855,2011-12-08T19:20:45Z,2011-12-08T19:20:45Z,timmywil,MEMBER,src/css.js,,331.0,,,31,"@@ -326,24 +328,23 @@ if ( document.documentElement.currentStyle ) {
 
 curCSS = getComputedStyle || currentStyle;
 
-function getWH( elem, name, extra ) {
+function getWidthOrHeight( elem, name, extra ) {","Show us on your github and we'll take a look. :)
",1bb96d942bc00d43da57ee763645e02d2d5efd0d
279838,1,"Now *that* is perfect!""",2011-12-08 02:09:35,gibson042,jquery,jquery,,https://github.com/jquery/jquery/pull/624#discussion_r279838,2011-12-08T13:09:35Z,2011-12-08T13:09:35Z,gibson042,MEMBER,src/css.js,,,,,1,"@@ -4,8 +4,8 @@ var ralpha = /alpha\([^)]*\)/i,
 	ropacity = /opacity=([^)]*)/,
 	// fixed for IE9, see #8346
 	rupper = /([A-Z]|^ms)/g,
-	rnumpx = /^-?\d+(?:px)?$/i,
-	rnumnopx = /^-?\d+(?!px)[^\d\s]+$/i,
+	rnum = /^[-+]?\d*(?:\d|\.\d+)$/i,
+	rnumnonpx = /^-?\d*(?:\d|\.\d+)(?!px)[^\d\s]+$/i,","Now _that_ is perfect!
",065750dd18a745baea490f4eafb0e35a36915373
6224781,1,"I even had `registerGetHookIff` at the beginning but @timmywil preferred shorter names. :) I can change it but let's agree on sth first.""",2013-09-07 02:09:21,mzgol,jquery,jquery,,https://github.com/jquery/jquery/pull/1356#discussion_r6224781,2013-09-07T14:09:21Z,2013-09-11T00:51:59Z,mgol,MEMBER,src/css/addHookIf.js,,,,,1,"@@ -0,0 +1,33 @@
+define(function() {
+
+function addHookIf( hookVar, conditionFn, hookFn ) {","I even had `registerGetHookIff` at the beginning but @timmywil preferred shorter names. :) I can change it but let's agree on sth first.
",f7111fb0e521b063250a09dd116d970a3d6556fd
3643768,0,"@dmethvin For clarification, you think we're free to introduce destructive changes to the signature of `domManip` in 1.10/2.0?""",2013-04-03 07:41:07,gibson042,jquery,jquery,,https://github.com/jquery/jquery/pull/1216#discussion_r3643768,2013-04-03T19:41:07Z,2013-04-05T19:34:19Z,gibson042,MEMBER,src/manipulation.js,,,,,1,"@@ -256,33 +256,35 @@ jQuery.fn.extend({
 		}, null, value, arguments.length );
 	},
 
-	replaceWith: function( value ) {
-		var isFunc = jQuery.isFunction( value );
+	replaceWith: function() {
+		var
+			// Snapshot the DOM in case .domManip sweeps something relevant into its fragment
+			args = jQuery.map( this, function( elem ) {
+				return [ elem.nextSibling, elem.parentNode ];
+			}),
+			i = 0;
 
-		// Make sure that the elements are removed from the DOM before they are inserted
-		// this can help fix replacing a parent with child elements
-		if ( !isFunc && typeof value !== ""string"" ) {
-			value = jQuery( value ).not( this ).detach();
-		}
+		// Make the changes, replacing each context element with the new content
+		this.domManip( arguments, true, function( elem ) {
+			var next = args[i++],
+				parent = args[i++];
 
-		return value !== """" ?
-			this.domManip( [ value ], true, function( elem ) {
-				var next = this.nextSibling,
-					parent = this.parentNode;
+			if ( parent ) {
+				jQuery( this ).remove();
+				parent.insertBefore( elem, next );
+			}
+		// Allow new content to include elements from the context set
+		}, true );
 
-				if ( parent ) {
-					jQuery( this ).remove();
-					parent.insertBefore( elem, next );
-				}
-			}) :
-			this.remove();
+		// Force removal if there was no new content (e.g., from empty arguments)
+		return i ? this : this.remove();
 	},
 
 	detach: function( selector ) {
 		return this.remove( selector, true );
 	},
 
-	domManip: function( args, table, callback ) {
+	domManip: function( args, table, callback, allowIntersection ) {","@dmethvin For clarification, you think we're free to introduce destructive changes to the signature of `domManip` in 1.10/2.0?
",768a0faffd4fda1097ca2bf0de5192a633de7340
2558616,1,"Neither did I, @scottgonzalez steered me in the direction and it caught on :)""",2013-01-05 07:48:10,rwaldron,jquery,jquery,,https://github.com/jquery/jquery/pull/1109#discussion_r2558616,2013-01-05T18:48:10Z,2013-01-06T00:35:00Z,rwaldron,MEMBER,src/ajax/xhr.js,,,,,1,"@@ -1,218 +1,92 @@
-var xhrCallbacks, xhrSupported,
-	xhrId = 0,
-	// #5280: Internet Explorer will keep connections alive if we don't abort on unload
-	xhrOnUnloadAbort = window.ActiveXObject && function() {
-		// Abort all pending requests
-		var key;
-		for ( key in xhrCallbacks ) {
-			xhrCallbacks[ key ]( undefined, true );
-		}
-	};
-
-// Functions to create xhrs
-function createStandardXHR() {
+jQuery.ajaxSettings.xhr = function() {
 	try {
-		return new window.XMLHttpRequest();
+		return new XMLHttpRequest();
 	} catch( e ) {}
-}
-
-function createActiveXHR() {
-	try {
-		return new window.ActiveXObject(""Microsoft.XMLHTTP"");
-	} catch( e ) {}
-}
-
-// Create the request object
-// (This is still attached to ajaxSettings for backward compatibility)
-jQuery.ajaxSettings.xhr = window.ActiveXObject ?
-	/* Microsoft failed to properly
-	 * implement the XMLHttpRequest in IE7 (can't request local files),
-	 * so we use the ActiveXObject when it is available
-	 * Additionally XMLHttpRequest can be disabled in IE7/IE8 so
-	 * we need a fallback.
-	 */
-	function() {
-		return !this.isLocal && createStandardXHR() || createActiveXHR();
-	} :
-	// For all other browsers, use the standard XMLHttpRequest object
-	createStandardXHR;
-
-// Determine support properties
-xhrSupported = jQuery.ajaxSettings.xhr();
+};
+
+var xhrSupported = jQuery.ajaxSettings.xhr(),
+	xhrSuccessStatus = {
+		// file protocol always yields status code 0, assume 200
+		0: 200,
+		// IE - #1450: sometimes returns 1223 when it should be 204","Neither did I, @scottgonzalez steered me in the direction and it caught on :)
",69173e79137d48c4bc1e66939c3d87a4b345751c
2282776,0,"The hard numbers are masked by rounding, but http://jsperf.com/jquery-fragcache shows a ~7% speed improvement from the cache on IE6-7, no significant difference on IE8-9 and Chromium 20, and ~13% on Firefox 17 (not that we really care on newer browsers).""",2012-11-30 10:17:45,gibson042,jquery,jquery,,https://github.com/jquery/jquery/pull/1047#discussion_r2282776,2012-11-30T21:17:45Z,2012-12-05T04:11:47Z,gibson042,MEMBER,src/manipulation.js,,754.0,,,168,"@@ -778,7 +778,11 @@ jQuery.extend({
 				safe = jQuery.contains( elem.ownerDocument, elem );
 
 				// Append to fragment
-				fragment.appendChild( elem );
+				// #4087 - If origin and destination elements are the same, and this is
+				// that element, do not append to fragment
+				if ( !( selection && jQuery.inArray( elem, selection ) !== -1 ) ) {","The hard numbers are masked by rounding, but http://jsperf.com/jquery-fragcache shows a ~7% speed improvement from the cache on IE6-7, no significant difference on IE8-9 and Chromium 20, and ~13% on Firefox 17 (not that we really care on newer browsers).

There _is_ a benefit, but it's so modest that I'm still in favor of dropping the cache.
",d5182513ea6bf9118e3c42b02e1b5d3f79118f65
1459822,0,"The parameter is passed by reference and hold the value how many args have been replaced. Since it is not read after the call it is not necessary..""",2012-08-25 05:00:29,staabm,jquery,jquery,,https://github.com/jquery/jquery/pull/908#discussion_r1459822,2012-08-25T17:00:29Z,2012-08-27T12:01:52Z,staabm,CONTRIBUTOR,test/polluted.php,,60.0,,,1,"@@ -42,11 +42,22 @@
 	if( count($_POST) ) {
 		$includes = array();
 		foreach( $_POST as $name => $ver ){
+			if ( empty( $libraries[ $name ] )) {
+				echo ""unsupported library "". $name;
+				exit;
+			}
+		
 			$url = $libraries[ $name ][ ""url"" ];
 			if( $name == ""YUI"" && $ver[0] == ""2"" ) {
 				$url = str_replace( ""/yui"", ""/yuiloader"", $url, $count = 2 );
 			}
-			$include = ""<script src='$baseURL"".str_replace(""XYZ"", $ver, $url, $count = 1).""'></script>\n"";
+			
+			if ( empty( $libraries[ $name ][ ""versions"" ][ $ver ] )) {
+				echo ""library "". $name ."" no supported in version "". $ver;
+				exit;
+			}
+			
+			$include = ""<script src='$baseURL"".str_replace(""XYZ"", $ver, $url).""'></script>\n"";","The parameter is passed by reference and hold the value how many args have been replaced. Since it is not read after the call it is not necessary..
",09158b99f90197d6f4770055f94af7cd2dff1ea1
1352526,1,"@mathiasbynens I love it :)  Feel free to add additional instructions for anything that isn't covered but should be""",2012-08-10 03:34:04,rwaldron,jquery,jquery,,https://github.com/jquery/jquery/pull/890#discussion_r1352526,2012-08-10T15:34:04Z,2012-08-10T15:34:04Z,rwaldron,MEMBER,README.md,,81.0,,,33,"@@ -80,6 +75,11 @@ Starting in jQuery 1.8, special builds can now be created that optionally exclud
 - effects
 - offset
 
+Before creating a custom build for use in production, be sure to check out the latest stable version:
+
+```bash
+git checkout 1.8.0","@mathiasbynens I love it :)

Feel free to add additional instructions for anything that isn't covered but should be
",5a0aaa562df30f80db40a5a637d14f9530c8b190
1990917,0,"`expected( 36 )`""",2012-10-31 00:44:05,mikesherov,jquery,jquery,,https://github.com/jquery/jquery/pull/864#discussion_r1990917,2012-10-31T11:44:05Z,2012-11-19T14:49:11Z,mikesherov,MEMBER,test/unit/manipulation.js,,,,,1,"@@ -1489,11 +1492,13 @@ test(""html() on empty set"", function() {
 });
 
 var testHtml = function(valueObj) {
-	expect(35);
+	var expected = 36;
+	expect(expected);","`expected( 36 )`
",f6ec2f3d7ba168a36495f8d1a76d16f681faa038
941452,0,Err:508,2012-06-06 15:15:41,rwaldron,jquery,jquery,,https://github.com/jquery/jquery/pull/813#discussion_r941452,2012-06-07T03:15:41Z,2012-06-07T12:31:41Z,rwaldron,MEMBER,test/unit/attributes.js,,,,,1,"@@ -383,29 +398,25 @@ test(""attr(jquery_method)"", function(){
 	$elem.attr({css: {color: ""red""}}, true);
 	ok( /^(#ff0000|red)$/i.test(elem.style.color), ""attr(css)"");
 
-	if ( jQuery.fn.width ) {
-		$elem.attr({height: 10}, true);
-		equal( elem.style.height, ""10px"", ""attr(height)"");
+	// Multiple attributes
+	$elem.attr( attrObj, true );
 
-		// Multiple attributes
-		$elem.attr({
-		width:10,
-		css:{ paddingLeft:1, paddingRight:1 }
-		}, true);
+	if ( jQuery.fn.width ) {
+		equal( elem.style.width, ""10px"", ""attr({width:})"");
 
-		equal( elem.style.width, ""10px"", ""attr({...})"");
-	} else {
+		$elem.attr( { height: 10 }, true );
+		equal( elem.style.height, ""10px"", ""attr(height)"");
+	}
 
-		$elem.attr({
-		css:{ paddingLeft:1, paddingRight:1 }
-		}, true);
+	if ( jQuery.fn.offset ) {
+		equal( elem.style.top, ""1px"", ""attr({offset:})"");
 
-		ok( true, ""DUMMY: attr(height)"" );
-		ok( true, ""DUMMY: attr({...})"" );
+		$elem.attr( { offset: { top: 1, left: 1} }, true );","=> `left: 1 }`
",a15d56ab8733e6d77fd8166d363bfe60b214b9cc
850553,1,"ohhh this is neat :)""",2012-05-20 05:23:50,rwaldron,jquery,jquery,,https://github.com/jquery/jquery/pull/785#discussion_r850553,2012-05-20T17:23:50Z,2012-05-20T17:49:35Z,rwaldron,MEMBER,grunt.js,,53.0,,,5,"@@ -50,7 +50,7 @@ module.exports = function( grunt ) {
 				""src/ajax/jsonp.js"",
 				""src/ajax/script.js"",
 				""src/ajax/xhr.js"",
-				""src/effects.js"",
+				{ flag: ""effects"", src: ""src/effects.js"" },","ohhh this is neat :)
",3576d19f39120ec45abd9b8b49c2ef738ad69781
629396,1,"Thanks for being so responsive to the suggestions!""",2012-03-30 13:52:20,mikesherov,jquery,jquery,,https://github.com/jquery/jquery/pull/719#discussion_r629396,2012-03-31T01:52:20Z,2012-03-31T02:28:13Z,mikesherov,MEMBER,src/offset.js,,,,,1,"@@ -15,6 +15,20 @@ if ( ""getBoundingClientRect"" in document.documentElement ) {
 			return box ? { top: box.top, left: box.left } : { top: 0, left: 0 };
 		}
 
+		// #11523 - getBoundingClientRect() can return all zeroes incorrectly
+		// this is a specific Opera bug that doesn't affect absolutely positioned
+		// elements, so measure the offset of an absolutely positioned test element
+		// at exactly the same coordinates instead
+		if ( jQuery.support.zeroOffset && box.top === 0 && box.left === 0 ) {
+			// need elem to be the offsetParent of the test element, so if position:static, swap for position:relative
+			var swap = jQuery.css( elem, ""position"" ) === ""static"" ? { position: ""relative"", top: 0, left: 0 } : {};
+			jQuery.swap( elem, swap, function() {
+				var testEl = jQuery( ""<span style='position:absolute;top:0;left:0;margin:0;padding:0;border:0'></span>"" ).prependTo( elem )[0];","Thanks for being so responsive to the suggestions!
",14745a1ca04aed6129f79bc98bd61f555c888f0a
352889,0,"`positionPercentHack(elem, name, value)` => `positionPercentHack( elem, name, value )`""",2012-01-13 13:41:56,rwaldron,jquery,jquery,,https://github.com/jquery/jquery/pull/656#discussion_r352889,2012-01-14T00:41:56Z,2012-01-14T00:41:56Z,rwaldron,MEMBER,src/css.js,,264.0,,,225,"@@ -167,78 +170,121 @@ jQuery.extend({
 jQuery.curCSS = jQuery.css;
 
 if ( document.defaultView && document.defaultView.getComputedStyle ) {
-	getComputedStyle = function( elem, name ) {
-		var ret, defaultView, computedStyle, width,
-			style = elem.style;
+	getComputedStyle = function( elem, name, extra, force ) {
+		extra = extra || name;
+		var ret,
+			doc = elem.ownerDocument,
+			defaultView, computedStyle;
 
 		name = name.replace( rupper, ""-$1"" ).toLowerCase();
 
-		if ( (defaultView = elem.ownerDocument.defaultView) &&
+		if ( (defaultView = doc.defaultView) &&
 				(computedStyle = defaultView.getComputedStyle( elem, null )) ) {
 
 			ret = computedStyle.getPropertyValue( name );
-			if ( ret === """" && !jQuery.contains( elem.ownerDocument.documentElement, elem ) ) {
+			if ( ret === """" && !jQuery.contains( doc.documentElement, elem ) ) {
 				ret = jQuery.style( elem, name );
 			}
 		}
 
-		// A tribute to the ""awesome hack by Dean Edwards""
-		// WebKit uses ""computed value (percentage if specified)"" instead of ""used value"" for margins
+		// WebKit uses ""computed value"" instead of ""used value"" for some properties
 		// which is against the CSSOM draft spec: http://dev.w3.org/csswg/cssom/#resolved-values
-		if ( !jQuery.support.pixelMargin && computedStyle && rmargin.test( name ) && rnumnonpx.test( ret ) ) {
-			width = style.width;
-			style.width = ret;
-			ret = computedStyle.width;
-			style.width = width;
+		if ( !jQuery.support.usedValue && computedStyle && rnumperc.test(ret) && !force ) {
+			if ( rpos.test( extra ) ) {
+				// Fixes top, right, bottom and left
+				ret = positionPercentHack(elem, extra, ret);
+			} else {
+				// Fixes margin and text-indent (and others?)
+				ret = awesomeHack(elem, ""width"", ret);
+			}
 		}
 
 		return ret;
 	};
+	
+	// Tribute to: http://erik.eae.net/archives/2007/07/27/18.54.15/#comment-102291
+	awesomeHack = function ( elem, name, value ) {
+		var ret,
+			style = elem.style,
+			uncomputed = style[ name ];
+		
+		style[ name ] = value;
+		ret = style[ name ] ? curCSS( elem, name, name, 1 ) : ""auto"";
+		style[ name ] = uncomputed;
+		return ret;
+	};
 }
 
 if ( document.documentElement.currentStyle ) {
 	currentStyle = function( elem, name ) {
-		var left, rsLeft, uncomputed,
-			ret = elem.currentStyle && elem.currentStyle[ name ],
-			style = elem.style;
-
-		// Avoid setting ret to empty string here
-		// so we don't default to auto
-		if ( ret == null && style && (uncomputed = style[ name ]) ) {
-			ret = uncomputed;
+		var style = elem.style,
+			pixel = style[ ""pixel"" + name.charAt( 0 ).toUpperCase() + name.slice( 1 ) ],
+			ret = pixel || elem.currentStyle && elem.currentStyle[ name ];
+		
+		// if pixel worked, then we need to add a ""px"" unit
+		ret = pixel ? ret + ""px"" : ret;
+		
+		// In IE, the pixelTop|Bottom|Left|Right is unreliable when the exact parent is not positioned
+		if ( rpos.test( name ) && !pixel && rnumperc.test( ret ) ) {
+			ret = positionPercentHack( elem, name, ret );
 		}
 
-		// From the awesome hack by Dean Edwards
-		// http://erik.eae.net/archives/2007/07/27/18.54.15/#comment-102291
-
-		// If we're not dealing with a regular pixel number
-		// but a number that has a weird ending, we need to convert it to pixels
+		// IE 8 and below return the specified value
+		// try to convert using a prop that will return pixels
+		// this will be accurate for most properties
 		if ( rnumnonpx.test( ret ) ) {
+			ret = awesomeHack( elem, name, ret );
+		}
 
-			// Remember the original values
-			left = style.left;
-			rsLeft = elem.runtimeStyle && elem.runtimeStyle.left;
+		return ret === """" ? ""auto"" : ret;
+	};
 
-			// Put in the new values to get a computed value out
-			if ( rsLeft ) {
-				elem.runtimeStyle.left = elem.currentStyle.left;
-			}
-			style.left = name === ""fontSize"" ? ""1em"" : ret;
+	// Faster than: http://erik.eae.net/archives/2007/07/27/18.54.15/#comment-102291
+	// http://jsperf.com/testing-awesome-hack-for-ie
+	awesomeHack = function ( elem, name, value ) {
+		var ret,
+			style = elem.style,
+			left = style.left;
+			
+		try {
+			style.left = name === ""fontSize"" ? ""1em"" : value;
 			ret = style.pixelLeft + ""px"";
-
-			// Revert the changed values
-			style.left = left;
-			if ( rsLeft ) {
-				elem.runtimeStyle.left = rsLeft;
-			}
-		}
+		} catch(e) { ret = """"; }
 
 		return ret === """" ? ""auto"" : ret;
+		style.left = left;
+
+		return ret;
 	};
 }
 
 curCSS = getComputedStyle || currentStyle;
 
+// calculate percentages for position properties
+function positionPercentHack(elem, name, value) {","`positionPercentHack(elem, name, value)` => `positionPercentHack( elem, name, value )`
",85714284ee85f8b6e3c010c58a9bbb17dfba1cb6
181449,1,"OK, so just check for undef it is... I'll make sure the unit test passes here. Thanks!""",2011-10-20 03:20:30,mikesherov,jquery,jquery,,https://github.com/jquery/jquery/pull/553#discussion_r181449,2011-10-20T15:20:30Z,2011-10-20T23:30:33Z,mikesherov,MEMBER,src/css.js,,,,,1,"@@ -290,6 +290,10 @@ if ( document.documentElement.currentStyle ) {
 			rsLeft = elem.runtimeStyle && elem.runtimeStyle[ name ],
 			style = elem.style;
 
+		if ( !ret && style ) {","OK, so just check for undef it is... I'll make sure the unit test passes here. Thanks!
",bbeeaaa207dad163d16cd7d1aa8fd3668aad035f
129704,1,"I like the `*` trick, nice one!""",2011-09-18 01:34:19,rwaldron,jquery,jquery,,https://github.com/jquery/jquery/pull/508#discussion_r129704,2011-09-18T13:34:19Z,2011-09-18T23:41:26Z,rwaldron,MEMBER,src/css.js,,404.0,,,37,"@@ -379,4 +384,30 @@ if ( jQuery.expr && jQuery.expr.filters ) {
 	};
 }
 
+// These hooks are used by animate to expand properties
+jQuery.each({
+	margin: ""margin*"",
+	padding: ""padding*"",
+	borderWidth: ""border*Width""
+}, function( property, expandTemplate ) {
+
+	jQuery.cssHooks[ property ] = {
+		expand: function ( value ) {
+			var i,
+				type = jQuery.type( value ),
+
+				// assumes a single number if not a string
+				parts = type === ""string"" ? value.split( rwhitespace ) : [ value ],
+				expanded = {};
+
+			for ( i = 0; i < 4; i++ ) {
+				expanded[ expandTemplate.replace(""*"", cssExpand[i] ) ] =","I like the `*` trick, nice one!
",b9d8b3b3880c6b6da3d03747c3af2ddeaa43b4b7
36926,1,"It's helpful when debugging to not have to go to the bug ticket.  Please be more descriptive as to what these tests are doing.  Also, tests should follow style guidelines as well.  Thanks for the hard work!""",2011-05-28 06:44:13,timmywil,jquery,jquery,,https://github.com/jquery/jquery/pull/399#discussion_r36926,2011-05-28T18:44:13Z,2011-05-28T19:21:20Z,timmywil,MEMBER,test/unit/dimensions.js,,,,,1,"@@ -211,6 +211,26 @@ test(""outerWidth()"", function() {
 	jQuery.removeData($div[0], ""olddisplay"", true);
 });
 
+test(""child elem of hidden elem #9441 #9300"", function() {
+	expect(4);
+
+	//setup html
+	var $divNormal = jQuery('<div>').css({width:""100px"", border : ""10px solid white"", padding : ""2px"", margin : ""3px""});
+	var $divChild = $divNormal.clone();
+	var $divHiddenParent = jQuery('<div>').css(""display"", ""none"").append($divChild);
+	jQuery('body').append($divHiddenParent).append($divNormal);
+
+	//tests that child div of a hidden div works the same as a normal div
+	equals($divChild.width(), $divNormal.width(), ""width() is wrong see #9441"");
+	equals($divChild.innerWidth(), $divNormal.innerWidth(), ""innreWidth() is wrong see #9441"");
+	equals($divChild.outerWidth(), $divNormal.outerWidth(), ""outerWidth() is wrong see #9441"");
+	equals($divChild.outerWidth(true), $divNormal.outerWidth(true), ""outerWidth(true) is wrong see #9300"");","It's helpful when debugging to not have to go to the bug ticket.  Please be more descriptive as to what these tests are doing.  Also, tests should follow style guidelines as well.  Thanks for the hard work!
",ab2a4b8cdccc602b1a29014372252f3ac50f9c86
36699,0,"Actually I just discovered the null checks are needed.  One of the hover unit tests fail if they are not there.  I think because events triggered programatically (by trigger()) do not have a relatedTarget assigned.  Anyway, all I was trying to say was:  o""",2011-05-27 08:24:33,bman654,jquery,jquery,,https://github.com/jquery/jquery/pull/395#discussion_r36699,2011-05-27T20:24:33Z,2011-05-27T20:24:53Z,bman654,NONE,src/event.js,,682.0,,,16,"@@ -672,13 +672,13 @@ var withinElement = function( event ) {
 			parent = parent.parentNode;
 		}
 
-		if ( parent !== this ) {
-			// handle event if we actually just moused on to a non sub-element
-			jQuery.event.handle.apply( this, arguments );
-		}
-
 	// assuming we've left the element since we most likely mousedover a xul element
 	} catch(e) { }
+
+	if ( parent !== this ) {
+		// handle event if we actually just moused on to a non sub-element
+		jQuery.event.handle.apply( this, arguments );
+	}
 },","Actually I just discovered the null checks are needed.  One of the hover unit tests fail if they are not there.  I think because events triggered programatically (by trigger()) do not have a relatedTarget assigned.

Anyway, all I was trying to say was:

old code: if exception is thrown due to the Firefox bug, then the event handler will never be called.
new code: If exception is thrown due to the Firefox bug, then the event handler will (always?) be called.

That's a change in behavior.
",25742f57a2c29abf6221633319cdf193269ab8d0
34986,0,"IE9x64 on my Windows 7 VM does ~6200 reps/s of `jQuery('<div id=""""foo""""><span>bar</span></div>')` without this change and ~5800 reps/s with ([source](https://gist.github.com/990134)). You'll probably be able to run more accurate performance tests than I hav""",2011-05-24 13:25:42,shghs,jquery,jquery,,https://github.com/jquery/jquery/pull/389#discussion_r34986,2011-05-25T01:25:42Z,2011-05-25T07:14:19Z,,NONE,src/manipulation.js,,,,,1,"@@ -516,7 +516,7 @@ function getAll( elem ) {
 		return elem.getElementsByTagName( ""*"" );
 
 	} else if ( ""querySelectorAll"" in elem ) {
-		return elem.querySelectorAll( ""*"" );
+		return jQuery.fn.toArray.call( elem.querySelectorAll( ""*"" ) );","IE9x64 on my Windows 7 VM does ~6200 reps/s of `jQuery('<div id=""foo""><span>bar</span></div>')` without this change and ~5800 reps/s with ([source](https://gist.github.com/990134)). You'll probably be able to run more accurate performance tests than I have.

I think the trade-off is worth it, considering that it fixes a memory leak. The app I'm working on runs a lot of JS and can leak 10 MB per page load. This change fixes the leak completely.
",8220a05208faf719c765958644758fe37d45efe1
41446,0,"It will, if developers choose to throttle the animation mechanism jQuery.fx.throttle = 2 // animation will run at a maximum of 30fps""",2011-06-08 02:31:11,louisremi,jquery,jquery,,https://github.com/jquery/jquery/pull/334#discussion_r41446,2011-06-08T14:31:11Z,2011-07-21T14:08:44Z,louisremi,CONTRIBUTOR,src/effects.js,,524.0,,,1,"@@ -515,20 +515,22 @@ jQuery.fx.prototype = {
 
 jQuery.extend( jQuery.fx, {
 	tick: function() {
-		var timers = jQuery.timers,
-			i = timers.length;
-		while ( i-- ) {
-			if ( !timers[i]() ) {
-				timers.splice(i, 1);
+		if ( this.throttle == 1 || ++ticks >= this.throttle && !( ticks = 0 ) ) {","It will, if developers choose to throttle the animation mechanism
jQuery.fx.throttle = 2 // animation will run at a maximum of 30fps
",6023e2b42f08596316a24de74df318dfb51d5898
8134,1,"Would be good to have feedback about that from all of the core team I think.""",2011-03-13 14:11:11,timmywil,jquery,jquery,,https://github.com/jquery/jquery/pull/265#discussion_r8134,2011-03-14T01:11:11Z,2011-04-03T22:47:58Z,timmywil,MEMBER,src/attributes.js,,336.0,,,142,"@@ -303,52 +291,49 @@ jQuery.extend({
 		var ret,
 			notxml = elem.nodeType !== 1 || !jQuery.isXMLDoc( elem ),
 			hooks;
-			
-		// Try to normalize/fix the name
+
+		// Normalize the name if needed
 		name = notxml && jQuery.attrFix[ name ] || name;
-		
+
 		hooks = jQuery.attrHooks[ name ];
-		
+
 		if ( value !== undefined ) {
-			
+
 			if ( hooks && ""set"" in hooks && notxml && (ret = hooks.set( elem, value )) !== undefined ) {
 				return ret;
-			
+
+			} else if ( value === null ) {
+				jQuery.removeAttr( elem, name );
+				return undefined;
+
 			} else {
-				// convert the value to a string (all browsers do this but IE) see #1070
-				value = """" + value;
-				
 				elem.setAttribute( name, value );
-				
 				return value;
 			}
-			
+
 		} else {
-			
-			if ( hooks && ""get"" in hooks && notxml && (ret = hooks.get( elem )) !== undefined ) {
+
+			if ( hooks && ""get"" in hooks && notxml && ((ret = hooks.get( elem )) !== undefined || name === ""tabIndex"") ) {
 				return ret;
-				
-			} else {
-				
-				if ( !jQuery.hasAttr( elem, name ) ) {
-					return undefined;
-				}
 
+			} else {
 				var attr = elem.getAttribute( name );
 
 				// Non-existent attributes return null, we normalize to undefined
-				return attr === null ?
-					undefined :
-					attr;
+				return attr === null || attr === ""undefined"" || attr === ""null"" ? undefined : attr;
 			}
 		}
 	},
 	
-	hasAttr: function( elem, name ) {
-		// Blackberry 4.7 returns """" from getAttribute #6938
-		return elem.attributes[ name ] || (elem.hasAttribute && elem.hasAttribute( name ));
+	removeAttr: function( elem, name ) {","Would be good to have feedback about that from all of the core team I think.
",34288f05e7d9a579b4a21aec99f48c65d01fe96c
3664819,0,"Why does injecting a script _require_ the ajax module?    As for """"_"""": it's a bogus inference that means nothing. jQuery UI uses it, jQuery uses it... but all it means is that we can close tickets as """"Won't Fix"""", because it's not for user code to mess w""",2013-04-04 10:15:43,rwaldron,jquery,jquery,,https://github.com/jquery/jquery/pull/1051#discussion_r3664819,2013-04-04T22:15:43Z,2013-04-04T22:18:45Z,rwaldron,MEMBER,src/manipulation.js,,337.0,,,12,"@@ -334,14 +334,7 @@ jQuery.fn.extend({
 
 							if ( node.src ) {
 								// Hope ajax is available...
-								jQuery.ajax({
-									url: node.src,
-									type: ""GET"",
-									dataType: ""script"",
-									async: false,
-									global: false,
-									""throws"": true
-								});
+								jQuery._evalUrl( node.src );","Why does injecting a script _require_ the ajax module? 

As for ""_"": it's a bogus inference that means nothing. jQuery UI uses it, jQuery uses it... but all it means is that we can close tickets as ""Won't Fix"", because it's not for user code to mess with... except when it is, like **right now**.
",bd820ad89fa72369aefc9da0ac9c866607875605
1163409,0,"The old behavior was to only use the events toggle if the first *two* arguments were functions, since that's its signature. It may not matter, but it's worth noting.""",2012-07-13 13:37:26,gibson042,jquery,jquery,,https://github.com/jquery/jquery/pull/859#discussion_r1163409,2012-07-14T01:37:26Z,2012-07-14T01:37:58Z,gibson042,MEMBER,src/deprecated.js,,67.0,,,11,"@@ -58,5 +58,39 @@ jQuery.sub = function() {
 	var rootjQuerySub = jQuerySub(document);
 	return jQuerySub;
 };
-	
+
+// This is exposed only so unit tests can determine whether event .toggle() exists
+jQuery._toggle = true;
+
+jQuery.fn.toggle = function( fn ) {
+
+	if ( !jQuery.isFunction( fn ) ) {","The old behavior was to only use the events toggle if the first _two_ arguments were functions, since that's its signature. It may not matter, but it's worth noting.
",5553667a3f49d4b9a919df3643344378a48f56f7
3659055,0,"> As I wrote in my inline comments to the now-outdated (only because of rebasing) commit feed77e, I've tested this on 1.9-stable and this change doesn't make any unit test in oldIE to fail.  It could be a combination of an older php with oldIE. That's t""",2013-04-04 05:07:25,jaubourg,jquery,jquery,,https://github.com/jquery/jquery/pull/1207#discussion_r3659055,2013-04-04T17:07:25Z,2013-04-04T17:07:25Z,jaubourg,MEMBER,src/ajax.js,,11.0,,,4,"@@ -8,7 +8,7 @@ var
 	ajax_rquery = /\?/,
 	rhash = /#.*$/,
 	rts = /([?&])_=[^&]*/,
-	rheaders = /^(.*?):[ \t]*([^\r\n]*)\r?$/mg, // IE leaves an \r character at EOL","> As I wrote in my inline comments to the now-outdated (only because of rebasing) commit feed77e, I've tested this on 1.9-stable and this change doesn't make any unit test in oldIE to fail.

It could be a combination of an older php with oldIE. That's the problem when testing ajax. What you knew yesterday is completely outdated today.
",d4e535343ecf6ff1d5d5f74360fd1c85a333a774
2884322,1,"Yes. Thank you  :suspect:""",2013-02-04 11:15:33,rwaldron,jquery,jquery,,https://github.com/jquery/jquery/pull/1160#discussion_r2884322,2013-02-04T22:15:33Z,2013-02-11T17:03:42Z,rwaldron,MEMBER,src/data.js,,,,,1,"@@ -245,7 +274,7 @@ jQuery.fn.extend({
 				if ( data !== undefined ) {
 					return data;
 				}
-
+				// console.log( data_priv.access(elem), key, data );","Yes. Thank you

:suspect:
",575fd7b96fd422237f7d6c2f11bafe8c5be29d41
2282883,1,"Wow, thanks for that bench @gibson042! IE6 is just pitiful, but we knew that. Okay, I think we should go ahead and do this thing. It will be a good file size savings and also in-memory usage will be lower since we won't be creating frag cache entries. The""",2012-11-30 10:28:47,dmethvin,jquery,jquery,,https://github.com/jquery/jquery/pull/1047#discussion_r2282883,2012-11-30T21:28:47Z,2012-12-05T04:11:47Z,dmethvin,MEMBER,src/manipulation.js,,754.0,,,168,"@@ -778,7 +778,11 @@ jQuery.extend({
 				safe = jQuery.contains( elem.ownerDocument, elem );
 
 				// Append to fragment
-				fragment.appendChild( elem );
+				// #4087 - If origin and destination elements are the same, and this is
+				// that element, do not append to fragment
+				if ( !( selection && jQuery.inArray( elem, selection ) !== -1 ) ) {","Wow, thanks for that bench @gibson042! IE6 is just pitiful, but we knew that. Okay, I think we should go ahead and do this thing. It will be a good file size savings and also in-memory usage will be lower since we won't be creating frag cache entries. There's already a ticket for it at http://bugs.jquery.com/ticket/11989 and we can just pull it forward into 1.9. 
",d5182513ea6bf9118e3c42b02e1b5d3f79118f65
2284505,1,"Woah. Fragment cache gone just like that. Amazing. """,2012-11-30 13:21:40,mikesherov,jquery,jquery,,https://github.com/jquery/jquery/pull/1047#discussion_r2284505,2012-12-01T00:21:40Z,2012-12-05T04:11:47Z,mikesherov,MEMBER,src/manipulation.js,,754.0,,,168,"@@ -778,7 +778,11 @@ jQuery.extend({
 				safe = jQuery.contains( elem.ownerDocument, elem );
 
 				// Append to fragment
-				fragment.appendChild( elem );
+				// #4087 - If origin and destination elements are the same, and this is
+				// that element, do not append to fragment
+				if ( !( selection && jQuery.inArray( elem, selection ) !== -1 ) ) {","Woah. Fragment cache gone just like that. Amazing. 
",d5182513ea6bf9118e3c42b02e1b5d3f79118f65
2216217,1,"`jsonProp` is pure brilliant!""",2012-11-24 18:17:26,jaubourg,jquery,jquery,,https://github.com/jquery/jquery/pull/1041#discussion_r2216217,2012-11-25T05:17:26Z,2012-11-25T05:35:00Z,jaubourg,MEMBER,src/ajax.js,,294.0,,,275,"@@ -315,11 +283,24 @@ jQuery.extend({
 		// and when you create one that shouldn't be
 		// deep extended (see ajaxExtend)
 		flatOptions: {
-			context: true,
-			url: true
+			url: true,
+			context: true
 		}
 	},
 
+	// Creates a full fledged settings object into target
+	// with both ajaxSettings and settings fields.
+	// If target is omitted, writes into ajaxSettings.
+	ajaxSetup: function( target, settings ) {","`jsonProp` is pure brilliant!
",30dda15d8f46d529b92d5796848268540a597477
2178487,2,"I did indeed run the test outside of the jQuery test suite. Because haven't installed all grunt plugins and was eager to make this pr. Should have known better. If something can go wrong, it goes wrong.""",2012-11-19 22:52:51,aFarkas,jquery,jquery,,https://github.com/jquery/jquery/pull/1035#discussion_r2178487,2012-11-20T09:52:51Z,2012-11-20T09:52:51Z,aFarkas,NONE,test/unit/attributes.js,,98.0,,,14,"@@ -94,6 +94,9 @@ test( ""attr(String)"", function() {
 	equal( jQuery(""#tAnchor5"").attr(""href""), ""#5"", ""Check for non-absolute href (an anchor)"" );
 	jQuery(""<a id='tAnchor6' href='#5' />"").appendTo(""#qunit-fixture"");
 	equal( jQuery(""#tAnchor5"").prop(""href""), jQuery(""#tAnchor6"").prop(""href""), ""Check for absolute href prop on an anchor"" );
+	
+	$('<script type=""jquery/test"" src=""#5"" id=""scriptSrc""></script>').appendTo('#qunit-fixture');","I did indeed run the test outside of the jQuery test suite. Because haven't installed all grunt plugins and was eager to make this pr. Should have known better. If something can go wrong, it goes wrong.
",5d119d8f96a20e290197507570434645a099b786
1877915,1,"Good to know. On the move today, feel free to hack in the branch ;)""",2012-10-18 00:09:14,jaubourg,jquery,jquery,,https://github.com/jquery/jquery/pull/998#discussion_r1877915,2012-10-18T12:09:14Z,2012-10-19T08:10:14Z,jaubourg,MEMBER,.jshintrc,,,,,1,"@@ -9,6 +9,7 @@
     ""node"": true,
     ""quotmark"": ""double"",
     ""smarttabs"": true,
+    ""strict"": true,","Good to know. On the move today, feel free to hack in the branch ;)
",739ba96318f65d2f2c3c80772519fc0887a8c798
1423883,1,"@gibson042 this is really nice :)""",2012-08-21 01:01:23,rwaldron,jquery,jquery,,https://github.com/jquery/jquery/pull/902#discussion_r1423883,2012-08-21T13:01:23Z,2012-08-21T13:01:23Z,rwaldron,MEMBER,src/core.js,,608.0,,,16,"@@ -605,7 +605,7 @@ jQuery.extend({
 	},
 
 	// Use native String.trim function wherever possible
-	trim: core_trim ?
+	trim: core_trim && !core_trim.call(""\uFEFF\xA0"") ?","@gibson042 this is really nice :)
",5886c46ce13a8a1273eb6e3298f2eae8e71f867f
778889,2,"Since the test is a bit weird, should the issue been mentioned in a comment / test message?""",2012-05-05 21:14:07,staabm,jquery,jquery,,https://github.com/jquery/jquery/pull/764#discussion_r778889,2012-05-06T09:14:07Z,2012-05-08T13:24:59Z,staabm,CONTRIBUTOR,test/unit/dimensions.js,,,,,1,"@@ -88,6 +88,12 @@ function testHeight( val ) {
 	equal( blah.height( val(10) ), blah, ""Make sure that setting a height on an empty set returns the set."" );
 	equal( blah.height(), null, ""Make sure 'null' is returned on an empty set"");
 
+	var $window = jQuery(window),
+	    originalScroll = $window.scrollTop();
+	$window.scroll(150);
+	equal( $window.height(), window.innerHeight || document.documentElement.clientHeight, ""Window height stays equal to window.innerHeight after scroll."" );","Since the test is a bit weird, should the issue been mentioned in a comment / test message?
",33d6ea51fcc28a5309802742ae44121ab8cf3410
683140,2,"Do you really want to fall through this? Trying to wrap my head around this since we're also in a `!== """"loading""""` situation now.""",2012-04-13 06:27:48,dmethvin,jquery,jquery,,https://github.com/jquery/jquery/pull/736#discussion_r683140,2012-04-13T18:27:48Z,2012-04-17T02:27:36Z,dmethvin,MEMBER,src/core.js,,443.0,,,31,"@@ -429,9 +438,9 @@ jQuery.extend({
 
 		// Catch cases where $(document).ready() is called after the
 		// browser event has already occurred.
-		if ( document.readyState === ""complete"" ) {
+		if ( document.readyState !== ""loading"" ) {
 			// Handle it asynchronously to allow scripts the opportunity to delay ready
-			return setTimeout( jQuery.ready, 1 );
+			setTimeout( jQuery.ready, 1 );","Do you really want to fall through this? Trying to wrap my head around this since we're also in a `!== ""loading""` situation now.
",e3f0fe80b2d6f873f0bc6ce224a12453c8165f66
489426,0,"jQuery does not, and will not, include """"browser sniffing"""" via the navigator object.""",2012-02-26 04:59:01,rwaldron,jquery,jquery,,https://github.com/jquery/jquery/pull/696#discussion_r489426,2012-02-26T15:59:01Z,2012-02-26T15:59:32Z,rwaldron,MEMBER,src/core.js,,442.0,,,13,"@@ -433,9 +433,16 @@ jQuery.extend({
 			// Handle it asynchronously to allow scripts the opportunity to delay ready
 			return setTimeout( jQuery.ready, 1 );
 		}
-
-		// Mozilla, Opera and webkit nightlies currently support this event
-		if ( document.addEventListener ) {
+		
+		// Mozilla, Presto, webkit and IE > 8 currently support this event
+		if ( document.addEventListener ) {		
+			// Catch cases where $(document).ready() is called after the
+			// The DOMContentLoaded is sent.
+			// IE 9 messes this up by calling it interactive while it is not (solved in IE10)
+			if ( navigator.appVersion.indexOf('IE 9.0') != -1 && document.readyState === ""interactive"" ) {","jQuery does not, and will not, include ""browser sniffing"" via the navigator object.
",b2f9a93d00f9a686a6dbbce3aee39be0a5787f71
434095,1,"You're right, thanks :)""",2012-02-09 07:39:36,sindresorhus,jquery,jquery,,https://github.com/jquery/jquery/pull/676#discussion_r434095,2012-02-09T18:39:36Z,2012-02-09T18:39:36Z,sindresorhus,CONTRIBUTOR,src/data.js,,,,,1,"@@ -333,7 +333,7 @@ function dataAttr( elem, key, data ) {
 				data = data === ""true"" ? true :
 				data === ""false"" ? false :
 				data === ""null"" ? null :
-				jQuery.isNumeric( data ) ? parseFloat( data ) :
+				jQuery.isNumeric( data ) ? parseFloat( +data ) :","You're right, thanks :)
",9d68550c660b0472039b7144da8075b2f561eb5b
129473,1,"I definitely want to see this work... so thanks for the patience and persistance.  The dead code removal isn't what I'm concerned about, I'd prefer to not have two code branches to maintain in the source :)""",2011-09-17 02:08:54,rwaldron,jquery,jquery,,https://github.com/jquery/jquery/pull/507#discussion_r129473,2011-09-17T14:08:54Z,2011-09-27T17:59:17Z,rwaldron,MEMBER,src/traversing.js,,342.0,,,1,"@@ -262,43 +266,97 @@ jQuery.extend({
 			jQuery.find.matches(expr, elems);
 	},
 
-	dir: function( elem, dir, until ) {
-		var matched = [],
-			cur = elem[ dir ];
+	dir: jQuery.support.elementTraversing ?
+		function( elem, dir, until ) {
+			var matched = [],
+				cur = elem[ dir ];
 
-		while ( cur && cur.nodeType !== 9 && (until === undefined || cur.nodeType !== 1 || !jQuery( cur ).is( until )) ) {
-			if ( cur.nodeType === 1 ) {
+			while ( cur && (until === undefined || !jQuery( cur ).is( until )) ) {
 				matched.push( cur );
+				cur = cur[dir];
 			}
-			cur = cur[dir];
-		}
-		return matched;
-	},
 
-	nth: function( cur, result, dir, elem ) {
-		result = result || 1;
-		var num = 0;
-
-		for ( ; cur; cur = cur[dir] ) {
-			if ( cur.nodeType === 1 && ++num === result ) {
-				break;
+			// Check if last element is Document
+			// Because we no longer have a check for nodeType in for,
+			// but parentNode can retrieve a Document
+			if ( dir === ""parentNode"" && matched.length && matched[ matched.length - 1 ].nodeType === 9 ) {
+				matched.pop();
 			}
-		}
 
-		return cur;
-	},
+			return matched;
+		} :
+		function( elem, dir, until ) {
+			var matched = [],
+				cur = elem[ dir ];
+
+				while ( cur && cur.nodeType !== 9 && (until === undefined || cur.nodeType !== 1 || !jQuery( cur ).is( until )) ) {
+					if ( cur.nodeType === 1 ) {
+						matched.push( cur );
+					}
+					cur = cur[dir];
+				}
+
+				return matched;
+		},
+
+	nth: jQuery.support.elementTraversing ?
+		function( cur, result, dir, elem ) {
+			result = result || 1;
+			var num = 0;
+
+			for ( ; cur; cur = cur[dir] ) {
+				if ( ++num === result ) {
+					break;
+				}
+			}
 
-	sibling: function( n, elem ) {
-		var r = [];
+			return cur;
+		} :
+		function( cur, result, dir, elem ) {
+			result = result || 1;
+			var num = 0;
 
-		for ( ; n; n = n.nextSibling ) {
-			if ( n.nodeType === 1 && n !== elem ) {
-				r.push( n );
+			for ( ; cur; cur = cur[dir] ) {
+				if ( cur.nodeType === 1 && ++num === result ) {
+					break;
+				}
 			}
+
+			return cur;
+		},
+
+	sibling: jQuery.support.elementTraversing ?
+			function( n, elem ) {
+				var r = [];
+
+				if ( elem ) {
+					for ( ; n; n = n.nextElementSibling ) {
+						if ( n.nodeType === 1 && n !== elem ) {
+							r.push( n );
+						}
+					}
+
+					return r;
+				} 
+
+				for ( ; n; n = n.nextElementSibling ) {
+					r.push( n );
+				}
+
+				return r;
+			} :
+			function( n, elem ) {
+				var r = [];
+
+				for ( ; n; n = n.nextSibling ) {
+					if ( n.nodeType === 1 && n !== elem ) {
+						r.push( n );
+					}
+				}
+
+				return r;
 		}","I definitely want to see this work... so thanks for the patience and persistance.

The dead code removal isn't what I'm concerned about, I'd prefer to not have two code branches to maintain in the source :)
",0a5de90a4066df1e84ae6beb31e92675e935aeaf
95855,0,"Please add a semi colon to the end of this line""",2011-08-18 01:49:16,rwaldron,jquery,jquery,,https://github.com/jquery/jquery/pull/470#discussion_r95855,2011-08-18T13:49:16Z,2011-08-18T13:49:16Z,rwaldron,MEMBER,test/unit/event.js,,2220.0,,,19,"@@ -2209,6 +2210,18 @@ test(""custom events with colons (#3533, #8272)"", function() {
 
 });
 
+test(""unload with iframes"", function(){
+	expect(1)
+	stop()
+	var frame = jQuery(""#loadediframe"");
+	jQuery(frame[0].contentWindow).bind(""unload"", function(){
+		ok(true, ""called unload"")
+		start();
+	})","Please add a semi colon to the end of this line
",c3a5a2466de8585a60ebc69cc8d8991f9deb6967
22960,0,"@dmethvin: that sounds fine to me, but in my opinion in that case the name `isEmptyObject` is not adequate (that is why #7413 exists). Perhaps we can use `isObjectEmpty` instead, and deprecating `isEmptyObject`?""",2011-04-26 01:34:06,rkatic,jquery,jquery,,https://github.com/jquery/jquery/pull/346#discussion_r22960,2011-04-26T13:34:06Z,2011-04-26T13:48:56Z,rkatic,CONTRIBUTOR,src/core.js,,515.0,,,8,"@@ -508,6 +508,12 @@ jQuery.extend({
 	},
 
 	isEmptyObject: function( obj ) {
+
+		// Fixes #7413 Check to see if obj passes isPlainObject
+		if ( !jQuery.isPlainObject( obj ) ) {
+			return false;
+		}","@dmethvin: that sounds fine to me, but in my opinion in that case the name `isEmptyObject` is not adequate (that is why #7413 exists). Perhaps we can use `isObjectEmpty` instead, and deprecating `isEmptyObject`?
",cfedbbf70fee44803730396aefb4dfc897a89689
21120,1,"That'd be great - thanks!""",2011-04-20 05:56:10,jeresig,jquery,jquery,,https://github.com/jquery/jquery/pull/156#discussion_r21120,2011-04-20T17:56:10Z,2011-04-20T17:56:10Z,jeresig,MEMBER,src/event.js,,829.0,,,59,"@@ -806,11 +819,21 @@ if ( !jQuery.support.changeBubbles ) {
 		}
 	};
 
+	propertychange = function (e) { /* no-op.  Just registering this event handler causes code in jQuery.event.handle() to examine all propertychange events for this input field. */ };
+
 	jQuery.event.special.change = {
 		filters: {
 			focusout: testChange,
 
-			beforedeactivate: testChange,
+			beforedeactivate: function ( e ) {
+				if (jQuery.browser.msie) {","That'd be great - thanks!
",e5cf9ddd28536b2500c1080d835747d6967b25a2
3663019,0,"It is literally impossible to satisfy [#12838](http://bugs.jquery.com/ticket/12838) without new API surface. We may opt not to do it, but we will not find """"another way"""".""",2013-04-04 08:47:56,gibson042,jquery,jquery,,https://github.com/jquery/jquery/pull/1051#discussion_r3663019,2013-04-04T20:47:56Z,2013-04-04T20:47:56Z,gibson042,MEMBER,src/manipulation.js,,337.0,,,12,"@@ -334,14 +334,7 @@ jQuery.fn.extend({
 
 							if ( node.src ) {
 								// Hope ajax is available...
-								jQuery.ajax({
-									url: node.src,
-									type: ""GET"",
-									dataType: ""script"",
-									async: false,
-									global: false,
-									""throws"": true
-								});
+								jQuery._evalUrl( node.src );","It is literally impossible to satisfy [#12838](http://bugs.jquery.com/ticket/12838) without new API surface. We may opt not to do it, but we will not find ""another way"".
",bd820ad89fa72369aefc9da0ac9c866607875605
6408894,0,"Yeah, a little bigger but cherry-pickable, and we might as well keep the two branches in sync on patches like these unless there's a good incentive the other way.""",2013-09-17 03:53:37,dmethvin,jquery,jquery,,https://github.com/jquery/jquery/pull/1365#discussion_r6408894,2013-09-17T15:53:37Z,2013-09-18T01:17:08Z,dmethvin,MEMBER,src/event.js,,,,,1,"@@ -635,11 +635,13 @@ jQuery.Event = function( src, props ) {
 
 		// Events bubbling up the document may have been marked as prevented
 		// by a handler lower down the tree; reflect the correct value.
-		this.isDefaultPrevented = ( src.defaultPrevented ||
+		this.isDefaultPrevented =
+			( ""defaultPrevented"" in src ) ?","Yeah, a little bigger but cherry-pickable, and we might as well keep the two branches in sync on patches like these unless there's a good incentive the other way.
",64bcc0f8ea4def0cc0ce056516c1285bf255a3f4
2871592,2,">>This seems disastrous.  >makes me nervious, i don't want to be the guy who breaks stuff, if we go with your solution – it would definitely will not break anything, if we go with mine – it would definitely will, affected amount of code can be relativel""",2013-02-03 09:22:02,gibson042,jquery,jquery,,https://github.com/jquery/jquery/pull/1158#discussion_r2871592,2013-02-03T20:22:02Z,2013-02-03T20:22:02Z,gibson042,MEMBER,src/traversing.js,,189.0,,,22,"@@ -182,7 +180,13 @@ jQuery.each({
 	}
 }, function( name, fn ) {
 	jQuery.fn[ name ] = function( until, selector ) {
-		var ret = jQuery.map( this, fn, until );
+		var ret = jQuery.map( this, function( elem ) {
+			var type = elem.nodeType;
+
+			if ( type === 1 || type === 11 || type === 9 ) {
+				return fn.apply( this, arguments );
+			}
+		}, until );","> > This seems disastrous.
> 
> makes me nervious, i don't want to be the guy who breaks stuff, if we go with your solution – it would definitely will not break anything, if we go with mine – it would definitely will, affected amount of code can be relatively small comparing to all code that relies on jQuery but it can be big in absolute numbers, even if that code, in some sence, is strange and exceptional. So if you feel strongly about it, perhaps i should abandon my view and we should land [this](https://github.com/jquery/jquery/pull/1146) patch instead.

Sorry that was a bit melodramatic, but I do feel that such a significant change of behavior (even if that change is limited to input never officially recognized as valid) is not acceptable in a patch release. This has direct parallels to 6c2a501de40a5f6b3ad382e2d309e5a10fce04d0, whose landing in 1.7.2 instead of 1.8 broke TinyMCE's assumptions and generated probably a couple dozen tickets on our end.

> I don't think there could be a compromise, 1.9.x API should be the same as in 2.0, right?

The **documented** API, I would say. We're free to have the two versions behave differently for invalid input; we just need to be careful about exercising that freedom. And although my preference is liberal acceptance in traversing (historically true but never guaranteed), it's just as reasonable to take an ""elements only"" stance—as long as we give enough notice.
",9695e40b8accd8f1c08ec1f9698a52ab8b667dad
2567843,0,"<code>td</code> is a special element that defined in <code>wrapMap</code>, in <code>jQuery.clean</code>/<code>jQuery.buildFragment</code> it should descend to the right depth, parent would not be <code>div</code> like with most nodes, but <code>tr</code> """,2013-01-07 08:03:44,orkel,jquery,jquery,,https://github.com/jquery/jquery/pull/1117#discussion_r2567843,2013-01-07T19:03:44Z,2013-01-07T21:59:14Z,markelog,MEMBER,test/unit/core.js,,,,,1,"@@ -1237,6 +1237,14 @@ test(""jQuery.parseHTML"", function() {
 	equal( jQuery.parseHTML( ""\t<div></div>"" )[0].nodeValue, ""\t"", ""Preserve leading whitespace"" );
 
 	equal( jQuery.parseHTML("" <div/> "")[0].nodeType, 3, ""Leading spaces are treated as text nodes (#11290)"" );
+
+	html = jQuery.parseHTML( ""<div>test div</div>"" );
+
+	equal( html[ 0 ].parentNode.nodeType, 11, ""parentNode should be documentFragment"" );
+	equal( html[ 0 ].innerHTML, ""test div"", ""Content should be preserved"" );
+
+	equal( jQuery.parseHTML(""<span><span>"").length, 1, ""Incorrect html-strings should not break anything"" );
+	equal( jQuery.parseHTML(""<td><td>"")[ 1 ].parentNode.nodeType, 11, ""parentNode should be documentFragment"" );","<code>td</code> is a special element that defined in <code>wrapMap</code>, in <code>jQuery.clean</code>/<code>jQuery.buildFragment</code> it should descend to the right depth, parent would not be <code>div</code> like with most nodes, but <code>tr</code> element, so <code>td</code> should be removed though it. 

I wanted to test that...
",668977e03794f5a8ccb8a487796982422ea543ed
2558451,1,"I'm really looking forward to destructuring in ES6—all of these `xhr.foo` properties would be easily cached like:  ```js let { status, statusText, responseText } = xhr; ```  Hooray for the future!""",2013-01-05 05:42:18,rwaldron,jquery,jquery,,https://github.com/jquery/jquery/pull/1109#discussion_r2558451,2013-01-05T16:42:18Z,2013-01-06T00:35:00Z,rwaldron,MEMBER,src/ajax/xhr.js,,89.0,,,259,"@@ -1,218 +1,92 @@
-var xhrCallbacks, xhrSupported,
-	xhrId = 0,
-	// #5280: Internet Explorer will keep connections alive if we don't abort on unload
-	xhrOnUnloadAbort = window.ActiveXObject && function() {
-		// Abort all pending requests
-		var key;
-		for ( key in xhrCallbacks ) {
-			xhrCallbacks[ key ]( undefined, true );
-		}
-	};
-
-// Functions to create xhrs
-function createStandardXHR() {
+jQuery.ajaxSettings.xhr = function() {
 	try {
-		return new window.XMLHttpRequest();
+		return new XMLHttpRequest();
 	} catch( e ) {}
-}
-
-function createActiveXHR() {
-	try {
-		return new window.ActiveXObject(""Microsoft.XMLHTTP"");
-	} catch( e ) {}
-}
-
-// Create the request object
-// (This is still attached to ajaxSettings for backward compatibility)
-jQuery.ajaxSettings.xhr = window.ActiveXObject ?
-	/* Microsoft failed to properly
-	 * implement the XMLHttpRequest in IE7 (can't request local files),
-	 * so we use the ActiveXObject when it is available
-	 * Additionally XMLHttpRequest can be disabled in IE7/IE8 so
-	 * we need a fallback.
-	 */
-	function() {
-		return !this.isLocal && createStandardXHR() || createActiveXHR();
-	} :
-	// For all other browsers, use the standard XMLHttpRequest object
-	createStandardXHR;
-
-// Determine support properties
-xhrSupported = jQuery.ajaxSettings.xhr();
+};
+
+var xhrSupported = jQuery.ajaxSettings.xhr(),
+	xhrSuccessStatus = {
+		// file protocol always yields status code 0, assume 200
+		0: 200,
+		// IE - #1450: sometimes returns 1223 when it should be 204
+		1223: 204
+	};
+	
 jQuery.support.cors = !!xhrSupported && ( ""withCredentials"" in xhrSupported );
-xhrSupported = jQuery.support.ajax = !!xhrSupported;
-
-// Create transport if the browser can provide an xhr
-if ( xhrSupported ) {
-
-	jQuery.ajaxTransport(function( s ) {
-		// Cross domain only allowed if supported through XMLHttpRequest
-		if ( !s.crossDomain || jQuery.support.cors ) {
-
-			var callback;
-
-			return {
-				send: function( headers, complete ) {
-
-					// Get a new xhr
-					var handle, i,
-						xhr = s.xhr();
-
-					// Open the socket
-					// Passing null username, generates a login popup on Opera (#2865)
-					if ( s.username ) {
-						xhr.open( s.type, s.url, s.async, s.username, s.password );
-					} else {
-						xhr.open( s.type, s.url, s.async );
-					}
-
-					// Apply custom fields if provided
-					if ( s.xhrFields ) {
-						for ( i in s.xhrFields ) {
-							xhr[ i ] = s.xhrFields[ i ];
-						}
-					}
-
-					// Override mime type if needed
-					if ( s.mimeType && xhr.overrideMimeType ) {
-						xhr.overrideMimeType( s.mimeType );
+jQuery.support.ajax = xhrSupported = !!xhrSupported;
+
+jQuery.ajaxTransport(function( options ) {
+	var callback;
+	// Cross domain only allowed if supported through XMLHttpRequest
+	if ( jQuery.support.cors || xhrSupported && !options.crossDomain ) {
+		return {
+			send: function( headers, complete ) {
+				var i,
+					xhr = options.xhr();
+				// Open the socket
+				xhr.open( options.type, options.url, options.async, options.username, options.password );
+				// Apply custom fields if provided
+				if ( options.xhrFields ) {
+					for ( i in options.xhrFields ) {
+						xhr[ i ] = options.xhrFields[ i ];
 					}
-
-					// X-Requested-With header
-					// For cross-domain requests, seeing as conditions for a preflight are
-					// akin to a jigsaw puzzle, we simply never set it to be sure.
-					// (it can always be set on a per-request basis or even using ajaxSetup)
-					// For same-domain requests, won't change header if already provided.
-					if ( !s.crossDomain && !headers[""X-Requested-With""] ) {
-						headers[""X-Requested-With""] = ""XMLHttpRequest"";
-					}
-
-					// Need an extra try/catch for cross domain requests in Firefox 3
-					try {
-						for ( i in headers ) {
-							xhr.setRequestHeader( i, headers[ i ] );
-						}
-					} catch( err ) {}
-
-					// Do send the request
-					// This may raise an exception which is actually
-					// handled in jQuery.ajax (so no try/catch here)
-					xhr.send( ( s.hasContent && s.data ) || null );
-
-					// Listener
-					callback = function( _, isAbort ) {
-
-						var status,
-							statusText,
-							responseHeaders,
-							responses,
-							xml;
-
-						// Firefox throws exceptions when accessing properties
-						// of an xhr when a network error occurred
-						// http://helpful.knobs-dials.com/index.php/Component_returned_failure_code:_0x80040111_(NS_ERROR_NOT_AVAILABLE)
-						try {
-
-							// Was never called and is aborted or complete
-							if ( callback && ( isAbort || xhr.readyState === 4 ) ) {
-
-								// Only called once
-								callback = undefined;
-
-								// Do not keep as active anymore
-								if ( handle ) {
-									xhr.onreadystatechange = jQuery.noop;
-									if ( xhrOnUnloadAbort ) {
-										delete xhrCallbacks[ handle ];
-									}
-								}
-
-								// If it's an abort
-								if ( isAbort ) {
-									// Abort it manually if needed
-									if ( xhr.readyState !== 4 ) {
-										xhr.abort();
-									}
-								} else {
-									responses = {};
-									status = xhr.status;
-									xml = xhr.responseXML;
-									responseHeaders = xhr.getAllResponseHeaders();
-
-									// Construct response list
-									if ( xml && xml.documentElement /* #4958 */ ) {
-										responses.xml = xml;
-									}
-
-									// When requesting binary data, IE6-9 will throw an exception
-									// on any attempt to access responseText (#11426)
-									if ( typeof xhr.responseText === ""string"" ) {
-										responses.text = xhr.responseText;
-									}
-
-									// Firefox throws an exception when accessing
-									// statusText for faulty cross-domain requests
-									try {
-										statusText = xhr.statusText;
-									} catch( e ) {
-										// We normalize with Webkit giving an empty statusText
-										statusText = """";
-									}
-
-									// Filter status for non standard behaviors
-
-									// If the request is local and we have data: assume a success
-									// (success with no data won't get notified, that's the best we
-									// can do given current implementations)
-									if ( !status && s.isLocal && !s.crossDomain ) {
-										status = responses.text ? 200 : 404;
-									// IE - #1450: sometimes returns 1223 when it should be 204
-									} else if ( status === 1223 ) {
-										status = 204;
-									}
-								}
-							}
-						} catch( firefoxAccessException ) {
-							if ( !isAbort ) {
-								complete( -1, firefoxAccessException );
+				}
+				// Override mime type if needed
+				if ( options.mimeType && xhr.overrideMimeType ) {
+					xhr.overrideMimeType( options.mimeType );
+				}
+				// X-Requested-With header
+				// For cross-domain requests, seeing as conditions for a preflight are
+				// akin to a jigsaw puzzle, we simply never set it to be sure.
+				// (it can always be set on a per-request basis or even using ajaxSetup)
+				// For same-domain requests, won't change header if already provided.
+				if ( !options.crossDomain && !headers[""X-Requested-With""] ) {
+					headers[""X-Requested-With""] = ""XMLHttpRequest"";
+				}
+				// Set headers
+				for ( i in headers ) {
+					xhr.setRequestHeader( i, headers[ i ] );
+				}
+				// Callback
+				callback = function( type ) {
+					return function() {
+						if ( callback ) {
+							callback = xhr.onload = xhr.onerror = null;
+							if ( type === ""abort"" ) {
+								xhr.abort();
+							} else if ( type === ""error"" ) {
+								complete( xhr.status, xhr.statusText );
+							} else {
+								complete(
+									xhrSuccessStatus[ xhr.status ] || xhr.status,
+									xhr.statusText,
+									// IE - #11426: When requesting binary data, IE9 will
+									// throw an exception on any attempt to access responseText
+									typeof xhr.responseText === ""string"" ? {
+										text: xhr.responseText
+									} : undefined,
+									xhr.getAllResponseHeaders()
+								);","I'm really looking forward to destructuring in ES6—all of these `xhr.foo` properties would be easily cached like:

``` js
let { status, statusText, responseText } = xhr;
```

Hooray for the future!
",69173e79137d48c4bc1e66939c3d87a4b345751c
2359917,1,"is there anyway we could split this over two lines? :)""",2012-12-09 15:26:19,rwaldron,jquery,jquery,,https://github.com/jquery/jquery/pull/1064#discussion_r2359917,2012-12-10T02:26:19Z,2012-12-10T02:35:40Z,rwaldron,MEMBER,src/core.js,,,,,1,"@@ -583,21 +583,26 @@ jQuery.extend({
 
 	// args is for internal usage only
 	each: function( obj, callback, args ) {
-		var name,
+		var value,
 			i = 0,
 			length = obj.length,
-			isObj = length === undefined || jQuery.isFunction( obj );
+			type = jQuery.type( obj ),
+			isArray = type === ""array"" || type !== ""function"" && ( length === 0 || typeof length === ""number"" && length > 0 && ( length - 1 ) in obj );","is there anyway we could split this over two lines? :)
",98043d58d22b78876f73d925545925f3c26ad93b
1945505,2,"Doh!  ![facepalm](http://i.imgur.com/jF5ib.gif)  Now I'm understanding @dmethvin's remark about global settings being a bad idea. Ok. I'm walking out the door. I can look at refactoring this later.""",2012-10-25 07:29:22,farmdawgnation,jquery,jquery,,https://github.com/jquery/jquery/pull/1007#discussion_r1945505,2012-10-25T19:29:22Z,2012-11-25T21:03:57Z,farmdawgnation,CONTRIBUTOR,src/ajax.js,,431.0,,,1,"@@ -426,6 +426,9 @@ jQuery.extend({
 				}
 			};
 
+		// Alias method option to type as per ticket #12004.
+		s.type = s.method || s.type;
+","Doh!

![facepalm](http://i.imgur.com/jF5ib.gif)

Now I'm understanding @dmethvin's remark about global settings being a bad idea. Ok. I'm walking out the door. I can look at refactoring this later.
",5816980e5d70cda3bdb07adc4bb4f0decf892934
4971234,2,"I truly hate this function. """,2013-07-01 08:27:47,rwaldron,jquery,jquery,,https://github.com/jquery/jquery/pull/940#discussion_r4971234,2013-07-01T20:27:47Z,2013-07-01T20:27:47Z,rwaldron,MEMBER,test/unit/ajax.js,,1029.0,,,10,"@@ -1020,6 +1020,24 @@ test(""ajax cache"", function () {
 	ok( jQuery.ajax({url: ""data/text.php?name=David&_=tobereplaced555&washere=true"", cache:false}), ""test with 2 parameters surrounding _= one"" );
 });
 
+asyncTest(""ajax cache #12550"", 20, function () {
+	var requests = [],
+		stamps = [];
+
+	jQuery(""#firstp"").on(""ajaxSuccess"", function (e, xml, s) {
+		var stamp = s.url.split( ""_="" )[ 1 ];
+		ok( !~jQuery.inArray( stamp, stamps ) );","I truly hate this function. 
",03c44a1b04270ace98b5ed40798ddf82e614b608
1365245,1,"Almost perfect ;)""",2012-08-13 06:52:34,rwaldron,jquery,jquery,,https://github.com/jquery/jquery/pull/893#discussion_r1365245,2012-08-13T18:52:34Z,2012-08-13T18:52:34Z,rwaldron,MEMBER,test/unit/queue.js,,226.0,,,35,"@@ -217,6 +223,27 @@ asyncTest( ""fn.promise( \""queue\"" ) - called whenever last queue function is deq
 	foo.dequeue( ""queue"" );
 });
 
+asyncTest( ""fn.promise( \""queue\"" ) - waits for animation to complete before resolving"", 2, function() {","Almost perfect ;)
",71846f678bb8b6584e2b5aad4b66566de2c29fdc
748354,1,"Cool. I'm out of town until Tuesday, but I support both this change (with comment about i <= 1) and re-deprecating isResolved/isRejected. :)""",2012-04-28 04:15:09,gibson042,jquery,jquery,,https://github.com/jquery/jquery/pull/754#discussion_r748354,2012-04-28T16:15:09Z,2012-04-28T16:15:09Z,gibson042,MEMBER,src/deferred.js,,69.0,,,25,"@@ -59,19 +59,22 @@ jQuery.extend({
 
 		// Add list-specific methods
 		jQuery.each( tuples, function( i, tuple ) {
-			var list = tuple[ 2 ], stateString;
+			var list = tuple[ 2 ],
+				stateString = tuple[ 3 ];
 
 			// promise[ done | fail | progress ] = list.add
 			promise[ tuple[1] ] = list.add;
 
 			// Handle state
 			if ( i < 2 ) {","Cool. I'm out of town until Tuesday, but I support both this change (with comment about i <= 1) and re-deprecating isResolved/isRejected. :)
",a25721a2cdf9e6cc105993ce70a0a2b8cef30dd8
659853,2,"Sorry, I tend to deal with a mixture of 2,3,4 spaces and/or tabs for indenting between JS and Perl.  Drives me crazy...""",2012-04-09 00:39:16,SineSwiper,jquery,jquery,,https://github.com/jquery/jquery/pull/732#discussion_r659853,2012-04-09T12:39:16Z,2012-04-09T12:39:16Z,SineSwiper,NONE,src/css.js,,52.0,,,6,"@@ -47,6 +47,8 @@ jQuery.extend({
 
 	// Exclude the following css properties to add px
 	cssNumber: {
+      ""columns"": true,
+      ""columnCount"": true,
 		""fillOpacity"": true,","Sorry, I tend to deal with a mixture of 2,3,4 spaces and/or tabs for indenting between JS and Perl.  Drives me crazy...
",5047770776029a471b52031bd2e1a30fa22fa0ae
432860,1,"Looks good to me :)""",2012-02-09 04:00:47,rwaldron,jquery,jquery,,https://github.com/jquery/jquery/pull/675#discussion_r432860,2012-02-09T15:00:47Z,2012-02-09T15:00:47Z,rwaldron,MEMBER,test/unit/manipulation.js,,325.0,,,17,"@@ -318,6 +318,12 @@ var testAppend = function(valueObj) {
 	}).remove();
 
 	QUnit.reset();
+	jQuery(""form"").append(valueObj(""<input type='radio' checked='checked' name='radiotest' />""));
+	jQuery(""form input[name=radiotest]"").each(function(){
+		ok( jQuery(this).is("":checked""), ""Append with name attribute after checked attribute"");
+	}).remove();
+","Looks good to me :)
",200cd2a4248ff7dfe4a32b9d247d2807b11f3b0f
20371,0,"I have updated this test to include a test count as it would """"pass"""" as no test would run. Should i add a separate pull request for this? Or you happy to just include it with the next push? """,2011-04-18 05:26:53,jaredwy,jquery,jquery,,https://github.com/jquery/jquery/pull/324#discussion_r20371,2011-04-18T17:26:53Z,2011-04-18T17:26:53Z,jaredwy,NONE,test/unit/event.js,,346.0,,,5,"@@ -343,13 +343,26 @@ test(""bind/delegate bubbling, isDefaultPrevented"", function() {
 
 test(""bind(), iframes"", function() {
 	// events don't work with iframes, see #939 - this test fails in IE because of contentDocument
-	var doc = jQuery(""#loadediframe"").contents();
+	var doc = jQuery(""#loadedf"").contents();","I have updated this test to include a test count as it would ""pass"" as no test would run. Should i add a separate pull request for this? Or you happy to just include it with the next push? 
",be37c726c20847ff3ddb5e0d4d803cc8e04a657d
19287,1,"Thanks rwaldron, I really wanted to be able to turn my idea into a viable solution, but as I said I'm really glad both of you helped to make it happen. I'm happy enough to be quoted in the release note, so I'll remove those two lines if jaubourg doesn't m""",2011-04-14 22:40:06,louisremi,jquery,jquery,,https://github.com/jquery/jquery/pull/322#discussion_r19287,2011-04-15T10:40:06Z,2011-04-15T10:40:06Z,louisremi,CONTRIBUTOR,src/effects.js,,565.0,,,28,"@@ -548,20 +550,52 @@ if ( jQuery.expr && jQuery.expr.filters ) {
 }
 
 function defaultDisplay( nodeName ) {
+
 	if ( !elemdisplay[ nodeName ] ) {
-		var elem = jQuery(""<"" + nodeName + "">"").appendTo(""body""),
-			display = elem.css(""display"");
+
+		var elem = jQuery( ""<"" + nodeName + "">"" ).appendTo( ""body"" ),
+			display = elem.css( ""display"" );
 
 		elem.remove();
 
 		if ( display === ""none"" || display === """" ) {
-			display = ""block"";
+
+			// Get element's real default display by attaching it to a temp iframe
+			// Conritbutions from Louis Remi and Julian Aurbourg
+			// based on recommendation by Louis Remi","Thanks rwaldron, I really wanted to be able to turn my idea into a viable solution, but as I said I'm really glad both of you helped to make it happen.
I'm happy enough to be quoted in the release note, so I'll remove those two lines if jaubourg doesn't mind (we don't want to cripple the source with credits, do we?).
",a76decc47660591bb807aecf56825019da8b39fa
8115,0,"I'm curious about the performance implications of adding another call to the stack. """,2011-03-13 12:49:54,rwaldron,jquery,jquery,,https://github.com/jquery/jquery/pull/265#discussion_r8115,2011-03-13T23:49:54Z,2011-04-03T22:47:58Z,rwaldron,MEMBER,src/attributes.js,,,,,1,"@@ -16,7 +16,7 @@ jQuery.fn.extend({
 	removeAttr: function( name ) {
 		return this.each(function() {
 			if ( this.nodeType === 1 ) {
-				this.removeAttribute( name );
+				jQuery.removeAttr( this, name );
 			}","I'm curious about the performance implications of adding another call to the stack. 
",34288f05e7d9a579b4a21aec99f48c65d01fe96c
851407,0,"it's a bit too obfuscated for my tastes here. What are the savings from doing it this way?""",2012-05-20 16:06:42,mikesherov,jquery,jquery,,https://github.com/jquery/jquery/pull/783#discussion_r851407,2012-05-21T04:06:42Z,2012-05-21T17:38:37Z,mikesherov,MEMBER,src/css.js,,308.0,,,69,"@@ -266,19 +266,55 @@ if ( document.defaultView && document.defaultView.getComputedStyle ) {
 	};
 }
 
-function setPositiveNumber( elem, value ) {
+function setPositiveNumber( elem, value, subtract ) {
 	var matches = rnumsplit.exec( value );
 	return matches ?
-			Math.max( 0, matches[ 1 ] ) + ( matches [ 2 ] || ""px"" )
+			Math.max( 0, +matches[ 1 ] - ( subtract || 0 ) ) + ( matches [ 2 ] || ""px"" )
 			: value;
 }
 
+function augmentWidthOrHeight( name, elem, extra, isBorderBox ) {
+	var val = 0,
+		i = name === ""width"" ? 1 : 0;
+
+	if ( extra !== (isBorderBox ? ""border"" : ""content"") ) {
+		for ( ; i < 4; i += 2 ) {
+			// both box models exclude margin, so add it if we want it
+			if ( extra === ""margin"" ) {
+				// we use jQuery.css instead of curCSS here
+				// because of the reliableMarginRight CSS hook!
+				val += parseFloat( jQuery.css( elem, extra + cssExpand[ i ] ) ) || 0;
+			}
+
+			if ( isBorderBox ) {
+				// border-box includes padding, so remove it if we want content
+				if ( extra === ""content"" ) {
+					val -= parseFloat( curCSS( elem, ""padding"" + cssExpand[ i ] ) ) || 0;
+				}
+
+				// at this point, extra isnt border nor margin, so remove border
+				if ( extra !== ""margin"" ) {
+					val -= parseFloat( curCSS( elem, ""border"" + cssExpand[ i ] + ""Width"" ) ) || 0;
+				}
+			} else {
+				// at this point, extra isnt content, so add padding
+				val += parseFloat( curCSS( elem, ""padding"" + cssExpand[ i ] ) ) || 0;
+
+				// at this point, extra isnt content nor padding, so add border
+				if ( extra !== ""padding"" ) {
+					val += parseFloat( curCSS( elem, ""border"" + cssExpand[ i ] + ""Width"" ) ) || 0;
+				}","it's a bit too obfuscated for my tastes here. What are the savings from doing it this way?
",32154f466315cc73bc8f42b0a32ec70846dd06b3
116280,0,"What is `subline`?""",2011-09-07 07:25:07,mathiasbynens,jquery,jquery,,https://github.com/jquery/jquery/pull/490#discussion_r116280,2011-09-07T19:25:07Z,2011-09-08T17:10:16Z,mathiasbynens,CONTRIBUTOR,src/manipulation.js,,,,,1,"@@ -537,6 +537,23 @@ function findInputs( elem ) {
 		jQuery.grep( elem.getElementsByTagName(""input""), fixDefaultChecked );
 	}
 }
+// Create safe fragments
+function safeFragment( context ) {
+	var nodeNames = (
+		""abbr article aside audio canvas datalist details figcaption figure footer "" +
+		""header hgroup mark meter nav output progress section subline summary time video""","What is `subline`?
",707e5708abc9cd3358957b4713a924fc34d6cd9b
