comment_id,polarity,text,created_at_gold,author_login,owner,repo,review_id,html_url,created_at_kaiaulu,updated_at,comment_user_login,author_association,file_path,start_line,line,original_start_line,original_line,position,diff_hunk,body,commit_id
5095967,1,"Oooh, thanks!""",2013-07-09 05:27:58,ben,libgit2,libgit2,,https://github.com/libgit2/libgit2/pull/1317#discussion_r5095967,2013-07-09T17:27:58Z,2013-10-28T18:21:29Z,ben,MEMBER,src/blame.c,,,,,1,"@@ -0,0 +1,753 @@
+/*
+ * Copyright (C) the libgit2 contributors. All rights reserved.
+ *
+ * This file is part of libgit2, distributed under the GNU GPL v2 with
+ * a Linking Exception. For full terms see the included COPYING file.
+ */
+
+#include ""blame.h""
+#include ""git2/commit.h""
+#include ""git2/revparse.h""
+#include ""git2/revwalk.h""
+#include ""git2/tree.h""
+#include ""git2/diff.h""
+#include ""git2/blob.h""
+#include ""util.h""
+#include ""repository.h""
+
+#if 0
+#define DO_DEBUG
+#define DEBUGF(...) printf(__VA_ARGS__)
+static void dump_hunks(git_blame *blame)
+{
+	size_t i;
+	git_blame_hunk *hunk;
+	char str[41] = {0};
+	char *path;
+
+	DEBUGF(""Paths watched: "");
+	git_vector_foreach(&blame->paths, i, path) {
+		DEBUGF(""%s   "", path);
+	}
+	DEBUGF(""\n"");
+
+	git_vector_foreach(&blame->hunks, i, hunk) {
+		git_oid_tostr(str, 9, &hunk->final_commit_id);
+		DEBUGF(""CLAIMED: %2d +%d (orig %2d) %s (from %s)\n"",
+				hunk->final_start_line_number,
+				hunk->lines_in_hunk - 1,
+				hunk->orig_start_line_number,
+				str,
+				hunk->orig_path);
+	}
+	git_vector_foreach(&blame->unclaimed_hunks, i, hunk) {
+		DEBUGF(""UNCLAIMED: %d +%d\n"",
+				hunk->final_start_line_number,
+				hunk->lines_in_hunk - 1);
+	}
+	GIT_UNUSED(blame);
+}
+#else
+#define DEBUGF(...)
+#define dump_hunks(x)
+#endif
+
+static int hunk_byline_search_cmp(const void *key, const void *entry)
+{
+	uint32_t lineno = *(size_t*)key;
+	git_blame_hunk *hunk = (git_blame_hunk*)entry;
+
+	if (lineno < hunk->final_start_line_number)
+		return -1;
+	if (lineno > ((uint32_t)hunk->final_start_line_number + hunk->lines_in_hunk))
+		return 1;
+	return 0;
+}
+
+static int hunk_sort_cmp_by_start_line(const void *_a, const void *_b)
+{
+	git_blame_hunk *a = (git_blame_hunk*)_a,
+						*b = (git_blame_hunk*)_b;
+
+	return a->final_start_line_number - b->final_start_line_number;
+}
+
+static bool line_is_at_end_of_hunk(size_t line, git_blame_hunk *hunk)
+{
+	return line >= (hunk->final_start_line_number + hunk->lines_in_hunk - 1);
+}
+
+static bool line_is_at_start_of_hunk(size_t line, git_blame_hunk *hunk)
+{
+	return line <= hunk->final_start_line_number;
+}
+
+static git_blame_hunk* new_hunk(uint16_t start, uint16_t lines, uint16_t orig_start, const char *path)
+{
+	git_blame_hunk *hunk = git__calloc(1, sizeof(git_blame_hunk));
+	if (!hunk) return NULL;
+
+	hunk->lines_in_hunk = lines;
+	hunk->final_start_line_number = start;
+	hunk->orig_start_line_number = orig_start;
+	hunk->orig_path = git__strdup(path);
+
+	return hunk;
+}
+
+static git_blame_hunk* dup_hunk(git_blame_hunk *hunk)
+{
+	git_blame_hunk *newhunk = new_hunk(hunk->final_start_line_number, hunk->lines_in_hunk, hunk->orig_start_line_number, hunk->orig_path);
+	git_oid_cpy(&newhunk->orig_commit_id, &hunk->orig_commit_id);
+	git_oid_cpy(&newhunk->final_commit_id, &hunk->final_commit_id);
+	return newhunk;
+}
+
+static void free_hunk(git_blame_hunk *hunk)
+{
+	git__free((void*)hunk->orig_path);
+	git__free(hunk);
+}
+
+static int paths_cmp(const void *a, const void *b) { return git__strcmp((char*)a, (char*)b); }
+static void add_if_not_present(git_vector *v, const char *value)
+{
+	git_vector_insert_sorted(v, (void*)git__strdup(value), NULL);
+}
+
+git_blame* git_blame__alloc(
+	git_repository *repo,
+	git_blame_options opts,
+	const char *path)
+{
+	git_blame *gbr = (git_blame*)calloc(1, sizeof(git_blame));
+	if (!gbr) {
+		giterr_set_oom();
+		return NULL;
+	}
+	git_vector_init(&gbr->hunks, 8, hunk_sort_cmp_by_start_line);
+	git_vector_init(&gbr->unclaimed_hunks, 8, hunk_sort_cmp_by_start_line);
+	git_vector_init(&gbr->paths, 8, paths_cmp);
+	gbr->repository = repo;
+	gbr->options = opts;
+	gbr->path = git__strdup(path);
+	git_vector_insert(&gbr->paths, git__strdup(path));
+	gbr->final_blob = NULL;
+	return gbr;
+}
+
+void git_blame_free(git_blame *blame)
+{
+	size_t i;
+	git_blame_hunk *hunk;
+	char *path;
+
+	if (!blame) return;
+
+	git_vector_foreach(&blame->hunks, i, hunk)
+		free_hunk(hunk);
+	git_vector_free(&blame->hunks);
+
+	git_vector_foreach(&blame->unclaimed_hunks, i, hunk)
+		free_hunk(hunk);
+	git_vector_free(&blame->unclaimed_hunks);
+
+	git_vector_foreach(&blame->paths, i, path)
+		git__free(path);
+	git_vector_free(&blame->paths);
+
+	git__free((void*)blame->path);
+	git_blob_free(blame->final_blob);
+	git__free(blame);
+}
+
+/*
+ * Construct a list of char indices for where lines begin
+ * Adapted from core git:
+ * https://github.com/gitster/git/blob/be5c9fb9049ed470e7005f159bb923a5f4de1309/builtin/blame.c#L1760-L1789
+ */
+static int index_blob_lines(git_blame *blame)
+{
+	const char *final_buf = git_blob_rawcontent(blame->final_blob);
+	const char *buf = final_buf;
+	git_off_t len = git_blob_rawsize(blame->final_blob);
+	int num = 0, incomplete = 0, bol = 1;
+
+	if (len && buf[len-1] != '\n')
+		incomplete++; /* incomplete line at the end */
+	while (len--) {
+		if (bol) {
+			blame->line_index = realloc(blame->line_index,
+					sizeof(int *) * (num + 1));
+			blame->line_index[num] = buf - final_buf;
+			bol = 0;
+		}
+		if (*buf++ == '\n') {
+			num++;
+			bol = 1;
+		}
+	}
+	blame->line_index = realloc(blame->line_index,
+			sizeof(int *) * (num + incomplete + 1));
+	blame->line_index[num + incomplete] = buf - final_buf;
+	blame->num_lines = num + incomplete;
+	return 0;
+}
+
+uint32_t git_blame_get_hunk_count(git_blame *blame)
+{
+	assert(blame);
+	return blame->hunks.length;
+}
+
+const git_blame_hunk *git_blame_get_hunk_byindex(git_blame *blame, uint32_t index)
+{
+	assert(blame);
+	return (git_blame_hunk*)git_vector_get(&blame->hunks, index);
+}
+
+const git_blame_hunk *git_blame_get_hunk_byline(git_blame *blame, uint32_t lineno)
+{
+	size_t i;
+	assert(blame);
+
+	if (!git_vector_bsearch2( &i, &blame->hunks, hunk_byline_search_cmp, &lineno)) {
+		return git_blame_get_hunk_byindex(blame, i);
+	}
+
+	return NULL;
+}
+
+static void normalize_options(
+		git_blame_options *out,
+		const git_blame_options *in,
+		git_repository *repo)
+{
+	git_blame_options dummy = GIT_BLAME_OPTIONS_INIT;
+	if (!in) in = &dummy;
+
+	memmove(out, in, sizeof(git_blame_options));
+
+	/* No newest_commit => HEAD */
+	if (git_oid_iszero(&out->newest_commit)) {
+		git_object *obj;
+		git_revparse_single(&obj, repo, ""HEAD"");
+		git_oid_cpy(&out->newest_commit, git_object_id(obj));
+		git_object_free(obj);
+	}
+}
+
+
+/*******************************************************************************
+ * Trivial blaming
+ *******************************************************************************/
+
+static int ptrs_equal_cmp(const void *a, const void *b) {
+	return
+		a < b ? -1 :
+		a > b ? 1  :
+		0;
+}
+
+static int trivial_file_cb(
+	const git_diff_delta *delta,
+	float progress,
+	void *payload)
+{
+	git_blame *blame = (git_blame*)payload;
+
+	GIT_UNUSED(progress);
+
+	blame->trivial_file_match = !git_vector_search(NULL, &blame->paths, delta->new_file.path);
+
+	/* File renames should be followed */
+	if (blame->trivial_file_match)
+		add_if_not_present(&blame->paths, delta->old_file.path);
+
+	return 0;
+}
+
+static int trivial_hunk_cb(
+	const git_diff_delta *delta,
+	const git_diff_range *range,
+	const char *header,
+	size_t header_len,
+	void *payload)
+{
+	git_blame *blame = (git_blame*)payload;
+
+	if (!blame->trivial_file_match) return 0;
+
+	GIT_UNUSED(header);
+	GIT_UNUSED(header_len);
+
+	if (git__strcmp(blame->path, delta->old_file.path)) {
+		DEBUGF(""===> Now tracking %s through %s\n"", blame->path, delta->old_file.path);
+	}
+
+	DEBUGF(""  Hunk: %s (%d-%d) <- %s (%d-%d)\n"",
+			delta->new_file.path,
+			range->new_start, range->new_start + max(0, range->new_lines - 1),
+			delta->old_file.path,
+			range->old_start, range->old_start + max(0, range->old_lines - 1));
+
+	blame->current_diff_line = range->new_start;
+
+	return 0;
+}
+
+static const char* raw_line(git_blame *blame, size_t i)
+{
+	return ((const char*)git_blob_rawcontent(blame->final_blob)) +
+		blame->line_index[i-1];
+}
+
+static git_blame_hunk *split_hunk_in_vector(git_vector *vec, git_blame_hunk *hunk, size_t at_line, bool return_new)
+{
+	size_t new_line_count;
+	git_blame_hunk *nh;
+
+	/* Don't split if already at a boundary */
+	if (line_is_at_start_of_hunk(at_line, hunk) ||
+	    line_is_at_end_of_hunk(at_line-1, hunk))
+	{
+		DEBUGF(""Not splitting hunk (%zd +%zd) at line %zd\n"",
+				hunk->final_start_line_number, hunk->lines_in_hunk-1, at_line);
+		return hunk;
+	}
+
+	new_line_count = hunk->final_start_line_number + hunk->lines_in_hunk - at_line;
+	DEBUGF(""Splitting hunk at line %zu (+%zu)\n"", at_line, new_line_count-1);
+	nh = new_hunk(at_line, new_line_count, at_line, hunk->orig_path);
+	git_oid_cpy(&nh->final_commit_id, &hunk->final_commit_id);
+	git_oid_cpy(&nh->orig_commit_id, &hunk->orig_commit_id);
+	hunk->lines_in_hunk -= (new_line_count);
+	git_vector_insert_sorted(vec, nh, NULL);
+	return return_new ? nh : hunk;
+}
+
+static void claim_hunk(git_blame *blame, git_blame_hunk *hunk, const char *orig_path)
+{
+	size_t i;
+
+#ifdef DO_DEBUG
+	{
+		char str[41]={0};
+		git_oid_tostr(str, 9, &blame->current_commit);
+		DEBUGF(""Claiming hunk for %s\n"", str);
+	}
+#endif
+
+	if (!git_vector_search2(&i, &blame->unclaimed_hunks, ptrs_equal_cmp, hunk)) {
+		git_vector_remove(&blame->unclaimed_hunks, i);
+	}
+
+	git_oid_cpy(&hunk->final_commit_id, &blame->current_commit);
+	git_oid_cpy(&hunk->orig_commit_id, &blame->current_commit);
+	hunk->orig_path = git__strdup(orig_path);
+
+	git_vector_insert_sorted(&blame->hunks, hunk, NULL);
+	blame->current_hunk = NULL;
+	dump_hunks(blame);
+}
+
+static void close_and_claim_current_hunk(git_blame *blame, const char *orig_path)
+{
+	size_t i;
+	git_blame_hunk *hunk = blame->current_hunk;
+
+	if (!hunk) {
+		DEBUGF(""Can't close NULL hunk\n"");
+		return;
+	}
+
+	DEBUGF(""Closing hunk at line %zu ('%s')\n"", blame->current_blame_line, orig_path);
+
+	/* Split this hunk if its end isn't at the current line */
+	hunk = split_hunk_in_vector(&blame->unclaimed_hunks, blame->current_hunk, blame->current_blame_line+1, false);
+
+	claim_hunk(blame, blame->current_hunk, orig_path);
+}
+
+static void match_line(git_blame *blame, const char *line, size_t len, const char *orig_path)
+{
+	git_blame_hunk *hunk = blame->current_hunk;
+	const char *raw = raw_line(blame, blame->current_blame_line);
+	size_t i, j;
+
+	/* First, try the current hunk's current line. */
+	if (hunk && !memcmp(raw, line, len)) {
+		DEBUGF(""•\n"");
+		return;
+	}
+
+	/* Blank lines shouldn't be searched for too hard */
+	if (len == 1) {
+		DEBUGF(""Blank line, giving up\n"");
+		return;
+	}
+
+	/* Do a linear search for a matching line in all unclaimed hunks */
+	git_vector_foreach(&blame->unclaimed_hunks, i, hunk) {
+		for (j = hunk->final_start_line_number;
+		     j < (size_t)hunk->final_start_line_number + hunk->lines_in_hunk;
+		     j++)
+		{
+			if (!memcmp(raw_line(blame, j), line, len)) {
+				close_and_claim_current_hunk(blame, orig_path);
+
+				DEBUGF(""matched at line %zu\n"", j);
+				blame->current_hunk = hunk;
+				blame->current_blame_line = j;
+				blame->current_hunk = split_hunk_in_vector(&blame->unclaimed_hunks, blame->current_hunk, j, true);
+				blame->current_hunk->orig_start_line_number = blame->current_diff_line;
+				return;
+			}
+		}
+	}
+
+	/* If we get this far, we didn't find a matching line. */
+	DEBUGF(""***Couldn't find string anywhere!\n"");
+	close_and_claim_current_hunk(blame, orig_path);
+}
+
+static int trivial_line_cb(
+	const git_diff_delta *delta,
+	const git_diff_range *range,
+	char line_origin,
+	const char *content,
+	size_t content_len,
+	void *payload)
+{
+	git_blame *blame = (git_blame*)payload;
+	git_blame_hunk *curhunk = blame->current_hunk;
+	if (!blame->trivial_file_match) return 0;
+
+#ifdef DO_DEBUG
+	{
+		char *str = git__substrdup(content, content_len);
+		DEBUGF(""    %c %zu %s"", line_origin, blame->current_diff_line, str);
+		git__free(str);
+	}
+#endif
+
+	if (line_origin == GIT_DIFF_LINE_ADDITION)
+		match_line(blame, content, content_len, delta->new_file.path);
+	/* DEBUGF(""(done with line %zu of %d)\n"", 
+			blame->current_diff_line,
+			range->new_start + range->new_lines); */
+
+	/* End of blame hunk or diff hunk? Close it off and claim it */
+	if ((blame->current_diff_line >= (size_t)(range->new_start + range->new_lines - 1)) ||
+	    (curhunk && (blame->current_blame_line >=
+	         (size_t)(curhunk->final_start_line_number + curhunk->lines_in_hunk - 1))))
+	{
+		close_and_claim_current_hunk(blame, delta->new_file.path);
+	}
+
+	if (line_origin == GIT_DIFF_LINE_ADDITION) {
+		blame->current_blame_line++;
+		blame->current_diff_line++;
+	}
+
+	return 0;
+}
+
+static int trivial_match(git_diff_list *diff, git_blame *blame)
+{
+	int error = git_diff_foreach(diff, trivial_file_cb, trivial_hunk_cb, trivial_line_cb, blame);
+	blame->current_hunk = NULL;
+	return error;
+}
+
+static int walk_and_mark(git_blame *blame, git_revwalk *walk)
+{
+	git_oid oid;
+	int error;
+
+	while (!(error = git_revwalk_next(&oid, walk))) {
+		git_commit *commit = NULL,
+		           *parent = NULL;
+		git_tree *committree = NULL,
+		         *parenttree = NULL;
+		git_diff_list *diff = NULL;
+		git_diff_options diffopts = GIT_DIFF_OPTIONS_INIT;
+		git_diff_find_options diff_find_opts = GIT_DIFF_FIND_OPTIONS_INIT;
+
+#ifdef DO_DEBUG
+		{
+			char str[41] = {0};
+			git_oid_tostr(str, 9, &oid);
+			DEBUGF(""Rev %s\n"", str);
+		}
+#endif
+
+		if ((error = git_commit_lookup(&commit, blame->repository, &oid)) < 0)
+			break;
+
+		/* TODO: consider merge commits */
+		if (git_commit_parentcount(commit) > 1)
+			continue;
+
+		error = git_commit_parent(&parent, commit, 0);
+		if (error != 0 && error != GIT_ENOTFOUND)
+			goto cleanup;
+
+		/* Get the trees from this commit and its parent */
+		if ((error = git_commit_tree(&committree, commit)) < 0)
+			goto cleanup;
+		if (parent && ((error = git_commit_tree(&parenttree, parent)) < 0))
+			goto cleanup;
+
+		/* Configure the diff */
+		diffopts.context_lines = 0;
+
+		/* Check to see if files we're interested in have changed */
+		diffopts.pathspec.count = blame->paths.length;
+		diffopts.pathspec.strings = (char**)blame->paths.contents;
+		if ((error = git_diff_tree_to_tree(&diff, blame->repository, parenttree, committree, &diffopts)) < 0)
+			goto cleanup;
+
+		/* Generate a full diff between the two trees */
+		if (git_diff_num_deltas(diff) > 0) {
+			diffopts.pathspec.count = 0;
+			if ((error = git_diff_tree_to_tree(&diff, blame->repository, parenttree, committree, &diffopts)) < 0)","Oooh, thanks!
",7dcb1c452582d2a83ca1ad8858cb95ab20d6e13d
5910736,0,"Word.""",2013-08-21 10:00:48,vmg,libgit2,libgit2,,https://github.com/libgit2/libgit2/pull/1804#discussion_r5910736,2013-08-21T22:00:48Z,2013-08-28T13:30:34Z,vmg,MEMBER,include/git2/diff.h,,,,,1,"@@ -454,6 +454,9 @@ typedef int (*git_diff_data_cb)(
 	GIT_DIFF_FIND_DONT_IGNORE_WHITESPACE = (1 << 13),
 	/** measure similarity only by comparing SHAs (fast and cheap) */
 	GIT_DIFF_FIND_EXACT_MATCH_ONLY = (1 << 14),
+
+	/** do not break rewrites unless they contribute to a rename */
+	GIT_DIFF_FIND_REWRITES_FOR_RENAMES_ONLY = (1 << 15),","Word.
",17c7fbf6d276443344c54f55800367b9837c0259
5698732,1,"Yeah, I may have been a bit overzealous. This is a great suggestion, I'll switch them over.""",2013-08-10 09:58:26,ben,libgit2,libgit2,,https://github.com/libgit2/libgit2/pull/1767#discussion_r5698732,2013-08-10T21:58:26Z,2013-08-13T17:20:38Z,ben,MEMBER,src/win32/utf-conv.h,,,,,1,"@@ -6,14 +6,30 @@
  */
 
 #include <wchar.h>
+#include ""common.h""
 
 #ifndef INCLUDE_git_utfconv_h__
 #define INCLUDE_git_utfconv_h__
 
-#define GIT_WIN_PATH (260 + 1)
+#define GIT_WIN_PATH_UTF16 (260 + 1)
+#define GIT_WIN_PATH_UTF8  (260 * 4 + 1)
 
-int git__utf8_to_16(wchar_t *dest, size_t length, const char *src);
-int git__utf16_to_8(char *dest, const wchar_t *src);
+typedef wchar_t git_win32_path_utf16[GIT_WIN_PATH_UTF16];
+typedef char git_win32_path_utf8[GIT_WIN_PATH_UTF8];
 
-#endif
+/** dest_size is the size of dest in wchar_t's */
+int git__utf8_to_16(wchar_t *dest, size_t dest_size, const char *src);
+/** dest_size is the size of dest in char's */
+int git__utf16_to_8(char *dest, size_t dest_size, const wchar_t *src);
+
+GIT_INLINE(int) git__win32_path_utf8_to_16(git_win32_path_utf16 dest, const git_win32_path_utf8 src)","Yeah, I may have been a bit overzealous. This is a great suggestion, I'll switch them over.
",0228a514294bcb9d23bf24c61199a1a3e34d4772
4322056,1,"Doh. Fixed!""",2013-05-21 05:34:47,nulltoken,libgit2,libgit2,,https://github.com/libgit2/libgit2/pull/1594#discussion_r4322056,2013-05-21T17:34:47Z,2013-05-21T17:34:47Z,nulltoken,MEMBER,tests-clar/object/tag/write.c,,,,,1,"@@ -220,3 +220,41 @@ void test_object_tag_write__deleting_with_an_invalid_name_returns_EINVALIDSPEC(v
 {
 	cl_assert_equal_i(GIT_EINVALIDSPEC, git_tag_delete(g_repo, ""Inv@{id""));
 }
+
+void create_annotation(git_oid *tag_id, const char *name)
+{
+	git_object *target;
+	git_oid target_id;
+	git_signature *tagger;
+
+	cl_git_pass(git_signature_new(&tagger, tagger_name, tagger_email, 123456789, 60));
+
+	git_oid_fromstr(&target_id, tagged_commit);
+	cl_git_pass(git_object_lookup(&target, g_repo, &target_id, GIT_OBJ_COMMIT));
+
+	cl_git_pass(git_tag_annotation_create(tag_id, g_repo, name, target, tagger, ""boom!""));
+	git_object_free(target);
+	git_signature_free(tagger);
+}
+
+void test_object_tag_write__creating_an_annotation_stores_the_new_object_in_the_obd(void)","Doh. Fixed!
",b81cc1d63bb42dde993979cda49550d2c224d9ed
4173070,0,"So yes, ```libssh2_userauth_publickey_fromfile``` wraps ```libssh2_userauth_publickey``` but if you have already read and parsed the key, no need to go back to the disk and parse it again.""",2013-05-10 03:42:57,bmorganpa,libgit2,libgit2,,https://github.com/libgit2/libgit2/pull/1558#discussion_r4173070,2013-05-10T15:42:57Z,2013-05-15T16:51:46Z,bmorganpa,NONE,include/git2/transport.h,,,,,1,"@@ -57,6 +84,42 @@
 	const char *username,
 	const char *password);
 
+#ifdef GIT_SSH
+/**
+ * Creates a new ssh key file and passphrase credential object.
+ * The supplied credential parameter will be internally duplicated.
+ *
+ * @param out The newly created credential object.
+ * @param publickey The path to the public key of the credential.
+ * @param privatekey The path to the private key of the credential.
+ * @param passphrase The passphrase of the credential.
+ * @return 0 for success or an error code for failure
+ */
+GIT_EXTERN(int) git_cred_ssh_keyfile_passphrase_new(
+	git_cred **out,
+	const char *publickey,
+	const char *privatekey,
+    const char *passphrase);
+
+/**
+ * Creates a new ssh public key credential object.
+ * The supplied credential parameter will be internally duplicated.
+ *
+ * @param out The newly created credential object.
+ * @param publickey The bytes of the public key.
+ * @param publickey_len The length of the public key in bytes.
+ * @param sign_callback The callback method for authenticating.
+ * @param sign_data The abstract data sent to the sign_callback method.
+ * @return 0 for success or an error code for failure
+ */
+GIT_EXTERN(int) git_cred_ssh_publickey_new(
+	git_cred **out,
+	const char *publickey,
+    size_t publickey_len,
+    LIBSSH2_USERAUTH_PUBLICKEY_SIGN_FUNC((*sign_callback)),","So yes, `libssh2_userauth_publickey_fromfile` wraps `libssh2_userauth_publickey` but if you have already read and parsed the key, no need to go back to the disk and parse it again.
",84ac625ddd1135755030dfb01b2be965e7cacb2f
4237852,1,"@arrbee's implementation is significantly more elegant. Please use it! :)""",2013-05-15 04:02:23,vmg,libgit2,libgit2,,https://github.com/libgit2/libgit2/pull/1558#discussion_r4237852,2013-05-15T16:02:23Z,2013-05-15T16:51:46Z,vmg,MEMBER,src/transports/cred.c,,,,,1,"@@ -58,3 +58,131 @@ int git_cred_userpass_plaintext_new(
 	*cred = &c->parent;
 	return 0;
 }
+
+#ifdef GIT_SSH
+static void ssh_keyfile_passphrase_free(struct git_cred *cred)
+{
+	git_cred_ssh_keyfile_passphrase *c = (git_cred_ssh_keyfile_passphrase *)cred;
+	size_t pass_len = strlen(c->passphrase);
+
+    if (c->publickey) {
+        git__free(c->publickey);
+    }
+    
+	git__free(c->privatekey);
+
+    if (c->passphrase) {
+        /* Zero the memory which previously held the passphrase */
+        memset(c->passphrase, 0x0, pass_len);
+        git__free(c->passphrase);
+    }
+
+	memset(c, 0, sizeof(*c));
+
+	git__free(c);
+}
+
+int git_cred_ssh_keyfile_passphrase_new(
+	git_cred **cred,
+	const char *publickey,
+	const char *privatekey,
+	const char *passphrase)
+{
+	git_cred_ssh_keyfile_passphrase *c;
+
+	if (!cred)
+		return -1;
+
+	c = git__malloc(sizeof(git_cred_ssh_keyfile_passphrase));
+	GITERR_CHECK_ALLOC(c);
+
+	c->parent.credtype = GIT_CREDTYPE_SSH_KEYFILE_PASSPHRASE;
+	c->parent.free = ssh_keyfile_passphrase_free;
+    
+    c->privatekey = git__strdup(privatekey);
+    
+	if (!c->privatekey) {
+		git__free(c);
+		return -1;
+	}
+    
+    if (publickey) {
+        c->publickey = git__strdup(publickey);
+
+        if (!c->publickey) {
+            git__free(c->privatekey);
+            git__free(c);
+            return -1;
+        }
+    } else {
+        c->publickey = NULL;
+    }
+    
+    if (passphrase) {
+        c->passphrase = git__strdup(passphrase);
+        
+        if (!c->passphrase) {
+            git__free(c->privatekey);
+            if (c->publickey) {
+                git__free(c->publickey);
+            }
+            git__free(c);
+            return -1;
+        }","@arrbee's implementation is significantly more elegant. Please use it! :)
",84ac625ddd1135755030dfb01b2be965e7cacb2f
3327657,2,"I thought that isolating it here might be better than what I was doing with GIT_STDLIB_CALL in hashsig.c, but I can do better. I'll make a `p_qsort_r` and move the glue shit into there. Sorry!!! """,2013-03-11 12:51:15,arrbee,libgit2,libgit2,,https://github.com/libgit2/libgit2/pull/1408#discussion_r3327657,2013-03-11T23:51:15Z,2013-03-11T23:51:15Z,arrbee,MEMBER,src/util.c,,626.0,,,20,"@@ -607,3 +607,55 @@ size_t git__unescape(char *str)
 
 	return (pos - str);
 }
+
+#if defined(GIT_WIN32) || defined(BSD)
+typedef struct {
+	git__sort_r_cmp cmp;
+	void *payload;
+} git__qsort_r_glue;
+
+static int GIT_STDLIB_CALL git__qsort_r_glue_cmp(
+	void *payload, const void *a, const void *b)
+{
+	git__qsort_r_glue *glue = payload;
+	return glue->cmp(a, b, glue->payload);
+}
+#endif
+
+void git__qsort_r(
+	void *els, size_t nel, size_t elsize, git__sort_r_cmp cmp, void *payload)","I thought that isolating it here might be better than what I was doing with GIT_STDLIB_CALL in hashsig.c, but I can do better. I'll make a `p_qsort_r` and move the glue shit into there. Sorry!!!
",62beacd300a6d3c62943723928f45ef852485e62
1899246,0,"Well, the eventual goal is to have a full `git_clone` command in the API... But regardless, I'd say this needs to be exported. I'm sure somebody will want to implement some kind of whackass partial clone or the likes.""",2012-10-21 08:43:36,vmg,libgit2,libgit2,,https://github.com/libgit2/libgit2/pull/1006#discussion_r1899246,2012-10-21T20:43:36Z,2012-10-22T02:03:43Z,vmg,MEMBER,src/remote.h,,,,,1,"@@ -32,4 +32,6 @@ struct git_remote {
 
 const char* git_remote__urlfordirection(struct git_remote *remote, int direction);
 
+git_remote_head *git_remote_get_head(git_remote *remote);","Well, the eventual goal is to have a full `git_clone` command in the API... But regardless, I'd say this needs to be exported. I'm sure somebody will want to implement some kind of whackass partial clone or the likes.
",c497a63bd6ac0f07b06b18e4891771fdbcd31dd6
1561172,0,"No, git will always put correctness first over optimization. So we will check if the file is binary, even if it means loading the whole thing in memory (but if you _have_ a streaming API, then obviously you should only load the first 4K to make that deter""",2012-09-08 09:23:55,peff,libgit2,libgit2,,https://github.com/libgit2/libgit2/pull/916#discussion_r1561172,2012-09-08T21:23:55Z,2012-09-11T19:05:17Z,peff,MEMBER,src/diff_output.c,,,,,1,"@@ -263,18 +275,40 @@ static void setup_xdiff_options(
 
 static int get_blob_content(
 	git_repository *repo,
-	const git_oid *oid,
+	git_diff_file *file,
 	git_map *map,
 	git_blob **blob)
 {
-	if (git_oid_iszero(oid))
+	int error;
+	git_odb *odb;
+	size_t len;
+	git_otype type;
+
+	if (git_oid_iszero(&file->oid))
 		return 0;
 
-	if (git_blob_lookup(blob, repo, oid) < 0)
-		return -1;
+	/* peek at object header to avoid loading if too large */
+	if ((error = git_repository_odb__weakptr(&odb, repo)) < 0 ||
+		(error = git_odb_read_header(&len, &type, odb, &file->oid)) < 0)
+		return error;
+
+	assert(type == GIT_OBJ_BLOB);
+
+	/* if blob is too large to diff, mark as binary */
+	if (len > MAX_DIFF_FILESIZE) {","No, git will always put correctness first over optimization. So we will check if the file is binary, even if it means loading the whole thing in memory (but if you _have_ a streaming API, then obviously you should only load the first 4K to make that determination. And use the `-diff` gitattribute, of course. Git doesn't do the streaming thing now, but it should). The size of the file never impacts the decision on whether it's binary. But once we know it's binary, then we can avoid loading it if we haven't already.

We do a similar thing with filters. We used to fail to run filters for the large-file streaming code paths, but that's wrong. You can't stream in the face of filters (well, you can, but it's tricky), so now we do the correct thing, and avoid the optimization if we have to.

In practice I doubt it comes up much, because large files _are_ going to be binary. So it's important to be optimistic about making sure the optimizations work in the common cases, but fail to slow-but-correct if we have to.
",1f35e89dbf6e0be8952cc4324a45fd600be5ca05
1003891,0,"I've been told that readdir() is """"probably"""" threadsafe, so I'll take my chances with it for now.""",2012-06-18 06:19:13,chris-y,libgit2,libgit2,,https://github.com/libgit2/libgit2/pull/766#discussion_r1003891,2012-06-18T18:19:13Z,2012-06-20T19:36:25Z,chris-y,CONTRIBUTOR,src/posix.h,,,,,1,"@@ -83,6 +83,10 @@
 #	include ""unix/posix.h""
 #endif
 
-#define p_readdir_r(d,e,r) readdir_r(d,e,r)
+#ifndef NO_READDIR_R
+#define p_readdir_r(d,e,r) readdir_r(d,e,&r)
+#else
+#define p_readdir_r(d,e,r) r = readdir(d)","I've been told that readdir() is ""probably"" threadsafe, so I'll take my chances with it for now.
",db5a6ec72b63c986cca764c75f9d3d720cff44ef
586595,1,"Feels good man.""",2012-03-21 06:50:06,vmg,libgit2,libgit2,,https://github.com/libgit2/libgit2/pull/602#discussion_r586595,2012-03-21T17:50:06Z,2012-03-21T17:50:06Z,vmg,MEMBER,src/index.c,,291.0,,,104,"@@ -293,6 +288,20 @@ unsigned int git_index_entrycount_unmerged(git_index *index)
 	return git_vector_get(&index->entries, n);
 }
 
+void git_index__init_entry_from_stat(struct stat *st, git_index_entry *entry)","Feels good man.
",a4c291ef128e870d4e748dedfb3798c33df0ac15
482922,1,"Well, the test was not previously recursing into directories and I decided that led to a very shallow test case. So I tweaked the test to be more thorough - and I removed my emacs backup file as well. :-) In retrospect, I probably should not have combined""",2012-02-23 12:16:45,arrbee,libgit2,libgit2,,https://github.com/libgit2/libgit2/pull/570#discussion_r482922,2012-02-23T23:16:45Z,2012-02-23T23:16:45Z,arrbee,MEMBER,tests-clar/diff/iterator.c,,335.0,,,335,"@@ -0,0 +1,364 @@
+#include ""clar_libgit2.h""
+#include ""diff_helpers.h""
+#include ""iterator.h""
+
+static git_repository *g_repo = NULL;
+static const char *g_sandbox = NULL;
+
+static void setup_sandbox(const char *sandbox)
+{
+	cl_fixture_sandbox(sandbox);
+	g_sandbox = sandbox;
+
+	p_chdir(sandbox);
+	cl_git_pass(p_rename("".gitted"", "".git""));
+	if (p_access(""gitattributes"", F_OK) == 0)
+		cl_git_pass(p_rename(""gitattributes"", "".gitattributes""));
+	if (p_access(""gitignore"", F_OK) == 0)
+		cl_git_pass(p_rename(""gitignore"", "".gitignore""));
+	p_chdir("".."");
+
+	cl_git_pass(git_repository_open(&g_repo, sandbox));
+}
+
+static void cleanup_sandbox(void)
+{
+	if (g_repo) {
+		git_repository_free(g_repo);
+		g_repo = NULL;
+	}
+	if (g_sandbox) {
+		cl_fixture_cleanup(g_sandbox);
+		g_sandbox = NULL;
+	}
+}
+
+void test_diff_iterator__initialize(void)
+{
+	/* since we are doing tests with different sandboxes, defer setup
+	 * to the actual tests.  cleanup will still be done in the global
+	 * cleanup function so that assertion failures don't result in a
+	 * missed cleanup.
+	 */
+}
+
+void test_diff_iterator__cleanup(void)
+{
+	cleanup_sandbox();
+}
+
+
+/* -- TREE ITERATOR TESTS -- */
+
+static void tree_iterator_test(
+	const char *sandbox,
+	const char *treeish,
+	int expected_count,
+	const char **expected_values)
+{
+	git_tree *t;
+	git_iterator *i;
+	const git_index_entry *entry;
+	int count = 0;
+
+	setup_sandbox(sandbox);
+
+	cl_assert(t = resolve_commit_oid_to_tree(g_repo, treeish));
+	cl_git_pass(git_iterator_for_tree(g_repo, t, &i));
+	cl_git_pass(git_iterator_current(i, &entry));
+
+	while (entry != NULL) {
+		if (expected_values != NULL)
+			cl_assert_strequal(expected_values[count], entry->path);
+
+		count++;
+
+		cl_git_pass(git_iterator_advance(i, &entry));
+	}
+
+	git_iterator_free(i);
+
+	cl_assert(expected_count == count);
+
+	git_tree_free(t);
+}
+
+/* results of: git ls-tree -r --name-only 605812a */
+const char *expected_tree_0[] = {
+	"".gitattributes"",
+	""attr0"",
+	""attr1"",
+	""attr2"",
+	""attr3"",
+	""binfile"",
+	""macro_test"",
+	""root_test1"",
+	""root_test2"",
+	""root_test3"",
+	""root_test4.txt"",
+	""subdir/.gitattributes"",
+	""subdir/abc"",
+	""subdir/subdir_test1"",
+	""subdir/subdir_test2.txt"",
+	""subdir2/subdir2_test1"",
+	NULL
+};
+
+void test_diff_iterator__tree_0(void)
+{
+	tree_iterator_test(""attr"", ""605812a"", 16, expected_tree_0);
+}
+
+/* results of: git ls-tree -r --name-only 6bab5c79 */
+const char *expected_tree_1[] = {
+	"".gitattributes"",
+	""attr0"",
+	""attr1"",
+	""attr2"",
+	""attr3"",
+	""root_test1"",
+	""root_test2"",
+	""root_test3"",
+	""root_test4.txt"",
+	""subdir/.gitattributes"",
+	""subdir/subdir_test1"",
+	""subdir/subdir_test2.txt"",
+	""subdir2/subdir2_test1"",
+	NULL
+};
+
+void test_diff_iterator__tree_1(void)
+{
+	tree_iterator_test(""attr"", ""6bab5c79cd5"", 13, expected_tree_1);
+}
+
+/* results of: git ls-tree -r --name-only 26a125ee1 */
+const char *expected_tree_2[] = {
+	""current_file"",
+	""file_deleted"",
+	""modified_file"",
+	""staged_changes"",
+	""staged_changes_file_deleted"",
+	""staged_changes_modified_file"",
+	""staged_delete_file_deleted"",
+	""staged_delete_modified_file"",
+	""subdir.txt"",
+	""subdir/current_file"",
+	""subdir/deleted_file"",
+	""subdir/modified_file"",
+	NULL
+};
+
+void test_diff_iterator__tree_2(void)
+{
+	tree_iterator_test(""status"", ""26a125ee1"", 12, expected_tree_2);
+}
+
+/* $ git ls-tree -r --name-only 0017bd4ab1e */
+const char *expected_tree_3[] = {
+	""current_file"",
+	""file_deleted"",
+	""modified_file"",
+	""staged_changes"",
+	""staged_changes_file_deleted"",
+	""staged_changes_modified_file"",
+	""staged_delete_file_deleted"",
+	""staged_delete_modified_file""
+};
+
+void test_diff_iterator__tree_3(void)
+{
+	tree_iterator_test(""status"", ""0017bd4ab1e"", 8, expected_tree_3);
+}
+
+
+/* -- INDEX ITERATOR TESTS -- */
+
+static void index_iterator_test(
+	const char *sandbox,
+	int expected_count,
+	const char **expected_names,
+	const char **expected_oids)
+{
+	git_iterator *i;
+	const git_index_entry *entry;
+	int count = 0;
+
+	setup_sandbox(sandbox);
+
+	cl_git_pass(git_iterator_for_index(g_repo, &i));
+	cl_git_pass(git_iterator_current(i, &entry));
+
+	while (entry != NULL) {
+		if (expected_names != NULL)
+			cl_assert_strequal(expected_names[count], entry->path);
+
+		if (expected_oids != NULL) {
+			git_oid oid;
+			cl_git_pass(git_oid_fromstr(&oid, expected_oids[count]));
+			cl_assert(git_oid_cmp(&oid, &entry->oid) == 0);
+		}
+
+		count++;
+		cl_git_pass(git_iterator_advance(i, &entry));
+	}
+
+	git_iterator_free(i);
+
+	cl_assert(count == expected_count);
+}
+
+static const char *expected_index_0[] = {
+	""attr0"",
+	""attr1"",
+	""attr2"",
+	""attr3"",
+	""binfile"",
+	""gitattributes"",
+	""macro_bad"",
+	""macro_test"",
+	""root_test1"",
+	""root_test2"",
+	""root_test3"",
+	""root_test4.txt"",
+	""subdir/.gitattributes"",
+	""subdir/abc"",
+	""subdir/subdir_test1"",
+	""subdir/subdir_test2.txt"",
+	""subdir2/subdir2_test1"",
+};
+
+static const char *expected_index_oids_0[] = {
+	""556f8c827b8e4a02ad5cab77dca2bcb3e226b0b3"",
+	""3b74db7ab381105dc0d28f8295a77f6a82989292"",
+	""2c66e14f77196ea763fb1e41612c1aa2bc2d8ed2"",
+	""c485abe35abd4aa6fd83b076a78bbea9e2e7e06c"",
+	""d800886d9c86731ae5c4a62b0b77c437015e00d2"",
+	""2b40c5aca159b04ea8d20ffe36cdf8b09369b14a"",
+	""5819a185d77b03325aaf87cafc771db36f6ddca7"",
+	""ff69f8639ce2e6010b3f33a74160aad98b48da2b"",
+	""45141a79a77842c59a63229403220a4e4be74e3d"",
+	""45141a79a77842c59a63229403220a4e4be74e3d"",
+	""45141a79a77842c59a63229403220a4e4be74e3d"",
+	""fb5067b1aef3ac1ada4b379dbcb7d17255df7d78"",
+	""99eae476896f4907224978b88e5ecaa6c5bb67a9"",
+	""3e42ffc54a663f9401cc25843d6c0e71a33e4249"",
+	""e563cf4758f0d646f1b14b76016aa17fa9e549a4"",
+	""fb5067b1aef3ac1ada4b379dbcb7d17255df7d78"",
+	""dccada462d3df8ac6de596fb8c896aba9344f941""
+};
+
+void test_diff_iterator__index_0(void)
+{
+	index_iterator_test(""attr"", 17, expected_index_0, expected_index_oids_0);
+}
+
+static const char *expected_index_1[] = {
+	""current_file"",
+	""file_deleted"",
+	""modified_file"",
+	""staged_changes"",
+	""staged_changes_file_deleted"",
+	""staged_changes_modified_file"",
+	""staged_new_file"",
+	""staged_new_file_deleted_file"",
+	""staged_new_file_modified_file"",
+	""subdir.txt"",
+	""subdir/current_file"",
+	""subdir/deleted_file"",
+	""subdir/modified_file"",
+};
+
+static const char* expected_index_oids_1[] = {
+	""a0de7e0ac200c489c41c59dfa910154a70264e6e"",
+	""5452d32f1dd538eb0405e8a83cc185f79e25e80f"",
+	""452e4244b5d083ddf0460acf1ecc74db9dcfa11a"",
+	""55d316c9ba708999f1918e9677d01dfcae69c6b9"",
+	""a6be623522ce87a1d862128ac42672604f7b468b"",
+	""906ee7711f4f4928ddcb2a5f8fbc500deba0d2a8"",
+	""529a16e8e762d4acb7b9636ff540a00831f9155a"",
+	""90b8c29d8ba39434d1c63e1b093daaa26e5bd972"",
+	""ed062903b8f6f3dccb2fa81117ba6590944ef9bd"",
+	""e8ee89e15bbe9b20137715232387b3de5b28972e"",
+	""53ace0d1cc1145a5f4fe4f78a186a60263190733"",
+	""1888c805345ba265b0ee9449b8877b6064592058"",
+	""a6191982709b746d5650e93c2acf34ef74e11504""
+};
+
+void test_diff_iterator__index_1(void)
+{
+	index_iterator_test(""status"", 13, expected_index_1, expected_index_oids_1);
+}
+
+
+/* -- WORKDIR ITERATOR TESTS -- */
+
+static void workdir_iterator_test(
+	const char *sandbox,
+	int expected_count,
+	int expected_ignores,
+	const char **expected_names,
+	const char *an_ignored_name)
+{
+	git_iterator *i;
+	const git_index_entry *entry;
+	int count = 0, count_all = 0;
+
+	setup_sandbox(sandbox);
+
+	cl_git_pass(git_iterator_for_workdir(g_repo, &i));
+	cl_git_pass(git_iterator_current(i, &entry));
+
+	while (entry != NULL) {
+		int ignored = git_iterator_current_is_ignored(i);
+
+		if (!ignored && S_ISDIR(entry->mode)) {
+			cl_git_pass(git_iterator_advance_into_directory(i, &entry));
+			continue;
+		}
+
+		if (expected_names != NULL)
+			cl_assert_strequal(expected_names[count_all], entry->path);
+
+		if (an_ignored_name && strcmp(an_ignored_name,entry->path)==0)
+			cl_assert(ignored);
+
+		if (!ignored)
+			count++;
+		count_all++;
+
+		cl_git_pass(git_iterator_advance(i, &entry));
+	}
+
+	git_iterator_free(i);
+
+	cl_assert(count == expected_count);","Well, the test was not previously recursing into directories and I decided that led to a very shallow test case. So I tweaked the test to be more thorough - and I removed my emacs backup file as well. :-) In retrospect, I probably should not have combined both changes into a single commit, but I hope we've at least ended up with the right outcome.
",0534641dfec001794ae9a83cfd1cfc7acaef97b7
345485,1,"Sure, I'd be happy to. I have mixed feeling about this, but the way I was using it, I was having to shove so much stuff into a big structure for the callback to work right. Let me look again if I can rewrite it cleanly now that I have everything else work""",2012-01-11 12:31:19,arrbee,libgit2,libgit2,,https://github.com/libgit2/libgit2/pull/531#discussion_r345485,2012-01-11T23:31:19Z,2012-01-16T23:31:27Z,arrbee,MEMBER,src/path.h,,,,,1,"@@ -77,4 +77,27 @@
 extern int git__percent_decode(git_buf *decoded_out, const char *input);
 extern int git_path_fromurl(git_buf *local_path_out, const char *file_url);
 
+/*
+ * Use as:
+ *
+ *     git_path_walk_up(
+ *         git_buf *path, git_buf *iterator, const char *root_path,
+ *         ... CALLBACK CODE ...)
+ *
+ * to invoke callback directory by directory up the path until the root_path
+ * is reached (inclusive of a final call at the root_path).  If root path is
+ * NULL or the path is not contained in the root_path, then the callback
+ * code will be invoked just once on input path.
+ */
+#define git_path_walk_up(B,IB,ROOT,CODE) do { \","Sure, I'd be happy to. I have mixed feeling about this, but the way I was using it, I was having to shove so much stuff into a big structure for the callback to work right. Let me look again if I can rewrite it cleanly now that I have everything else working, otherwise I'll just improve the docs.
",cfbc880d8a407bcd2074dda4221d337daf72195c
330954,2,"Argh! My bad. Thanks for having spotted this.  BTW, why commenting out the code instead of removing it?""",2012-01-05 09:32:30,nulltoken,libgit2,libgit2,,https://github.com/libgit2/libgit2/pull/527#discussion_r330954,2012-01-05T20:32:30Z,2012-01-05T20:32:30Z,nulltoken,MEMBER,tests-clay/object/commit/commitstagedfile.c,,11.0,,,6,"@@ -7,7 +7,9 @@ void test_object_commit_commitstagedfile__initialize(void)
 {
 	cl_fixture(""treebuilder"");
 	cl_git_pass(git_repository_init(&repo, ""treebuilder/"", 0));
-	cl_git_pass(git_repository_open(&repo, ""treebuilder/.git""));
+	/* just initialized, so open not needed...
+	 * cl_git_pass(git_repository_open(&repo, ""treebuilder/.git""));","Argh! My bad. Thanks for having spotted this. 
BTW, why commenting out the code instead of removing it?
",990f999860e75eac620df5f9e490fd8d445b0857
331136,2,"I'm wary about this. The rounding strikes me as arbitrary, why did you choose this exact value?""",2012-01-05 10:42:34,vmg,libgit2,libgit2,,https://github.com/libgit2/libgit2/pull/527#discussion_r331136,2012-01-05T21:42:34Z,2012-01-05T21:42:34Z,vmg,MEMBER,src/delta-apply.c,,60.0,,,5,"@@ -57,7 +57,7 @@ int git__delta_apply(
 	if (hdr_sz(&res_sz, &delta, delta_end) < 0)
 		return git__throw(GIT_ERROR, ""Failed to apply delta. Base size does not match given data"");
 
-	if ((res_dp = git__malloc(res_sz + 1)) == NULL)
+	if ((res_dp = git__malloc((res_sz + 16) & ~7)) == NULL)","I'm wary about this. The rounding strikes me as arbitrary, why did you choose this exact value?
",990f999860e75eac620df5f9e490fd8d445b0857
103030,2,"This is the only one that bothers me. If an old compilers fails to optimize a static `strlen`, that's ok, the code will run a bit slower... But if an old compiler fails to optimize this one, this will just not compile. We need to change this to a numeric """,2011-08-25 07:16:44,vmg,libgit2,libgit2,,https://github.com/libgit2/libgit2/pull/379#discussion_r103030,2011-08-25T19:16:44Z,2011-08-25T21:02:27Z,vmg,MEMBER,src/pkt.c,,,,,1,"@@ -302,10 +302,10 @@ int git_pkt_send_wants(git_headarray *refs, git_transport_caps *caps, int fd)
 {
 	unsigned int i = 0;
 	int error = GIT_SUCCESS;
-	char buf[STRLEN(WANT_PREFIX) + GIT_OID_HEXSZ + 2];
+	char buf[strlen(WANT_PREFIX) + GIT_OID_HEXSZ + 2];","This is the only one that bothers me. If an old compilers fails to optimize a static `strlen`, that's ok, the code will run a bit slower... But if an old compiler fails to optimize this one, this will just not compile. We need to change this to a numeric constant.
",85b91652018867d67642cb3207084561b85969af
67042,0,"This is a bug in another library, not ours. ZLib does not touch the data pointed by `next_in` (it only touches the pointer itself, to move it forward), but even with that the signature of the pointer is not constant.  There is nothing we can do about this""",2011-07-17 06:59:18,vmg,libgit2,libgit2,,https://github.com/libgit2/libgit2/pull/328#discussion_r67042,2011-07-17T18:59:18Z,2011-07-17T18:59:18Z,vmg,MEMBER,src/filebuf.c,,119.0,,,14,"@@ -116,7 +116,14 @@ static int write_deflate(git_filebuf *file, const void *source, size_t len)
 	z_stream *zs = &file->zs;
 
 	if (len > 0 || file->flush_mode == Z_FINISH) {
-		zs->next_in = (void *)source;
+		void *data;","This is a bug in another library, not ours. ZLib does not touch the data pointed by `next_in` (it only touches the pointer itself, to move it forward), but even with that the signature of the pointer is not constant.

There is nothing we can do about this -- ZLib is our dependency, so the only possible fix is to change the signature of `write_normal` and `write_deflate` so that the `source` arg is not constant.

This should be a good enough fix, since `source` is always `file->buffer` which is already not constant, and will be immediately discarded (written over) after `write_deflate` is called, so it doesn't really matter if ZLib goes crazy someday and starts overwriting our buffer.

Cheers.
",9bdf0ecdb57092c17475711783344f8984ad49f9
67079,0,"Anyway, here's how the method should look:  ~~~~c int git_filebuf_write(git_filebuf *file, const void *buff, size_t len) {  int error;  const unsigned char *buf = buff;   for (;;) {   size_t space_left = file->buf_size - file->buf_pos;    /* cache if it's""",2011-07-17 12:22:28,vmg,libgit2,libgit2,,https://github.com/libgit2/libgit2/pull/328#discussion_r67079,2011-07-18T00:22:28Z,2011-07-18T00:22:28Z,vmg,MEMBER,src/filebuf.c,,119.0,,,14,"@@ -116,7 +116,14 @@ static int write_deflate(git_filebuf *file, const void *source, size_t len)
 	z_stream *zs = &file->zs;
 
 	if (len > 0 || file->flush_mode == Z_FINISH) {
-		zs->next_in = (void *)source;
+		void *data;","Anyway, here's how the method should look:

``` c
int git_filebuf_write(git_filebuf *file, const void *buff, size_t len)
{
    int error;
    const unsigned char *buf = buff;

    for (;;) {
        size_t space_left = file->buf_size - file->buf_pos;

        /* cache if it's small */
        if (space_left > len) {
            add_to_cache(file, buf, len);
            return GIT_SUCCESS;
        }

        add_to_cache(file, buf, space_left);

        if ((error = flush_buffer(file)) < GIT_SUCCESS)
            return git__rethrow(error, ""Failed to write to buffer"");

        len -= space_left;
        buf += space_left;
    }
}
```
",9bdf0ecdb57092c17475711783344f8984ad49f9
6498737,0,"callbacks""""""",2013-09-20 09:43:02,ben,libgit2,libgit2,,https://github.com/libgit2/libgit2/pull/1855#discussion_r6498737,2013-09-20T21:43:02Z,2013-10-02T12:07:30Z,ben,MEMBER,include/git2/remote.h,,,,,1,"@@ -397,13 +400,47 @@
 /**
  * The callback settings structure
  *
- * Set the calbacks to be called by the remote.
+ * Set the calbacks to be called by the remote when informing the user","""callbacks""
",0e0cf78773bea0d06298ba3bf981a3be839041df
6250631,1,"@ben No, Sir. I didn't, Sir. I wish I had, though.  You'll have to **[(git) blame](https://github.com/libgit2/libgit2/search?q=sha+collisions)** someone else ;-)""",2013-09-09 08:53:01,nulltoken,libgit2,libgit2,,https://github.com/libgit2/libgit2/pull/1841#discussion_r6250631,2013-09-09T20:53:01Z,2013-09-10T20:37:19Z,nulltoken,MEMBER,tests-clar/refs/revparse.c,,553.0,,,10,"@@ -544,6 +544,37 @@ void test_refs_revparse__a_too_short_objectid_returns_EAMBIGUOUS(void)
 		GIT_EAMBIGUOUS, git_revparse_single(&g_obj, g_repo, ""e90""));
 }
 
+/*
+ * $ echo ""aabqhq"" | git hash-object -t blob --stdin
+ * dea509d0b3cb8ee0650f6ca210bc83f4678851ba
+ * 
+ * $ echo ""aaazvc"" | git hash-object -t blob --stdin
+ * dea509d097ce692e167dfc6a48a7a280cc5e877e
+ */","@ben No, Sir. I didn't, Sir. I wish I had, though.

You'll have to **[(git) blame](https://github.com/libgit2/libgit2/search?q=sha+collisions)** someone else ;-)
",209f9b67c4f9b2c5bba26f2bdcbee10cf4e25a6b
6145622,2,"My mistake. Once again. *sigh*  Fixed!""",2013-09-03 17:56:36,nulltoken,libgit2,libgit2,,https://github.com/libgit2/libgit2/pull/1817#discussion_r6145622,2013-09-04T05:56:36Z,2013-09-04T05:56:36Z,nulltoken,MEMBER,src/odb_pack.c,,,,,1,"@@ -410,9 +447,43 @@ static int pack_backend__read_prefix(
 	return error;
 }
 
+static int pack_backend__read_prefix(
+	git_oid *out_oid,
+	void **buffer_p,
+	size_t *len_p,
+	git_otype *type_p,
+	git_odb_backend *backend,
+	const git_oid *short_oid,
+	size_t len)
+{
+	int error;
+
+	error = pack_backend__read_prefix_internal(
+		out_oid, buffer_p, len_p, type_p, backend, short_oid, len);
+
+	if (error != GIT_ENOTFOUND)
+		return error;
+
+	if ((error = pack_backend__refresh(backend)) < 0)
+		return error;
+
+	return pack_backend__read_prefix_internal(
+		out_oid, buffer_p, len_p, type_p, backend, short_oid, len);
+}
+
 static int pack_backend__exists(git_odb_backend *backend, const git_oid *oid)
 {
 	struct git_pack_entry e;
+	int error;
+
+	error = pack_entry_find(&e, (struct pack_backend *)backend, oid);
+
+	if (error != GIT_ENOTFOUND)
+		return error == 0;
+
+	if ((error = pack_backend__refresh(backend)) < 0)","My mistake. Once again. _sigh_

Fixed!
",b1a6c316a6070fac4ab1ec5792979838f7145c39
4151788,0,"Hmm, nothing in the implementation of `git_cred_ssh_publickey_new()` really cares much about the actual function pointer type passed in for the `sign_callback`, but at the same time, it is much nicer to have the public API use an actual function prototype""",2013-05-09 00:39:25,arrbee,libgit2,libgit2,,https://github.com/libgit2/libgit2/pull/1558#discussion_r4151788,2013-05-09T12:39:25Z,2013-05-15T16:51:46Z,arrbee,MEMBER,include/git2/transport.h,,,,,1,"@@ -57,6 +84,42 @@
 	const char *username,
 	const char *password);
 
+#ifdef GIT_SSH
+/**
+ * Creates a new ssh key file and passphrase credential object.
+ * The supplied credential parameter will be internally duplicated.
+ *
+ * @param out The newly created credential object.
+ * @param publickey The path to the public key of the credential.
+ * @param privatekey The path to the private key of the credential.
+ * @param passphrase The passphrase of the credential.
+ * @return 0 for success or an error code for failure
+ */
+GIT_EXTERN(int) git_cred_ssh_keyfile_passphrase_new(
+	git_cred **out,
+	const char *publickey,
+	const char *privatekey,
+    const char *passphrase);
+
+/**
+ * Creates a new ssh public key credential object.
+ * The supplied credential parameter will be internally duplicated.
+ *
+ * @param out The newly created credential object.
+ * @param publickey The bytes of the public key.
+ * @param publickey_len The length of the public key in bytes.
+ * @param sign_callback The callback method for authenticating.
+ * @param sign_data The abstract data sent to the sign_callback method.
+ * @return 0 for success or an error code for failure
+ */
+GIT_EXTERN(int) git_cred_ssh_publickey_new(
+	git_cred **out,
+	const char *publickey,
+    size_t publickey_len,
+    LIBSSH2_USERAUTH_PUBLICKEY_SIGN_FUNC((*sign_callback)),","Hmm, nothing in the implementation of `git_cred_ssh_publickey_new()` really cares much about the actual function pointer type passed in for the `sign_callback`, but at the same time, it is much nicer to have the public API use an actual function prototype for type safety. What if we were simply to add a typedef like `typedef LIBSSH2_USERAUTH_PUBLICKEY_SIGN_FUNC((*git_cred_sign_callback))` then a future variant for a different library could change the typedef of `git_cred_sign_callback` but the function signature would be ""the same.""
",84ac625ddd1135755030dfb01b2be965e7cacb2f
4172374,0,"> so that you can provide the implementation of signing the data that is passed in the callback.  Can you elaborate? From what I understand, this is just a libssh2 callback for `libssh2_userauth_publickey_fromfile_ex`.""",2013-05-10 03:10:06,schu,libgit2,libgit2,,https://github.com/libgit2/libgit2/pull/1558#discussion_r4172374,2013-05-10T15:10:06Z,2013-05-15T16:51:46Z,schu,MEMBER,include/git2/transport.h,,,,,1,"@@ -57,6 +84,42 @@
 	const char *username,
 	const char *password);
 
+#ifdef GIT_SSH
+/**
+ * Creates a new ssh key file and passphrase credential object.
+ * The supplied credential parameter will be internally duplicated.
+ *
+ * @param out The newly created credential object.
+ * @param publickey The path to the public key of the credential.
+ * @param privatekey The path to the private key of the credential.
+ * @param passphrase The passphrase of the credential.
+ * @return 0 for success or an error code for failure
+ */
+GIT_EXTERN(int) git_cred_ssh_keyfile_passphrase_new(
+	git_cred **out,
+	const char *publickey,
+	const char *privatekey,
+    const char *passphrase);
+
+/**
+ * Creates a new ssh public key credential object.
+ * The supplied credential parameter will be internally duplicated.
+ *
+ * @param out The newly created credential object.
+ * @param publickey The bytes of the public key.
+ * @param publickey_len The length of the public key in bytes.
+ * @param sign_callback The callback method for authenticating.
+ * @param sign_data The abstract data sent to the sign_callback method.
+ * @return 0 for success or an error code for failure
+ */
+GIT_EXTERN(int) git_cred_ssh_publickey_new(
+	git_cred **out,
+	const char *publickey,
+    size_t publickey_len,
+    LIBSSH2_USERAUTH_PUBLICKEY_SIGN_FUNC((*sign_callback)),","> so that you can provide the implementation of signing the data that is passed in the callback.

Can you elaborate? From what I understand, this is just a libssh2 callback for `libssh2_userauth_publickey_fromfile_ex`.
",84ac625ddd1135755030dfb01b2be965e7cacb2f
3421771,1,"Oh. I see you're exporting this. Hm. Add a `git_` prefix then. :)""",2013-03-18 10:55:57,vmg,libgit2,libgit2,,https://github.com/libgit2/libgit2/pull/1417#discussion_r3421771,2013-03-18T21:55:57Z,2013-03-18T22:58:17Z,vmg,MEMBER,src/win32/findfile.c,,,,,1,"@@ -77,80 +86,153 @@ wchar_t* win32_nextpath(wchar_t *path, wchar_t *buf, size_t buflen)
 	return (path != base) ? path : NULL;
 }
 
-int win32_find_system_file_using_path(git_buf *path, const char *filename)
+static int win32_find_git_in_path(git_buf *buf, const wchar_t *gitexe)
 {
-	wchar_t * env = NULL;
+	wchar_t *env = _wgetenv(L""PATH""), lastch;
 	struct win32_path root;
+	size_t gitexe_len = wcslen(gitexe);
 
-	env = _wgetenv(L""PATH"");
 	if (!env)
 		return -1;
 
-	// search in all paths defined in PATH
-	while ((env = win32_nextpath(env, root.path, MAX_PATH - 1)) != NULL && *root.path)
-	{
-		wchar_t * pfin = root.path + wcslen(root.path) - 1; // last char of the current path entry
+	while ((env = win32_walkpath(env, root.path, MAX_PATH-1)) && *root.path) {
+		root.len = (DWORD)wcslen(root.path);
+		lastch = root.path[root.len - 1];
 
-		// ensure trailing slash
-		if (*pfin != L'/' && *pfin != L'\\')
-			wcscpy(++pfin, L""\\""); // we have enough space left, MAX_PATH - 1 is used in nextpath above
+		/* ensure trailing slash (MAX_PATH-1 to walkpath guarantees space) */
+		if (lastch != L'/' && lastch != L'\\') {
+			root.path[root.len++] = L'\\';
+			root.path[root.len]   = L'\0';
+		}
 
-		root.len = (DWORD)wcslen(root.path) + 1;
+		if (root.len + gitexe_len >= MAX_PATH)
+			continue;
+		wcscpy(&root.path[root.len], gitexe);
 
-		if (win32_find_file(path, &root, ""git.cmd"") == 0 || win32_find_file(path, &root, ""git.exe"") == 0) {
-			// we found the cmd or bin directory of a git installaton
-			if (root.len > 5) {
-				wcscpy(root.path + wcslen(root.path) - 4, L""etc\\"");
-				if (win32_find_file(path, &root, filename) == 0)
-					return 0;
-			}
+		if (_waccess(root.path, F_OK) == 0 && root.len > 5) {
+			/* replace ""bin\\"" or ""cmd\\"" with ""etc\\"" */
+			wcscpy(&root.path[root.len - 4], L""etc\\"");
+
+			win32_path_utf16_to_8(buf, root.path);
+			return 0;
 		}
 	}
-	
+
 	return GIT_ENOTFOUND;
 }
 
-int win32_find_system_file_using_registry(git_buf *path, const char *filename)
+static int win32_find_git_in_registry(
+	git_buf *buf, const HKEY hieve, const wchar_t *key)
 {
-	struct win32_path root;
+	HKEY hKey;
+	DWORD dwType = REG_SZ;
+	struct win32_path path16;
+
+	assert(buf);
+
+	path16.len = 0;
+
+	if (RegOpenKeyExW(hieve, key, 0, KEY_ALL_ACCESS, &hKey) == ERROR_SUCCESS) {
+		if (RegQueryValueExW(hKey, L""InstallLocation"", NULL, &dwType,
+			(LPBYTE)&path16.path, &path16.len) == ERROR_SUCCESS)
+		{
+			/* InstallLocation points to the root of the git directory */
 
-	if (win32_find_msysgit_in_registry(&root, HKEY_CURRENT_USER, REG_MSYSGIT_INSTALL_LOCAL)) {
-		if (win32_find_msysgit_in_registry(&root, HKEY_LOCAL_MACHINE, REG_MSYSGIT_INSTALL)) {
-			giterr_set(GITERR_OS, ""Cannot locate the system's msysgit directory"");
-			return -1;
+			if (path16.len + 4 > MAX_PATH) { /* 4 = wcslen(L""etc\\"") */
+				giterr_set(GITERR_OS, ""Cannot locate git - path too long"");
+				return -1;
+			}
+
+			wcscat(path16.path, L""etc\\"");
+			path16.len += 4;
+
+			win32_path_utf16_to_8(buf, path16.path);
 		}
-	}
 
-	if (win32_find_file(path, &root, filename) < 0) {
-		giterr_set(GITERR_OS, ""The system file '%s' doesn't exist"", filename);
-		git_buf_clear(path);
-		return GIT_ENOTFOUND;
+		RegCloseKey(hKey);
 	}
 
-	return 0;
+	return path16.len ? 0 : GIT_ENOTFOUND;
 }
 
-int win32_find_msysgit_in_registry(struct win32_path *root, const HKEY hieve, const wchar_t *key)
+static int win32_find_existing_dirs(
+	git_buf *out, const wchar_t *tmpl[], char *temp[])
 {
-	HKEY hKey;
-	DWORD dwType = REG_SZ;
-	DWORD dwSize = MAX_PATH;
+	struct win32_path path16;
+	git_buf buf = GIT_BUF_INIT;
 
-	assert(root);
+	git_buf_clear(out);
 
-	root->len = 0;
-	if (RegOpenKeyExW(hieve, key, 0, KEY_ALL_ACCESS, &hKey) == ERROR_SUCCESS) {
-		if (RegQueryValueExW(hKey, L""InstallLocation"", NULL, &dwType, (LPBYTE)&root->path, &dwSize) == ERROR_SUCCESS) {
-			// InstallLocation points to the root of the msysgit directory
-			if (dwSize + 4 > MAX_PATH) {// 4 = wcslen(L""etc\\"")
-				giterr_set(GITERR_OS, ""Cannot locate the system's msysgit directory - path too long"");
-				return -1;
-			}
-			wcscat(root->path, L""etc\\"");
-			root->len = (DWORD)wcslen(root->path) + 1;
+	for (; *tmpl != NULL; tmpl++) {
+		if (!win32_expand_path(&path16, *tmpl) &&
+			path16.path[0] != L'%' &&
+			!_waccess(path16.path, F_OK))
+		{
+			win32_path_utf16_to_8(&buf, path16.path);
+
+			if (buf.size)
+				git_buf_join(out, GIT_PATH_LIST_SEPARATOR, out->ptr, buf.ptr);
 		}
 	}
-	RegCloseKey(hKey);
 
-	return root->len ? 0 : GIT_ENOTFOUND;
+	git_buf_free(&buf);
+
+	return (git_buf_oom(out) ? -1 : 0);
+}
+
+int win32_find_system_dirs(git_buf *out)","Oh. I see you're exporting this. Hm. Add a `git_` prefix then. :)
",324602514fec5ba04fa236c67d633f9b18ad9845
4086421,1,">I'm really glad to see that filter gone  So am I!""",2013-05-04 19:48:28,nulltoken,libgit2,libgit2,,https://github.com/libgit2/libgit2/pull/1385#discussion_r4086421,2013-05-05T07:48:28Z,2013-05-11T09:31:30Z,nulltoken,MEMBER,src/tag.c,,430.0,,,5,"@@ -427,7 +427,7 @@ int git_tag_foreach(git_repository *repo, git_tag_foreach_cb cb, void *cb_data)
 	data.cb_data = cb_data;
 	data.repo = repo;
 
-	return git_reference_foreach(repo, GIT_REF_OID, &tags_cb, &data);
+	return git_reference_foreach(repo, &tags_cb, &data);","> I'm really glad to see that filter gone

So am I!
",c58cac12c24fbb127cf1928bec20decb007a75e8
2881468,0,"Of course, if this is true, then we should be overwriting the whole URL string as well since that is a full strdup() of the original data and could also have the password information in it.""",2013-02-04 08:25:53,arrbee,libgit2,libgit2,,https://github.com/libgit2/libgit2/pull/1298#discussion_r2881468,2013-02-04T19:25:53Z,2013-02-04T21:56:03Z,arrbee,MEMBER,src/transports/http.c,,845.0,,,67,"@@ -819,6 +836,16 @@ static int http_close(git_smart_subtransport *subtransport)
 		t->port = NULL;
 	}
 
+	if (t->user_from_url) {
+		git__free(t->user_from_url);
+		t->user_from_url = NULL;
+	}
+
+	if (t->pass_from_url) {
+		git__free(t->pass_from_url);","Of course, if this is true, then we should be overwriting the whole URL string as well since that is a full strdup() of the original data and could also have the password information in it.
",630146bd1b71cbb450f1fe658048ca8e25479105
2425710,0,"And in all fairness, I'd also leave `origin_remote` and `local_path` in the function signature. They are not optional, and they are not going to change. So why not leave them there?""",2012-12-14 10:25:11,vmg,libgit2,libgit2,,https://github.com/libgit2/libgit2/pull/1143#discussion_r2425710,2012-12-14T21:25:11Z,2012-12-14T21:46:55Z,vmg,MEMBER,include/git2/clone.h,,,,,1,"@@ -23,47 +23,50 @@
 GIT_BEGIN_DECL
 
 /**
- * Clone a remote repository, and checkout the branch pointed to by the remote
- * HEAD.
+ * Clone options structure
  *
- * @param out pointer that will receive the resulting repository object
- * @param origin_remote a remote which will act as the initial fetch source
- * @param workdir_path local directory to clone to
- * @param fetch_progress_cb optional callback for fetch progress. Be aware that
- * this is called inline with network and indexing operations, so performance
- * may be affected.
- * @param fetch_progress_payload payload for fetch_progress_cb
- * @param checkout_opts options for the checkout step. If NULL, no checkout
- * is performed
- * @return 0 on success, GIT_ERROR otherwise (use giterr_last for information
- * about the error)
+ * Use zeros to indicate default settings.  It's easiest to use the
+ * `GIT_CLONE_OPTIONS_INIT` macro:
+ *
+ *		git_clone_options opts = GIT_CLONE_OPTIONS_INIT;
+ *
+ * - `out` is a pointer that receives the resulting repository object
+ * - `origin_remote` is a remote which will act as the initial fetch source
+ * - `local_path` is local directory to clone into
+ * - `bare` should be set to zero to create a standard repo, non-zero for
+ *   a bare repo
+ * - `fetch_progress_cb` is optional callback for fetch progress. Be aware that
+ *   this is called inline with network and indexing operations, so performance
+ *   may be affected.
+ * - `fetch_progress_payload` is payload for fetch_progress_cb
+ * - `checkout_opts` is options for the checkout step. If NULL, no checkout
+ *   is performed
  */
-GIT_EXTERN(int) git_clone(
-		git_repository **out,
-		git_remote *origin_remote,
-		const char *workdir_path,
-		git_checkout_opts *checkout_opts,
-		git_transfer_progress_callback fetch_progress_cb,
-		void *fetch_progress_payload);
+
+typedef struct git_clone_options {
+	unsigned int version;
+
+	git_repository **out;
+	git_remote *origin_remote;
+	const char *local_path;","And in all fairness, I'd also leave `origin_remote` and `local_path` in the function signature. They are not optional, and they are not going to change. So why not leave them there?
",b9e7e2b4e148deb90119d4c2c52d8d9e889527cd
1581568,2,"Actually, this is really an accident. I'm sure I fixed this because it was wrapping in my editor and saved it without thinking, but I would generally never include a change just to alter indentation. Sorry! """,2012-09-11 10:20:44,arrbee,libgit2,libgit2,,https://github.com/libgit2/libgit2/pull/927#discussion_r1581568,2012-09-11T22:20:44Z,2012-09-12T16:25:57Z,arrbee,MEMBER,src/crlf.c,,268.0,,,8,"@@ -263,8 +263,9 @@ static int crlf_apply_to_workdir(git_filter *self, git_buf *dest, const git_buf
 	return convert_line_endings(dest, source, workdir_ending);
 }
 
-static int find_and_add_filter(git_vector *filters, git_repository *repo, const char *path,
-										 int (*apply)(struct git_filter *self, git_buf *dest, const git_buf *source))
+static int find_and_add_filter(
+	git_vector *filters, git_repository *repo, const char *path,
+	int (*apply)(struct git_filter *self, git_buf *dest, const git_buf *source))","Actually, this is really an accident. I'm sure I fixed this because it was wrapping in my editor and saved it without thinking, but I would generally never include a change just to alter indentation. Sorry!
",a13fb55afdbf9d74c3d4b6aa76476a005da49486
503857,0,"One of the most common uses of GIT_UNUSED came from iterating over hash tables when you really only wanted the key or the value. So, I just reorganized the code and made separate macros for key, value, and key-and-value.  I'm not 100% certain that I chose""",2012-02-29 10:28:53,arrbee,libgit2,libgit2,,https://github.com/libgit2/libgit2/pull/578#discussion_r503857,2012-02-29T21:28:53Z,2012-03-01T23:15:34Z,arrbee,MEMBER,src/hashtable.h,,80.0,,,30,"@@ -65,20 +65,20 @@ struct git_hashtable {
 
 #define git_hashtable_node_at(nodes, pos) ((git_hashtable_node *)(&nodes[pos]))
 
-#define GIT_HASHTABLE_FOREACH(self, pkey, pvalue, code) {\
-	git_hashtable *_self = (self);\
-	git_hashtable_node *_nodes = _self->nodes;\
-	unsigned int _i, _size = _self->size;\
-	for (_i = 0; _i < _size; _i ++) {\
-		git_hashtable_node *_node = git_hashtable_node_at(_nodes, _i);\
-		if (_node->key)\
-		{\
-			pkey = _node->key;\
-			pvalue = _node->value;\
-			code;\
-		}\
-	}\
-}
+#define GIT_HASHTABLE__FOREACH(self,block) { \
+	unsigned int _c; \
+	git_hashtable_node *_n = (self)->nodes; \
+	for (_c = (self)->size; _c > 0; _c--, _n++)	{ \
+		if (!_n->key) continue; block } }
+
+#define GIT_HASHTABLE_FOREACH(self, pkey, pvalue, code)\
+	GIT_HASHTABLE__FOREACH(self,{(pkey)=_n->key;(pvalue)=_n->value;code;})
+
+#define GIT_HASHTABLE_FOREACH_KEY(self, pkey, code)\
+	GIT_HASHTABLE__FOREACH(self,{(pkey)=_n->key;code;})
+
+#define GIT_HASHTABLE_FOREACH_VALUE(self, pvalue, code)\","One of the most common uses of GIT_UNUSED came from iterating over hash tables when you really only wanted the key or the value. So, I just reorganized the code and made separate macros for key, value, and key-and-value.  I'm not 100% certain that I chose good names here, so feel free to let me know if you have a preference.
",b499f829373979e9cecd6bc064a8641e0ffce469
505392,1,"These are the same as Ruby's. Awesome!""",2012-02-29 15:28:01,vmg,libgit2,libgit2,,https://github.com/libgit2/libgit2/pull/578#discussion_r505392,2012-03-01T02:28:01Z,2012-03-01T23:15:34Z,vmg,MEMBER,src/hashtable.h,,80.0,,,30,"@@ -65,20 +65,20 @@ struct git_hashtable {
 
 #define git_hashtable_node_at(nodes, pos) ((git_hashtable_node *)(&nodes[pos]))
 
-#define GIT_HASHTABLE_FOREACH(self, pkey, pvalue, code) {\
-	git_hashtable *_self = (self);\
-	git_hashtable_node *_nodes = _self->nodes;\
-	unsigned int _i, _size = _self->size;\
-	for (_i = 0; _i < _size; _i ++) {\
-		git_hashtable_node *_node = git_hashtable_node_at(_nodes, _i);\
-		if (_node->key)\
-		{\
-			pkey = _node->key;\
-			pvalue = _node->value;\
-			code;\
-		}\
-	}\
-}
+#define GIT_HASHTABLE__FOREACH(self,block) { \
+	unsigned int _c; \
+	git_hashtable_node *_n = (self)->nodes; \
+	for (_c = (self)->size; _c > 0; _c--, _n++)	{ \
+		if (!_n->key) continue; block } }
+
+#define GIT_HASHTABLE_FOREACH(self, pkey, pvalue, code)\
+	GIT_HASHTABLE__FOREACH(self,{(pkey)=_n->key;(pvalue)=_n->value;code;})
+
+#define GIT_HASHTABLE_FOREACH_KEY(self, pkey, code)\
+	GIT_HASHTABLE__FOREACH(self,{(pkey)=_n->key;code;})
+
+#define GIT_HASHTABLE_FOREACH_VALUE(self, pvalue, code)\","These are the same as Ruby's. Awesome!
",b499f829373979e9cecd6bc064a8641e0ffce469
67056,2,"It's ugly hack, not solution.""",2011-07-17 09:21:43,kiryl,libgit2,libgit2,,https://github.com/libgit2/libgit2/pull/328#discussion_r67056,2011-07-17T21:21:43Z,2011-07-17T21:21:43Z,kiryl,CONTRIBUTOR,src/filebuf.c,,119.0,,,14,"@@ -116,7 +116,14 @@ static int write_deflate(git_filebuf *file, const void *source, size_t len)
 	z_stream *zs = &file->zs;
 
 	if (len > 0 || file->flush_mode == Z_FINISH) {
-		zs->next_in = (void *)source;
+		void *data;","It's ugly hack, not solution.
",9bdf0ecdb57092c17475711783344f8984ad49f9
5104102,0,"Make it a `git__memzero` then and let's ship this.  The idea of allocating SSH credentials even when SSH is not available sounds just reasonable to me. Specially since you can also check for SSH availability using the `git_libgit2_features` api call.""",2013-07-09 10:37:00,vmg,libgit2,libgit2,,https://github.com/libgit2/libgit2/pull/1695#discussion_r5104102,2013-07-09T22:37:00Z,2013-07-09T23:19:41Z,vmg,MEMBER,src/transports/cred.c,,127.0,,,103,"@@ -115,48 +126,34 @@ int git_cred_ssh_keyfile_passphrase_new(
 	return 0;
 }
 
-static void ssh_publickey_free(struct git_cred *cred)
-{
-	git_cred_ssh_publickey *c = (git_cred_ssh_publickey *)cred;
-
-    git__free(c->publickey);
-
-    c->sign_callback = NULL;
-    c->sign_data = NULL;
-    
-	memset(c, 0, sizeof(*c));","Make it a `git__memzero` then and let's ship this.

The idea of allocating SSH credentials even when SSH is not available
sounds just reasonable to me. Specially since you can also check for SSH
availability using the `git_libgit2_features` api call.

On Wed, Jul 10, 2013 at 12:28 AM, Russell Belfer
notifications@github.comwrote:

> In src/transports/cred.c:
> 
> > @@ -115,48 +126,34 @@ int git_cred_ssh_keyfile_passphrase_new(
> >     return 0;
> >  }
> > 
> > -static void ssh_publickey_free(struct git_cred *cred)
> > -{
> > 
> > ## \-   git_cred_ssh_publickey *c = (git_cred_ssh_publickey *)cred;
> > 
> > ## \-    git__free(c->publickey);
> > -    c->sign_callback = NULL;
> > 
> > ## \-    c->sign_data = NULL;
> > -   memset(c, 0, sizeof(*c));
> 
> No, I didn't add it. It was there in the original version.
> 
> —
> Reply to this email directly or view it on GitHubhttps://github.com/libgit2/libgit2/pull/1695/files#r5103892
> .
",290e14798598922fbff7189f64f997bad35c4f84
5118946,1,"Oh, understood :) I think you're right, swapping buffers around won't make this cleaner.""",2013-07-10 04:08:55,yorah,libgit2,libgit2,,https://github.com/libgit2/libgit2/pull/1683#discussion_r5118946,2013-07-10T16:08:55Z,2013-07-23T00:18:28Z,yorah,CONTRIBUTOR,src/checkout.c,,725.0,,,33,"@@ -713,40 +713,31 @@ static int blob_content_to_file(
 	mode_t entry_filemode,
 	git_checkout_opts *opts)
 {
-	int error = -1, nb_filters = 0;
+	int error = -1;
 	mode_t file_mode = opts->file_mode;
-	bool dont_free_filtered;
-	git_buf unfiltered = GIT_BUF_INIT, filtered = GIT_BUF_INIT;
+	git_buf content = GIT_BUF_INIT;
+	git_filterbuf *filtered = NULL;
 	git_vector filters = GIT_VECTOR_INIT;
 
 	/* Create a fake git_buf from the blob raw data... */
-	filtered.ptr  = (void *)git_blob_rawcontent(blob);
-	filtered.size = (size_t)git_blob_rawsize(blob);
-	/* ... and make sure it doesn't get unexpectedly freed */
-	dont_free_filtered = true;
-
-	if (!opts->disable_filters &&
-		!git_buf_text_is_binary(&filtered) &&
-		(nb_filters = git_filters_load(
-			&filters,
-			git_object_owner((git_object *)blob),
-			path,
-			GIT_FILTER_TO_WORKTREE)) > 0)
-	{
-		/* reset 'filtered' so it can be a filter target */
-		git_buf_init(&filtered, 0);
-		dont_free_filtered = false;
-	}
+	content.ptr = (void *)git_blob_rawcontent(blob);
+	content.size = (size_t)git_blob_rawsize(blob);
 ","Oh, understood :)
I think you're right, swapping buffers around won't make this cleaner.
",c7b35756544ad0063606ddf15874e0419e97c951
2934141,1,"I like what I'm seeing here, :+1: """,2013-02-07 10:44:05,kevinsawicki,libgit2,libgit2,,https://github.com/libgit2/libgit2/pull/1317#discussion_r2934141,2013-02-07T21:44:05Z,2013-10-28T18:21:29Z,kevinsawicki,MEMBER,include/git2/blame.h,,,,,1,"@@ -0,0 +1,179 @@
+/*
+ * Copyright (C) the libgit2 contributors. All rights reserved.
+ *
+ * This file is part of libgit2, distributed under the GNU GPL v2 with
+ * a Linking Exception. For full terms see the included COPYING file.
+ */
+
+#ifndef INCLUDE_git_blame_h__
+#define INCLUDE_git_blame_h__
+
+#include ""common.h""
+#include ""oid.h""
+
+/**
+ * @file git2/blame.h
+ * @brief Git blame routines
+ * @defgroup git_blame Git blame routines
+ * @ingroup Git
+ * @{
+ */
+GIT_BEGIN_DECL
+
+/**
+ * Flags for indicating option behavior for git_blame APIs.
+ */
+typedef enum {
+	/** Normal blame, the default */
+	GIT_BLAME_NORMAL = 0,
+	/** Track lines that have moved within a file (like `git blame -M`) */
+	GIT_BLAME_TRACK_COPIES_SAME_FILE = (1<<0),
+	/** Track lines that have moved across files in the same commit (like `git blame -C`) */
+	GIT_BLAME_TRACK_COPIES_SAME_COMMIT_MOVES = (1<<1),
+	/** Track lines that have been copied from another file that exists in the
+	 * same commit (like `git blame -CC`) */
+	GIT_BLAME_TRACK_COPIES_SAME_COMMIT_COPIES = (1<<1 | 1<<2),
+	/** Track lines that have been copied from another file that exists in *any*
+	 * commit (like `git blame -CCC`) */
+	GIT_BLAME_TRACK_COPIES_ANY_COMMIT_COPIES = (1<<1 | 1<<2 | 1<<3),
+} git_blame_flag_t;
+
+/**
+ * Blame options structure
+ *
+ * Use zeros to indicate default settings.  It's easiest to use the
+ * `GIT_BLAME_OPTIONS_INIT` macro:
+ *     git_blame_options opts = GIT_BLAME_OPTIONS_INIT;
+ *
+ * - `flags` is a combination fo teh `git_blame_flag_t` values above.
+ * - `min_match_characters` is the lower bound on the number of alphanumeric
+ *   characters that must be detected as moving/copying within a file for it to
+ *   associate those lines with the parent commit. The default value is 20.
+ *   This value only takes effect if any of the `GIT_BLAME_TRACK_COPIES_*`
+ *   flags are specified.
+ * - `newest_commit` is a rev-parse spec that resolves to the most recent
+ *   commit to consider.  The default is HEAD.
+ * - `newest_commit` is the newest commit to consider.  The default is HEAD.
+ * - `oldest_commit` is the oldest commit to consider.  The default is the
+ *   first commit encountered with a NULL parent.
+ *	- `min_line` is the first line in the file to blame.  The default is 1 (line
+ *	  numbers start with 1).
+ *	- `max_line` is the last line in the file to blame.  The default is the last
+ *	  line of the file.
+ */
+
+typedef struct git_blame_options {
+	unsigned int version;
+
+	uint32_t flags;
+	uint16_t min_match_characters;
+	const git_commit *newest_commit;
+	const git_commit *oldest_commit;
+	uint32_t min_line;
+	uint32_t max_line;
+} git_blame_options;
+
+#define GIT_BLAME_OPTIONS_VERSION 1
+#define GIT_BLAME_OPTIONS_INIT {GIT_BLAME_OPTIONS_VERSION}
+
+/**
+ * Structure that represents a blame hunk.
+ *
+ * - `lines_in_hunk` is the number of lines in this hunk
+ * - `final_commit_id` is the OID of the commit where this line was last
+ *   changed.
+ * - `final_start_line_number` is the 1-based line number where this hunk
+ *   begins, in the final version of the file
+ * - `orig_commit_id` is the OID of the commit where this hunk was found.  This
+ *   will usually be the same as `final_commit_id`, except when
+ *   `GIT_BLAME_TRACK_COPIES_ANY_COMMIT_COPIES` has been specified.
+ * - `orig_path` is the path to the file where this hunk originated, as of the
+ *   commit specified by `orig_commit_id`.
+ * - `orig_start_line_number` is the 1-based line number where this hunk begins
+ *   in the file named by `orig_path` in the commit specified by
+ *   `orig_commit_id`.
+ */
+typedef struct git_blame_hunk {
+	uint16_t lines_in_hunk;
+
+	git_oid final_commit_id;
+	uint16_t final_start_line_number;
+
+	git_oid orig_commit_id;
+	const char *orig_path;
+	uint16_t orig_start_line_number;
+} git_blame_hunk;
+
+
+typedef struct git_blame_results git_blame_results;
+
+/**
+ * Gets the number of hunks that exist in the results structure.
+ */
+GIT_EXTERN(uint32_t) git_blame_results_hunk_count(git_blame_results *results);
+
+/**
+ * Gets the blame hunk at the given index.
+ *
+ * @param results the results structure to query
+ * @param index index of the hunk to retrieve
+ * @return the hunk at the given index, or NULL on error
+ */
+GIT_EXTERN(const git_blame_hunk*) git_blame_results_hunk_byindex(
+		git_blame_results *results,
+		uint32_t index);
+
+/**
+ * Gets the hunk that relates to the given line number in the newest commit.
+ *
+ * @param results the results structure to query
+ * @param lineno the (1-based) line number to find a hunk for
+ * @return the hunk that contains the given line, or NULL on error
+ */
+GIT_EXTERN(const git_blame_hunk*) git_blame_results_hunk_byline(
+		git_blame_results *results,
+		uint32_t lineno);
+
+/**
+ * Get the blame for a single file.
+ *
+ * @param out pointer that will receive the results object
+ * @param repo repository whose history is to be walked
+ * @param path path to file to consider
+ * @param options options for the blame operation.  If NULL, this is treated as
+ *                though GIT_BLAME_OPTIONS_INIT were passed.
+ * @return 0 on success, or an error code. (use giterr_last for information
+ *         about the error.)
+ */
+GIT_EXTERN(int) git_blame_file(
+		git_blame_results **out,
+		git_repository *repo,
+		const char *path,
+		git_blame_options *options);
+
+
+/**
+ * Get blame data for a file that has been modified.
+ *
+ * @param out pointer that will receive the results object
+ * @param reference output from git_blame_file for the file in question
+ * @param buffer the (possibly) modified contents of the file
+ * @return 0 on success, or an error code. (use giterr_last for information
+ *         about the error)
+ */
+GIT_EXTERN(int) git_blame_buffer(
+		git_blame_results **out,
+		git_blame_results *reference,
+		const char *buffer);","I like what I'm seeing here, :+1: 
",7dcb1c452582d2a83ca1ad8858cb95ab20d6e13d
4668499,1,"That would be ideal. I don't want this bullshit prefix stuff in libgit2. If you could just set the prefixes you need in libgit2# everybody would be happy, including the TortoiseGit guys.""",2013-06-12 10:11:08,vmg,libgit2,libgit2,,https://github.com/libgit2/libgit2/pull/1639#discussion_r4668499,2013-06-12T22:11:08Z,2013-06-12T22:11:08Z,vmg,MEMBER,src/win32/git2.rc,,10.0,,,10,"@@ -1,7 +1,15 @@
 #include <winver.h>
 #include ""../../include/git2/version.h""
 
+#ifdef CMAKE_RESOURCE
 #define LIBGIT2_FILENAME ""@LIBGIT2_NAME_PREFIX@git2@LIBGIT2_NAME_SUFFIX@.dll""
+#else
+#ifndef INCLUDE_LIB
+#define LIBGIT2_FILENAME ""git2.dll""
+#else
+#define LIBGIT2_FILENAME ""libgit2.dll""","That would be ideal. I don't want this bullshit prefix stuff in libgit2. If you could just set the prefixes you need in libgit2# everybody would be happy, including the TortoiseGit guys.
",1991819747d642819d6ee9b84a30dd5e2a8b2011
2849597,0,"I want to call attention to this bit right here. Once auth gets to this level (i.e., we've already gotten a 401 once), this is how the overrides work. The credentials in the payload **always** win if they're present. """,2013-01-31 08:48:29,ben,libgit2,libgit2,,https://github.com/libgit2/libgit2/pull/1298#discussion_r2849597,2013-01-31T19:48:29Z,2013-02-04T21:56:03Z,ben,MEMBER,src/transports/cred_helpers.c,,40.0,,,1,"@@ -11,17 +11,34 @@
 int git_cred_userpass(
 		git_cred **cred,
 		const char *url,
+		const char *user_from_url,
 		unsigned int allowed_types,
 		void *payload)
 {
 	git_cred_userpass_payload *userpass = (git_cred_userpass_payload*)payload;
+	const char *effective_username = NULL;
 
 	GIT_UNUSED(url);
 
-	if (!userpass || !userpass->username || !userpass->password) return -1;
+	if (!userpass || !userpass->password) return -1;
+
+	/* Username resolution: a username can be passed with the URL, the
+	 * credentials payload, or both. Here's what we do.
+	 *
+	 * |  Payload    |   URL    |   Used    |
+	 * +-------------+----------+-----------+
+	 * |    yes      |   no     |  payload  |
+	 * |    yes      |   yes    |  payload  |
+	 * |    no       |   yes    |  url      |
+	 * |    no       |   no     |  FAIL     |
+	 */
+	effective_username = userpass->username;
+	if (!userpass->username && user_from_url)
+		effective_username = user_from_url;","I want to call attention to this bit right here. Once auth gets to this level (i.e., we've already gotten a 401 once), this is how the overrides work. The credentials in the payload **always** win if they're present.
",630146bd1b71cbb450f1fe658048ca8e25479105
2446144,0,"Typo: should be """"that's only"""" """,2012-12-17 22:15:21,dannygreg,libgit2,libgit2,,https://github.com/libgit2/libgit2/pull/1151#discussion_r2446144,2012-12-18T09:15:21Z,2012-12-18T09:15:21Z,dannygreg,NONE,include/git2/diff.h,,211.0,,,73,"@@ -187,34 +193,38 @@
  * DELETED pairs).
  */
 typedef enum {
-	GIT_DELTA_UNMODIFIED = 0,
-	GIT_DELTA_ADDED = 1,
-	GIT_DELTA_DELETED = 2,
-	GIT_DELTA_MODIFIED = 3,
-	GIT_DELTA_RENAMED = 4,
-	GIT_DELTA_COPIED = 5,
-	GIT_DELTA_IGNORED = 6,
-	GIT_DELTA_UNTRACKED = 7,
-	GIT_DELTA_TYPECHANGE = 8,
+	GIT_DELTA_UNMODIFIED = 0, /** no changes */
+	GIT_DELTA_ADDED = 1,	  /** entry does not exist in old version */
+	GIT_DELTA_DELETED = 2,	  /** entry does not exist in new version */
+	GIT_DELTA_MODIFIED = 3,   /** entry content changed between old and new */
+	GIT_DELTA_RENAMED = 4,    /** entry was renamed between old and new */
+	GIT_DELTA_COPIED = 5,     /** entry was copied from another old entry */
+	GIT_DELTA_IGNORED = 6,    /** entry is ignored item in workdir */
+	GIT_DELTA_UNTRACKED = 7,  /** entry is untracked item in workdir */
+	GIT_DELTA_TYPECHANGE = 8, /** type of entry changed between old and new */
 } git_delta_t;
 
 /**
- * Description of one side of a diff.
+ * Description of one side of a diff entry.
+ *
+ * Although this is called a ""file"", it may actually represent a file, a
+ * symbolic link, a submodule commit id, or even a tree (although that only","Typo: should be ""that's only"" 
",ba084f7aaf431f96588b13551ebfdffdd3eb44dc
1985068,1,"Super classy. This will probably come in handy elsewhere, too. :heartbeat: """,2012-10-30 10:18:05,ben,libgit2,libgit2,,https://github.com/libgit2/libgit2/pull/1032#discussion_r1985068,2012-10-30T21:18:05Z,2012-10-31T18:26:50Z,ben,MEMBER,src/fileops.h,,,,,1,"@@ -266,4 +267,26 @@ extern int git_futils_mmap_ro_file(
  */
 extern int git_futils_fake_symlink(const char *new, const char *old);
 
+
+typedef struct {
+	git_time_t seconds;
+	git_off_t  size;
+	unsigned int ino;
+} git_futils_stat_sig;
+
+/**
+ * Compare stat information for file with reference info.
+ *
+ * Use this as a way to track if a file has changed on disk.  This will
+ * return GIT_ENOTFOUND if the file doesn't exist, 0 if the file is up-to-date
+ * with regards to the signature, and 1 if the file needs to reloaded.  When
+ * a 1 is returned, the signature will also be updated with the latest data.","Super classy. This will probably come in handy elsewhere, too. :heartbeat: 
",c8b511f3cdb3f7fa63600b36bb2412099998a805
803814,1,"Nice. I didn't know about that call. Thanks!""",2012-05-10 06:17:20,ben,libgit2,libgit2,,https://github.com/libgit2/libgit2/pull/648#discussion_r803814,2012-05-10T18:17:20Z,2012-05-10T22:07:17Z,ben,MEMBER,src/revparse.c,,,,,1,"@@ -0,0 +1,548 @@
+/*
+ * Copyright (C) 2009-2012 the libgit2 contributors
+ *
+ * This file is part of libgit2, distributed under the GNU GPL v2 with
+ * a Linking Exception. For full terms see the included COPYING file.
+ */
+
+#include <assert.h>
+
+#include ""common.h""
+#include ""buffer.h""
+
+#include ""git2/revparse.h""
+#include ""git2/object.h""
+#include ""git2/oid.h""
+#include ""git2/refs.h""
+#include ""git2/tag.h""
+#include ""git2/commit.h""
+#include ""git2/reflog.h""
+#include ""git2/refs.h""
+#include ""git2/repository.h""
+#include ""git2/config.h""
+#include ""git2/revwalk.h""
+
+GIT_BEGIN_DECL
+
+typedef enum {
+   REVPARSE_STATE_INIT,
+   REVPARSE_STATE_CARET,
+   REVPARSE_STATE_LINEAR,
+   REVPARSE_STATE_DONE,
+} revparse_state;
+
+static void set_invalid_syntax_err(const char *spec)
+{
+   giterr_set(GITERR_INVALID, ""Refspec '%s' is not valid."", spec);
+}
+
+static int revparse_lookup_fully_qualifed_ref(git_object **out, git_repository *repo, const char*spec)
+{
+   git_reference *ref;
+   git_object *obj = NULL;
+
+   if (!git_reference_lookup(&ref, repo, spec)) {
+      git_reference *resolved_ref;
+      if (!git_reference_resolve(&resolved_ref, ref)) {
+         if (!git_object_lookup(&obj, repo, git_reference_oid(resolved_ref), GIT_OBJ_ANY)) {
+            *out = obj;
+         }
+         git_reference_free(resolved_ref);
+      }
+      git_reference_free(ref);
+   }
+   if (obj) {
+      return 0;
+   }","Nice. I didn't know about that call. Thanks!
",6309f9ebdae222c77a6823cae5b3c606d849ca07
67048,2,"Orhhh... No.. It blows up whole stack. :(  To modify signature of `write_normal()` and `write_deflate()` we need to modify `struct git_filebuf` `->write`. Than git_filebuf_write()`. Than config_file.c and odb_loose.c...  We need better solution. """,2011-07-17 08:40:25,kiryl,libgit2,libgit2,,https://github.com/libgit2/libgit2/pull/328#discussion_r67048,2011-07-17T20:40:25Z,2011-07-17T20:40:25Z,kiryl,CONTRIBUTOR,src/filebuf.c,,119.0,,,14,"@@ -116,7 +116,14 @@ static int write_deflate(git_filebuf *file, const void *source, size_t len)
 	z_stream *zs = &file->zs;
 
 	if (len > 0 || file->flush_mode == Z_FINISH) {
-		zs->next_in = (void *)source;
+		void *data;","Orhhh... No.. It blows up whole stack. :(

To modify signature of `write_normal()` and `write_deflate()` we need to modify `struct git_filebuf` `->write`. Than git_filebuf_write()`. Than config_file.c and odb_loose.c...

We need better solution.
",9bdf0ecdb57092c17475711783344f8984ad49f9
40004,1,"That comparison. :)""",2011-06-05 06:25:08,vmg,libgit2,libgit2,,https://github.com/libgit2/libgit2/pull/232#discussion_r40004,2011-06-05T18:25:08Z,2011-06-05T18:59:51Z,vmg,MEMBER,src/refs.c,,,,,1,"@@ -1079,6 +1124,8 @@ static int reference_rename(git_reference *ref, const char *new_name, int force)
 	    error != GIT_ENOTFOUND)
 		return git__rethrow(error, ""Failed to rename reference"");
 
+	if ((error == reference_available(ref->owner, new_name, ref->name)) < GIT_SUCCESS)","That comparison. :)
",76b15cb18a0c153639bf156482e0a0ad57c0c8c8
5095934,1,"Nice! That actually makes it much more readable, thanks!""",2013-07-09 05:27:06,ben,libgit2,libgit2,,https://github.com/libgit2/libgit2/pull/1317#discussion_r5095934,2013-07-09T17:27:06Z,2013-10-28T18:21:29Z,ben,MEMBER,src/blame.c,,,,,1,"@@ -0,0 +1,753 @@
+/*
+ * Copyright (C) the libgit2 contributors. All rights reserved.
+ *
+ * This file is part of libgit2, distributed under the GNU GPL v2 with
+ * a Linking Exception. For full terms see the included COPYING file.
+ */
+
+#include ""blame.h""
+#include ""git2/commit.h""
+#include ""git2/revparse.h""
+#include ""git2/revwalk.h""
+#include ""git2/tree.h""
+#include ""git2/diff.h""
+#include ""git2/blob.h""
+#include ""util.h""
+#include ""repository.h""
+
+#if 0
+#define DO_DEBUG
+#define DEBUGF(...) printf(__VA_ARGS__)
+static void dump_hunks(git_blame *blame)
+{
+	size_t i;
+	git_blame_hunk *hunk;
+	char str[41] = {0};
+	char *path;
+
+	DEBUGF(""Paths watched: "");
+	git_vector_foreach(&blame->paths, i, path) {
+		DEBUGF(""%s   "", path);
+	}
+	DEBUGF(""\n"");
+
+	git_vector_foreach(&blame->hunks, i, hunk) {
+		git_oid_tostr(str, 9, &hunk->final_commit_id);
+		DEBUGF(""CLAIMED: %2d +%d (orig %2d) %s (from %s)\n"",
+				hunk->final_start_line_number,
+				hunk->lines_in_hunk - 1,
+				hunk->orig_start_line_number,
+				str,
+				hunk->orig_path);
+	}
+	git_vector_foreach(&blame->unclaimed_hunks, i, hunk) {
+		DEBUGF(""UNCLAIMED: %d +%d\n"",
+				hunk->final_start_line_number,
+				hunk->lines_in_hunk - 1);
+	}
+	GIT_UNUSED(blame);
+}
+#else
+#define DEBUGF(...)
+#define dump_hunks(x)
+#endif
+
+static int hunk_byline_search_cmp(const void *key, const void *entry)
+{
+	uint32_t lineno = *(size_t*)key;
+	git_blame_hunk *hunk = (git_blame_hunk*)entry;
+
+	if (lineno < hunk->final_start_line_number)
+		return -1;
+	if (lineno > ((uint32_t)hunk->final_start_line_number + hunk->lines_in_hunk))
+		return 1;
+	return 0;
+}
+
+static int hunk_sort_cmp_by_start_line(const void *_a, const void *_b)
+{
+	git_blame_hunk *a = (git_blame_hunk*)_a,
+						*b = (git_blame_hunk*)_b;
+
+	return a->final_start_line_number - b->final_start_line_number;
+}
+
+static bool line_is_at_end_of_hunk(size_t line, git_blame_hunk *hunk)
+{
+	return line >= (hunk->final_start_line_number + hunk->lines_in_hunk - 1);
+}
+
+static bool line_is_at_start_of_hunk(size_t line, git_blame_hunk *hunk)
+{
+	return line <= hunk->final_start_line_number;
+}
+
+static git_blame_hunk* new_hunk(uint16_t start, uint16_t lines, uint16_t orig_start, const char *path)
+{
+	git_blame_hunk *hunk = git__calloc(1, sizeof(git_blame_hunk));
+	if (!hunk) return NULL;
+
+	hunk->lines_in_hunk = lines;
+	hunk->final_start_line_number = start;
+	hunk->orig_start_line_number = orig_start;
+	hunk->orig_path = git__strdup(path);
+
+	return hunk;
+}
+
+static git_blame_hunk* dup_hunk(git_blame_hunk *hunk)
+{
+	git_blame_hunk *newhunk = new_hunk(hunk->final_start_line_number, hunk->lines_in_hunk, hunk->orig_start_line_number, hunk->orig_path);
+	git_oid_cpy(&newhunk->orig_commit_id, &hunk->orig_commit_id);
+	git_oid_cpy(&newhunk->final_commit_id, &hunk->final_commit_id);
+	return newhunk;
+}
+
+static void free_hunk(git_blame_hunk *hunk)
+{
+	git__free((void*)hunk->orig_path);
+	git__free(hunk);
+}
+
+static int paths_cmp(const void *a, const void *b) { return git__strcmp((char*)a, (char*)b); }
+static void add_if_not_present(git_vector *v, const char *value)
+{
+	git_vector_insert_sorted(v, (void*)git__strdup(value), NULL);
+}
+
+git_blame* git_blame__alloc(
+	git_repository *repo,
+	git_blame_options opts,
+	const char *path)
+{
+	git_blame *gbr = (git_blame*)calloc(1, sizeof(git_blame));
+	if (!gbr) {
+		giterr_set_oom();
+		return NULL;
+	}
+	git_vector_init(&gbr->hunks, 8, hunk_sort_cmp_by_start_line);
+	git_vector_init(&gbr->unclaimed_hunks, 8, hunk_sort_cmp_by_start_line);
+	git_vector_init(&gbr->paths, 8, paths_cmp);
+	gbr->repository = repo;
+	gbr->options = opts;
+	gbr->path = git__strdup(path);
+	git_vector_insert(&gbr->paths, git__strdup(path));
+	gbr->final_blob = NULL;
+	return gbr;
+}
+
+void git_blame_free(git_blame *blame)
+{
+	size_t i;
+	git_blame_hunk *hunk;
+	char *path;
+
+	if (!blame) return;
+
+	git_vector_foreach(&blame->hunks, i, hunk)
+		free_hunk(hunk);
+	git_vector_free(&blame->hunks);
+
+	git_vector_foreach(&blame->unclaimed_hunks, i, hunk)
+		free_hunk(hunk);
+	git_vector_free(&blame->unclaimed_hunks);
+
+	git_vector_foreach(&blame->paths, i, path)
+		git__free(path);
+	git_vector_free(&blame->paths);
+
+	git__free((void*)blame->path);
+	git_blob_free(blame->final_blob);
+	git__free(blame);
+}
+
+/*
+ * Construct a list of char indices for where lines begin
+ * Adapted from core git:
+ * https://github.com/gitster/git/blob/be5c9fb9049ed470e7005f159bb923a5f4de1309/builtin/blame.c#L1760-L1789
+ */
+static int index_blob_lines(git_blame *blame)
+{
+	const char *final_buf = git_blob_rawcontent(blame->final_blob);
+	const char *buf = final_buf;
+	git_off_t len = git_blob_rawsize(blame->final_blob);
+	int num = 0, incomplete = 0, bol = 1;
+
+	if (len && buf[len-1] != '\n')
+		incomplete++; /* incomplete line at the end */
+	while (len--) {
+		if (bol) {
+			blame->line_index = realloc(blame->line_index,","Nice! That actually makes it much more readable, thanks!
",7dcb1c452582d2a83ca1ad8858cb95ab20d6e13d
5783529,1,"Looks good. Our usual idiom here would be `!error` instead of `error == 0` - would you update that? Then I think this is good to merge. Nice catch!""",2013-08-14 17:18:18,arrbee,libgit2,libgit2,,https://github.com/libgit2/libgit2/pull/1784#discussion_r5783529,2013-08-15T05:18:18Z,2013-08-15T05:39:45Z,arrbee,MEMBER,src/revparse.c,,,,,1,"@@ -912,13 +912,9 @@ int git_revparse(
 			rstr++;
 		}
 
-		if ((error = git_revparse_single(&revspec->from, repo, lstr)) < 0) {
-			return error;
-		}
-
-		if ((error = git_revparse_single(&revspec->to, repo, rstr)) < 0) {
-			return error;
-		}
+		error = git_revparse_single(&revspec->from, repo, lstr);
+		if (error == 0)","Looks good. Our usual idiom here would be `!error` instead of `error == 0` - would you update that? Then I think this is good to merge. Nice catch!
",1616fa68e520dbd29b839335065599f8a2b93a6f
5657018,1,"Oooh, I really like your second suggestion. Stay tuned.""",2013-08-08 01:21:48,ben,libgit2,libgit2,,https://github.com/libgit2/libgit2/pull/1767#discussion_r5657018,2013-08-08T13:21:48Z,2013-08-13T17:20:38Z,ben,MEMBER,src/win32/utf-conv.h,,,,,1,"@@ -10,10 +10,14 @@
 #ifndef INCLUDE_git_utfconv_h__
 #define INCLUDE_git_utfconv_h__
 
-#define GIT_WIN_PATH (260 + 1)
+#define GIT_WIN_PATH_UTF16 (260 + 1)
+#define GIT_WIN_PATH_UTF8  (260 * 4 + 1)
 
-int git__utf8_to_16(wchar_t *dest, size_t length, const char *src);
-int git__utf16_to_8(char *dest, const wchar_t *src);
+typedef wchar_t git_win32_path_utf16[GIT_WIN_PATH_UTF16];
+typedef char git_win32_path_utf8[GIT_WIN_PATH_UTF8];
+
+int git__utf8_to_16(git_win32_path_utf16 dest, const git_win32_path_utf8 src);
+int git__utf16_to_8(git_win32_path_utf8 dest, const git_win32_path_utf16 src);","Oooh, I really like your second suggestion. Stay tuned.
",0228a514294bcb9d23bf24c61199a1a3e34d4772
4464303,1,"Yeah, good point!""",2013-05-30 07:05:48,vmg,libgit2,libgit2,,https://github.com/libgit2/libgit2/pull/1624#discussion_r4464303,2013-05-30T19:05:48Z,2013-05-31T21:36:10Z,vmg,MEMBER,include/git2/refs.h,,264.0,,,8,"@@ -257,11 +257,6 @@
  * The new name will be checked for validity.
  * See `git_reference_create_symbolic()` for rules about valid names.
  *
- * On success, the given git_reference will be deleted from disk and a
- * new `git_reference` will be returned.
- *
- * The reference will be immediately renamed in-memory and on disk.
- *","Yeah, good point!
",efd5a4e16a55ff32ce0b300d3792e44aed4157f8
4819913,2,"So...  I think it's a little odd to have one callback that takes a direction and then two callbacks, one for each direction.  It seems like either the filter callback should take a direction, or we should have two `should...()` callbacks...""",2013-06-21 03:17:08,ethomson,libgit2,libgit2,,https://github.com/libgit2/libgit2/pull/1618#discussion_r4819913,2013-06-21T15:17:08Z,2013-06-25T09:25:02Z,ethomson,MEMBER,include/git2/filter.h,,,,,1,"@@ -0,0 +1,149 @@
+/*
+ * Copyright (C) the libgit2 contributors. All rights reserved.
+ *
+ * This file is part of libgit2, distributed under the GNU GPL v2 with
+ * a Linking Exception. For full terms see the included COPYING file.
+ */
+#ifndef INCLUDE_git_filter_h__
+#define INCLUDE_git_filter_h__
+
+#include ""common.h""
+#include ""types.h""
+
+/**
+ * @file git2/filter.h
+ * @brief Allow applying filters on blobs.
+ * @defgroup git_filter Allow applying filters on blobs.
+ * @ingroup Git
+ * @{
+ */
+GIT_BEGIN_DECL
+
+typedef struct git_filter git_filter;
+
+/**
+ * Direction of the filter to apply.
+ *
+ * `GIT_FILTER_TO_WORKTREE` means applying filters from the odb to the worktree.
+ *
+ * `GIT_FILTER_TO_ODB` means applying filters from the worktree to the odb.
+ */
+typedef enum {
+	GIT_FILTER_TO_WORKTREE = 1,","So...  I think it's a little odd to have one callback that takes a direction and then two callbacks, one for each direction.  It seems like either the filter callback should take a direction, or we should have two `should...()` callbacks...
",db9b92fb995cefa83acdd673797808877d0c3798
4437705,2,"Actually, with the removal of case insensitive comparisons, this is obsolete!""",2013-05-29 03:56:28,ethomson,libgit2,libgit2,,https://github.com/libgit2/libgit2/pull/1598#discussion_r4437705,2013-05-29T15:56:28Z,2013-05-31T22:22:52Z,ethomson,MEMBER,src/diff_output.c,,,,,1,"@@ -1804,16 +1804,15 @@ int git_diff__paired_foreach(
 	* supports merging diffs that are not sorted by the same function, then
 	* it will need to spool and sort on one of the results before merging
 	*/
-	if (idx2head && wd2idx) {
+	if (idx2head && wd2idx)
 		assert(idx2head->strcomp == wd2idx->strcomp);","Actually, with the removal of case insensitive comparisons, this is obsolete!
",a1da1254da5b50de61b761aad4d09d4b52f3da86
4176354,1,"@ben @arrbee Bam! It now returns fully fledged references when the expression looks like a reference :wink: """,2013-05-10 06:25:46,nulltoken,libgit2,libgit2,,https://github.com/libgit2/libgit2/pull/1568#discussion_r4176354,2013-05-10T18:25:46Z,2013-05-16T19:45:35Z,nulltoken,MEMBER,tests-clar/refs/revparse.c,,740.0,,,78,"@@ -695,3 +719,18 @@ void test_refs_revparse__parses_range_operator(void)
 		GIT_REVPARSE_RANGE | GIT_REVPARSE_MERGE_BASE);
 }
 
+void test_refs_revparse__reduce_retrieves_both_the_reference_and_its_target(void)
+{
+	test_object_and_ref(
+		""master@{upstream}"",
+		""be3563ae3f795b2b4353bcce3a527ad0a4f7f644"",
+		""refs/remotes/test/master"");
+}
+
+void test_refs_revparse__reduce_only_retrieve_the_object_target(void)
+{
+	test_object_and_ref(
+		""master"",
+		""a65fedf39aefe402d3bb6e24df4d4f5fe4547750"",
+		""refs/heads/master"");","@ben @arrbee Bam! It now returns fully fledged references when the expression looks like a reference :wink: 
",f672cd2a0925c230421efccdefd8e1f640bba41b
4138199,0,"Well the issue is that this callback only really works with libssh2 because if you look at the callback signature: int name(LIBSSH2_SESSION *session, unsigned char **sig, size_t *sig_len, \            const unsigned char *data, size_t data_len, void **a""",2013-05-08 04:57:34,bmorganpa,libgit2,libgit2,,https://github.com/libgit2/libgit2/pull/1558#discussion_r4138199,2013-05-08T16:57:34Z,2013-05-15T16:51:46Z,bmorganpa,NONE,include/git2/transport.h,,,,,1,"@@ -57,6 +84,42 @@
 	const char *username,
 	const char *password);
 
+#ifdef GIT_SSH
+/**
+ * Creates a new ssh key file and passphrase credential object.
+ * The supplied credential parameter will be internally duplicated.
+ *
+ * @param out The newly created credential object.
+ * @param publickey The path to the public key of the credential.
+ * @param privatekey The path to the private key of the credential.
+ * @param passphrase The passphrase of the credential.
+ * @return 0 for success or an error code for failure
+ */
+GIT_EXTERN(int) git_cred_ssh_keyfile_passphrase_new(
+	git_cred **out,
+	const char *publickey,
+	const char *privatekey,
+    const char *passphrase);
+
+/**
+ * Creates a new ssh public key credential object.
+ * The supplied credential parameter will be internally duplicated.
+ *
+ * @param out The newly created credential object.
+ * @param publickey The bytes of the public key.
+ * @param publickey_len The length of the public key in bytes.
+ * @param sign_callback The callback method for authenticating.
+ * @param sign_data The abstract data sent to the sign_callback method.
+ * @return 0 for success or an error code for failure
+ */
+GIT_EXTERN(int) git_cred_ssh_publickey_new(
+	git_cred **out,
+	const char *publickey,
+    size_t publickey_len,
+    LIBSSH2_USERAUTH_PUBLICKEY_SIGN_FUNC((*sign_callback)),","Well the issue is that this callback only really works with libssh2 because if you look at the callback signature:
int name(LIBSSH2_SESSION _session, unsigned char *_sig, size_t _sig_len, \
           const unsigned char *data, size_t data_len, void *_abstract)
It passes a LIBSSH2_SESSION pointer to the callback method.
",84ac625ddd1135755030dfb01b2be965e7cacb2f
4016278,2,"I miss C++ :(""",2013-04-29 23:00:28,vmg,libgit2,libgit2,,https://github.com/libgit2/libgit2/pull/1518#discussion_r4016278,2013-04-30T11:00:28Z,2013-04-30T11:00:28Z,vmg,MEMBER,src/object.h,,31.0,,,4,"@@ -28,4 +28,16 @@ int git_object__from_odb_object(
 
 void git_oid__writebuf(git_buf *buf, const char *header, const git_oid *oid);
 
+#define GIT_OBJECT__TYPED_FUNCTIONS(TYPE,OBJTYPE) \","I miss C++ :(
",203d5b0e6829242ea412bbef7751e3c522ac5dd8
2285220,1,"Nice, I like it.""",2012-11-30 17:36:08,ben,libgit2,libgit2,,https://github.com/libgit2/libgit2/pull/1115#discussion_r2285220,2012-12-01T04:36:08Z,2012-12-03T20:46:59Z,ben,MEMBER,tests-clar/diff/diff_helpers.h,,,,,1,"@@ -48,3 +48,10 @@ extern int diff_foreach_via_iterator(
 	void *data);
 
 extern void diff_print(FILE *fp, git_diff_list *diff);
+
+
+GIT_INLINE(void) reset_diff_opts(git_diff_options *opts)","Nice, I like it.
",ee1c33b146a366260a4648b1f29f470fedaca0fa
2293665,0,"I'd like to freeze this too. I don't see what else could be added to a signature, and we use it aaaall the time.""",2012-12-03 04:40:38,vmg,libgit2,libgit2,,https://github.com/libgit2/libgit2/pull/1115#discussion_r2293665,2012-12-03T15:40:38Z,2012-12-03T20:47:00Z,vmg,MEMBER,include/git2/types.h,,,,,1,"@@ -151,11 +151,15 @@
 
 /** An action signature (e.g. for committers, taggers, etc) */
 typedef struct git_signature {
+	unsigned int version;","I'd like to freeze this too. I don't see what else could be added to a signature, and we use it aaaall the time.
",ee1c33b146a366260a4648b1f29f470fedaca0fa
943904,0,"`i` should be unsigned (-Wsign-compare)""",2012-06-07 02:20:11,schu,libgit2,libgit2,,https://github.com/libgit2/libgit2/pull/743#discussion_r943904,2012-06-07T14:20:11Z,2012-06-12T12:30:56Z,schu,MEMBER,tests-clar/notes/notes.c,,,,,1,"@@ -131,3 +109,152 @@ void test_notes_notes__retrieving_a_list_of_notes_for_an_unknown_namespace_retur
 
 	cl_assert_equal_i(0, retrieved_notes);
 }
+
+void test_notes_notes__inserting_a_note_without_passing_a_namespace_uses_the_default_namespace(void)
+{
+	git_oid note_oid, target_oid;
+	git_note *note, *default_namespace_note;
+	char *default_ref;
+
+	cl_git_pass(git_oid_fromstr(&target_oid, ""08b041783f40edfe12bb406c9c9a8a040177c125""));
+	cl_git_pass(git_note_default_ref(&default_ref, _repo));
+
+	create_note(&note_oid, NULL, ""08b041783f40edfe12bb406c9c9a8a040177c125"", ""hello world\n"");
+
+	cl_git_pass(git_note_read(&note, _repo, NULL, &target_oid));
+	cl_git_pass(git_note_read(&default_namespace_note, _repo, default_ref, &target_oid));
+
+	assert_note_equal(note, ""hello world\n"", &note_oid);
+	assert_note_equal(default_namespace_note, ""hello world\n"", &note_oid);
+
+	git_note_free(note);
+	git_note_free(default_namespace_note);
+}
+
+void test_notes_notes__can_insert_a_note_with_a_custom_namespace(void)
+{
+	git_oid note_oid, target_oid;
+	git_note *note;
+
+	cl_git_pass(git_oid_fromstr(&target_oid, ""08b041783f40edfe12bb406c9c9a8a040177c125""));
+
+	create_note(&note_oid, ""refs/notes/some/namespace"", ""08b041783f40edfe12bb406c9c9a8a040177c125"", ""hello world on a custom namespace\n"");
+
+	cl_git_pass(git_note_read(&note, _repo, ""refs/notes/some/namespace"", &target_oid));
+
+	assert_note_equal(note, ""hello world on a custom namespace\n"", &note_oid);
+
+	git_note_free(note);
+}
+
+/*
+ * $ git notes --ref fanout list 8496071c1b46c854b31185ea97743be6a8774479
+ * 08b041783f40edfe12bb406c9c9a8a040177c125
+ */
+void test_notes_notes__creating_a_note_on_a_target_which_already_has_one_returns_EEXISTS(void)
+{
+	int error;
+	git_oid note_oid, target_oid;
+
+	cl_git_pass(git_oid_fromstr(&target_oid, ""08b041783f40edfe12bb406c9c9a8a040177c125""));
+
+	create_note(&note_oid, NULL, ""08b041783f40edfe12bb406c9c9a8a040177c125"", ""hello world\n"");
+	error = git_note_create(&note_oid, _repo, _sig, _sig, NULL, &target_oid, ""hello world\n"");
+	cl_git_fail(error);
+	cl_assert_equal_i(GIT_EEXISTS, error);
+
+	create_note(&note_oid, ""refs/notes/some/namespace"", ""08b041783f40edfe12bb406c9c9a8a040177c125"", ""hello world\n"");
+	error = git_note_create(&note_oid, _repo, _sig, _sig, ""refs/notes/some/namespace"", &target_oid, ""hello world\n"");
+	cl_git_fail(error);
+	cl_assert_equal_i(GIT_EEXISTS, error);
+}
+
+static char *messages[] = {
+	""08c041783f40edfe12bb406c9c9a8a040177c125"",
+	""96c45fbe09ab7445fc7c60fd8d17f32494399343"",
+	""48cc7e38dcfc1ec87e70ec03e08c3e83d7a16aa1"",
+	""24c3eaafb681c3df668f9df96f58e7b8c756eb04"",
+	""96ca1b6ccc7858ae94684777f85ac0e7447f7040"",
+	""7ac2db4378a08bb244a427c357e0082ee0d57ac6"",
+	""e6cba23dbf4ef84fe35e884f017f4e24dc228572"",
+	""c8cf3462c7d8feba716deeb2ebe6583bd54589e2"",
+	""39c16b9834c2d665ac5f68ad91dc5b933bad8549"",
+	""f3c582b1397df6a664224ebbaf9d4cc952706597"",
+	""29cec67037fe8e89977474988219016ae7f342a6"",
+	""36c4cd238bf8e82e27b740e0741b025f2e8c79ab"",
+	""f1c45a47c02e01d5a9a326f1d9f7f756373387f8"",
+	""4aca84406f5daee34ab513a60717c8d7b1763ead"",
+	""84ce167da452552f63ed8407b55d5ece4901845f"",
+	NULL
+};
+
+#define MESSAGES_COUNT (sizeof(messages)/sizeof(messages[0])) - 1
+
+/*
+ * $ git ls-tree refs/notes/fanout
+ * 040000 tree 4b22b35d44b5a4f589edf3dc89196399771796ea    84
+ *
+ * $ git ls-tree 4b22b35
+ * 040000 tree d71aab4f9b04b45ce09bcaa636a9be6231474759    96
+ *
+ * $ git ls-tree d71aab4
+ * 100644 blob 08b041783f40edfe12bb406c9c9a8a040177c125    071c1b46c854b31185ea97743be6a8774479
+ */
+void test_notes_notes__can_insert_a_note_in_an_existing_fanout(void)
+{
+	int i;","`i` should be unsigned (-Wsign-compare)
",027d77ee5c3e9ac859ceac986ceb215da388b28e
800269,1,"@arrbee Would you like me to draft something along these lines? ^^""",2012-05-09 19:49:40,nulltoken,libgit2,libgit2,,https://github.com/libgit2/libgit2/pull/664#discussion_r800269,2012-05-10T07:49:40Z,2012-05-10T07:49:40Z,nulltoken,MEMBER,src/attr.c,,428.0,,,343,"@@ -203,113 +215,230 @@ int git_attr_add_macro(
 	return error;
 }
 
-bool git_attr_cache__is_cached(git_repository *repo, const char *path)
+bool git_attr_cache__is_cached(
+	git_repository *repo, git_attr_file_source source, const char *path)
 {
-	const char *cache_key = path;
+	git_buf cache_key = GIT_BUF_INIT;
 	git_strmap *files = git_repository_attr_cache(repo)->files;
+	const char *workdir = git_repository_workdir(repo);
+	bool rval;
+
+	if (workdir && git__prefixcmp(path, workdir) == 0)
+		path += strlen(workdir);
+	if (git_buf_printf(&cache_key, ""%d#%s"", (int)source, path) < 0)
+		return false;
+
+	rval = git_strmap_exists(files, git_buf_cstr(&cache_key));
+
+	git_buf_free(&cache_key);
+
+	return rval;
+}
+
+static int load_attr_file(const char *filename, const char **data)
+{
+	int error;
+	git_buf content = GIT_BUF_INIT;
+
+	error = git_futils_readbuffer(&content, filename);
+	*data = error ? NULL : git_buf_detach(&content);
+
+	return error;
+}
 
-	if (repo && git__prefixcmp(cache_key, git_repository_workdir(repo)) == 0)
-		cache_key += strlen(git_repository_workdir(repo));
+static int load_attr_blob_from_index(
+	git_repository *repo, const char *filename, git_blob **blob)
+{
+	int error;
+	git_index *index;
+	git_index_entry *entry;
+
+	if ((error = git_repository_index__weakptr(&index, repo)) < 0 ||
+		(error = git_index_find(index, filename)) < 0)
+		return error;
 
-	return git_strmap_exists(files, cache_key);
+	entry = git_index_get(index, error);
+
+	return git_blob_lookup(blob, repo, &entry->oid);
 }
 
-int git_attr_cache__lookup_or_create_file(
+int git_attr_cache__internal_file(
 	git_repository *repo,
-	const char *key,
 	const char *filename,
-	int (*loader)(git_repository *, const char *, git_attr_file *),
-	git_attr_file **file_ptr)
+	git_attr_file **file)
 {
-	int error;
+	int error = 0;
 	git_attr_cache *cache = git_repository_attr_cache(repo);
-	git_attr_file *file = NULL;
-	khiter_t pos;
-
-	pos = git_strmap_lookup_index(cache->files, key);
-	if (git_strmap_valid_index(cache->files, pos)) {
-		*file_ptr = git_strmap_value_at(cache->files, pos);
-		return 0;
-	}
+	khiter_t cache_pos = git_strmap_lookup_index(cache->files, filename);
 
-	if (loader && git_path_exists(filename) == false) {
-		*file_ptr = NULL;
+	if (git_strmap_valid_index(cache->files, cache_pos)) {
+		*file = git_strmap_value_at(cache->files, cache_pos);
 		return 0;
 	}
 
-	if (git_attr_file__new(&file, &cache->pool) < 0)
+	if (git_attr_file__new(file, 0, filename, &cache->pool) < 0)
 		return -1;
 
-	if (loader)
-		error = loader(repo, filename, file);
-	else
-		error = git_attr_file__set_path(repo, key, file);
-
-	if (!error) {
-		git_strmap_insert(cache->files, file->path, file, error);
-		if (error > 0)
-			error = 0;
-	}
-
-	if (error < 0) {
-		git_attr_file__free(file);
-		file = NULL;
-	}
+	git_strmap_insert(cache->files, (*file)->key + 2, *file, error);
+	if (error > 0)
+		error = 0;
 
-	*file_ptr = file;
 	return error;
 }
 
-/* add git_attr_file to vector of files, loading if needed */
 int git_attr_cache__push_file(
 	git_repository *repo,
-	git_vector     *stack,
-	const char     *base,
-	const char     *filename,
-	int (*loader)(git_repository *, const char *, git_attr_file *))
+	const char *base,
+	const char *filename,
+	git_attr_file_source source,
+	git_attr_file_parser parse,
+	git_vector *stack)
 {
-	int error;
+	int error = 0;
 	git_buf path = GIT_BUF_INIT;
+	const char *workdir = git_repository_workdir(repo);
+	const char *relfile, *content = NULL;
+	git_attr_cache *cache = git_repository_attr_cache(repo);
 	git_attr_file *file = NULL;
-	const char *cache_key;
+	git_blob *blob = NULL;
 
-	if (base != NULL) {
+	assert(filename && stack);
+
+	/* join base and path as needed */
+	if (base != NULL && git_path_root(filename) < 0) {
 		if (git_buf_joinpath(&path, base, filename) < 0)
 			return -1;
 		filename = path.ptr;
 	}
 
-	/* either get attr_file from cache or read from disk */
-	cache_key = filename;
-	if (repo && git__prefixcmp(cache_key, git_repository_workdir(repo)) == 0)
-		cache_key += strlen(git_repository_workdir(repo));
+	relfile = filename;
+	if (workdir && git__prefixcmp(relfile, workdir) == 0)
+		relfile += strlen(workdir);
+
+	/* check cache */
+	if (cache && cache->files) {
+		git_buf  cache_key = GIT_BUF_INIT;
+		khiter_t cache_pos;
+
+		if (git_buf_printf(&cache_key, ""%d#%s"", (int)source, relfile) < 0)
+			return -1;
+
+		cache_pos = git_strmap_lookup_index(cache->files, cache_key.ptr);
+
+		git_buf_free(&cache_key);
+
+		if (git_strmap_valid_index(cache->files, cache_pos)) {
+			file = git_strmap_value_at(cache->files, cache_pos);
+			goto finish;
+		}
+	}
+
+	/* if not in cache, load data, parse, and cache */
+	if (git_attr_file__new(&file, source, relfile, &cache->pool) < 0)
+		return -1;
+
+	if (source == GIT_ATTR_FILE_FROM_FILE)
+		error = load_attr_file(filename, &content);
+	else
+		error = load_attr_blob_from_index(repo, relfile, &blob);
+
+	if (error) {
+		/* not finding a file is not an error for this function */
+		if (error == GIT_ENOTFOUND) {
+			giterr_clear();
+			error = 0;
+		}
+		goto finish;
+	}
+
+	if (blob)
+		content = git_blob_rawcontent(blob);
+
+	if (parse && (error = parse(repo, content, file)) < 0)
+		goto finish;
 
-	error = git_attr_cache__lookup_or_create_file(
-		repo, cache_key, filename, loader, &file);
+	git_strmap_insert(cache->files, file->key, file, error);
+	if (error > 0)
+		error = 0;
 
+finish:
+	/* push file onto vector if we found one*/
 	if (!error && file != NULL)
 		error = git_vector_insert(stack, file);
 
+	if (error != 0)
+		git_attr_file__free(file);
+
+	if (blob)
+		git_blob_free(blob);
+	else
+		git__free((void *)content);
+
 	git_buf_free(&path);
+
 	return error;
 }
 
-#define push_attrs(R,S,B,F) \
-	git_attr_cache__push_file((R),(S),(B),(F),git_attr_file__from_file)
+#define push_attr_file(R,S,B,F) \
+	git_attr_cache__push_file((R),(B),(F),GIT_ATTR_FILE_FROM_FILE,git_attr_file__parse_buffer,(S))
 
 typedef struct {
 	git_repository *repo;
+	uint32_t flags;
+	const char *workdir;
+	git_index *index;
 	git_vector *files;
 } attr_walk_up_info;
 
+int git_attr_cache__decide_sources(
+	uint32_t flags, bool has_wd, bool has_index, git_attr_file_source *srcs)
+{
+	int count = 0;
+
+	switch (flags & 0x03) {
+	case GIT_ATTR_CHECK_FILE_THEN_INDEX:
+		if (has_wd)
+			srcs[count++] = GIT_ATTR_FILE_FROM_FILE;
+		if (has_index)
+			srcs[count++] = GIT_ATTR_FILE_FROM_INDEX;
+		break;
+	case GIT_ATTR_CHECK_INDEX_THEN_FILE:
+		if (has_index)
+			srcs[count++] = GIT_ATTR_FILE_FROM_INDEX;
+		if (has_wd)
+			srcs[count++] = GIT_ATTR_FILE_FROM_FILE;
+		break;
+	case GIT_ATTR_CHECK_INDEX_ONLY:
+		if (has_index)
+			srcs[count++] = GIT_ATTR_FILE_FROM_INDEX;
+		break;
+	}
+
+	return count;
+}
+
 static int push_one_attr(void *ref, git_buf *path)
 {
+	int error = 0, n_src, i;
 	attr_walk_up_info *info = (attr_walk_up_info *)ref;
-	return push_attrs(info->repo, info->files, path->ptr, GIT_ATTR_FILE);
+	git_attr_file_source src[2];
+
+	n_src = git_attr_cache__decide_sources(
+		info->flags, info->workdir != NULL, info->index != NULL, src);","@arrbee Would you like me to draft something along these lines? ^^
",282283acc65bab9de231a2b3dc489eb171d5f1cf
5637,1,"Assert is still ok, just perhaps needs to be done on a separate line. I.e. save the return value of snprintf and assert it on the next line. No sweat :)""",2011-03-02 00:08:23,scorpion007,libgit2,libgit2,,https://github.com/libgit2/libgit2/pull/67#discussion_r5637,2011-03-02T11:08:23Z,2011-03-02T11:08:23Z,scorpion007-zz,NONE,src/tree.c,,312.0,,,60,"@@ -296,8 +309,8 @@ int git_tree__writeback(git_tree *tree, git_odb_source *src)
 
 		entry = git_vector_get(&tree->entries, i);
 	
-		sprintf(filemode, ""%o "", entry->attr);
-
+		assert(snprintf(filemode, sizeof filemode, ""%o "", entry->attr) < (int) sizeof filemode);","Assert is still ok, just perhaps needs to be done on a separate line. I.e. save the return value of snprintf and assert it on the next line. No sweat :)
",52f6cc90e59027dc1f0734ea5595bf7dd9962eb0
1918517,0,"We may want to use `_isfile`, just for extra sanity?""",2012-10-23 04:52:21,vmg,libgit2,libgit2,,https://github.com/libgit2/libgit2/pull/1011#discussion_r1918517,2012-10-23T16:52:21Z,2012-10-23T20:40:57Z,vmg,MEMBER,src/merge.c,,,,,1,"@@ -0,0 +1,66 @@
+/*
+ * Copyright (C) 2009-2012 the libgit2 contributors
+ *
+ * This file is part of libgit2, distributed under the GNU GPL v2 with
+ * a Linking Exception. For full terms see the included COPYING file.
+ */
+
+#include ""repository.h""
+#include ""buffer.h""
+#include ""merge.h""
+#include ""git2/repository.h""
+#include ""git2/merge.h""
+#include ""git2/reset.h""
+
+int git_merge_inprogress(int *out, git_repository *repo)
+{
+	int error = 0;
+	git_buf merge_head_path = GIT_BUF_INIT;
+
+	assert(repo);
+
+	if ((error = git_buf_joinpath(&merge_head_path, repo->path_repository, MERGE_HEAD_FILE)) == 0)
+		*out = git_path_exists(merge_head_path.ptr);
+
+	git_buf_free(&merge_head_path);
+	return error;
+}
+
+int git_merge__cleanup(git_repository *repo)
+{
+	int error = 0;
+	git_buf merge_head_path = GIT_BUF_INIT,
+		merge_mode_path = GIT_BUF_INIT,
+		merge_msg_path = GIT_BUF_INIT;
+
+	assert(repo);
+
+	if ((error = git_buf_joinpath(&merge_head_path, repo->path_repository, MERGE_HEAD_FILE)) < 0)
+		goto cleanup;
+
+	if ((error = git_buf_joinpath(&merge_mode_path, repo->path_repository, MERGE_MODE_FILE)) < 0)
+		goto cleanup;
+
+	if ((error = git_buf_joinpath(&merge_msg_path, repo->path_repository, MERGE_MSG_FILE)) < 0)
+		goto cleanup;
+
+	if (git_path_exists(merge_head_path.ptr))
+	{
+		if ((error = p_unlink(merge_head_path.ptr)) < 0)
+			goto cleanup;
+	}
+
+	if (git_path_exists(merge_mode_path.ptr))","We may want to use `_isfile`, just for extra sanity?
",5b67d145d8f465ed0c7ed9c07d331aae29c2713b
4808790,2,"Better, let's kill it and use the same header we use in `src/`.  Apparently I forgot to update this back in January.  My bad!""",2013-06-20 10:02:48,ethomson,libgit2,libgit2,,https://github.com/libgit2/libgit2/pull/1662#discussion_r4808790,2013-06-20T22:02:48Z,2013-06-20T22:16:43Z,ethomson,MEMBER,examples/status.c,,,,,1,"@@ -0,0 +1,438 @@
+/*
+ * Copyright (C) 2011-2012 the libgit2 contributors","Better, let's kill it and use the same header we use in `src/`.  Apparently I forgot to update this back in January.  My bad!
",94ef2a353cdf4c29323c9935026d8435e8f098bd
4706456,1,"Sir, yes sir! :smile:""",2013-06-14 05:54:51,yorah,libgit2,libgit2,,https://github.com/libgit2/libgit2/pull/1652#discussion_r4706456,2013-06-14T17:54:51Z,2013-06-14T18:02:34Z,yorah,CONTRIBUTOR,src/fileops.c,,,,,1,"@@ -320,7 +320,7 @@ int git_futils_mkdir(
 	min_root_len = git_path_root(make_path.ptr);
 	if (root < min_root_len)
 		root = min_root_len;
-	while (make_path.ptr[root] == '/')
+	while (root > -1 && make_path.ptr[root] == '/')","Sir, yes sir! :smile:
",519072c9bfedeb2b6c4a8ad49739e5563813c3c4
4692136,1,"When I was thinking about #1629 I naively assumed that we'd have to do some heavy lifting in the index for case sensitivity.  I'm not at all sure why I didn't think of this.  Nice!""",2013-06-13 11:24:24,ethomson,libgit2,libgit2,,https://github.com/libgit2/libgit2/pull/1651#discussion_r4692136,2013-06-13T23:24:24Z,2013-06-17T17:24:19Z,ethomson,MEMBER,src/index.c,,739.0,,,8,"@@ -734,8 +734,9 @@ static int index_insert(git_index *index, git_index_entry *entry, int replace)
 	if (!replace || !existing)
 		return git_vector_insert(&index->entries, entry);
 
-	/* exists, replace it */
-	git__free((*existing)->path);
+	/* exists, replace it (preserving name from existing entry) */
+	git__free(entry->path);
+	entry->path = (*existing)->path;","When I was thinking about #1629 I naively assumed that we'd have to do some heavy lifting in the index for case sensitivity.  I'm not at all sure why I didn't think of this.  Nice!
",f4183347607c85d3fbe02e8591d9393a011ecdf2
3745003,1,"By the way, I was going to suggest `PTHREAD_MUTEX_RECURSIVE` but then I read http://www.zaval.org/resources/library/butenhof1.html and realized that was just a lazy suggestion. :grinning: (That's a pretty fun read, though.) """,2013-04-10 11:39:53,arrbee,libgit2,libgit2,,https://github.com/libgit2/libgit2/pull/1454#discussion_r3745003,2013-04-10T23:39:53Z,2013-04-22T15:05:42Z,arrbee,MEMBER,src/cache.c,,,,,1,"@@ -11,100 +11,227 @@
 #include ""thread-utils.h""
 #include ""util.h""
 #include ""cache.h""
+#include ""odb.h""
+#include ""object.h""
 #include ""git2/oid.h""
 
-int git_cache_init(git_cache *cache, size_t size, git_cached_obj_freeptr free_ptr)
-{
-	if (size < 8)
-		size = 8;
-	size = git__size_t_powerof2(size);
+GIT__USE_OIDMAP
 
-	cache->size_mask = size - 1;
-	cache->lru_count = 0;
-	cache->free_obj = free_ptr;
+bool git_cache__enabled = true;
 
-	git_mutex_init(&cache->lock);
+size_t git_cache__max_object_size[8] = {
+	0, /* GIT_OBJ__EXT1 */
+	4096,  /* GIT_OBJ_COMMIT */
+	4096,  /* GIT_OBJ_TREE */
+	0, /* GIT_OBJ_BLOB */
+	4096,  /* GIT_OBJ_TAG */
+	0, /* GIT_OBJ__EXT2 */
+	0, /* GIT_OBJ_OFS_DELTA */
+	0 /* GIT_OBJ_REF_DELTA */
+};
 
-	cache->nodes = git__malloc(size * sizeof(git_cached_obj *));
-	GITERR_CHECK_ALLOC(cache->nodes);
+void git_cache_dump_stats(git_cache *cache)
+{
+	git_cached_obj *object;
+
+	if (kh_size(cache->map) == 0)
+		return;
+
+	printf(""Cache %p: %d items cached, %d bytes\n"",
+		cache, kh_size(cache->map), (int)cache->used_memory);
+
+	kh_foreach_value(cache->map, object, {
+		char oid_str[9];
+		printf("" %s%c %s (%d)\n"",
+			git_object_type2string(object->type),
+			object->flags == GIT_CACHE_STORE_PARSED ? '*' : ' ',
+			git_oid_tostr(oid_str, sizeof(oid_str), &object->oid),
+			(int)object->size
+		);
+	});
+}
 
-	memset(cache->nodes, 0x0, size * sizeof(git_cached_obj *));
+int git_cache_init(git_cache *cache)
+{
+	cache->used_memory = 0;
+	cache->map = git_oidmap_alloc();
+	git_mutex_init(&cache->lock);
 	return 0;
 }
 
 void git_cache_free(git_cache *cache)
 {
-	size_t i;
+	git_oidmap_free(cache->map);
+	git_mutex_free(&cache->lock);
+}
+
+void git_cache_clear(git_cache *cache)
+{
+	git_cached_obj *evict = NULL;
+
+	if (git_mutex_lock(&cache->lock) < 0)
+		return;
+
+	kh_foreach_value(cache->map, evict, {
+		git_cached_obj_decref(evict);
+	});
+
+	kh_clear(oid, cache->map);
+	cache->used_memory = 0;
+
+	git_mutex_unlock(&cache->lock);
+}
 
-	for (i = 0; i < (cache->size_mask + 1); ++i) {
-		if (cache->nodes[i] != NULL)
-			git_cached_obj_decref(cache->nodes[i], cache->free_obj);
+/* Call with lock, yo */
+static void cache_evict_entries(git_cache *cache, size_t evict_count)","By the way, I was going to suggest `PTHREAD_MUTEX_RECURSIVE` but then I read http://www.zaval.org/resources/library/butenhof1.html and realized that was just a lazy suggestion. :grinning: (That's a pretty fun read, though.)
",d87715926049390a2417a2476742114ec966686a
3435006,0,"I think the output parameter really needs to be a `git_config_backend_iter **` not just a pointer, so that a new value can be allocated.  Also, I suspect some backends may want to support the """"match"""" behavior natively instead of relying on the wrapper t""",2013-03-19 05:36:52,arrbee,libgit2,libgit2,,https://github.com/libgit2/libgit2/pull/1422#discussion_r3435006,2013-03-19T16:36:52Z,2013-03-19T17:04:51Z,arrbee,MEMBER,include/git2/config.h,,,,,1,"@@ -59,7 +60,9 @@ struct git_config_backend {
 	int (*set)(struct git_config_backend *, const char *key, const char *value);
 	int (*set_multivar)(git_config_backend *cfg, const char *name, const char *regexp, const char *value);
 	int (*del)(struct git_config_backend *, const char *key);
-	int (*foreach)(struct git_config_backend *, const char *, git_config_foreach_cb callback, void *payload);
+	int (*iterator_new)(git_config_backend_iter*, struct git_config_backend*);","I think the output parameter really needs to be a `git_config_backend_iter **` not just a pointer, so that a new value can be allocated.

Also, I suspect some backends may want to support the ""match"" behavior natively instead of relying on the wrapper to do all the regex matching for them. It would be nice to pass in the pattern (or NULL) as a parameter when the iterator is initialized. That way, the backend can choose to narrow the search. (E.g. if your config backend is a database, it could do a select narrowed by the pattern so that the traversal of the matching config items was very efficient.)

I'm on the fence about whether we need a way for the backend to communicate if it supports the pattern matching, or if the front end should just always apply the pattern filtering knowing that with a smart backend, the patterns will just match 100% of the time.
",83c4a8a00ed7359282e33e48d4c8a1d89d9a7364
2940727,1,"Ah, no problem really. I kind of started hacking away without taking a look at conventions and code style :sweat_smile:""",2013-02-07 23:32:59,SHyx0rmZ,libgit2,libgit2,,https://github.com/libgit2/libgit2/pull/1325#discussion_r2940727,2013-02-08T10:32:59Z,2013-02-08T10:32:59Z,SHyx0rmZ,CONTRIBUTOR,src/win32/posix_w32.c,,,,,1,"@@ -100,6 +100,22 @@ static int do_lstat(
 		buf->st_mtime = filetime_to_time_t(&(fdata.ftLastWriteTime));
 		buf->st_ctime = filetime_to_time_t(&(fdata.ftCreationTime));
 
+		/* Windows symlinks have zero file size, call readlink to determine
+		 * the length of the path pointed to, which we expect everywhere else
+		 */
+		if (fMode & S_IFLNK)
+		{","Ah, no problem really. I kind of started hacking away without taking a look at conventions and code style :sweat_smile:
",7672c8c779e1a3264db20941b7d9ba1472c0ec94
2425691,0,"Leave this in the `git_clone` signature. Feels very unnatural here. It's an output parameter.""",2012-12-14 10:23:23,vmg,libgit2,libgit2,,https://github.com/libgit2/libgit2/pull/1143#discussion_r2425691,2012-12-14T21:23:23Z,2012-12-14T21:46:55Z,vmg,MEMBER,include/git2/clone.h,,,,,1,"@@ -23,47 +23,50 @@
 GIT_BEGIN_DECL
 
 /**
- * Clone a remote repository, and checkout the branch pointed to by the remote
- * HEAD.
+ * Clone options structure
  *
- * @param out pointer that will receive the resulting repository object
- * @param origin_remote a remote which will act as the initial fetch source
- * @param workdir_path local directory to clone to
- * @param fetch_progress_cb optional callback for fetch progress. Be aware that
- * this is called inline with network and indexing operations, so performance
- * may be affected.
- * @param fetch_progress_payload payload for fetch_progress_cb
- * @param checkout_opts options for the checkout step. If NULL, no checkout
- * is performed
- * @return 0 on success, GIT_ERROR otherwise (use giterr_last for information
- * about the error)
+ * Use zeros to indicate default settings.  It's easiest to use the
+ * `GIT_CLONE_OPTIONS_INIT` macro:
+ *
+ *		git_clone_options opts = GIT_CLONE_OPTIONS_INIT;
+ *
+ * - `out` is a pointer that receives the resulting repository object
+ * - `origin_remote` is a remote which will act as the initial fetch source
+ * - `local_path` is local directory to clone into
+ * - `bare` should be set to zero to create a standard repo, non-zero for
+ *   a bare repo
+ * - `fetch_progress_cb` is optional callback for fetch progress. Be aware that
+ *   this is called inline with network and indexing operations, so performance
+ *   may be affected.
+ * - `fetch_progress_payload` is payload for fetch_progress_cb
+ * - `checkout_opts` is options for the checkout step. If NULL, no checkout
+ *   is performed
  */
-GIT_EXTERN(int) git_clone(
-		git_repository **out,
-		git_remote *origin_remote,
-		const char *workdir_path,
-		git_checkout_opts *checkout_opts,
-		git_transfer_progress_callback fetch_progress_cb,
-		void *fetch_progress_payload);
+
+typedef struct git_clone_options {
+	unsigned int version;
+
+	git_repository **out;","Leave this in the `git_clone` signature. Feels very unnatural here. It's an output parameter.
",b9e7e2b4e148deb90119d4c2c52d8d9e889527cd
1899278,0,"There are always odd things like `--single-branch` that come up and you should be able to implement without hacking the library. A client might want to copy default config over or do other weird stuff. `git_clone` is great, being able to do it yourself if""",2012-10-21 09:00:59,carlosmn,libgit2,libgit2,,https://github.com/libgit2/libgit2/pull/1006#discussion_r1899278,2012-10-21T21:00:59Z,2012-10-22T02:03:43Z,carlosmn,MEMBER,src/remote.h,,,,,1,"@@ -32,4 +32,6 @@ struct git_remote {
 
 const char* git_remote__urlfordirection(struct git_remote *remote, int direction);
 
+git_remote_head *git_remote_get_head(git_remote *remote);","There are always odd things like `--single-branch` that come up and you should be able to implement without hacking the library. A client might want to copy default config over or do other weird stuff. `git_clone` is great, being able to do it yourself if you want to is even better.
",c497a63bd6ac0f07b06b18e4891771fdbcd31dd6
792615,0,"Unfortunately, the contents of the checkout lines in the reflog are not guaranteed to be a branch name. In my reflog for libgit2, I found:  `<sha>^0`, `<sha>`, `<sha prefix>`, `FETCH_HEAD`, and `<branch>` """,2012-05-08 12:32:26,arrbee,libgit2,libgit2,,https://github.com/libgit2/libgit2/pull/648#discussion_r792615,2012-05-09T00:32:26Z,2012-05-10T22:07:17Z,arrbee,MEMBER,src/revparse.c,,,,,1,"@@ -0,0 +1,548 @@
+/*
+ * Copyright (C) 2009-2012 the libgit2 contributors
+ *
+ * This file is part of libgit2, distributed under the GNU GPL v2 with
+ * a Linking Exception. For full terms see the included COPYING file.
+ */
+
+#include <assert.h>
+
+#include ""common.h""
+#include ""buffer.h""
+
+#include ""git2/revparse.h""
+#include ""git2/object.h""
+#include ""git2/oid.h""
+#include ""git2/refs.h""
+#include ""git2/tag.h""
+#include ""git2/commit.h""
+#include ""git2/reflog.h""
+#include ""git2/refs.h""
+#include ""git2/repository.h""
+#include ""git2/config.h""
+#include ""git2/revwalk.h""
+
+GIT_BEGIN_DECL
+
+typedef enum {
+   REVPARSE_STATE_INIT,
+   REVPARSE_STATE_CARET,
+   REVPARSE_STATE_LINEAR,
+   REVPARSE_STATE_DONE,
+} revparse_state;
+
+static void set_invalid_syntax_err(const char *spec)
+{
+   giterr_set(GITERR_INVALID, ""Refspec '%s' is not valid."", spec);
+}
+
+static int revparse_lookup_fully_qualifed_ref(git_object **out, git_repository *repo, const char*spec)
+{
+   git_reference *ref;
+   git_object *obj = NULL;
+
+   if (!git_reference_lookup(&ref, repo, spec)) {
+      git_reference *resolved_ref;
+      if (!git_reference_resolve(&resolved_ref, ref)) {
+         if (!git_object_lookup(&obj, repo, git_reference_oid(resolved_ref), GIT_OBJ_ANY)) {
+            *out = obj;
+         }
+         git_reference_free(resolved_ref);
+      }
+      git_reference_free(ref);
+   }
+   if (obj) {
+      return 0;
+   }
+
+   return GIT_ERROR;
+}
+
+static int revparse_lookup_object(git_object **out, git_repository *repo, const char *spec)
+{
+   size_t speclen = strlen(spec);
+   git_object *obj = NULL;
+   git_oid oid;
+   git_buf refnamebuf = GIT_BUF_INIT;
+   static const char* formatters[] = {
+      ""refs/%s"",
+      ""refs/tags/%s"",
+      ""refs/heads/%s"",
+      ""refs/remotes/%s"",
+      ""refs/remotes/%s/HEAD"",
+      NULL
+   };
+   unsigned int i;
+   const char *substr;
+
+   /* ""git describe"" output; snip everything before/including ""-g"" */
+   substr = strstr(spec, ""-g"");
+   if (substr) {
+      spec = substr + 2;
+      speclen = strlen(spec);
+   }
+
+   /* SHA or prefix */
+   if (!git_oid_fromstrn(&oid, spec, speclen)) {
+      if (!git_object_lookup_prefix(&obj, repo, &oid, speclen, GIT_OBJ_ANY)) {
+         *out = obj;
+         return 0;
+      }
+   }
+
+   /* Fully-named ref */
+   if (!revparse_lookup_fully_qualifed_ref(&obj, repo, spec)) {
+      *out = obj;
+      return 0;
+   }
+
+   /* Partially-named ref; match in this order: */
+   for (i=0; formatters[i]; i++) {
+      git_buf_clear(&refnamebuf);
+      if (git_buf_printf(&refnamebuf, formatters[i], spec) < 0) {
+         return GIT_ERROR;
+      }
+
+      if (!revparse_lookup_fully_qualifed_ref(&obj, repo, git_buf_cstr(&refnamebuf))) {
+         git_buf_free(&refnamebuf);
+         *out = obj;
+         return 0;
+      }
+   }
+   git_buf_free(&refnamebuf);
+
+   giterr_set(GITERR_REFERENCE, ""Refspec '%s' not found."", spec);
+   return GIT_ERROR;
+}
+
+
+static int walk_ref_history(git_object **out, git_repository *repo, const char *refspec, const char *reflogspec)
+{
+   git_reference *ref;
+   git_reflog *reflog = NULL;
+   int n, retcode = GIT_ERROR;
+   size_t i, refloglen;
+   const git_reflog_entry *entry;
+   git_buf buf = GIT_BUF_INIT;
+   size_t refspeclen = strlen(refspec);
+
+   if (git__prefixcmp(reflogspec, ""@{"") != 0 ||
+       git__suffixcmp(reflogspec, ""}"") != 0) {
+      giterr_set(GITERR_INVALID, ""Bad reflogspec '%s'"", reflogspec);
+      return GIT_ERROR;
+   }
+
+   /* ""@{-N}"" form means walk back N checkouts. That means the HEAD log. */
+   if (refspeclen == 0 && !git__prefixcmp(reflogspec, ""@{-"")) {
+      if (git__strtol32(&n, reflogspec+3, NULL, 0) < 0 ||
+          n < 1) {
+         giterr_set(GITERR_INVALID, ""Invalid reflogspec %s"", reflogspec);
+         return GIT_ERROR;
+      }
+      git_reference_lookup(&ref, repo, ""HEAD"");
+      git_reflog_read(&reflog, ref);
+      git_reference_free(ref);
+
+      refloglen = git_reflog_entrycount(reflog);
+      for (i=0; i < refloglen; i++) {
+         const char *msg;
+         entry = git_reflog_entry_byindex(reflog, i);
+
+         msg = git_reflog_entry_msg(entry);
+         if (!git__prefixcmp(msg, ""checkout: moving"")) {
+            n--;
+            if (!n) {
+               char *branchname = strrchr(msg, ' ') + 1;
+               git_buf_printf(&buf, ""refs/heads/%s"", branchname);","Unfortunately, the contents of the checkout lines in the reflog are not guaranteed to be a branch name. In my reflog for libgit2, I found:  `<sha>^0`, `<sha>`, `<sha prefix>`, `FETCH_HEAD`, and `<branch>`
",6309f9ebdae222c77a6823cae5b3c606d849ca07
67036,2,"This is a real bug! zlib can modify data pointed by ->next_in so you __cannot__ just cast out the qualifier if you don't want to get SIGSEGV.""",2011-07-17 06:46:37,kiryl,libgit2,libgit2,,https://github.com/libgit2/libgit2/pull/328#discussion_r67036,2011-07-17T18:46:37Z,2011-07-17T18:46:37Z,kiryl,CONTRIBUTOR,src/filebuf.c,,119.0,,,14,"@@ -116,7 +116,14 @@ static int write_deflate(git_filebuf *file, const void *source, size_t len)
 	z_stream *zs = &file->zs;
 
 	if (len > 0 || file->flush_mode == Z_FINISH) {
-		zs->next_in = (void *)source;
+		void *data;","This is a real bug! zlib can modify data pointed by ->next_in so you **cannot** just cast out the qualifier if you don't want to get SIGSEGV.
",9bdf0ecdb57092c17475711783344f8984ad49f9
1931587,0,"I think there is some drift between the comments and the current function signature (filename is not a current param...). I know this did not happen in this particular change, but maybe we should we clean this up?""",2012-10-24 05:45:21,jamill,libgit2,libgit2,,https://github.com/libgit2/libgit2/pull/990#discussion_r1931587,2012-10-24T17:45:21Z,2012-10-24T21:07:05Z,jamill,MEMBER,include/git2/remote.h,,,,,1,"@@ -184,9 +184,17 @@
  *
  * @param remote the remote to download from
  * @param filename where to store the temporary filename","I think there is some drift between the comments and the current function signature (filename is not a current param...). I know this did not happen in this particular change, but maybe we should we clean this up?
",1e3b8ed5cfe784f73a123c33c90f573742d8839e
2931175,0,"What do y'all think about this? It seems to be common to have a buffer that's modified (perhaps on disk, perhaps not), and to want to annotate it for display.  This call would allow re-use of the expensive part of the blame, and just adding the buffer-to-""",2013-02-07 07:39:12,ben,libgit2,libgit2,,https://github.com/libgit2/libgit2/pull/1317#discussion_r2931175,2013-02-07T18:39:12Z,2013-10-28T18:21:29Z,ben,MEMBER,include/git2/blame.h,,,,,1,"@@ -0,0 +1,179 @@
+/*
+ * Copyright (C) the libgit2 contributors. All rights reserved.
+ *
+ * This file is part of libgit2, distributed under the GNU GPL v2 with
+ * a Linking Exception. For full terms see the included COPYING file.
+ */
+
+#ifndef INCLUDE_git_blame_h__
+#define INCLUDE_git_blame_h__
+
+#include ""common.h""
+#include ""oid.h""
+
+/**
+ * @file git2/blame.h
+ * @brief Git blame routines
+ * @defgroup git_blame Git blame routines
+ * @ingroup Git
+ * @{
+ */
+GIT_BEGIN_DECL
+
+/**
+ * Flags for indicating option behavior for git_blame APIs.
+ */
+typedef enum {
+	/** Normal blame, the default */
+	GIT_BLAME_NORMAL = 0,
+	/** Track lines that have moved within a file (like `git blame -M`) */
+	GIT_BLAME_TRACK_COPIES_SAME_FILE = (1<<0),
+	/** Track lines that have moved across files in the same commit (like `git blame -C`) */
+	GIT_BLAME_TRACK_COPIES_SAME_COMMIT_MOVES = (1<<1),
+	/** Track lines that have been copied from another file that exists in the
+	 * same commit (like `git blame -CC`) */
+	GIT_BLAME_TRACK_COPIES_SAME_COMMIT_COPIES = (1<<1 | 1<<2),
+	/** Track lines that have been copied from another file that exists in *any*
+	 * commit (like `git blame -CCC`) */
+	GIT_BLAME_TRACK_COPIES_ANY_COMMIT_COPIES = (1<<1 | 1<<2 | 1<<3),
+} git_blame_flag_t;
+
+/**
+ * Blame options structure
+ *
+ * Use zeros to indicate default settings.  It's easiest to use the
+ * `GIT_BLAME_OPTIONS_INIT` macro:
+ *     git_blame_options opts = GIT_BLAME_OPTIONS_INIT;
+ *
+ * - `flags` is a combination fo teh `git_blame_flag_t` values above.
+ * - `min_match_characters` is the lower bound on the number of alphanumeric
+ *   characters that must be detected as moving/copying within a file for it to
+ *   associate those lines with the parent commit. The default value is 20.
+ *   This value only takes effect if any of the `GIT_BLAME_TRACK_COPIES_*`
+ *   flags are specified.
+ * - `newest_commit` is a rev-parse spec that resolves to the most recent
+ *   commit to consider.  The default is HEAD.
+ * - `newest_commit` is the newest commit to consider.  The default is HEAD.
+ * - `oldest_commit` is the oldest commit to consider.  The default is the
+ *   first commit encountered with a NULL parent.
+ *	- `min_line` is the first line in the file to blame.  The default is 1 (line
+ *	  numbers start with 1).
+ *	- `max_line` is the last line in the file to blame.  The default is the last
+ *	  line of the file.
+ */
+
+typedef struct git_blame_options {
+	unsigned int version;
+
+	uint32_t flags;
+	uint16_t min_match_characters;
+	const git_commit *newest_commit;
+	const git_commit *oldest_commit;
+	uint32_t min_line;
+	uint32_t max_line;
+} git_blame_options;
+
+#define GIT_BLAME_OPTIONS_VERSION 1
+#define GIT_BLAME_OPTIONS_INIT {GIT_BLAME_OPTIONS_VERSION}
+
+/**
+ * Structure that represents a blame hunk.
+ *
+ * - `lines_in_hunk` is the number of lines in this hunk
+ * - `final_commit_id` is the OID of the commit where this line was last
+ *   changed.
+ * - `final_start_line_number` is the 1-based line number where this hunk
+ *   begins, in the final version of the file
+ * - `orig_commit_id` is the OID of the commit where this hunk was found.  This
+ *   will usually be the same as `final_commit_id`, except when
+ *   `GIT_BLAME_TRACK_COPIES_ANY_COMMIT_COPIES` has been specified.
+ * - `orig_path` is the path to the file where this hunk originated, as of the
+ *   commit specified by `orig_commit_id`.
+ * - `orig_start_line_number` is the 1-based line number where this hunk begins
+ *   in the file named by `orig_path` in the commit specified by
+ *   `orig_commit_id`.
+ */
+typedef struct git_blame_hunk {
+	uint16_t lines_in_hunk;
+
+	git_oid final_commit_id;
+	uint16_t final_start_line_number;
+
+	git_oid orig_commit_id;
+	const char *orig_path;
+	uint16_t orig_start_line_number;
+} git_blame_hunk;
+
+
+typedef struct git_blame_results git_blame_results;
+
+/**
+ * Gets the number of hunks that exist in the results structure.
+ */
+GIT_EXTERN(uint32_t) git_blame_results_hunk_count(git_blame_results *results);
+
+/**
+ * Gets the blame hunk at the given index.
+ *
+ * @param results the results structure to query
+ * @param index index of the hunk to retrieve
+ * @return the hunk at the given index, or NULL on error
+ */
+GIT_EXTERN(const git_blame_hunk*) git_blame_results_hunk_byindex(
+		git_blame_results *results,
+		uint32_t index);
+
+/**
+ * Gets the hunk that relates to the given line number in the newest commit.
+ *
+ * @param results the results structure to query
+ * @param lineno the (1-based) line number to find a hunk for
+ * @return the hunk that contains the given line, or NULL on error
+ */
+GIT_EXTERN(const git_blame_hunk*) git_blame_results_hunk_byline(
+		git_blame_results *results,
+		uint32_t lineno);
+
+/**
+ * Get the blame for a single file.
+ *
+ * @param out pointer that will receive the results object
+ * @param repo repository whose history is to be walked
+ * @param path path to file to consider
+ * @param options options for the blame operation.  If NULL, this is treated as
+ *                though GIT_BLAME_OPTIONS_INIT were passed.
+ * @return 0 on success, or an error code. (use giterr_last for information
+ *         about the error.)
+ */
+GIT_EXTERN(int) git_blame_file(
+		git_blame_results **out,
+		git_repository *repo,
+		const char *path,
+		git_blame_options *options);
+
+
+/**
+ * Get blame data for a file that has been modified.
+ *
+ * @param out pointer that will receive the results object
+ * @param reference output from git_blame_file for the file in question
+ * @param buffer the (possibly) modified contents of the file
+ * @return 0 on success, or an error code. (use giterr_last for information
+ *         about the error)
+ */
+GIT_EXTERN(int) git_blame_buffer(
+		git_blame_results **out,
+		git_blame_results *reference,
+		const char *buffer);","What do y'all think about this? It seems to be common to have a buffer that's modified (perhaps on disk, perhaps not), and to want to annotate it for display.  This call would allow re-use of the expensive part of the blame, and just adding the buffer-to-newest-commit diff on top of it. The results would need a private backing store that has all the pieces needed to do that last diff.

/cc @kevinsawicki
",7dcb1c452582d2a83ca1ad8858cb95ab20d6e13d
2945539,1,"I came to the same conclusion last night. Great minds, @vmg. Great minds.""",2013-02-08 06:08:00,ben,libgit2,libgit2,,https://github.com/libgit2/libgit2/pull/1317#discussion_r2945539,2013-02-08T17:08:00Z,2013-10-28T18:21:29Z,ben,MEMBER,include/git2/blame.h,,,,,1,"@@ -0,0 +1,179 @@
+/*
+ * Copyright (C) the libgit2 contributors. All rights reserved.
+ *
+ * This file is part of libgit2, distributed under the GNU GPL v2 with
+ * a Linking Exception. For full terms see the included COPYING file.
+ */
+
+#ifndef INCLUDE_git_blame_h__
+#define INCLUDE_git_blame_h__
+
+#include ""common.h""
+#include ""oid.h""
+
+/**
+ * @file git2/blame.h
+ * @brief Git blame routines
+ * @defgroup git_blame Git blame routines
+ * @ingroup Git
+ * @{
+ */
+GIT_BEGIN_DECL
+
+/**
+ * Flags for indicating option behavior for git_blame APIs.
+ */
+typedef enum {
+	/** Normal blame, the default */
+	GIT_BLAME_NORMAL = 0,
+	/** Track lines that have moved within a file (like `git blame -M`) */
+	GIT_BLAME_TRACK_COPIES_SAME_FILE = (1<<0),
+	/** Track lines that have moved across files in the same commit (like `git blame -C`) */
+	GIT_BLAME_TRACK_COPIES_SAME_COMMIT_MOVES = (1<<1),
+	/** Track lines that have been copied from another file that exists in the
+	 * same commit (like `git blame -CC`) */
+	GIT_BLAME_TRACK_COPIES_SAME_COMMIT_COPIES = (1<<1 | 1<<2),
+	/** Track lines that have been copied from another file that exists in *any*
+	 * commit (like `git blame -CCC`) */
+	GIT_BLAME_TRACK_COPIES_ANY_COMMIT_COPIES = (1<<1 | 1<<2 | 1<<3),
+} git_blame_flag_t;
+
+/**
+ * Blame options structure
+ *
+ * Use zeros to indicate default settings.  It's easiest to use the
+ * `GIT_BLAME_OPTIONS_INIT` macro:
+ *     git_blame_options opts = GIT_BLAME_OPTIONS_INIT;
+ *
+ * - `flags` is a combination fo teh `git_blame_flag_t` values above.
+ * - `min_match_characters` is the lower bound on the number of alphanumeric
+ *   characters that must be detected as moving/copying within a file for it to
+ *   associate those lines with the parent commit. The default value is 20.
+ *   This value only takes effect if any of the `GIT_BLAME_TRACK_COPIES_*`
+ *   flags are specified.
+ * - `newest_commit` is a rev-parse spec that resolves to the most recent
+ *   commit to consider.  The default is HEAD.
+ * - `newest_commit` is the newest commit to consider.  The default is HEAD.
+ * - `oldest_commit` is the oldest commit to consider.  The default is the
+ *   first commit encountered with a NULL parent.
+ *	- `min_line` is the first line in the file to blame.  The default is 1 (line
+ *	  numbers start with 1).
+ *	- `max_line` is the last line in the file to blame.  The default is the last
+ *	  line of the file.
+ */
+
+typedef struct git_blame_options {
+	unsigned int version;
+
+	uint32_t flags;
+	uint16_t min_match_characters;
+	const git_commit *newest_commit;
+	const git_commit *oldest_commit;
+	uint32_t min_line;
+	uint32_t max_line;
+} git_blame_options;
+
+#define GIT_BLAME_OPTIONS_VERSION 1
+#define GIT_BLAME_OPTIONS_INIT {GIT_BLAME_OPTIONS_VERSION}
+
+/**
+ * Structure that represents a blame hunk.
+ *
+ * - `lines_in_hunk` is the number of lines in this hunk
+ * - `final_commit_id` is the OID of the commit where this line was last
+ *   changed.
+ * - `final_start_line_number` is the 1-based line number where this hunk
+ *   begins, in the final version of the file
+ * - `orig_commit_id` is the OID of the commit where this hunk was found.  This
+ *   will usually be the same as `final_commit_id`, except when
+ *   `GIT_BLAME_TRACK_COPIES_ANY_COMMIT_COPIES` has been specified.
+ * - `orig_path` is the path to the file where this hunk originated, as of the
+ *   commit specified by `orig_commit_id`.
+ * - `orig_start_line_number` is the 1-based line number where this hunk begins
+ *   in the file named by `orig_path` in the commit specified by
+ *   `orig_commit_id`.
+ */
+typedef struct git_blame_hunk {
+	uint16_t lines_in_hunk;
+
+	git_oid final_commit_id;
+	uint16_t final_start_line_number;
+
+	git_oid orig_commit_id;
+	const char *orig_path;
+	uint16_t orig_start_line_number;
+} git_blame_hunk;
+
+
+typedef struct git_blame_results git_blame_results;
+
+/**
+ * Gets the number of hunks that exist in the results structure.
+ */
+GIT_EXTERN(uint32_t) git_blame_results_hunk_count(git_blame_results *results);
+
+/**
+ * Gets the blame hunk at the given index.
+ *
+ * @param results the results structure to query
+ * @param index index of the hunk to retrieve
+ * @return the hunk at the given index, or NULL on error
+ */
+GIT_EXTERN(const git_blame_hunk*) git_blame_results_hunk_byindex(
+		git_blame_results *results,
+		uint32_t index);
+
+/**
+ * Gets the hunk that relates to the given line number in the newest commit.
+ *
+ * @param results the results structure to query
+ * @param lineno the (1-based) line number to find a hunk for
+ * @return the hunk that contains the given line, or NULL on error
+ */
+GIT_EXTERN(const git_blame_hunk*) git_blame_results_hunk_byline(
+		git_blame_results *results,
+		uint32_t lineno);
+
+/**
+ * Get the blame for a single file.
+ *
+ * @param out pointer that will receive the results object
+ * @param repo repository whose history is to be walked
+ * @param path path to file to consider
+ * @param options options for the blame operation.  If NULL, this is treated as
+ *                though GIT_BLAME_OPTIONS_INIT were passed.
+ * @return 0 on success, or an error code. (use giterr_last for information
+ *         about the error.)
+ */
+GIT_EXTERN(int) git_blame_file(
+		git_blame_results **out,","I came to the same conclusion last night. Great minds, @vmg. Great minds.
",7dcb1c452582d2a83ca1ad8858cb95ab20d6e13d
2711031,1,">it's possible that this will return the wrong answer  @scottjg Yep. I was a little bit afraid of something like this.   Awesome review, btw :heart:""",2013-01-21 00:17:42,nulltoken,libgit2,libgit2,,https://github.com/libgit2/libgit2/pull/1259#discussion_r2711031,2013-01-21T11:17:42Z,2013-01-21T11:17:42Z,nulltoken,MEMBER,src/graph.c,,130.0,,,24,"@@ -123,8 +125,13 @@ static int ahead_behind(git_commit_list_node *one, git_commit_list_node *two,
 
 	while ((commit = git_pqueue_pop(&pq)) != NULL) {
 		if (commit->flags & RESULT ||
-			(commit->flags & (PARENT1 | PARENT2)) == (PARENT1 | PARENT2))
-			continue;
+			(commit->flags & (PARENT1 | PARENT2)) == (PARENT1 | PARENT2)) {
+				if (!common_ancestor_found) {
+					git_oid_cpy(&ancestor, &commit->oid);","> it's possible that this will return the wrong answer

@scottjg Yep. I was a little bit afraid of something like this. 

Awesome review, btw :heart:
",f2b19b516171ce7e01b8e172207ec6cac6c60908
6197240,1,"U R SO RIGHT :heart: """,2013-09-05 11:08:54,arrbee,libgit2,libgit2,,https://github.com/libgit2/libgit2/pull/1829#discussion_r6197240,2013-09-05T23:08:54Z,2013-09-05T23:15:24Z,arrbee,MEMBER,src/fileops.h,,,,,1,"@@ -223,9 +223,13 @@ extern int git_futils_cp_r(
  */
 extern git_off_t git_futils_filesize(git_file fd);
 
+#define GIT_PERMS_EXECUTABLE(MODE)  (((MODE) & 0111) != 0)","U R SO RIGHT :heart:
",a7fcc44dcf3b2925ba366543486afd102b41838c
5826392,1,"What a *lovely* addition. Mind boggling we didn't have this before.""",2013-08-16 10:32:17,vmg,libgit2,libgit2,,https://github.com/libgit2/libgit2/pull/1790#discussion_r5826392,2013-08-16T22:32:17Z,2013-08-16T22:32:17Z,vmg,MEMBER,include/git2/signature.h,,63.0,,,16,"@@ -48,6 +48,19 @@
  */
 GIT_EXTERN(int) git_signature_now(git_signature **out, const char *name, const char *email);
 
+/**
+ * Create a new action signature with default user and now timestamp.
+ *
+ * This looks up the user.name and user.email from the configuration and
+ * uses the current time as the timestamp, and creates a new signature
+ * based on that information.  It will return GIT_ENOTFOUND if either the
+ * user.name or user.email are not set.
+ *
+ * @param out new signature
+ * @param repo repository pointer
+ * @return 0 on success, GIT_ENOTFOUND if config is missing, or error code
+ */
+GIT_EXTERN(int) git_signature_default(git_signature **out, git_repository *repo);","What a _lovely_ addition. Mind boggling we didn't have this before.
",0ea41445f4028460aefcd55cb37f10870ea9311c
5778004,1,"Classic JGit.  Oh well. Thanks for taking the time to look into this. I've reverted the assert to the old one. :)""",2013-08-14 10:11:33,vmg,libgit2,libgit2,,https://github.com/libgit2/libgit2/pull/1782#discussion_r5778004,2013-08-14T22:11:33Z,2013-08-14T22:11:33Z,vmg,MEMBER,src/sha1_lookup.c,,127.0,,,13,"@@ -123,7 +124,7 @@ int sha1_entry_pos(const void *table,
 			lov = (lov << 8) | lo_key[ofs_0+1];
 			kyv = (kyv << 8) | key[ofs_0+1];
 		}
-		assert(lov < hiv);
+		assert(lov <= hiv);","Classic JGit.

Oh well. Thanks for taking the time to look into this. I've reverted the assert to the old one. :)
",59547ce77269e0667426327d9166aad0954bc686
5182520,0,"Could you please replace this with the encoded hexadecimal values?""",2013-07-14 07:35:32,nulltoken,libgit2,libgit2,,https://github.com/libgit2/libgit2/pull/1726#discussion_r5182520,2013-07-14T19:35:32Z,2013-07-14T23:14:11Z,nulltoken,MEMBER,tests-clar/object/blob/filter.c,,,,,1,"@@ -15,9 +15,10 @@
 	""foo\nbar\rboth\r\nreversed\n\ragain\nproblems\r"",
 	""123\n\000\001\002\003\004abc\255\254\253\r\n"",
 	""\xEF\xBB\xBFThis is UTF-8\n"",
+	""\xEF\xBB\xBFほげほげ\r\nほげほげ\r\n"",","Could you please replace this with the encoded hexadecimal values?
",d0b25d9dff363976eea92509c359ca8e08aaebb5
4808879,2,"This is totally my fault. I was working off an old old start on a status example that I had. I'll fix it!""",2013-06-20 10:06:21,arrbee,libgit2,libgit2,,https://github.com/libgit2/libgit2/pull/1662#discussion_r4808879,2013-06-20T22:06:21Z,2013-06-20T22:16:43Z,arrbee,MEMBER,examples/status.c,,,,,1,"@@ -0,0 +1,438 @@
+/*
+ * Copyright (C) 2011-2012 the libgit2 contributors","This is totally my fault. I was working off an old old start on a status example that I had. I'll fix it!
",94ef2a353cdf4c29323c9935026d8435e8f098bd
4666040,1,"1.5 sounds great.""",2013-06-12 08:22:19,vmg,libgit2,libgit2,,https://github.com/libgit2/libgit2/pull/1642#discussion_r4666040,2013-06-12T20:22:19Z,2013-06-12T21:25:44Z,vmg,MEMBER,src/array.h,,,,,1,"@@ -0,0 +1,41 @@
+/*
+ * Copyright (C) the libgit2 contributors. All rights reserved.
+ *
+ * This file is part of libgit2, distributed under the GNU GPL v2 with
+ * a Linking Exception. For full terms see the included COPYING file.
+ */
+#ifndef INCLUDE_array_h__
+#define INCLUDE_array_h__
+
+#include ""util.h""
+
+#define git_array_t(type) struct { type *ptr; size_t size, asize; }
+
+#define git_array_init(a) \
+	do { (a).size = (a).asize = 0; (a).ptr = NULL; } while (0)
+
+#define git_array_clear(a) \
+	do { git__free((a).ptr); git_array_init(a); } while (0)
+
+#define git_array_grow(a) do { \
+	void *new_array; size_t new_size = \
+	((a).asize >= 256) ? (a).asize + 256 : ((a).asize >= 8) ? (a).asize * 2 : 8; \","1.5 sounds great.
",360f42f4b3f5de31270416220bd799b951202b2d
4172560,0,"libssh2_userauth_publickey authenticates with the public key bytes and a callback of the form: int name(LIBSSH2_SESSION *session, unsigned char **sig, size_t *sig_len,   const unsigned char *data, size_t data_len, void **abstract);  You must then take """,2013-05-10 03:20:29,bmorganpa,libgit2,libgit2,,https://github.com/libgit2/libgit2/pull/1558#discussion_r4172560,2013-05-10T15:20:29Z,2013-05-15T16:51:46Z,bmorganpa,NONE,include/git2/transport.h,,,,,1,"@@ -57,6 +84,42 @@
 	const char *username,
 	const char *password);
 
+#ifdef GIT_SSH
+/**
+ * Creates a new ssh key file and passphrase credential object.
+ * The supplied credential parameter will be internally duplicated.
+ *
+ * @param out The newly created credential object.
+ * @param publickey The path to the public key of the credential.
+ * @param privatekey The path to the private key of the credential.
+ * @param passphrase The passphrase of the credential.
+ * @return 0 for success or an error code for failure
+ */
+GIT_EXTERN(int) git_cred_ssh_keyfile_passphrase_new(
+	git_cred **out,
+	const char *publickey,
+	const char *privatekey,
+    const char *passphrase);
+
+/**
+ * Creates a new ssh public key credential object.
+ * The supplied credential parameter will be internally duplicated.
+ *
+ * @param out The newly created credential object.
+ * @param publickey The bytes of the public key.
+ * @param publickey_len The length of the public key in bytes.
+ * @param sign_callback The callback method for authenticating.
+ * @param sign_data The abstract data sent to the sign_callback method.
+ * @return 0 for success or an error code for failure
+ */
+GIT_EXTERN(int) git_cred_ssh_publickey_new(
+	git_cred **out,
+	const char *publickey,
+    size_t publickey_len,
+    LIBSSH2_USERAUTH_PUBLICKEY_SIGN_FUNC((*sign_callback)),","libssh2_userauth_publickey authenticates with the public key bytes and a callback of the form:
int name(LIBSSH2_SESSION _session, unsigned char *_sig, size_t _sig_len,   const unsigned char *data, size_t data_len, void *_abstract);

You must then take the data that is passed in and sign that with something like RSA_sign for rsa keys and then assign that back to the sig parameter.

libssh2_userauth_publickey_fromfile works great if you just have the file path. But if you have a project that manages your ssh keys there is no need to go back to the filesystem in order to authenticate.
",84ac625ddd1135755030dfb01b2be965e7cacb2f
4029844,1,"@vmg you know I love the picking of nits.  They have been moved.""",2013-04-30 10:38:40,ethomson,libgit2,libgit2,,https://github.com/libgit2/libgit2/pull/1389#discussion_r4029844,2013-04-30T22:38:40Z,2013-04-30T22:38:40Z,ethomson,MEMBER,include/git2/index.h,,,,,1,"@@ -84,6 +84,12 @@
 	char *path;
 } git_index_entry;
 
+typedef struct git_index_name_entry {
+	char *ancestor;
+	char *ours;
+	char *theirs;
+} git_index_name_entry;","@vmg you know I love the picking of nits.  They have been moved.
",75d1c8c664eba0ddef802b1bf6d1327707014c6e
3161503,0,"This SKIP_LAST2 constant is such a strange strange hack, but the need for it comes from initializing a repository. If the init function has said that it is allowed for the repository to create the full path, then given a request to initialize """"prefix/pref""",2013-02-26 10:34:06,arrbee,libgit2,libgit2,,https://github.com/libgit2/libgit2/pull/1369#discussion_r3161503,2013-02-26T21:34:06Z,2013-02-27T21:46:43Z,arrbee,MEMBER,src/fileops.h,,80.0,,,13,"@@ -76,7 +77,8 @@ extern int git_futils_readbuffer_updated(
 	GIT_MKDIR_CHMOD = 4,
 	GIT_MKDIR_CHMOD_PATH = 8,
 	GIT_MKDIR_SKIP_LAST = 16,
-	GIT_MKDIR_VERIFY_DIR = 32,
+	GIT_MKDIR_SKIP_LAST2 = 32,","This SKIP_LAST2 constant is such a strange strange hack, but the need for it comes from initializing a repository. If the init function has said that it is allowed for the repository to create the full path, then given a request to initialize ""prefix/prefix/repo/.git/"", I needed an easy way to create just the ""prefix/prefix"" part of that path, hence the constant
",18f08264082dd436914c3c06d369e7a98ddf17aa
1541699,2,"We have a `p_snprintf` that is not beyond-braindamaged under Windows. We need to use it here and everywhere else.""",2012-09-05 19:45:31,vmg,libgit2,libgit2,,https://github.com/libgit2/libgit2/pull/910#discussion_r1541699,2012-09-06T07:45:31Z,2012-09-06T07:45:31Z,vmg,MEMBER,src/diff_output.c,,92.0,,,101,"@@ -41,71 +60,89 @@ static int read_next_int(const char **str, int *value)
 	return (digits > 0) ? 0 : -1;
 }
 
-static int diff_output_cb(void *priv, mmbuffer_t *bufs, int len)
+static int parse_hunk_header(git_diff_range *range, const char *header)
 {
-	diff_output_info *info = priv;
-
-	if (len == 1 && info->hunk_cb) {
-		git_diff_range range = { -1, 0, -1, 0 };
-		const char *scan = bufs[0].ptr;
+	/* expect something of the form ""@@ -%d[,%d] +%d[,%d] @@"" */
+	if (*header != '@')
+		return -1;
+	if (read_next_int(&header, &range->old_start) < 0)
+		return -1;
+	if (*header == ',') {
+		if (read_next_int(&header, &range->old_lines) < 0)
+			return -1;
+	} else
+		range->old_lines = 1;
+	if (read_next_int(&header, &range->new_start) < 0)
+		return -1;
+	if (*header == ',') {
+		if (read_next_int(&header, &range->new_lines) < 0)
+			return -1;
+	} else
+		range->new_lines = 1;
+	if (range->old_start < 0 || range->new_start < 0)
+		return -1;
 
-		/* expect something of the form ""@@ -%d[,%d] +%d[,%d] @@"" */
-		if (*scan != '@')
-			info->error = -1;
-		else if (read_next_int(&scan, &range.old_start) < 0)
-			info->error = -1;
-		else if (*scan == ',' && read_next_int(&scan, &range.old_lines) < 0)
-			info->error = -1;
-		else if (read_next_int(&scan, &range.new_start) < 0)
-			info->error = -1;
-		else if (*scan == ',' && read_next_int(&scan, &range.new_lines) < 0)
-			info->error = -1;
-		else if (range.old_start < 0 || range.new_start < 0)
-			info->error = -1;
-		else {
-			memcpy(&info->range, &range, sizeof(git_diff_range));
+	return 0;
+}
 
-			if (info->hunk_cb(
-					info->cb_data, info->delta, &range, bufs[0].ptr, bufs[0].size))
-				info->error = GIT_EUSER;
-		}
+static int format_hunk_header(char *header, size_t len, git_diff_range *range)
+{
+	if (range->old_lines != 1) {
+		if (range->new_lines != 1)
+			return snprintf(","We have a `p_snprintf` that is not beyond-braindamaged under Windows. We need to use it here and everywhere else.
",510f1bac6b94ce19459498ae78f87fc4f4552305
947899,0,"Fixed. I made it a ``size_t`` because I feel it's more consistent, but I can change it to ``unsigned int`` if you prefer.""",2012-06-07 10:32:22,yorah,libgit2,libgit2,,https://github.com/libgit2/libgit2/pull/743#discussion_r947899,2012-06-07T22:32:22Z,2012-06-12T12:30:56Z,yorah,CONTRIBUTOR,tests-clar/notes/notes.c,,,,,1,"@@ -131,3 +109,152 @@ void test_notes_notes__retrieving_a_list_of_notes_for_an_unknown_namespace_retur
 
 	cl_assert_equal_i(0, retrieved_notes);
 }
+
+void test_notes_notes__inserting_a_note_without_passing_a_namespace_uses_the_default_namespace(void)
+{
+	git_oid note_oid, target_oid;
+	git_note *note, *default_namespace_note;
+	char *default_ref;
+
+	cl_git_pass(git_oid_fromstr(&target_oid, ""08b041783f40edfe12bb406c9c9a8a040177c125""));
+	cl_git_pass(git_note_default_ref(&default_ref, _repo));
+
+	create_note(&note_oid, NULL, ""08b041783f40edfe12bb406c9c9a8a040177c125"", ""hello world\n"");
+
+	cl_git_pass(git_note_read(&note, _repo, NULL, &target_oid));
+	cl_git_pass(git_note_read(&default_namespace_note, _repo, default_ref, &target_oid));
+
+	assert_note_equal(note, ""hello world\n"", &note_oid);
+	assert_note_equal(default_namespace_note, ""hello world\n"", &note_oid);
+
+	git_note_free(note);
+	git_note_free(default_namespace_note);
+}
+
+void test_notes_notes__can_insert_a_note_with_a_custom_namespace(void)
+{
+	git_oid note_oid, target_oid;
+	git_note *note;
+
+	cl_git_pass(git_oid_fromstr(&target_oid, ""08b041783f40edfe12bb406c9c9a8a040177c125""));
+
+	create_note(&note_oid, ""refs/notes/some/namespace"", ""08b041783f40edfe12bb406c9c9a8a040177c125"", ""hello world on a custom namespace\n"");
+
+	cl_git_pass(git_note_read(&note, _repo, ""refs/notes/some/namespace"", &target_oid));
+
+	assert_note_equal(note, ""hello world on a custom namespace\n"", &note_oid);
+
+	git_note_free(note);
+}
+
+/*
+ * $ git notes --ref fanout list 8496071c1b46c854b31185ea97743be6a8774479
+ * 08b041783f40edfe12bb406c9c9a8a040177c125
+ */
+void test_notes_notes__creating_a_note_on_a_target_which_already_has_one_returns_EEXISTS(void)
+{
+	int error;
+	git_oid note_oid, target_oid;
+
+	cl_git_pass(git_oid_fromstr(&target_oid, ""08b041783f40edfe12bb406c9c9a8a040177c125""));
+
+	create_note(&note_oid, NULL, ""08b041783f40edfe12bb406c9c9a8a040177c125"", ""hello world\n"");
+	error = git_note_create(&note_oid, _repo, _sig, _sig, NULL, &target_oid, ""hello world\n"");
+	cl_git_fail(error);
+	cl_assert_equal_i(GIT_EEXISTS, error);
+
+	create_note(&note_oid, ""refs/notes/some/namespace"", ""08b041783f40edfe12bb406c9c9a8a040177c125"", ""hello world\n"");
+	error = git_note_create(&note_oid, _repo, _sig, _sig, ""refs/notes/some/namespace"", &target_oid, ""hello world\n"");
+	cl_git_fail(error);
+	cl_assert_equal_i(GIT_EEXISTS, error);
+}
+
+static char *messages[] = {
+	""08c041783f40edfe12bb406c9c9a8a040177c125"",
+	""96c45fbe09ab7445fc7c60fd8d17f32494399343"",
+	""48cc7e38dcfc1ec87e70ec03e08c3e83d7a16aa1"",
+	""24c3eaafb681c3df668f9df96f58e7b8c756eb04"",
+	""96ca1b6ccc7858ae94684777f85ac0e7447f7040"",
+	""7ac2db4378a08bb244a427c357e0082ee0d57ac6"",
+	""e6cba23dbf4ef84fe35e884f017f4e24dc228572"",
+	""c8cf3462c7d8feba716deeb2ebe6583bd54589e2"",
+	""39c16b9834c2d665ac5f68ad91dc5b933bad8549"",
+	""f3c582b1397df6a664224ebbaf9d4cc952706597"",
+	""29cec67037fe8e89977474988219016ae7f342a6"",
+	""36c4cd238bf8e82e27b740e0741b025f2e8c79ab"",
+	""f1c45a47c02e01d5a9a326f1d9f7f756373387f8"",
+	""4aca84406f5daee34ab513a60717c8d7b1763ead"",
+	""84ce167da452552f63ed8407b55d5ece4901845f"",
+	NULL
+};
+
+#define MESSAGES_COUNT (sizeof(messages)/sizeof(messages[0])) - 1
+
+/*
+ * $ git ls-tree refs/notes/fanout
+ * 040000 tree 4b22b35d44b5a4f589edf3dc89196399771796ea    84
+ *
+ * $ git ls-tree 4b22b35
+ * 040000 tree d71aab4f9b04b45ce09bcaa636a9be6231474759    96
+ *
+ * $ git ls-tree d71aab4
+ * 100644 blob 08b041783f40edfe12bb406c9c9a8a040177c125    071c1b46c854b31185ea97743be6a8774479
+ */
+void test_notes_notes__can_insert_a_note_in_an_existing_fanout(void)
+{
+	int i;","Fixed. I made it a `size_t` because I feel it's more consistent, but I can change it to `unsigned int` if you prefer.
",027d77ee5c3e9ac859ceac986ceb215da388b28e
842081,2,"Oh sorry, didn't notice the comment on the diff. Can you just kill the code?""",2012-05-17 09:42:55,vmg,libgit2,libgit2,,https://github.com/libgit2/libgit2/pull/709#discussion_r842081,2012-05-17T21:42:55Z,2012-05-17T21:44:33Z,vmg,MEMBER,src/buffer.c,,,,,1,"@@ -98,11 +98,15 @@ void git_buf_clear(git_buf *buf)
 		buf->ptr[0] = '\0';
 }
 
+/* Moved to inline function:
+
 bool git_buf_oom(const git_buf *buf)","Oh sorry, didn't notice the comment on the diff. Can you just kill the code?
",e3557172aff5814e32e58bceb015465dcbe9e5f3
932420,1,"Jeez Russ, great points as always. I've encountered this problem in the past; now I remember why we cannot export a function that returns a `git_tree_entry`.  We need to work around this. Put your thinking cap, @arrbee... How about pooling the memory for """,2012-06-05 10:02:16,vmg,libgit2,libgit2,,https://github.com/libgit2/libgit2/pull/684#discussion_r932420,2012-06-05T22:02:16Z,2012-06-07T19:28:22Z,vmg,MEMBER,src/revparse.c,,,,,1,"@@ -0,0 +1,748 @@
+/*
+ * Copyright (C) 2009-2012 the libgit2 contributors
+ *
+ * This file is part of libgit2, distributed under the GNU GPL v2 with
+ * a Linking Exception. For full terms see the included COPYING file.
+ */
+
+#include <assert.h>
+
+#include ""common.h""
+#include ""buffer.h""
+#include ""date.h""
+#include ""tree.h""
+
+#include ""git2.h""
+
+GIT_BEGIN_DECL
+
+typedef enum {
+   REVPARSE_STATE_INIT,
+   REVPARSE_STATE_CARET,
+   REVPARSE_STATE_LINEAR,
+   REVPARSE_STATE_COLON,
+   REVPARSE_STATE_DONE,
+} revparse_state;
+
+static void set_invalid_syntax_err(const char *spec)
+{
+   giterr_set(GITERR_INVALID, ""Refspec '%s' is not valid."", spec);
+}
+
+static int revparse_lookup_fully_qualifed_ref(git_object **out, git_repository *repo, const char*spec)
+{
+   git_oid resolved;
+
+   if (git_reference_name_to_oid(&resolved, repo, spec) < 0)
+      return GIT_ERROR;
+
+   return git_object_lookup(out, repo, &resolved, GIT_OBJ_ANY);
+}
+
+/* Returns non-zero if yes */
+static int spec_looks_like_describe_output(const char *spec)
+{
+   regex_t regex;
+   int regex_error, retcode;
+
+   regex_error = regcomp(&regex, "".+-[0-9]+-g[0-9a-fA-F]+"", REG_EXTENDED);
+   if (regex_error != 0) {
+      giterr_set_regex(&regex, regex_error);
+      return 1; /* To be safe */
+   }
+   retcode = regexec(&regex, spec, 0, NULL, 0);
+   regfree(&regex);
+   return retcode == 0;
+}
+
+static int revparse_lookup_object(git_object **out, git_repository *repo, const char *spec)
+{
+   size_t speclen = strlen(spec);
+   git_object *obj = NULL;
+   git_oid oid;
+   git_buf refnamebuf = GIT_BUF_INIT;
+   static const char* formatters[] = {
+      ""refs/%s"",
+      ""refs/tags/%s"",
+      ""refs/heads/%s"",
+      ""refs/remotes/%s"",
+      ""refs/remotes/%s/HEAD"",
+      NULL
+   };
+   unsigned int i;
+   const char *substr;
+
+   /* ""git describe"" output; snip everything before/including ""-g"" */
+   substr = strstr(spec, ""-g"");
+   if (substr &&
+       spec_looks_like_describe_output(spec) &&
+       !revparse_lookup_object(out, repo, substr+2)) {
+      return 0;
+   }
+
+   /* SHA or prefix */
+   if (!git_oid_fromstrn(&oid, spec, speclen)) {
+      if (!git_object_lookup_prefix(&obj, repo, &oid, speclen, GIT_OBJ_ANY)) {
+         *out = obj;
+         return 0;
+      }
+   }
+
+   /* Fully-named ref */
+   if (!revparse_lookup_fully_qualifed_ref(&obj, repo, spec)) {
+      *out = obj;
+      return 0;
+   }
+
+   /* Partially-named ref; match in this order: */
+   for (i=0; formatters[i]; i++) {
+      git_buf_clear(&refnamebuf);
+      if (git_buf_printf(&refnamebuf, formatters[i], spec) < 0) {
+         return GIT_ERROR;
+      }
+
+      if (!revparse_lookup_fully_qualifed_ref(&obj, repo, git_buf_cstr(&refnamebuf))) {
+         git_buf_free(&refnamebuf);
+         *out = obj;
+         return 0;
+      }
+   }
+   git_buf_free(&refnamebuf);
+
+   giterr_set(GITERR_REFERENCE, ""Refspec '%s' not found."", spec);
+   return GIT_ERROR;
+}
+
+
+static int all_chars_are_digits(const char *str, size_t len)
+{
+   size_t i=0;
+   for (i=0; i<len; i++) {
+      if (str[i] < '0' || str[i] > '9') return 0;
+   }
+   return 1;
+}
+
+static void normalize_maybe_empty_refname(git_buf *buf, git_repository *repo, const char *refspec, size_t refspeclen)
+{
+   git_reference *ref;
+
+   if (!refspeclen) {
+      /* Empty refspec means current branch (target of HEAD) */
+      git_reference_lookup(&ref, repo, ""HEAD"");
+      git_buf_puts(buf, git_reference_target(ref));
+      git_reference_free(ref);
+   } else if (strstr(refspec, ""HEAD"")) {
+      /* Explicit head */
+      git_buf_puts(buf, refspec);
+   }else {
+      if (git__prefixcmp(refspec, ""refs/heads/"") != 0) {
+         git_buf_printf(buf, ""refs/heads/%s"", refspec);
+      } else {
+         git_buf_puts(buf, refspec);
+      }
+   }
+}
+
+static int walk_ref_history(git_object **out, git_repository *repo, const char *refspec, const char *reflogspec)
+{
+   git_reference *ref;
+   git_reflog *reflog = NULL;
+   int n, retcode = GIT_ERROR;
+   int i, refloglen;
+   const git_reflog_entry *entry;
+   git_buf buf = GIT_BUF_INIT;
+   size_t refspeclen = strlen(refspec);
+   size_t reflogspeclen = strlen(reflogspec);
+
+   if (git__prefixcmp(reflogspec, ""@{"") != 0 ||
+       git__suffixcmp(reflogspec, ""}"") != 0) {
+      giterr_set(GITERR_INVALID, ""Bad reflogspec '%s'"", reflogspec);
+      return GIT_ERROR;
+   }
+
+   /* ""@{-N}"" form means walk back N checkouts. That means the HEAD log. */
+   if (refspeclen == 0 && !git__prefixcmp(reflogspec, ""@{-"")) {
+      regex_t regex;
+      int regex_error;
+
+      if (git__strtol32(&n, reflogspec+3, NULL, 0) < 0 ||
+          n < 1) {
+         giterr_set(GITERR_INVALID, ""Invalid reflogspec %s"", reflogspec);
+         return GIT_ERROR;
+      }
+
+      if (!git_reference_lookup(&ref, repo, ""HEAD"")) {
+         if (!git_reflog_read(&reflog, ref)) {
+            regex_error = regcomp(&regex, ""checkout: moving from (.*) to .*"", REG_EXTENDED);
+            if (regex_error != 0) {
+               giterr_set_regex(&regex, regex_error);
+            } else {
+               regmatch_t regexmatches[2];
+
+               refloglen = git_reflog_entrycount(reflog);
+               for (i=refloglen-1; i >= 0; i--) {
+                  const char *msg;
+                  entry = git_reflog_entry_byindex(reflog, i);
+
+                  msg = git_reflog_entry_msg(entry);
+                  if (!regexec(&regex, msg, 2, regexmatches, 0)) {
+                     n--;
+                     if (!n) {
+                        git_buf_put(&buf, msg+regexmatches[1].rm_so, regexmatches[1].rm_eo - regexmatches[1].rm_so);
+                        retcode = revparse_lookup_object(out, repo, git_buf_cstr(&buf));
+                        break;
+                     }
+                  }
+               }
+               regfree(&regex);
+            }
+         }
+         git_reference_free(ref);
+      }
+   } else {
+      int date_error = 0;
+      git_time_t timestamp;
+      git_buf datebuf = GIT_BUF_INIT;
+
+      git_buf_put(&datebuf, reflogspec+2, reflogspeclen-3);
+      date_error = git__date_parse(&timestamp, git_buf_cstr(&datebuf));
+
+      /* @{u} or @{upstream} -> upstream branch, for a tracking branch. This is stored in the config. */
+      if (!strcmp(reflogspec, ""@{u}"") || !strcmp(reflogspec, ""@{upstream}"")) {
+         git_config *cfg;
+         if (!git_repository_config(&cfg, repo)) {
+            /* Is the ref a tracking branch? */
+            const char *remote;
+            git_buf_clear(&buf);
+            git_buf_printf(&buf, ""branch.%s.remote"", refspec);
+            if (!git_config_get_string(cfg, git_buf_cstr(&buf), &remote)) {
+               /* Yes. Find the first merge target name. */
+               const char *mergetarget;
+               git_buf_clear(&buf);
+               git_buf_printf(&buf, ""branch.%s.merge"", refspec);
+               if (!git_config_get_string(cfg, git_buf_cstr(&buf), &mergetarget) &&
+                   !git__prefixcmp(mergetarget, ""refs/heads/"")) {
+                  /* Success. Look up the target and fetch the object. */
+                  git_buf_clear(&buf);
+                  git_buf_printf(&buf, ""refs/remotes/%s/%s"", remote, mergetarget+11);
+                  retcode = revparse_lookup_fully_qualifed_ref(out, repo, git_buf_cstr(&buf));
+               }
+            }
+            git_config_free(cfg);
+         }
+      }
+
+      /* @{N} -> Nth prior value for the ref (from reflog) */
+      else if (all_chars_are_digits(reflogspec+2, reflogspeclen-3) &&
+               !git__strtol32(&n, reflogspec+2, NULL, 0) &&
+               n <= 100000000) { /* Allow integer time */
+         normalize_maybe_empty_refname(&buf, repo, refspec, refspeclen);
+
+         if (n == 0) {
+            retcode = revparse_lookup_fully_qualifed_ref(out, repo, git_buf_cstr(&buf));
+         } else if (!git_reference_lookup(&ref, repo, git_buf_cstr(&buf))) {
+            if (!git_reflog_read(&reflog, ref)) {
+               int numentries = git_reflog_entrycount(reflog);
+               if (numentries < n) {
+                  giterr_set(GITERR_REFERENCE, ""Reflog for '%s' has only %d entries, asked for %d"",
+                             git_buf_cstr(&buf), numentries, n);
+                  retcode = GIT_ERROR;
+               } else {
+                  const git_reflog_entry *entry = git_reflog_entry_byindex(reflog, n);
+                  const git_oid *oid = git_reflog_entry_oidold(entry);
+                  retcode = git_object_lookup(out, repo, oid, GIT_OBJ_ANY);
+               }
+            }
+            git_reference_free(ref);
+         }
+      }
+
+      else if (!date_error) {
+         /* Ref as it was on a certain date */
+         normalize_maybe_empty_refname(&buf, repo, refspec, refspeclen);
+
+         if (!git_reference_lookup(&ref, repo, git_buf_cstr(&buf))) {
+            git_reflog *reflog;
+            if (!git_reflog_read(&reflog, ref)) {
+               /* Keep walking until we find an entry older than the given date */
+               int numentries = git_reflog_entrycount(reflog);
+               int i;
+
+               /* TODO: clunky. Factor ""now"" into a utility */
+               git_signature *sig;
+               git_time as_of;
+
+               git_signature_now(&sig, ""blah"", ""blah"");
+               as_of = sig->when;
+               git_signature_free(sig);
+
+               as_of.time = (timestamp > 0)
+                  ? timestamp
+                  : sig->when.time + timestamp;
+
+               for (i=numentries-1; i>0; i--) {
+                  const git_reflog_entry *entry = git_reflog_entry_byindex(reflog, i);
+                  git_time commit_time = git_reflog_entry_committer(entry)->when;
+                  if (git__time_cmp(&commit_time, &as_of) <= 0 ) {
+                     retcode = git_object_lookup(out, repo, git_reflog_entry_oidnew(entry), GIT_OBJ_ANY);
+                     break;
+                  }
+               }
+
+               if (!i) {
+                  /* Didn't find a match. Use the oldest revision in the reflog. */
+                  const git_reflog_entry *entry = git_reflog_entry_byindex(reflog, 0);
+                  retcode = git_object_lookup(out, repo, git_reflog_entry_oidnew(entry), GIT_OBJ_ANY);
+               }
+
+               git_reflog_free(reflog);
+            }
+
+            git_reference_free(ref);
+         }
+      }
+
+      git_buf_free(&datebuf);
+   }
+
+   if (reflog) git_reflog_free(reflog);
+   git_buf_free(&buf);
+   return retcode;
+}
+
+static git_object* dereference_object(git_object *obj)
+{
+   git_otype type = git_object_type(obj);
+
+   switch (type) {
+   case GIT_OBJ_COMMIT:
+      {
+         git_tree *tree = NULL;
+         if (0 == git_commit_tree(&tree, (git_commit*)obj)) {
+            return (git_object*)tree;
+         }
+      }
+      break;
+   case GIT_OBJ_TAG:
+      {
+            git_object *newobj = NULL;
+            if (0 == git_tag_target(&newobj, (git_tag*)obj)) {
+               return newobj;
+            }
+      }
+      break;
+
+   default:
+   case GIT_OBJ_TREE:
+   case GIT_OBJ_BLOB:
+   case GIT_OBJ_OFS_DELTA:
+   case GIT_OBJ_REF_DELTA:
+      break;
+   }
+
+   /* Can't dereference some types */
+   return NULL;
+}
+
+static int dereference_to_type(git_object **out, git_object *obj, git_otype target_type)
+{
+   int retcode = 1;
+   git_object *obj1 = obj, *obj2 = obj;
+
+   while (retcode > 0) {
+      git_otype this_type = git_object_type(obj1);
+
+      if (this_type == target_type) {
+         *out = obj1;
+         retcode = 0;
+      } else {
+         /* Dereference once, if possible. */
+         obj2 = dereference_object(obj1);
+         if (!obj2) {
+            giterr_set(GITERR_REFERENCE, ""Can't dereference to type"");
+            retcode = GIT_ERROR;
+         }
+      }
+      if (obj1 != obj && obj1 != obj2) {
+         git_object_free(obj1);
+      }
+      obj1 = obj2;
+   }
+   return retcode;
+}
+
+static git_otype parse_obj_type(const char *str)
+{
+   if (!strcmp(str, ""{commit}"")) return GIT_OBJ_COMMIT;
+   if (!strcmp(str, ""{tree}"")) return GIT_OBJ_TREE;
+   if (!strcmp(str, ""{blob}"")) return GIT_OBJ_BLOB;
+   if (!strcmp(str, ""{tag}"")) return GIT_OBJ_TAG;
+   return GIT_OBJ_BAD;
+}
+
+static int handle_caret_syntax(git_object **out, git_repository *repo, git_object *obj, const char *movement)
+{
+   git_commit *commit;
+   size_t movementlen = strlen(movement);
+   int n;
+
+   if (*movement == '{') {
+      if (movement[movementlen-1] != '}') {
+         set_invalid_syntax_err(movement);
+         return GIT_ERROR;
+      }
+
+      /* {} -> Dereference until we reach an object that isn't a tag. */
+      if (movementlen == 2) {
+         git_object *newobj = obj;
+         git_object *newobj2 = newobj;
+         while (git_object_type(newobj2) == GIT_OBJ_TAG) {
+            newobj2 = dereference_object(newobj);
+            if (newobj != obj) git_object_free(newobj);
+            if (!newobj2) {
+               giterr_set(GITERR_REFERENCE, ""Couldn't find object of target type."");
+               return GIT_ERROR;
+            }
+            newobj = newobj2;
+         }
+         *out = newobj2;
+         return 0;
+      }
+      
+      /* {/...} -> Walk all commits until we see a commit msg that matches the phrase. */
+      if (movement[1] == '/') {
+         int retcode = GIT_ERROR;
+         git_revwalk *walk;
+         if (!git_revwalk_new(&walk, repo)) {
+            git_oid oid;
+            regex_t preg;
+            int reg_error;
+            git_buf buf = GIT_BUF_INIT;
+
+            git_revwalk_sorting(walk, GIT_SORT_TIME);
+            git_revwalk_push(walk, git_object_id(obj));
+
+            /* Extract the regex from the movement string */
+            git_buf_put(&buf, movement+2, strlen(movement)-3);
+
+            reg_error = regcomp(&preg, git_buf_cstr(&buf), REG_EXTENDED);
+            if (reg_error != 0) {
+               giterr_set_regex(&preg, reg_error);
+            } else {
+               while(!git_revwalk_next(&oid, walk)) {
+                  git_object *walkobj;
+
+                  /* Fetch the commit object, and check for matches in the message */
+                  if (!git_object_lookup(&walkobj, repo, &oid, GIT_OBJ_COMMIT)) {
+                     if (!regexec(&preg, git_commit_message((git_commit*)walkobj), 0, NULL, 0)) {
+                        /* Found it! */
+                        retcode = 0;
+                        *out = walkobj;
+                        if (obj == walkobj) {
+                           /* Avoid leaking an object */
+                           git_object_free(walkobj);
+                        }
+                        break;
+                     }
+                     git_object_free(walkobj);
+                  }
+               }
+               if (retcode < 0) {
+                  giterr_set(GITERR_REFERENCE, ""Couldn't find a match for %s"", movement);
+               }
+               regfree(&preg);
+            }
+
+            git_buf_free(&buf);
+            git_revwalk_free(walk);
+         }
+         return retcode;
+      }
+
+      /* {...} -> Dereference until we reach an object of a certain type. */
+      if (dereference_to_type(out, obj, parse_obj_type(movement)) < 0) {
+         return GIT_ERROR;
+      }
+      return 0;
+   }
+
+   /* Dereference until we reach a commit. */
+   if (dereference_to_type(&obj, obj, GIT_OBJ_COMMIT) < 0) {
+      /* Can't dereference to a commit; fail */
+      return GIT_ERROR;
+   }
+
+   /* ""^"" is the same as ""^1"" */
+   if (movementlen == 0) {
+      n = 1;
+   } else {
+      git__strtol32(&n, movement, NULL, 0);
+   }
+   commit = (git_commit*)obj;
+
+   /* ""^0"" just returns the input */
+   if (n == 0) {
+      *out = obj;
+      return 0;
+   }
+
+   if (git_commit_parent(&commit, commit, n-1) < 0) {
+      return GIT_ERROR;
+   }
+
+   *out = (git_object*)commit;
+   return 0;
+}
+
+static int handle_linear_syntax(git_object **out, git_object *obj, const char *movement)
+{
+   git_commit *commit1, *commit2;
+   int i, n;
+
+   /* Dereference until we reach a commit. */
+   if (dereference_to_type(&obj, obj, GIT_OBJ_COMMIT) < 0) {
+      /* Can't dereference to a commit; fail */
+      return GIT_ERROR;
+   }
+
+   /* ""~"" is the same as ""~1"" */
+   if (strlen(movement) == 0) {
+      n = 1;
+   } else {
+      git__strtol32(&n, movement, NULL, 0);
+   }
+   commit1 = (git_commit*)obj;
+
+   /* ""~0"" just returns the input */
+   if (n == 0) {
+      *out = obj;
+      return 0;
+   }
+
+   for (i=0; i<n; i++) {
+      if (git_commit_parent(&commit2, commit1, 0) < 0) {
+         return GIT_ERROR;
+      }
+      if (commit1 != (git_commit*)obj) {
+         git_commit_free(commit1);
+      }
+      commit1 = commit2;
+   }
+
+   *out = (git_object*)commit1;
+   return 0;
+}
+
+static const git_tree_entry* git_tree_entry_bypath(git_tree *tree, git_repository *repo, const char *path)
+{
+   char *str = git__strdup(path);
+   char *tok;
+   void *alloc = str;
+   git_tree *tree2 = tree;
+   const git_tree_entry *entry;
+
+   while ((tok = git__strtok(&str, ""/\\"")) != NULL) {
+      entry = git_tree_entry_byname(tree2, tok);
+      if (tree2 != tree) git_tree_free(tree2);
+      if (entry_is_tree(entry)) {
+         if (git_tree_lookup(&tree2, repo, &entry->oid) < 0) {
+            free(alloc);
+            return NULL;
+         }
+      }
+   }
+
+   free(alloc);
+   return entry;","Jeez Russ, great points as always. I've encountered this problem in the past; now I remember why we cannot export a function that returns a `git_tree_entry`.

We need to work around this. Put your thinking cap, @arrbee... How about pooling the memory for the tree entries instead of making them depend on the trees?
",327dc61f132a4999e006d8d8bd2080c1f5a34bf0
968424,2,"Oh, sorry guys. Got distracted by other things. I'll split my submodule branch and push up some options today.""",2012-06-12 04:44:32,arrbee,libgit2,libgit2,,https://github.com/libgit2/libgit2/pull/684#discussion_r968424,2012-06-12T16:44:32Z,2012-06-12T16:44:32Z,arrbee,MEMBER,src/revparse.c,,,,,1,"@@ -0,0 +1,748 @@
+/*
+ * Copyright (C) 2009-2012 the libgit2 contributors
+ *
+ * This file is part of libgit2, distributed under the GNU GPL v2 with
+ * a Linking Exception. For full terms see the included COPYING file.
+ */
+
+#include <assert.h>
+
+#include ""common.h""
+#include ""buffer.h""
+#include ""date.h""
+#include ""tree.h""
+
+#include ""git2.h""
+
+GIT_BEGIN_DECL
+
+typedef enum {
+   REVPARSE_STATE_INIT,
+   REVPARSE_STATE_CARET,
+   REVPARSE_STATE_LINEAR,
+   REVPARSE_STATE_COLON,
+   REVPARSE_STATE_DONE,
+} revparse_state;
+
+static void set_invalid_syntax_err(const char *spec)
+{
+   giterr_set(GITERR_INVALID, ""Refspec '%s' is not valid."", spec);
+}
+
+static int revparse_lookup_fully_qualifed_ref(git_object **out, git_repository *repo, const char*spec)
+{
+   git_oid resolved;
+
+   if (git_reference_name_to_oid(&resolved, repo, spec) < 0)
+      return GIT_ERROR;
+
+   return git_object_lookup(out, repo, &resolved, GIT_OBJ_ANY);
+}
+
+/* Returns non-zero if yes */
+static int spec_looks_like_describe_output(const char *spec)
+{
+   regex_t regex;
+   int regex_error, retcode;
+
+   regex_error = regcomp(&regex, "".+-[0-9]+-g[0-9a-fA-F]+"", REG_EXTENDED);
+   if (regex_error != 0) {
+      giterr_set_regex(&regex, regex_error);
+      return 1; /* To be safe */
+   }
+   retcode = regexec(&regex, spec, 0, NULL, 0);
+   regfree(&regex);
+   return retcode == 0;
+}
+
+static int revparse_lookup_object(git_object **out, git_repository *repo, const char *spec)
+{
+   size_t speclen = strlen(spec);
+   git_object *obj = NULL;
+   git_oid oid;
+   git_buf refnamebuf = GIT_BUF_INIT;
+   static const char* formatters[] = {
+      ""refs/%s"",
+      ""refs/tags/%s"",
+      ""refs/heads/%s"",
+      ""refs/remotes/%s"",
+      ""refs/remotes/%s/HEAD"",
+      NULL
+   };
+   unsigned int i;
+   const char *substr;
+
+   /* ""git describe"" output; snip everything before/including ""-g"" */
+   substr = strstr(spec, ""-g"");
+   if (substr &&
+       spec_looks_like_describe_output(spec) &&
+       !revparse_lookup_object(out, repo, substr+2)) {
+      return 0;
+   }
+
+   /* SHA or prefix */
+   if (!git_oid_fromstrn(&oid, spec, speclen)) {
+      if (!git_object_lookup_prefix(&obj, repo, &oid, speclen, GIT_OBJ_ANY)) {
+         *out = obj;
+         return 0;
+      }
+   }
+
+   /* Fully-named ref */
+   if (!revparse_lookup_fully_qualifed_ref(&obj, repo, spec)) {
+      *out = obj;
+      return 0;
+   }
+
+   /* Partially-named ref; match in this order: */
+   for (i=0; formatters[i]; i++) {
+      git_buf_clear(&refnamebuf);
+      if (git_buf_printf(&refnamebuf, formatters[i], spec) < 0) {
+         return GIT_ERROR;
+      }
+
+      if (!revparse_lookup_fully_qualifed_ref(&obj, repo, git_buf_cstr(&refnamebuf))) {
+         git_buf_free(&refnamebuf);
+         *out = obj;
+         return 0;
+      }
+   }
+   git_buf_free(&refnamebuf);
+
+   giterr_set(GITERR_REFERENCE, ""Refspec '%s' not found."", spec);
+   return GIT_ERROR;
+}
+
+
+static int all_chars_are_digits(const char *str, size_t len)
+{
+   size_t i=0;
+   for (i=0; i<len; i++) {
+      if (str[i] < '0' || str[i] > '9') return 0;
+   }
+   return 1;
+}
+
+static void normalize_maybe_empty_refname(git_buf *buf, git_repository *repo, const char *refspec, size_t refspeclen)
+{
+   git_reference *ref;
+
+   if (!refspeclen) {
+      /* Empty refspec means current branch (target of HEAD) */
+      git_reference_lookup(&ref, repo, ""HEAD"");
+      git_buf_puts(buf, git_reference_target(ref));
+      git_reference_free(ref);
+   } else if (strstr(refspec, ""HEAD"")) {
+      /* Explicit head */
+      git_buf_puts(buf, refspec);
+   }else {
+      if (git__prefixcmp(refspec, ""refs/heads/"") != 0) {
+         git_buf_printf(buf, ""refs/heads/%s"", refspec);
+      } else {
+         git_buf_puts(buf, refspec);
+      }
+   }
+}
+
+static int walk_ref_history(git_object **out, git_repository *repo, const char *refspec, const char *reflogspec)
+{
+   git_reference *ref;
+   git_reflog *reflog = NULL;
+   int n, retcode = GIT_ERROR;
+   int i, refloglen;
+   const git_reflog_entry *entry;
+   git_buf buf = GIT_BUF_INIT;
+   size_t refspeclen = strlen(refspec);
+   size_t reflogspeclen = strlen(reflogspec);
+
+   if (git__prefixcmp(reflogspec, ""@{"") != 0 ||
+       git__suffixcmp(reflogspec, ""}"") != 0) {
+      giterr_set(GITERR_INVALID, ""Bad reflogspec '%s'"", reflogspec);
+      return GIT_ERROR;
+   }
+
+   /* ""@{-N}"" form means walk back N checkouts. That means the HEAD log. */
+   if (refspeclen == 0 && !git__prefixcmp(reflogspec, ""@{-"")) {
+      regex_t regex;
+      int regex_error;
+
+      if (git__strtol32(&n, reflogspec+3, NULL, 0) < 0 ||
+          n < 1) {
+         giterr_set(GITERR_INVALID, ""Invalid reflogspec %s"", reflogspec);
+         return GIT_ERROR;
+      }
+
+      if (!git_reference_lookup(&ref, repo, ""HEAD"")) {
+         if (!git_reflog_read(&reflog, ref)) {
+            regex_error = regcomp(&regex, ""checkout: moving from (.*) to .*"", REG_EXTENDED);
+            if (regex_error != 0) {
+               giterr_set_regex(&regex, regex_error);
+            } else {
+               regmatch_t regexmatches[2];
+
+               refloglen = git_reflog_entrycount(reflog);
+               for (i=refloglen-1; i >= 0; i--) {
+                  const char *msg;
+                  entry = git_reflog_entry_byindex(reflog, i);
+
+                  msg = git_reflog_entry_msg(entry);
+                  if (!regexec(&regex, msg, 2, regexmatches, 0)) {
+                     n--;
+                     if (!n) {
+                        git_buf_put(&buf, msg+regexmatches[1].rm_so, regexmatches[1].rm_eo - regexmatches[1].rm_so);
+                        retcode = revparse_lookup_object(out, repo, git_buf_cstr(&buf));
+                        break;
+                     }
+                  }
+               }
+               regfree(&regex);
+            }
+         }
+         git_reference_free(ref);
+      }
+   } else {
+      int date_error = 0;
+      git_time_t timestamp;
+      git_buf datebuf = GIT_BUF_INIT;
+
+      git_buf_put(&datebuf, reflogspec+2, reflogspeclen-3);
+      date_error = git__date_parse(&timestamp, git_buf_cstr(&datebuf));
+
+      /* @{u} or @{upstream} -> upstream branch, for a tracking branch. This is stored in the config. */
+      if (!strcmp(reflogspec, ""@{u}"") || !strcmp(reflogspec, ""@{upstream}"")) {
+         git_config *cfg;
+         if (!git_repository_config(&cfg, repo)) {
+            /* Is the ref a tracking branch? */
+            const char *remote;
+            git_buf_clear(&buf);
+            git_buf_printf(&buf, ""branch.%s.remote"", refspec);
+            if (!git_config_get_string(cfg, git_buf_cstr(&buf), &remote)) {
+               /* Yes. Find the first merge target name. */
+               const char *mergetarget;
+               git_buf_clear(&buf);
+               git_buf_printf(&buf, ""branch.%s.merge"", refspec);
+               if (!git_config_get_string(cfg, git_buf_cstr(&buf), &mergetarget) &&
+                   !git__prefixcmp(mergetarget, ""refs/heads/"")) {
+                  /* Success. Look up the target and fetch the object. */
+                  git_buf_clear(&buf);
+                  git_buf_printf(&buf, ""refs/remotes/%s/%s"", remote, mergetarget+11);
+                  retcode = revparse_lookup_fully_qualifed_ref(out, repo, git_buf_cstr(&buf));
+               }
+            }
+            git_config_free(cfg);
+         }
+      }
+
+      /* @{N} -> Nth prior value for the ref (from reflog) */
+      else if (all_chars_are_digits(reflogspec+2, reflogspeclen-3) &&
+               !git__strtol32(&n, reflogspec+2, NULL, 0) &&
+               n <= 100000000) { /* Allow integer time */
+         normalize_maybe_empty_refname(&buf, repo, refspec, refspeclen);
+
+         if (n == 0) {
+            retcode = revparse_lookup_fully_qualifed_ref(out, repo, git_buf_cstr(&buf));
+         } else if (!git_reference_lookup(&ref, repo, git_buf_cstr(&buf))) {
+            if (!git_reflog_read(&reflog, ref)) {
+               int numentries = git_reflog_entrycount(reflog);
+               if (numentries < n) {
+                  giterr_set(GITERR_REFERENCE, ""Reflog for '%s' has only %d entries, asked for %d"",
+                             git_buf_cstr(&buf), numentries, n);
+                  retcode = GIT_ERROR;
+               } else {
+                  const git_reflog_entry *entry = git_reflog_entry_byindex(reflog, n);
+                  const git_oid *oid = git_reflog_entry_oidold(entry);
+                  retcode = git_object_lookup(out, repo, oid, GIT_OBJ_ANY);
+               }
+            }
+            git_reference_free(ref);
+         }
+      }
+
+      else if (!date_error) {
+         /* Ref as it was on a certain date */
+         normalize_maybe_empty_refname(&buf, repo, refspec, refspeclen);
+
+         if (!git_reference_lookup(&ref, repo, git_buf_cstr(&buf))) {
+            git_reflog *reflog;
+            if (!git_reflog_read(&reflog, ref)) {
+               /* Keep walking until we find an entry older than the given date */
+               int numentries = git_reflog_entrycount(reflog);
+               int i;
+
+               /* TODO: clunky. Factor ""now"" into a utility */
+               git_signature *sig;
+               git_time as_of;
+
+               git_signature_now(&sig, ""blah"", ""blah"");
+               as_of = sig->when;
+               git_signature_free(sig);
+
+               as_of.time = (timestamp > 0)
+                  ? timestamp
+                  : sig->when.time + timestamp;
+
+               for (i=numentries-1; i>0; i--) {
+                  const git_reflog_entry *entry = git_reflog_entry_byindex(reflog, i);
+                  git_time commit_time = git_reflog_entry_committer(entry)->when;
+                  if (git__time_cmp(&commit_time, &as_of) <= 0 ) {
+                     retcode = git_object_lookup(out, repo, git_reflog_entry_oidnew(entry), GIT_OBJ_ANY);
+                     break;
+                  }
+               }
+
+               if (!i) {
+                  /* Didn't find a match. Use the oldest revision in the reflog. */
+                  const git_reflog_entry *entry = git_reflog_entry_byindex(reflog, 0);
+                  retcode = git_object_lookup(out, repo, git_reflog_entry_oidnew(entry), GIT_OBJ_ANY);
+               }
+
+               git_reflog_free(reflog);
+            }
+
+            git_reference_free(ref);
+         }
+      }
+
+      git_buf_free(&datebuf);
+   }
+
+   if (reflog) git_reflog_free(reflog);
+   git_buf_free(&buf);
+   return retcode;
+}
+
+static git_object* dereference_object(git_object *obj)
+{
+   git_otype type = git_object_type(obj);
+
+   switch (type) {
+   case GIT_OBJ_COMMIT:
+      {
+         git_tree *tree = NULL;
+         if (0 == git_commit_tree(&tree, (git_commit*)obj)) {
+            return (git_object*)tree;
+         }
+      }
+      break;
+   case GIT_OBJ_TAG:
+      {
+            git_object *newobj = NULL;
+            if (0 == git_tag_target(&newobj, (git_tag*)obj)) {
+               return newobj;
+            }
+      }
+      break;
+
+   default:
+   case GIT_OBJ_TREE:
+   case GIT_OBJ_BLOB:
+   case GIT_OBJ_OFS_DELTA:
+   case GIT_OBJ_REF_DELTA:
+      break;
+   }
+
+   /* Can't dereference some types */
+   return NULL;
+}
+
+static int dereference_to_type(git_object **out, git_object *obj, git_otype target_type)
+{
+   int retcode = 1;
+   git_object *obj1 = obj, *obj2 = obj;
+
+   while (retcode > 0) {
+      git_otype this_type = git_object_type(obj1);
+
+      if (this_type == target_type) {
+         *out = obj1;
+         retcode = 0;
+      } else {
+         /* Dereference once, if possible. */
+         obj2 = dereference_object(obj1);
+         if (!obj2) {
+            giterr_set(GITERR_REFERENCE, ""Can't dereference to type"");
+            retcode = GIT_ERROR;
+         }
+      }
+      if (obj1 != obj && obj1 != obj2) {
+         git_object_free(obj1);
+      }
+      obj1 = obj2;
+   }
+   return retcode;
+}
+
+static git_otype parse_obj_type(const char *str)
+{
+   if (!strcmp(str, ""{commit}"")) return GIT_OBJ_COMMIT;
+   if (!strcmp(str, ""{tree}"")) return GIT_OBJ_TREE;
+   if (!strcmp(str, ""{blob}"")) return GIT_OBJ_BLOB;
+   if (!strcmp(str, ""{tag}"")) return GIT_OBJ_TAG;
+   return GIT_OBJ_BAD;
+}
+
+static int handle_caret_syntax(git_object **out, git_repository *repo, git_object *obj, const char *movement)
+{
+   git_commit *commit;
+   size_t movementlen = strlen(movement);
+   int n;
+
+   if (*movement == '{') {
+      if (movement[movementlen-1] != '}') {
+         set_invalid_syntax_err(movement);
+         return GIT_ERROR;
+      }
+
+      /* {} -> Dereference until we reach an object that isn't a tag. */
+      if (movementlen == 2) {
+         git_object *newobj = obj;
+         git_object *newobj2 = newobj;
+         while (git_object_type(newobj2) == GIT_OBJ_TAG) {
+            newobj2 = dereference_object(newobj);
+            if (newobj != obj) git_object_free(newobj);
+            if (!newobj2) {
+               giterr_set(GITERR_REFERENCE, ""Couldn't find object of target type."");
+               return GIT_ERROR;
+            }
+            newobj = newobj2;
+         }
+         *out = newobj2;
+         return 0;
+      }
+      
+      /* {/...} -> Walk all commits until we see a commit msg that matches the phrase. */
+      if (movement[1] == '/') {
+         int retcode = GIT_ERROR;
+         git_revwalk *walk;
+         if (!git_revwalk_new(&walk, repo)) {
+            git_oid oid;
+            regex_t preg;
+            int reg_error;
+            git_buf buf = GIT_BUF_INIT;
+
+            git_revwalk_sorting(walk, GIT_SORT_TIME);
+            git_revwalk_push(walk, git_object_id(obj));
+
+            /* Extract the regex from the movement string */
+            git_buf_put(&buf, movement+2, strlen(movement)-3);
+
+            reg_error = regcomp(&preg, git_buf_cstr(&buf), REG_EXTENDED);
+            if (reg_error != 0) {
+               giterr_set_regex(&preg, reg_error);
+            } else {
+               while(!git_revwalk_next(&oid, walk)) {
+                  git_object *walkobj;
+
+                  /* Fetch the commit object, and check for matches in the message */
+                  if (!git_object_lookup(&walkobj, repo, &oid, GIT_OBJ_COMMIT)) {
+                     if (!regexec(&preg, git_commit_message((git_commit*)walkobj), 0, NULL, 0)) {
+                        /* Found it! */
+                        retcode = 0;
+                        *out = walkobj;
+                        if (obj == walkobj) {
+                           /* Avoid leaking an object */
+                           git_object_free(walkobj);
+                        }
+                        break;
+                     }
+                     git_object_free(walkobj);
+                  }
+               }
+               if (retcode < 0) {
+                  giterr_set(GITERR_REFERENCE, ""Couldn't find a match for %s"", movement);
+               }
+               regfree(&preg);
+            }
+
+            git_buf_free(&buf);
+            git_revwalk_free(walk);
+         }
+         return retcode;
+      }
+
+      /* {...} -> Dereference until we reach an object of a certain type. */
+      if (dereference_to_type(out, obj, parse_obj_type(movement)) < 0) {
+         return GIT_ERROR;
+      }
+      return 0;
+   }
+
+   /* Dereference until we reach a commit. */
+   if (dereference_to_type(&obj, obj, GIT_OBJ_COMMIT) < 0) {
+      /* Can't dereference to a commit; fail */
+      return GIT_ERROR;
+   }
+
+   /* ""^"" is the same as ""^1"" */
+   if (movementlen == 0) {
+      n = 1;
+   } else {
+      git__strtol32(&n, movement, NULL, 0);
+   }
+   commit = (git_commit*)obj;
+
+   /* ""^0"" just returns the input */
+   if (n == 0) {
+      *out = obj;
+      return 0;
+   }
+
+   if (git_commit_parent(&commit, commit, n-1) < 0) {
+      return GIT_ERROR;
+   }
+
+   *out = (git_object*)commit;
+   return 0;
+}
+
+static int handle_linear_syntax(git_object **out, git_object *obj, const char *movement)
+{
+   git_commit *commit1, *commit2;
+   int i, n;
+
+   /* Dereference until we reach a commit. */
+   if (dereference_to_type(&obj, obj, GIT_OBJ_COMMIT) < 0) {
+      /* Can't dereference to a commit; fail */
+      return GIT_ERROR;
+   }
+
+   /* ""~"" is the same as ""~1"" */
+   if (strlen(movement) == 0) {
+      n = 1;
+   } else {
+      git__strtol32(&n, movement, NULL, 0);
+   }
+   commit1 = (git_commit*)obj;
+
+   /* ""~0"" just returns the input */
+   if (n == 0) {
+      *out = obj;
+      return 0;
+   }
+
+   for (i=0; i<n; i++) {
+      if (git_commit_parent(&commit2, commit1, 0) < 0) {
+         return GIT_ERROR;
+      }
+      if (commit1 != (git_commit*)obj) {
+         git_commit_free(commit1);
+      }
+      commit1 = commit2;
+   }
+
+   *out = (git_object*)commit1;
+   return 0;
+}
+
+static const git_tree_entry* git_tree_entry_bypath(git_tree *tree, git_repository *repo, const char *path)
+{
+   char *str = git__strdup(path);
+   char *tok;
+   void *alloc = str;
+   git_tree *tree2 = tree;
+   const git_tree_entry *entry;
+
+   while ((tok = git__strtok(&str, ""/\\"")) != NULL) {
+      entry = git_tree_entry_byname(tree2, tok);
+      if (tree2 != tree) git_tree_free(tree2);
+      if (entry_is_tree(entry)) {
+         if (git_tree_lookup(&tree2, repo, &entry->oid) < 0) {
+            free(alloc);
+            return NULL;
+         }
+      }
+   }
+
+   free(alloc);
+   return entry;","Oh, sorry guys. Got distracted by other things. I'll split my submodule branch and push up some options today.
",327dc61f132a4999e006d8d8bd2080c1f5a34bf0
552107,1,"Yes, as I was `git add`ing it, I thought to myself """"maybe you should rethink this."""" I'll fix it. :smile:""",2012-03-13 04:41:01,arrbee,libgit2,libgit2,,https://github.com/libgit2/libgit2/pull/595#discussion_r552107,2012-03-13T15:41:01Z,2012-03-15T00:37:51Z,arrbee,MEMBER,src/map.c,,,,,1,"@@ -0,0 +1,36 @@
+/*
+ * Copyright (C) 2009-2012 the libgit2 contributors
+ *
+ * This file is part of libgit2, distributed under the GNU GPL v2 with
+ * a Linking Exception. For full terms see the included COPYING file.
+ */
+#include <git2/common.h>
+#include ""map.h""
+
+int validate_map_args(","Yes, as I was `git add`ing it, I thought to myself ""maybe you should rethink this."" I'll fix it. :smile:
",deafee7bd7a9e2efcdff90627b6094d8c1519319
554364,0,"Since all of the cases where `format_object_header()` could have returned an error code are now handling by asserts, it should never fail (except by asserting), so I don't both to check the return value for < 0 anymore. Does that seem okay? """,2012-03-13 10:36:36,arrbee,libgit2,libgit2,,https://github.com/libgit2/libgit2/pull/595#discussion_r554364,2012-03-13T21:36:36Z,2012-03-15T00:37:51Z,arrbee,MEMBER,src/odb_loose.c,,778.0,,,508,"@@ -774,12 +742,9 @@ static int loose_backend__stream(git_odb_stream **stream_out, git_odb_backend *_
 	*stream_out = NULL;
 
 	hdrlen = format_object_header(hdr, sizeof(hdr), length, type);
-	if (hdrlen < GIT_SUCCESS)
-		return git__throw(GIT_EOBJCORRUPTED, ""Failed to create loose backend stream. Object is corrupted"");","Since all of the cases where `format_object_header()` could have returned an error code are now handling by asserts, it should never fail (except by asserting), so I don't both to check the return value for < 0 anymore. Does that seem okay?
",deafee7bd7a9e2efcdff90627b6094d8c1519319
490187,1,":metal: Love getting rid of the duplication""",2012-02-26 19:15:23,arrbee,libgit2,libgit2,,https://github.com/libgit2/libgit2/pull/575#discussion_r490187,2012-02-27T06:15:23Z,2012-03-02T23:10:30Z,arrbee,MEMBER,src/fileops.h,,25.0,,,9,"@@ -17,17 +17,8 @@
  *
  * Read whole files into an in-memory buffer for processing
  */
-#define GIT_FBUFFER_INIT {NULL, 0}
-
-typedef struct { /* file io buffer */
-	void *data; /* data bytes	*/
-	size_t len; /* data length */
-} git_fbuffer;",":metal: Love getting rid of the duplication
",ce49c7a8a902bd3a74a59a356dd11886e83d2e92
255351,1,"I've just noticed all these `int`s. Our static analyzer throws warnings against using non-`size_t` for array offsets. It'd be great if we could switch these... Already enough warnings as it is. ^^""",2011-11-28 08:27:50,vmg,libgit2,libgit2,,https://github.com/libgit2/libgit2/pull/499#discussion_r255351,2011-11-28T19:27:50Z,2011-11-28T21:06:22Z,vmg,MEMBER,src/buffer.c,,,,,1,"@@ -107,7 +138,164 @@ void git_buf_clear(git_buf *buf)
 
 void git_buf_consume(git_buf *buf, const char *end)
 {
-	size_t consumed = end - buf->ptr;
-	memmove(buf->ptr, end, buf->size - consumed);
-	buf->size -= consumed;
+	if (end > buf->ptr && end <= buf->ptr + buf->size) {
+		size_t consumed = end - buf->ptr;
+		memmove(buf->ptr, end, buf->size - consumed);
+		buf->size -= consumed;
+	}
+}
+
+void git_buf_swap(git_buf *buf_a, git_buf *buf_b)
+{
+	git_buf t = *buf_a;
+	*buf_a = *buf_b;
+	*buf_b = t;
+}
+
+char *git_buf_take_cstr(git_buf *buf)
+{
+	char *data = NULL;
+
+	if (buf->ptr == NULL)
+		return NULL;
+
+	if (buf->size + 1 > buf->asize &&
+		git_buf_grow(buf, buf->size + 1) < GIT_SUCCESS)
+		return NULL;
+
+	data = buf->ptr;
+	data[buf->size] = '\0';
+
+	buf->ptr = NULL;
+	buf->asize = 0;
+	buf->size = 0;
+
+	return data;
+}
+
+void git_buf_join_n(git_buf *buf, char separator, int nbuf, ...)
+{
+	/* Make two passes to avoid multiple reallocation */
+
+	va_list ap;
+	int i;
+	int total_size = 0;","I've just noticed all these `int`s. Our static analyzer throws warnings against using non-`size_t` for array offsets. It'd be great if we could switch these... Already enough warnings as it is. ^^
",679b69c49df2d8c1b9d0d99f4f3a82a0c3975e4c
103103,1,"> @carlosmn, +1 reason to drop MSVC support ;) > MinGW is enough.  Hahahaha.  Anyway, we cannot assume that variable-length arrays are supported. Can we please switch this to a constant? Cheers!""",2011-08-25 08:48:55,vmg,libgit2,libgit2,,https://github.com/libgit2/libgit2/pull/379#discussion_r103103,2011-08-25T20:48:55Z,2011-08-25T21:02:27Z,vmg,MEMBER,src/pkt.c,,,,,1,"@@ -302,10 +302,10 @@ int git_pkt_send_wants(git_headarray *refs, git_transport_caps *caps, int fd)
 {
 	unsigned int i = 0;
 	int error = GIT_SUCCESS;
-	char buf[STRLEN(WANT_PREFIX) + GIT_OID_HEXSZ + 2];
+	char buf[strlen(WANT_PREFIX) + GIT_OID_HEXSZ + 2];","> @carlosmn, +1 reason to drop MSVC support ;)
> MinGW is enough.

Hahahaha.

Anyway, we cannot assume that variable-length arrays are supported. Can we please switch this to a constant? Cheers!
",85b91652018867d67642cb3207084561b85969af
67030,2,"This is terrible. We cannot duplicate and free a whole buffer just to prevent a cast. If you are concerned about this cast, you'll have to update the entire hashing code so that the hashed data is constant -- that would be a nice thing to have. Without th""",2011-07-17 06:29:30,vmg,libgit2,libgit2,,https://github.com/libgit2/libgit2/pull/328#discussion_r67030,2011-07-17T18:29:30Z,2011-07-17T18:29:30Z,vmg,MEMBER,src/odb.c,,198.0,,,15,"@@ -185,14 +185,25 @@ int git_odb_hash(git_oid *id, const void *data, size_t len, git_otype type)
 	char hdr[64];
 	int  hdrlen;
 	git_rawobj raw;
+	int ret;
 
 	assert(id);
 
-	raw.data = (void *)data;
+	if (!data && len != 0)
+		return git__throw(GIT_ERROR, ""Failed to hash object. No data given"");
+
+	raw.data = git__malloc(len);
+	if (!raw.data)
+		return GIT_ENOMEM;
+	memcpy(raw.data, data, len);","This is terrible. We cannot duplicate and free a whole buffer just to prevent a cast. If you are concerned about this cast, you'll have to update the entire hashing code so that the hashed data is constant -- that would be a nice thing to have. Without that, this is a no-go.
",9bdf0ecdb57092c17475711783344f8984ad49f9
6473236,0,"That struct looks pretty good. For the basic version (i.e. `git_clone`) all you should need to provide is how to tell you about progress and what branch to checkout. I think we might want to add a flag saying whether we want to ignore SSL errors.""",2013-09-19 09:03:40,carlosmn,libgit2,libgit2,,https://github.com/libgit2/libgit2/pull/1855#discussion_r6473236,2013-09-19T21:03:40Z,2013-10-02T12:07:30Z,carlosmn,MEMBER,include/git2/clone.h,,58.0,,,1,"@@ -69,19 +64,14 @@
 	git_checkout_opts checkout_opts;
 	git_repository_init_options *init_options;
 	int bare;
-	git_transfer_progress_callback fetch_progress_cb;
-	void *fetch_progress_payload;
 
 	const char *remote_name;
 	const char *pushurl;
 	const char *fetch_spec;
 	const char *push_spec;
-	git_cred_acquire_cb cred_acquire_cb;
-	void *cred_acquire_payload;
     git_transport_flags_t transport_flags;
 	git_transport *transport;
 	git_remote_callbacks *remote_callbacks;
-	git_remote_autotag_option_t remote_autotag;
 	const char* checkout_branch;
 } git_clone_options;","That struct looks pretty good. For the basic version (i.e. `git_clone`) all you should need to provide is how to tell you about progress and what branch to checkout. I think we might want to add a flag saying whether we want to ignore SSL errors.
",0e0cf78773bea0d06298ba3bf981a3be839041df
4070724,2,"Yes, stupid of me.  I would have sworn, I did think about freeing it and I saw similar code which did not free it, so I copied that pattern.  But I cannot find that example code anymore, so it is probably a figment of my imagination.   Anyway, git_buf_fr""",2013-05-02 20:57:26,woudshoo,libgit2,libgit2,,https://github.com/libgit2/libgit2/pull/1541#discussion_r4070724,2013-05-03T08:57:26Z,2013-05-03T10:00:24Z,woudshoo,NONE,src/tag.c,,,,,1,"@@ -453,6 +453,18 @@ static int tag_list_cb(const char *tag_name, git_oid *oid, void *data)
 	return 0;
 }
 
+int git_tag_lookup_byname(
+	git_reference **out,
+	git_repository *repo,
+	const char *tag_name)
+{
+	git_buf ref_name = GIT_BUF_INIT;
+
+	assert(out && repo && tag_name);
+
+	return retrieve_tag_reference(out, &ref_name, repo, tag_name);","Yes, stupid of me.  I would have sworn, I did think about freeing it and I saw similar code which did not free it, so I copied that pattern.  But I cannot find that example code anymore, so it is probably a figment of my imagination.  
Anyway, git_buf_free is added. in a newer commit.
",047fcbee7890f29a1e3ed57e29811e80557f5c2e
5096003,1,"Okay. That should save some time, and it doesn't break the existing tests, so I guess it's okay. I wasn't sure how hard to make diff try on this, so I just turned everything on. :smile: """,2013-07-09 05:29:32,ben,libgit2,libgit2,,https://github.com/libgit2/libgit2/pull/1317#discussion_r5096003,2013-07-09T17:29:32Z,2013-10-28T18:21:29Z,ben,MEMBER,src/blame.c,,,,,1,"@@ -0,0 +1,753 @@
+/*
+ * Copyright (C) the libgit2 contributors. All rights reserved.
+ *
+ * This file is part of libgit2, distributed under the GNU GPL v2 with
+ * a Linking Exception. For full terms see the included COPYING file.
+ */
+
+#include ""blame.h""
+#include ""git2/commit.h""
+#include ""git2/revparse.h""
+#include ""git2/revwalk.h""
+#include ""git2/tree.h""
+#include ""git2/diff.h""
+#include ""git2/blob.h""
+#include ""util.h""
+#include ""repository.h""
+
+#if 0
+#define DO_DEBUG
+#define DEBUGF(...) printf(__VA_ARGS__)
+static void dump_hunks(git_blame *blame)
+{
+	size_t i;
+	git_blame_hunk *hunk;
+	char str[41] = {0};
+	char *path;
+
+	DEBUGF(""Paths watched: "");
+	git_vector_foreach(&blame->paths, i, path) {
+		DEBUGF(""%s   "", path);
+	}
+	DEBUGF(""\n"");
+
+	git_vector_foreach(&blame->hunks, i, hunk) {
+		git_oid_tostr(str, 9, &hunk->final_commit_id);
+		DEBUGF(""CLAIMED: %2d +%d (orig %2d) %s (from %s)\n"",
+				hunk->final_start_line_number,
+				hunk->lines_in_hunk - 1,
+				hunk->orig_start_line_number,
+				str,
+				hunk->orig_path);
+	}
+	git_vector_foreach(&blame->unclaimed_hunks, i, hunk) {
+		DEBUGF(""UNCLAIMED: %d +%d\n"",
+				hunk->final_start_line_number,
+				hunk->lines_in_hunk - 1);
+	}
+	GIT_UNUSED(blame);
+}
+#else
+#define DEBUGF(...)
+#define dump_hunks(x)
+#endif
+
+static int hunk_byline_search_cmp(const void *key, const void *entry)
+{
+	uint32_t lineno = *(size_t*)key;
+	git_blame_hunk *hunk = (git_blame_hunk*)entry;
+
+	if (lineno < hunk->final_start_line_number)
+		return -1;
+	if (lineno > ((uint32_t)hunk->final_start_line_number + hunk->lines_in_hunk))
+		return 1;
+	return 0;
+}
+
+static int hunk_sort_cmp_by_start_line(const void *_a, const void *_b)
+{
+	git_blame_hunk *a = (git_blame_hunk*)_a,
+						*b = (git_blame_hunk*)_b;
+
+	return a->final_start_line_number - b->final_start_line_number;
+}
+
+static bool line_is_at_end_of_hunk(size_t line, git_blame_hunk *hunk)
+{
+	return line >= (hunk->final_start_line_number + hunk->lines_in_hunk - 1);
+}
+
+static bool line_is_at_start_of_hunk(size_t line, git_blame_hunk *hunk)
+{
+	return line <= hunk->final_start_line_number;
+}
+
+static git_blame_hunk* new_hunk(uint16_t start, uint16_t lines, uint16_t orig_start, const char *path)
+{
+	git_blame_hunk *hunk = git__calloc(1, sizeof(git_blame_hunk));
+	if (!hunk) return NULL;
+
+	hunk->lines_in_hunk = lines;
+	hunk->final_start_line_number = start;
+	hunk->orig_start_line_number = orig_start;
+	hunk->orig_path = git__strdup(path);
+
+	return hunk;
+}
+
+static git_blame_hunk* dup_hunk(git_blame_hunk *hunk)
+{
+	git_blame_hunk *newhunk = new_hunk(hunk->final_start_line_number, hunk->lines_in_hunk, hunk->orig_start_line_number, hunk->orig_path);
+	git_oid_cpy(&newhunk->orig_commit_id, &hunk->orig_commit_id);
+	git_oid_cpy(&newhunk->final_commit_id, &hunk->final_commit_id);
+	return newhunk;
+}
+
+static void free_hunk(git_blame_hunk *hunk)
+{
+	git__free((void*)hunk->orig_path);
+	git__free(hunk);
+}
+
+static int paths_cmp(const void *a, const void *b) { return git__strcmp((char*)a, (char*)b); }
+static void add_if_not_present(git_vector *v, const char *value)
+{
+	git_vector_insert_sorted(v, (void*)git__strdup(value), NULL);
+}
+
+git_blame* git_blame__alloc(
+	git_repository *repo,
+	git_blame_options opts,
+	const char *path)
+{
+	git_blame *gbr = (git_blame*)calloc(1, sizeof(git_blame));
+	if (!gbr) {
+		giterr_set_oom();
+		return NULL;
+	}
+	git_vector_init(&gbr->hunks, 8, hunk_sort_cmp_by_start_line);
+	git_vector_init(&gbr->unclaimed_hunks, 8, hunk_sort_cmp_by_start_line);
+	git_vector_init(&gbr->paths, 8, paths_cmp);
+	gbr->repository = repo;
+	gbr->options = opts;
+	gbr->path = git__strdup(path);
+	git_vector_insert(&gbr->paths, git__strdup(path));
+	gbr->final_blob = NULL;
+	return gbr;
+}
+
+void git_blame_free(git_blame *blame)
+{
+	size_t i;
+	git_blame_hunk *hunk;
+	char *path;
+
+	if (!blame) return;
+
+	git_vector_foreach(&blame->hunks, i, hunk)
+		free_hunk(hunk);
+	git_vector_free(&blame->hunks);
+
+	git_vector_foreach(&blame->unclaimed_hunks, i, hunk)
+		free_hunk(hunk);
+	git_vector_free(&blame->unclaimed_hunks);
+
+	git_vector_foreach(&blame->paths, i, path)
+		git__free(path);
+	git_vector_free(&blame->paths);
+
+	git__free((void*)blame->path);
+	git_blob_free(blame->final_blob);
+	git__free(blame);
+}
+
+/*
+ * Construct a list of char indices for where lines begin
+ * Adapted from core git:
+ * https://github.com/gitster/git/blob/be5c9fb9049ed470e7005f159bb923a5f4de1309/builtin/blame.c#L1760-L1789
+ */
+static int index_blob_lines(git_blame *blame)
+{
+	const char *final_buf = git_blob_rawcontent(blame->final_blob);
+	const char *buf = final_buf;
+	git_off_t len = git_blob_rawsize(blame->final_blob);
+	int num = 0, incomplete = 0, bol = 1;
+
+	if (len && buf[len-1] != '\n')
+		incomplete++; /* incomplete line at the end */
+	while (len--) {
+		if (bol) {
+			blame->line_index = realloc(blame->line_index,
+					sizeof(int *) * (num + 1));
+			blame->line_index[num] = buf - final_buf;
+			bol = 0;
+		}
+		if (*buf++ == '\n') {
+			num++;
+			bol = 1;
+		}
+	}
+	blame->line_index = realloc(blame->line_index,
+			sizeof(int *) * (num + incomplete + 1));
+	blame->line_index[num + incomplete] = buf - final_buf;
+	blame->num_lines = num + incomplete;
+	return 0;
+}
+
+uint32_t git_blame_get_hunk_count(git_blame *blame)
+{
+	assert(blame);
+	return blame->hunks.length;
+}
+
+const git_blame_hunk *git_blame_get_hunk_byindex(git_blame *blame, uint32_t index)
+{
+	assert(blame);
+	return (git_blame_hunk*)git_vector_get(&blame->hunks, index);
+}
+
+const git_blame_hunk *git_blame_get_hunk_byline(git_blame *blame, uint32_t lineno)
+{
+	size_t i;
+	assert(blame);
+
+	if (!git_vector_bsearch2( &i, &blame->hunks, hunk_byline_search_cmp, &lineno)) {
+		return git_blame_get_hunk_byindex(blame, i);
+	}
+
+	return NULL;
+}
+
+static void normalize_options(
+		git_blame_options *out,
+		const git_blame_options *in,
+		git_repository *repo)
+{
+	git_blame_options dummy = GIT_BLAME_OPTIONS_INIT;
+	if (!in) in = &dummy;
+
+	memmove(out, in, sizeof(git_blame_options));
+
+	/* No newest_commit => HEAD */
+	if (git_oid_iszero(&out->newest_commit)) {
+		git_object *obj;
+		git_revparse_single(&obj, repo, ""HEAD"");
+		git_oid_cpy(&out->newest_commit, git_object_id(obj));
+		git_object_free(obj);
+	}
+}
+
+
+/*******************************************************************************
+ * Trivial blaming
+ *******************************************************************************/
+
+static int ptrs_equal_cmp(const void *a, const void *b) {
+	return
+		a < b ? -1 :
+		a > b ? 1  :
+		0;
+}
+
+static int trivial_file_cb(
+	const git_diff_delta *delta,
+	float progress,
+	void *payload)
+{
+	git_blame *blame = (git_blame*)payload;
+
+	GIT_UNUSED(progress);
+
+	blame->trivial_file_match = !git_vector_search(NULL, &blame->paths, delta->new_file.path);
+
+	/* File renames should be followed */
+	if (blame->trivial_file_match)
+		add_if_not_present(&blame->paths, delta->old_file.path);
+
+	return 0;
+}
+
+static int trivial_hunk_cb(
+	const git_diff_delta *delta,
+	const git_diff_range *range,
+	const char *header,
+	size_t header_len,
+	void *payload)
+{
+	git_blame *blame = (git_blame*)payload;
+
+	if (!blame->trivial_file_match) return 0;
+
+	GIT_UNUSED(header);
+	GIT_UNUSED(header_len);
+
+	if (git__strcmp(blame->path, delta->old_file.path)) {
+		DEBUGF(""===> Now tracking %s through %s\n"", blame->path, delta->old_file.path);
+	}
+
+	DEBUGF(""  Hunk: %s (%d-%d) <- %s (%d-%d)\n"",
+			delta->new_file.path,
+			range->new_start, range->new_start + max(0, range->new_lines - 1),
+			delta->old_file.path,
+			range->old_start, range->old_start + max(0, range->old_lines - 1));
+
+	blame->current_diff_line = range->new_start;
+
+	return 0;
+}
+
+static const char* raw_line(git_blame *blame, size_t i)
+{
+	return ((const char*)git_blob_rawcontent(blame->final_blob)) +
+		blame->line_index[i-1];
+}
+
+static git_blame_hunk *split_hunk_in_vector(git_vector *vec, git_blame_hunk *hunk, size_t at_line, bool return_new)
+{
+	size_t new_line_count;
+	git_blame_hunk *nh;
+
+	/* Don't split if already at a boundary */
+	if (line_is_at_start_of_hunk(at_line, hunk) ||
+	    line_is_at_end_of_hunk(at_line-1, hunk))
+	{
+		DEBUGF(""Not splitting hunk (%zd +%zd) at line %zd\n"",
+				hunk->final_start_line_number, hunk->lines_in_hunk-1, at_line);
+		return hunk;
+	}
+
+	new_line_count = hunk->final_start_line_number + hunk->lines_in_hunk - at_line;
+	DEBUGF(""Splitting hunk at line %zu (+%zu)\n"", at_line, new_line_count-1);
+	nh = new_hunk(at_line, new_line_count, at_line, hunk->orig_path);
+	git_oid_cpy(&nh->final_commit_id, &hunk->final_commit_id);
+	git_oid_cpy(&nh->orig_commit_id, &hunk->orig_commit_id);
+	hunk->lines_in_hunk -= (new_line_count);
+	git_vector_insert_sorted(vec, nh, NULL);
+	return return_new ? nh : hunk;
+}
+
+static void claim_hunk(git_blame *blame, git_blame_hunk *hunk, const char *orig_path)
+{
+	size_t i;
+
+#ifdef DO_DEBUG
+	{
+		char str[41]={0};
+		git_oid_tostr(str, 9, &blame->current_commit);
+		DEBUGF(""Claiming hunk for %s\n"", str);
+	}
+#endif
+
+	if (!git_vector_search2(&i, &blame->unclaimed_hunks, ptrs_equal_cmp, hunk)) {
+		git_vector_remove(&blame->unclaimed_hunks, i);
+	}
+
+	git_oid_cpy(&hunk->final_commit_id, &blame->current_commit);
+	git_oid_cpy(&hunk->orig_commit_id, &blame->current_commit);
+	hunk->orig_path = git__strdup(orig_path);
+
+	git_vector_insert_sorted(&blame->hunks, hunk, NULL);
+	blame->current_hunk = NULL;
+	dump_hunks(blame);
+}
+
+static void close_and_claim_current_hunk(git_blame *blame, const char *orig_path)
+{
+	size_t i;
+	git_blame_hunk *hunk = blame->current_hunk;
+
+	if (!hunk) {
+		DEBUGF(""Can't close NULL hunk\n"");
+		return;
+	}
+
+	DEBUGF(""Closing hunk at line %zu ('%s')\n"", blame->current_blame_line, orig_path);
+
+	/* Split this hunk if its end isn't at the current line */
+	hunk = split_hunk_in_vector(&blame->unclaimed_hunks, blame->current_hunk, blame->current_blame_line+1, false);
+
+	claim_hunk(blame, blame->current_hunk, orig_path);
+}
+
+static void match_line(git_blame *blame, const char *line, size_t len, const char *orig_path)
+{
+	git_blame_hunk *hunk = blame->current_hunk;
+	const char *raw = raw_line(blame, blame->current_blame_line);
+	size_t i, j;
+
+	/* First, try the current hunk's current line. */
+	if (hunk && !memcmp(raw, line, len)) {
+		DEBUGF(""•\n"");
+		return;
+	}
+
+	/* Blank lines shouldn't be searched for too hard */
+	if (len == 1) {
+		DEBUGF(""Blank line, giving up\n"");
+		return;
+	}
+
+	/* Do a linear search for a matching line in all unclaimed hunks */
+	git_vector_foreach(&blame->unclaimed_hunks, i, hunk) {
+		for (j = hunk->final_start_line_number;
+		     j < (size_t)hunk->final_start_line_number + hunk->lines_in_hunk;
+		     j++)
+		{
+			if (!memcmp(raw_line(blame, j), line, len)) {
+				close_and_claim_current_hunk(blame, orig_path);
+
+				DEBUGF(""matched at line %zu\n"", j);
+				blame->current_hunk = hunk;
+				blame->current_blame_line = j;
+				blame->current_hunk = split_hunk_in_vector(&blame->unclaimed_hunks, blame->current_hunk, j, true);
+				blame->current_hunk->orig_start_line_number = blame->current_diff_line;
+				return;
+			}
+		}
+	}
+
+	/* If we get this far, we didn't find a matching line. */
+	DEBUGF(""***Couldn't find string anywhere!\n"");
+	close_and_claim_current_hunk(blame, orig_path);
+}
+
+static int trivial_line_cb(
+	const git_diff_delta *delta,
+	const git_diff_range *range,
+	char line_origin,
+	const char *content,
+	size_t content_len,
+	void *payload)
+{
+	git_blame *blame = (git_blame*)payload;
+	git_blame_hunk *curhunk = blame->current_hunk;
+	if (!blame->trivial_file_match) return 0;
+
+#ifdef DO_DEBUG
+	{
+		char *str = git__substrdup(content, content_len);
+		DEBUGF(""    %c %zu %s"", line_origin, blame->current_diff_line, str);
+		git__free(str);
+	}
+#endif
+
+	if (line_origin == GIT_DIFF_LINE_ADDITION)
+		match_line(blame, content, content_len, delta->new_file.path);
+	/* DEBUGF(""(done with line %zu of %d)\n"", 
+			blame->current_diff_line,
+			range->new_start + range->new_lines); */
+
+	/* End of blame hunk or diff hunk? Close it off and claim it */
+	if ((blame->current_diff_line >= (size_t)(range->new_start + range->new_lines - 1)) ||
+	    (curhunk && (blame->current_blame_line >=
+	         (size_t)(curhunk->final_start_line_number + curhunk->lines_in_hunk - 1))))
+	{
+		close_and_claim_current_hunk(blame, delta->new_file.path);
+	}
+
+	if (line_origin == GIT_DIFF_LINE_ADDITION) {
+		blame->current_blame_line++;
+		blame->current_diff_line++;
+	}
+
+	return 0;
+}
+
+static int trivial_match(git_diff_list *diff, git_blame *blame)
+{
+	int error = git_diff_foreach(diff, trivial_file_cb, trivial_hunk_cb, trivial_line_cb, blame);
+	blame->current_hunk = NULL;
+	return error;
+}
+
+static int walk_and_mark(git_blame *blame, git_revwalk *walk)
+{
+	git_oid oid;
+	int error;
+
+	while (!(error = git_revwalk_next(&oid, walk))) {
+		git_commit *commit = NULL,
+		           *parent = NULL;
+		git_tree *committree = NULL,
+		         *parenttree = NULL;
+		git_diff_list *diff = NULL;
+		git_diff_options diffopts = GIT_DIFF_OPTIONS_INIT;
+		git_diff_find_options diff_find_opts = GIT_DIFF_FIND_OPTIONS_INIT;
+
+#ifdef DO_DEBUG
+		{
+			char str[41] = {0};
+			git_oid_tostr(str, 9, &oid);
+			DEBUGF(""Rev %s\n"", str);
+		}
+#endif
+
+		if ((error = git_commit_lookup(&commit, blame->repository, &oid)) < 0)
+			break;
+
+		/* TODO: consider merge commits */
+		if (git_commit_parentcount(commit) > 1)
+			continue;
+
+		error = git_commit_parent(&parent, commit, 0);
+		if (error != 0 && error != GIT_ENOTFOUND)
+			goto cleanup;
+
+		/* Get the trees from this commit and its parent */
+		if ((error = git_commit_tree(&committree, commit)) < 0)
+			goto cleanup;
+		if (parent && ((error = git_commit_tree(&parenttree, parent)) < 0))
+			goto cleanup;
+
+		/* Configure the diff */
+		diffopts.context_lines = 0;
+
+		/* Check to see if files we're interested in have changed */
+		diffopts.pathspec.count = blame->paths.length;
+		diffopts.pathspec.strings = (char**)blame->paths.contents;
+		if ((error = git_diff_tree_to_tree(&diff, blame->repository, parenttree, committree, &diffopts)) < 0)
+			goto cleanup;
+
+		/* Generate a full diff between the two trees */
+		if (git_diff_num_deltas(diff) > 0) {
+			diffopts.pathspec.count = 0;
+			if ((error = git_diff_tree_to_tree(&diff, blame->repository, parenttree, committree, &diffopts)) < 0)
+				goto cleanup;
+		}
+
+		/* Let diff find file moves */
+		diff_find_opts.flags =
+			GIT_DIFF_FIND_AND_BREAK_REWRITES |
+			GIT_DIFF_FIND_RENAMES_FROM_REWRITES |
+			GIT_DIFF_FIND_RENAMES;","Okay. That should save some time, and it doesn't break the existing tests, so I guess it's okay. I wasn't sure how hard to make diff try on this, so I just turned everything on. :smile: 
",7dcb1c452582d2a83ca1ad8858cb95ab20d6e13d
4237868,0,"Very much so. Please use a `GITERR_CHECK_ALLOC` before the memcpy. """,2013-05-15 04:02:53,vmg,libgit2,libgit2,,https://github.com/libgit2/libgit2/pull/1558#discussion_r4237868,2013-05-15T16:02:53Z,2013-05-15T16:51:46Z,vmg,MEMBER,src/transports/cred.c,,,,,1,"@@ -58,3 +58,131 @@ int git_cred_userpass_plaintext_new(
 	*cred = &c->parent;
 	return 0;
 }
+
+#ifdef GIT_SSH
+static void ssh_keyfile_passphrase_free(struct git_cred *cred)
+{
+	git_cred_ssh_keyfile_passphrase *c = (git_cred_ssh_keyfile_passphrase *)cred;
+	size_t pass_len = strlen(c->passphrase);
+
+    if (c->publickey) {
+        git__free(c->publickey);
+    }
+    
+	git__free(c->privatekey);
+
+    if (c->passphrase) {
+        /* Zero the memory which previously held the passphrase */
+        memset(c->passphrase, 0x0, pass_len);
+        git__free(c->passphrase);
+    }
+
+	memset(c, 0, sizeof(*c));
+
+	git__free(c);
+}
+
+int git_cred_ssh_keyfile_passphrase_new(
+	git_cred **cred,
+	const char *publickey,
+	const char *privatekey,
+	const char *passphrase)
+{
+	git_cred_ssh_keyfile_passphrase *c;
+
+	if (!cred)
+		return -1;
+
+	c = git__malloc(sizeof(git_cred_ssh_keyfile_passphrase));
+	GITERR_CHECK_ALLOC(c);
+
+	c->parent.credtype = GIT_CREDTYPE_SSH_KEYFILE_PASSPHRASE;
+	c->parent.free = ssh_keyfile_passphrase_free;
+    
+    c->privatekey = git__strdup(privatekey);
+    
+	if (!c->privatekey) {
+		git__free(c);
+		return -1;
+	}
+    
+    if (publickey) {
+        c->publickey = git__strdup(publickey);
+
+        if (!c->publickey) {
+            git__free(c->privatekey);
+            git__free(c);
+            return -1;
+        }
+    } else {
+        c->publickey = NULL;
+    }
+    
+    if (passphrase) {
+        c->passphrase = git__strdup(passphrase);
+        
+        if (!c->passphrase) {
+            git__free(c->privatekey);
+            if (c->publickey) {
+                git__free(c->publickey);
+            }
+            git__free(c);
+            return -1;
+        }
+    } else {
+        c->passphrase = NULL;
+    }
+
+	*cred = &c->parent;
+	return 0;
+}
+
+static void ssh_publickey_free(struct git_cred *cred)
+{
+	git_cred_ssh_publickey *c = (git_cred_ssh_publickey *)cred;
+
+    git__free(c->publickey);
+
+    c->sign_callback = NULL;
+    c->sign_data = NULL;
+    
+	memset(c, 0, sizeof(*c));
+
+	git__free(c);
+}
+
+int git_cred_ssh_publickey_new(
+	git_cred **cred,
+	const char *publickey,
+    size_t publickey_len,
+	LIBSSH2_USERAUTH_PUBLICKEY_SIGN_FUNC((*sign_callback)),
+    void *sign_data)
+{
+	git_cred_ssh_publickey *c;
+
+	if (!cred)
+		return -1;
+
+	c = git__malloc(sizeof(git_cred_ssh_publickey));
+	GITERR_CHECK_ALLOC(c);
+
+	c->parent.credtype = GIT_CREDTYPE_SSH_PUBLICKEY;
+	c->parent.free = ssh_publickey_free;
+    
+    c->publickey = git__malloc(publickey_len);
+    memcpy(c->publickey, publickey, publickey_len);
+    
+    if (!c->publickey) {","Very much so. Please use a `GITERR_CHECK_ALLOC` before the memcpy.
",84ac625ddd1135755030dfb01b2be965e7cacb2f
4006968,1,"It seems like you got quite a few braces-on-their-own-line around this file. Can you push them up? ^^""",2013-04-29 08:28:59,vmg,libgit2,libgit2,,https://github.com/libgit2/libgit2/pull/1507#discussion_r4006968,2013-04-29T20:28:59Z,2013-04-30T11:28:21Z,vmg,MEMBER,src/diff.c,,806.0,,,268,"@@ -692,208 +698,312 @@ static bool entry_is_prefixed(
 			item->path[pathlen] == '/');
 }
 
-int git_diff__from_iterators(
-	git_diff_list **diff_ptr,
-	git_repository *repo,
-	git_iterator *old_iter,
-	git_iterator *new_iter,
-	const git_diff_options *opts)
+static int diff_scan_inside_untracked_dir(
+	git_diff_list *diff, diff_in_progress *info, git_delta_t *delta_type)
 {
 	int error = 0;
-	const git_index_entry *oitem, *nitem;
-	git_buf ignore_prefix = GIT_BUF_INIT;
-	git_diff_list *diff;
+	git_buf base = GIT_BUF_INIT;
+	bool is_ignored;
 
-	*diff_ptr = NULL;
+	*delta_type = GIT_DELTA_IGNORED;
+	git_buf_sets(&base, info->nitem->path);
 
-	diff = diff_list_alloc(repo, old_iter, new_iter);
-	GITERR_CHECK_ALLOC(diff);
+	/* advance into untracked directory */
+	if ((error = git_iterator_advance_into(&info->nitem, info->new_iter)) < 0) {
 
-	/* make iterators have matching icase behavior */
-	if (DIFF_FLAG_IS_SET(diff, GIT_DIFF_DELTAS_ARE_ICASE)) {
-		if (git_iterator_set_ignore_case(old_iter, true) < 0 ||
-			git_iterator_set_ignore_case(new_iter, true) < 0)
-			goto fail;
+		/* skip ahead if empty */
+		if (error == GIT_ENOTFOUND) {
+			giterr_clear();
+			error = git_iterator_advance(&info->nitem, info->new_iter);
+		}
+
+		return error;
 	}
 
-	if (diff_list_apply_options(diff, opts) < 0 ||
-		git_iterator_current(&oitem, old_iter) < 0 ||
-		git_iterator_current(&nitem, new_iter) < 0)
-		goto fail;
+	/* look for actual untracked file */
+	while (!diff->pfxcomp(info->nitem->path, git_buf_cstr(&base))) {
+		is_ignored = git_iterator_current_is_ignored(info->new_iter);
 
-	/* run iterators building diffs */
-	while (oitem || nitem) {
-		int cmp = oitem ? (nitem ? diff->entrycomp(oitem, nitem) : -1) : 1;
+		/* need to recurse into non-ignored directories */
+		if (!is_ignored && S_ISDIR(info->nitem->mode)) {
+			if ((error = git_iterator_advance_into(
+					 &info->nitem, info->new_iter)) < 0)
+				break;
+			continue;
+		}
 
-		/* create DELETED records for old items not matched in new */
-		if (cmp < 0) {
-			if (diff_delta__from_one(diff, GIT_DELTA_DELETED, oitem) < 0)
-				goto fail;
+		/* found a non-ignored item - treat parent dir as untracked */
+		if (!is_ignored) {
+			*delta_type = GIT_DELTA_UNTRACKED;
+			break;
+		}
 
-			/* if we are generating TYPECHANGE records then check for that
-			 * instead of just generating a DELETE record
-			 */
-			if (DIFF_FLAG_IS_SET(diff, GIT_DIFF_INCLUDE_TYPECHANGE_TREES) &&
-				entry_is_prefixed(diff, nitem, oitem))
-			{
-				/* this entry has become a tree! convert to TYPECHANGE */
-				git_diff_delta *last = diff_delta__last_for_item(diff, oitem);
-				if (last) {
-					last->status = GIT_DELTA_TYPECHANGE;
-					last->new_file.mode = GIT_FILEMODE_TREE;
-				}
+		if ((error = git_iterator_advance(&info->nitem, info->new_iter)) < 0)
+			break;
+	}
 
-				/* If new_iter is a workdir iterator, then this situation
-				 * will certainly be followed by a series of untracked items.
-				 * Unless RECURSE_UNTRACKED_DIRS is set, skip over them...
-				 */
-				if (S_ISDIR(nitem->mode) &&
-					DIFF_FLAG_ISNT_SET(diff, GIT_DIFF_RECURSE_UNTRACKED_DIRS))
-				{
-					if (git_iterator_advance(&nitem, new_iter) < 0)
-						goto fail;
-				}
-			}
+	/* finish off scan */
+	while (!diff->pfxcomp(info->nitem->path, git_buf_cstr(&base))) {
+		if ((error = git_iterator_advance(&info->nitem, info->new_iter)) < 0)
+			break;
+	}
 
-			if (git_iterator_advance(&oitem, old_iter) < 0)
-				goto fail;
-		}
+	git_buf_free(&base);
 
-		/* create ADDED, TRACKED, or IGNORED records for new items not
-		 * matched in old (and/or descend into directories as needed)
-		 */
-		else if (cmp > 0) {
-			git_delta_t delta_type = GIT_DELTA_UNTRACKED;
-			bool contains_oitem = entry_is_prefixed(diff, oitem, nitem);
-
-			/* check if contained in ignored parent directory */
-			if (git_buf_len(&ignore_prefix) &&
-				diff->pfxcomp(nitem->path, git_buf_cstr(&ignore_prefix)) == 0)
-				delta_type = GIT_DELTA_IGNORED;
-
-			if (S_ISDIR(nitem->mode)) {
-				/* recurse into directory only if there are tracked items in
-				 * it or if the user requested the contents of untracked
-				 * directories and it is not under an ignored directory.
-				 */
-				bool recurse_into_dir =
-					(delta_type == GIT_DELTA_UNTRACKED &&
-					 DIFF_FLAG_IS_SET(diff, GIT_DIFF_RECURSE_UNTRACKED_DIRS)) ||
-					(delta_type == GIT_DELTA_IGNORED &&
-					 DIFF_FLAG_IS_SET(diff, GIT_DIFF_RECURSE_IGNORED_DIRS));
-
-				/* do not advance into directories that contain a .git file */
-				if (!contains_oitem && recurse_into_dir) {
-					git_buf *full = NULL;
-					if (git_iterator_current_workdir_path(&full, new_iter) < 0)
-						goto fail;
-					if (git_path_contains_dir(full, DOT_GIT))
-						recurse_into_dir = false;
-				}
+	return error;
+}
 
-				/* if directory is ignored, remember ignore_prefix */
-				if ((contains_oitem || recurse_into_dir) &&
-					delta_type == GIT_DELTA_UNTRACKED &&
-					git_iterator_current_is_ignored(new_iter))
-				{
-					git_buf_sets(&ignore_prefix, nitem->path);
-					delta_type = GIT_DELTA_IGNORED;
-
-					/* skip recursion if we've just learned this is ignored */
-					if (DIFF_FLAG_ISNT_SET(diff, GIT_DIFF_RECURSE_IGNORED_DIRS))
-						recurse_into_dir = false;
-				}
+static int handle_unmatched_new_item(
+	git_diff_list *diff, diff_in_progress *info)
+{
+	int error = 0;
+	const git_index_entry *nitem = info->nitem;
+	git_delta_t delta_type = GIT_DELTA_UNTRACKED;
+	bool contains_oitem;
+
+	/* check if this is a prefix of the other side */
+	contains_oitem = entry_is_prefixed(diff, info->oitem, nitem);
+
+	/* check if this is contained in an ignored parent directory */
+	if (git_buf_len(&info->ignore_prefix)) {
+		if (diff->pfxcomp(nitem->path, git_buf_cstr(&info->ignore_prefix)) == 0)
+			delta_type = GIT_DELTA_IGNORED;
+		else
+			git_buf_clear(&info->ignore_prefix);
+	}
 
-				if (contains_oitem || recurse_into_dir) {
-					/* advance into directory */
-					error = git_iterator_advance_into(&nitem, new_iter);
+	if (S_ISDIR(nitem->mode)) {
+		bool recurse_into_dir = contains_oitem;
 
-					/* if directory is empty, can't advance into it, so skip */
-					if (error == GIT_ENOTFOUND) {
-						giterr_clear();
-						error = git_iterator_advance(&nitem, new_iter);
+		/* if not already inside an ignored dir, check if this is ignored */
+		if (delta_type != GIT_DELTA_IGNORED &&
+			git_iterator_current_is_ignored(info->new_iter))
+		{
+			delta_type = GIT_DELTA_IGNORED;
+			git_buf_sets(&info->ignore_prefix, nitem->path);
+		}
 
-						git_buf_clear(&ignore_prefix);
-					}
+		/* check if user requests recursion into this type of dir */
+		recurse_into_dir = contains_oitem ||
+			(delta_type == GIT_DELTA_UNTRACKED &&
+			 DIFF_FLAG_IS_SET(diff, GIT_DIFF_RECURSE_UNTRACKED_DIRS)) ||
+			(delta_type == GIT_DELTA_IGNORED &&
+			 DIFF_FLAG_IS_SET(diff, GIT_DIFF_RECURSE_IGNORED_DIRS));
+
+		/* do not advance into directories that contain a .git file */
+		if (recurse_into_dir) {
+			git_buf *full = NULL;
+			if (git_iterator_current_workdir_path(&full, info->new_iter) < 0)
+				return -1;
+			if (full && git_path_contains_dir(full, DOT_GIT))
+				recurse_into_dir = false;
+		}
+
+		/* still have to look into untracked directories to match core git -
+		 * with no untracked files, directory is treated as ignored
+		 */
+		if (!recurse_into_dir &&
+			delta_type == GIT_DELTA_UNTRACKED &&
+			DIFF_FLAG_ISNT_SET(diff, GIT_DIFF_FAST_UNTRACKED_DIRS))
+		{","It seems like you got quite a few braces-on-their-own-line around this file. Can you push them up? ^^
",5fa7e469848bef4eab19cc069df9aa3b0134c9f7
3818701,1,"Haha, come on, you can declare the `git_tree` here instead of doing this.""",2013-04-16 07:03:08,vmg,libgit2,libgit2,,https://github.com/libgit2/libgit2/pull/1463#discussion_r3818701,2013-04-16T19:03:08Z,2013-04-16T19:08:34Z,vmg,MEMBER,src/tree.c,,,,,1,"@@ -371,10 +372,13 @@ static int tree_error(const char *str, const char *path)
 	return -1;
 }
 
-static int tree_parse_buffer(
-	git_tree *tree, const char *buffer, const char *buffer_end)
+int git_tree__parse(void *tree, git_odb_object *odb_obj)
 {
-	if (git_vector_init(&tree->entries, DEFAULT_TREE_SIZE, entry_sort_cmp) < 0)
+	const char *buffer = git_odb_object_data(odb_obj);
+	const char *buffer_end = buffer + git_odb_object_size(odb_obj);
+	git_vector *tree_entries = &((git_tree *)tree)->entries;","Haha, come on, you can declare the `git_tree` here instead of doing this.
",e1a76838d2b9cfc527142570439c05b5c439b516
3736103,1,"I'd rather see this implemented as `git_branch_set_upstream(branch, NULL)`. Can you make it happen? :)""",2013-04-10 03:37:17,vmg,libgit2,libgit2,,https://github.com/libgit2/libgit2/pull/1450#discussion_r3736103,2013-04-10T15:37:17Z,2013-04-11T10:27:41Z,vmg,MEMBER,include/git2/branch.h,,,,,1,"@@ -173,11 +173,30 @@ typedef int (*git_branch_foreach_cb)(
  * @return 0 on success; GIT_ENOTFOUND when no remote tracking
  * reference exists, otherwise an error code.
  */
-GIT_EXTERN(int) git_branch_tracking(
+GIT_EXTERN(int) git_branch_upstream(
 	git_reference **out,
 	git_reference *branch);
 
 /**
+ * Set the upstream configuration for a given local branch
+ *
+ * @param branch the branch to configure
+ * @param upstream_name remote-tracking or local branch to set the upstream to
+ *
+ * @return 0 or an error code
+ */
+GIT_EXTERN(int) git_branch_set_upstream(git_reference *branch, const char *upstream_name);
+
+/**
+ * Unset the upstream configuration for the given branch
+ *
+ * @param branch the branch whose upstream configuration to unset
+ *
+ * @return 0 or an error code
+ */
+GIT_EXTERN(int) git_branch_unset_upstream(git_reference *branch);","I'd rather see this implemented as `git_branch_set_upstream(branch, NULL)`. Can you make it happen? :)
",d59942c2aba2fa5f9570b37e3bc9eaf34f16d671
2867005,1,"Nice name, buddy.""",2013-02-01 12:25:22,vmg,libgit2,libgit2,,https://github.com/libgit2/libgit2/pull/1298#discussion_r2867005,2013-02-01T23:25:22Z,2013-02-04T21:56:03Z,vmg,MEMBER,src/util.h,,71.0,,,1,"@@ -65,6 +61,14 @@
 	return ptr;
 }
 
+/* NOTE: This doesn't do null or '\0' checking.  Watch those boundaries! */
+GIT_INLINE(char *) git__substrdup(const char *start, size_t n)
+{
+	char *ptr = (char*)git__calloc(n+1, sizeof(char));
+	memcpy(ptr, start, n);
+	return ptr;
+}","Nice name, buddy.
",630146bd1b71cbb450f1fe658048ca8e25479105
2285219,1,"Fixed!""",2012-11-30 17:36:01,ben,libgit2,libgit2,,https://github.com/libgit2/libgit2/pull/1115#discussion_r2285219,2012-12-01T04:36:01Z,2012-12-03T20:46:59Z,ben,MEMBER,tests-clar/checkout/checkout_util.h,,,,,1,"@@ -0,0 +1,5 @@
+GIT_INLINE(void) reset_checkout_opts(git_checkout_opts *opts)
+{
+	git_checkout_opts init_opts = GIT_CHECKOUT_OPTS_INIT;
+	memmove(opts, &init_opts, sizeof(git_checkout_opts));
+}","Fixed!
",ee1c33b146a366260a4648b1f29f470fedaca0fa
2182051,2,"That's too much worrying. I'm going to restructure it so it does the right thing without having to.""",2012-11-20 04:36:44,carlosmn,libgit2,libgit2,,https://github.com/libgit2/libgit2/pull/1091#discussion_r2182051,2012-11-20T15:36:44Z,2012-11-30T18:28:56Z,carlosmn,MEMBER,src/indexer.c,,,,,1,"@@ -358,52 +465,70 @@ int git_indexer_stream_add(git_indexer_stream *idx, const void *data, size_t siz
 		if (idx->pack->mwf.size <= idx->off + 20)
 			return 0;
 
-		error = git_packfile_unpack_header(&entry_size, &type, mwf, &w, &idx->off);
-		if (error == GIT_EBUFS) {
-			idx->off = entry_start;
-			return 0;
-		}
-		if (error < 0)
-			return -1;
-
-		git_mwindow_close(&w);
-
-		if (type == GIT_OBJ_REF_DELTA || type == GIT_OBJ_OFS_DELTA) {
-			error = store_delta(idx, entry_start, entry_size, type);
+		if (!idx->have_stream) {
+			error = git_packfile_unpack_header(&entry_size, &type, mwf, &w, &idx->off);
 			if (error == GIT_EBUFS) {
 				idx->off = entry_start;
 				return 0;
 			}
 			if (error < 0)
-				return error;
+				return -1;
+
+			git_mwindow_close(&w);
+			idx->entry_start = entry_start;
+			git_hash_ctx_init(&idx->hash_ctx);
+
+			if (type == GIT_OBJ_REF_DELTA || type == GIT_OBJ_OFS_DELTA) {
+				advance_delta_offset(idx, type);
+				idx->have_delta = 1;
+			} else {
+				idx->have_delta = 0;
+				hash_header(&idx->hash_ctx, entry_size, type);
+			}
+
+			idx->have_stream = 1;
+			if (git_packfile_stream_open(stream, idx->pack, idx->off) < 0)
+				goto on_error;
 
-			stats->received_objects++;
-			do_progress_callback(idx, stats);
-			continue;
 		}
 
-		idx->off = entry_start;
-		error = git_packfile_unpack(&obj, idx->pack, &idx->off);
-		if (error == GIT_EBUFS) {
-			idx->off = entry_start;
-			return 0;
+		if (idx->have_delta) {
+			error = read_object_stream(stream);
+		} else {
+			error = hash_object_stream(&idx->hash_ctx, stream);
 		}
-		if (error < 0)
-			return -1;
 
-		if (hash_and_save(idx, &obj, entry_start) < 0)
+		idx->off = stream->curpos;
+		if (error == GIT_EBUFS)
+			return 0;
+		if (error < 0)
 			goto on_error;
 
-		git__free(obj.data);
+		idx->have_stream = 0;
+		git_packfile_stream_free(stream);
+
+		if (idx->have_delta) {
+			error = store_delta(idx);
+		} else {
+			error = store_object(idx);
+		}
 
-		stats->indexed_objects = (unsigned int)++processed;
+		if (error < 0)
+			goto on_error;
+
+		if (!idx->have_delta) {
+			stats->indexed_objects = (unsigned int)++processed;
+		}
 		stats->received_objects++;
+		idx->have_stream = 0;
+
 		do_progress_callback(idx, stats);
 	}
 
 	return 0;
 
 on_error:
+	git_packfile_stream_free(&idx->stream);","That's too much worrying. I'm going to restructure it so it does the right thing without having to.
",3908c254aac0532baf5a2f6a96603d946edc0510
981246,2,"Wooow, nope. Let's make AmigaOS stick to the default cross-platform SHA1 implementation. This hack is way too ugly.""",2012-06-13 11:16:37,vmg,libgit2,libgit2,,https://github.com/libgit2/libgit2/pull/766#discussion_r981246,2012-06-13T23:16:37Z,2012-06-20T19:36:24Z,vmg,MEMBER,README.amiga,,,,,1,"@@ -0,0 +1,4 @@
+Nasty build hack:","Wooow, nope. Let's make AmigaOS stick to the default cross-platform SHA1 implementation. This hack is way too ugly.
",db5a6ec72b63c986cca764c75f9d3d720cff44ef
981253,1,"I like the approach you've taken to defining an AmigaOS specific version of p_readdir_r below. I think if you take that idea all the way, you can get rid of this #ifdef. See further comment below...""",2012-06-13 11:17:22,arrbee,libgit2,libgit2,,https://github.com/libgit2/libgit2/pull/766#discussion_r981253,2012-06-13T23:17:22Z,2012-06-20T19:36:24Z,arrbee,MEMBER,src/path.c,,,,,1,"@@ -516,7 +521,11 @@ int git_path_direach(
 	de_buf = git__malloc(sizeof(struct dirent));
 #endif
 
-	while (p_readdir_r(dir, de_buf, &de) == 0 && de != NULL) {
+#ifdef NO_READDIR_R","I like the approach you've taken to defining an AmigaOS specific version of p_readdir_r below. I think if you take that idea all the way, you can get rid of this #ifdef. See further comment below...
",db5a6ec72b63c986cca764c75f9d3d720cff44ef
129966,2,"This worries me. We could certainly use a more efficient way to consume data from a buffer, don't you think?""",2011-09-18 15:11:20,vmg,libgit2,libgit2,,https://github.com/libgit2/libgit2/pull/405#discussion_r129966,2011-09-19T03:11:20Z,2011-09-21T20:15:07Z,vmg,MEMBER,src/buffer.c,,105.0,,,13,"@@ -93,3 +93,15 @@ void git_buf_free(git_buf *buf)
 {
 	free(buf->ptr);
 }
+
+void git_buf_clear(git_buf *buf)
+{
+	buf->size = 0;
+}
+
+void git_buf_consume(git_buf *buf, const char *end)
+{
+	size_t consumed = end - buf->ptr;
+	memmove(buf->ptr, end, buf->size - consumed);","This worries me. We could certainly use a more efficient way to consume data from a buffer, don't you think?
",4ee8418a0877d1c2f48459bb266342b127fc7d87
103048,0,"On Thu, Aug 25, 2011 at 12:44:14PM -0700, carlosmn wrote:  > > @@ -302,10 +302,10 @@ int git_pkt_send_wants(git_headarray *refs, git_transport_caps *caps, int fd) > >  { > >   unsigned int i = 0; > >   int error = GIT_SUCCESS; > > - char buf[STRLEN(WANT_P""",2011-08-25 07:48:21,peff,libgit2,libgit2,,https://github.com/libgit2/libgit2/pull/379#discussion_r103048,2011-08-25T19:48:21Z,2011-08-25T21:02:27Z,peff,MEMBER,src/pkt.c,,,,,1,"@@ -302,10 +302,10 @@ int git_pkt_send_wants(git_headarray *refs, git_transport_caps *caps, int fd)
 {
 	unsigned int i = 0;
 	int error = GIT_SUCCESS;
-	char buf[STRLEN(WANT_PREFIX) + GIT_OID_HEXSZ + 2];
+	char buf[strlen(WANT_PREFIX) + GIT_OID_HEXSZ + 2];","On Thu, Aug 25, 2011 at 12:44:14PM -0700, carlosmn wrote:

> > @@ -302,10 +302,10 @@ int git_pkt_send_wants(git_headarray *refs, git_transport_caps *caps, int fd)
> >  {
> >     unsigned int i = 0;
> >     int error = GIT_SUCCESS;
> > -   char buf[STRLEN(WANT_PREFIX) + GIT_OID_HEXSZ + 2];
> > -   char buf[strlen(WANT_PREFIX) + GIT_OID_HEXSZ + 2];
> > 
> > This code is valid from c99 point of view.
> 
> It actually specifies these kind of optimisations? Odd.

No, but you are allowed to use non-constant array sizes. So on a good
compiler, this is a constant, and with a bad compiler (or -O0), it will
run strlen and calculate the needed stack space for the array at
runtime.

> > Do we really want to support compilers which don't support c99? Why?
> 
> MSVC doesn't support C99 and most likely never will. It does support a
> few features, but I've no idea if this is one of them.

FWIW, we don't assume c99 in git.git. I'm starting to wonder if it
really is worth it, though. Even on antique platforms, you can usually
get gcc to run, so it is not ""you will never be able to support this
platform"", but rather ""you are creating a extra work for people on this
platform"".

-Peff
",85b91652018867d67642cb3207084561b85969af
1918702,2,"There may be too many APIs related to path handling. Sorry! I just extracted this one since it was such a common pattern in the code.""",2012-10-23 05:09:45,arrbee,libgit2,libgit2,,https://github.com/libgit2/libgit2/pull/1011#discussion_r1918702,2012-10-23T17:09:45Z,2012-10-23T20:40:58Z,arrbee,MEMBER,src/merge.c,,,,,1,"@@ -0,0 +1,66 @@
+/*
+ * Copyright (C) 2009-2012 the libgit2 contributors
+ *
+ * This file is part of libgit2, distributed under the GNU GPL v2 with
+ * a Linking Exception. For full terms see the included COPYING file.
+ */
+
+#include ""repository.h""
+#include ""buffer.h""
+#include ""merge.h""
+#include ""git2/repository.h""
+#include ""git2/merge.h""
+#include ""git2/reset.h""
+
+int git_merge_inprogress(int *out, git_repository *repo)
+{
+	int error = 0;
+	git_buf merge_head_path = GIT_BUF_INIT;
+
+	assert(repo);
+
+	if ((error = git_buf_joinpath(&merge_head_path, repo->path_repository, MERGE_HEAD_FILE)) == 0)
+		*out = git_path_exists(merge_head_path.ptr);
+
+	git_buf_free(&merge_head_path);
+	return error;
+}
+
+int git_merge__cleanup(git_repository *repo)
+{
+	int error = 0;
+	git_buf merge_head_path = GIT_BUF_INIT,
+		merge_mode_path = GIT_BUF_INIT,
+		merge_msg_path = GIT_BUF_INIT;
+
+	assert(repo);
+
+	if ((error = git_buf_joinpath(&merge_head_path, repo->path_repository, MERGE_HEAD_FILE)) < 0)
+		goto cleanup;
+
+	if ((error = git_buf_joinpath(&merge_mode_path, repo->path_repository, MERGE_MODE_FILE)) < 0)
+		goto cleanup;
+
+	if ((error = git_buf_joinpath(&merge_msg_path, repo->path_repository, MERGE_MSG_FILE)) < 0)
+		goto cleanup;
+
+	if (git_path_exists(merge_head_path.ptr))
+	{
+		if ((error = p_unlink(merge_head_path.ptr)) < 0)
+			goto cleanup;
+	}
+
+	if (git_path_exists(merge_mode_path.ptr))","There may be too many APIs related to path handling. Sorry! I just extracted this one since it was such a common pattern in the code.
",5b67d145d8f465ed0c7ed9c07d331aae29c2713b
6712132,0,"`/** */` to make a documentation comment.""",2013-10-01 23:50:06,carlosmn,libgit2,libgit2,,https://github.com/libgit2/libgit2/pull/1853#discussion_r6712132,2013-10-02T11:50:06Z,2013-10-02T11:50:06Z,carlosmn,MEMBER,include/git2/transport.h,,31.0,,,4,"@@ -28,11 +28,11 @@
  *** Begin interface for credentials acquisition ***
  */
 
+/* The authentication type requested */","`/** */` to make a documentation comment.
",06fe1502fb9b0eaad1e956b4312dadcc47ba809a
5095963,1,"Nice catch!""",2013-07-09 05:27:50,ben,libgit2,libgit2,,https://github.com/libgit2/libgit2/pull/1317#discussion_r5095963,2013-07-09T17:27:50Z,2013-10-28T18:21:29Z,ben,MEMBER,src/blame.c,,,,,1,"@@ -0,0 +1,753 @@
+/*
+ * Copyright (C) the libgit2 contributors. All rights reserved.
+ *
+ * This file is part of libgit2, distributed under the GNU GPL v2 with
+ * a Linking Exception. For full terms see the included COPYING file.
+ */
+
+#include ""blame.h""
+#include ""git2/commit.h""
+#include ""git2/revparse.h""
+#include ""git2/revwalk.h""
+#include ""git2/tree.h""
+#include ""git2/diff.h""
+#include ""git2/blob.h""
+#include ""util.h""
+#include ""repository.h""
+
+#if 0
+#define DO_DEBUG
+#define DEBUGF(...) printf(__VA_ARGS__)
+static void dump_hunks(git_blame *blame)
+{
+	size_t i;
+	git_blame_hunk *hunk;
+	char str[41] = {0};
+	char *path;
+
+	DEBUGF(""Paths watched: "");
+	git_vector_foreach(&blame->paths, i, path) {
+		DEBUGF(""%s   "", path);
+	}
+	DEBUGF(""\n"");
+
+	git_vector_foreach(&blame->hunks, i, hunk) {
+		git_oid_tostr(str, 9, &hunk->final_commit_id);
+		DEBUGF(""CLAIMED: %2d +%d (orig %2d) %s (from %s)\n"",
+				hunk->final_start_line_number,
+				hunk->lines_in_hunk - 1,
+				hunk->orig_start_line_number,
+				str,
+				hunk->orig_path);
+	}
+	git_vector_foreach(&blame->unclaimed_hunks, i, hunk) {
+		DEBUGF(""UNCLAIMED: %d +%d\n"",
+				hunk->final_start_line_number,
+				hunk->lines_in_hunk - 1);
+	}
+	GIT_UNUSED(blame);
+}
+#else
+#define DEBUGF(...)
+#define dump_hunks(x)
+#endif
+
+static int hunk_byline_search_cmp(const void *key, const void *entry)
+{
+	uint32_t lineno = *(size_t*)key;
+	git_blame_hunk *hunk = (git_blame_hunk*)entry;
+
+	if (lineno < hunk->final_start_line_number)
+		return -1;
+	if (lineno > ((uint32_t)hunk->final_start_line_number + hunk->lines_in_hunk))
+		return 1;
+	return 0;
+}
+
+static int hunk_sort_cmp_by_start_line(const void *_a, const void *_b)
+{
+	git_blame_hunk *a = (git_blame_hunk*)_a,
+						*b = (git_blame_hunk*)_b;
+
+	return a->final_start_line_number - b->final_start_line_number;
+}
+
+static bool line_is_at_end_of_hunk(size_t line, git_blame_hunk *hunk)
+{
+	return line >= (hunk->final_start_line_number + hunk->lines_in_hunk - 1);
+}
+
+static bool line_is_at_start_of_hunk(size_t line, git_blame_hunk *hunk)
+{
+	return line <= hunk->final_start_line_number;
+}
+
+static git_blame_hunk* new_hunk(uint16_t start, uint16_t lines, uint16_t orig_start, const char *path)
+{
+	git_blame_hunk *hunk = git__calloc(1, sizeof(git_blame_hunk));
+	if (!hunk) return NULL;
+
+	hunk->lines_in_hunk = lines;
+	hunk->final_start_line_number = start;
+	hunk->orig_start_line_number = orig_start;
+	hunk->orig_path = git__strdup(path);
+
+	return hunk;
+}
+
+static git_blame_hunk* dup_hunk(git_blame_hunk *hunk)
+{
+	git_blame_hunk *newhunk = new_hunk(hunk->final_start_line_number, hunk->lines_in_hunk, hunk->orig_start_line_number, hunk->orig_path);
+	git_oid_cpy(&newhunk->orig_commit_id, &hunk->orig_commit_id);
+	git_oid_cpy(&newhunk->final_commit_id, &hunk->final_commit_id);
+	return newhunk;
+}
+
+static void free_hunk(git_blame_hunk *hunk)
+{
+	git__free((void*)hunk->orig_path);
+	git__free(hunk);
+}
+
+static int paths_cmp(const void *a, const void *b) { return git__strcmp((char*)a, (char*)b); }
+static void add_if_not_present(git_vector *v, const char *value)
+{
+	git_vector_insert_sorted(v, (void*)git__strdup(value), NULL);
+}
+
+git_blame* git_blame__alloc(
+	git_repository *repo,
+	git_blame_options opts,
+	const char *path)
+{
+	git_blame *gbr = (git_blame*)calloc(1, sizeof(git_blame));
+	if (!gbr) {
+		giterr_set_oom();
+		return NULL;
+	}
+	git_vector_init(&gbr->hunks, 8, hunk_sort_cmp_by_start_line);
+	git_vector_init(&gbr->unclaimed_hunks, 8, hunk_sort_cmp_by_start_line);
+	git_vector_init(&gbr->paths, 8, paths_cmp);
+	gbr->repository = repo;
+	gbr->options = opts;
+	gbr->path = git__strdup(path);
+	git_vector_insert(&gbr->paths, git__strdup(path));
+	gbr->final_blob = NULL;
+	return gbr;
+}
+
+void git_blame_free(git_blame *blame)
+{
+	size_t i;
+	git_blame_hunk *hunk;
+	char *path;
+
+	if (!blame) return;
+
+	git_vector_foreach(&blame->hunks, i, hunk)
+		free_hunk(hunk);
+	git_vector_free(&blame->hunks);
+
+	git_vector_foreach(&blame->unclaimed_hunks, i, hunk)
+		free_hunk(hunk);
+	git_vector_free(&blame->unclaimed_hunks);
+
+	git_vector_foreach(&blame->paths, i, path)
+		git__free(path);
+	git_vector_free(&blame->paths);
+
+	git__free((void*)blame->path);
+	git_blob_free(blame->final_blob);
+	git__free(blame);
+}
+
+/*
+ * Construct a list of char indices for where lines begin
+ * Adapted from core git:
+ * https://github.com/gitster/git/blob/be5c9fb9049ed470e7005f159bb923a5f4de1309/builtin/blame.c#L1760-L1789
+ */
+static int index_blob_lines(git_blame *blame)
+{
+	const char *final_buf = git_blob_rawcontent(blame->final_blob);
+	const char *buf = final_buf;
+	git_off_t len = git_blob_rawsize(blame->final_blob);
+	int num = 0, incomplete = 0, bol = 1;
+
+	if (len && buf[len-1] != '\n')
+		incomplete++; /* incomplete line at the end */
+	while (len--) {
+		if (bol) {
+			blame->line_index = realloc(blame->line_index,
+					sizeof(int *) * (num + 1));
+			blame->line_index[num] = buf - final_buf;
+			bol = 0;
+		}
+		if (*buf++ == '\n') {
+			num++;
+			bol = 1;
+		}
+	}
+	blame->line_index = realloc(blame->line_index,
+			sizeof(int *) * (num + incomplete + 1));
+	blame->line_index[num + incomplete] = buf - final_buf;
+	blame->num_lines = num + incomplete;
+	return 0;
+}
+
+uint32_t git_blame_get_hunk_count(git_blame *blame)
+{
+	assert(blame);
+	return blame->hunks.length;
+}
+
+const git_blame_hunk *git_blame_get_hunk_byindex(git_blame *blame, uint32_t index)
+{
+	assert(blame);
+	return (git_blame_hunk*)git_vector_get(&blame->hunks, index);
+}
+
+const git_blame_hunk *git_blame_get_hunk_byline(git_blame *blame, uint32_t lineno)
+{
+	size_t i;
+	assert(blame);
+
+	if (!git_vector_bsearch2( &i, &blame->hunks, hunk_byline_search_cmp, &lineno)) {
+		return git_blame_get_hunk_byindex(blame, i);
+	}
+
+	return NULL;
+}
+
+static void normalize_options(
+		git_blame_options *out,
+		const git_blame_options *in,
+		git_repository *repo)
+{
+	git_blame_options dummy = GIT_BLAME_OPTIONS_INIT;
+	if (!in) in = &dummy;
+
+	memmove(out, in, sizeof(git_blame_options));
+
+	/* No newest_commit => HEAD */
+	if (git_oid_iszero(&out->newest_commit)) {
+		git_object *obj;
+		git_revparse_single(&obj, repo, ""HEAD"");
+		git_oid_cpy(&out->newest_commit, git_object_id(obj));
+		git_object_free(obj);","Nice catch!
",7dcb1c452582d2a83ca1ad8858cb95ab20d6e13d
6067445,1,"Fixed as well. *Very* nice catch!""",2013-08-29 05:36:12,nulltoken,libgit2,libgit2,,https://github.com/libgit2/libgit2/pull/1815#discussion_r6067445,2013-08-29T17:36:12Z,2013-09-06T20:47:53Z,nulltoken,MEMBER,src/odb.c,,905.0,,,1,"@@ -930,7 +930,14 @@ int git_odb_stream_write(git_odb_stream *stream, const char *buffer, size_t len)
 
 int git_odb_stream_finalize_write(git_oid *out, git_odb_stream *stream)
 {
+	bool found;
+
 	git_hash_final(out, stream->hash_ctx);
+
+	if ((stream->backend->exists != NULL) 
+		&& stream->backend->exists(stream->backend, out))
+		return 0;","Fixed as well. _Very_ nice catch!
",4047950f30618c160cd2fdf5da39fb8e26b031d9
5656990,0,"The other calls to `MultiByteToWideChar` are the two-pass method that @phkelley mentioned. One is base64-encoded auth header stuff, and the other is constructing a URL, neither of which have a bounded length per se (and 260 characters seems a bit restrict""",2013-08-08 01:20:41,ben,libgit2,libgit2,,https://github.com/libgit2/libgit2/pull/1767#discussion_r5656990,2013-08-08T13:20:41Z,2013-08-13T17:20:38Z,ben,MEMBER,src/transports/winhttp.c,,,,,1,"@@ -264,7 +264,7 @@ static int winhttp_stream_connect(winhttp_stream *s)
 		if (git_buf_printf(&buf, ""Content-Type: application/x-git-%s-request"", s->service) < 0)
 			goto on_error;
 
-		git__utf8_to_16(ct, MAX_CONTENT_TYPE_LEN, git_buf_cstr(&buf));
+		git__utf8_to_16(ct, git_buf_cstr(&buf));","The other calls to `MultiByteToWideChar` are the two-pass method that @phkelley mentioned. One is base64-encoded auth header stuff, and the other is constructing a URL, neither of which have a bounded length per se (and 260 characters seems a bit restrictive for those cases). I'm inclined to leave them alone.
",0228a514294bcb9d23bf24c61199a1a3e34d4772
5698730,1,"Right you are! Fixed!""",2013-08-10 09:57:56,ben,libgit2,libgit2,,https://github.com/libgit2/libgit2/pull/1767#discussion_r5698730,2013-08-10T21:57:56Z,2013-08-13T17:20:38Z,ben,MEMBER,src/win32/utf-conv.c,,,,,1,"@@ -70,12 +70,12 @@ void git__utf8_to_16(wchar_t *dest, size_t length, const char *src)
 }
 #endif
 
-int git__utf8_to_16(wchar_t *dest, size_t length, const char *src)
+int git__utf8_to_16(wchar_t * dest, size_t dest_size, const char *src)
 {
-	return MultiByteToWideChar(CP_UTF8, 0, src, -1, dest, (int)length);
+	return MultiByteToWideChar(CP_UTF8, 0, src, -1, dest, dest_size);","Right you are! Fixed!
",0228a514294bcb9d23bf24c61199a1a3e34d4772
3842307,2,"Damn, I screwed up my mental math. You're right.""",2013-04-17 09:29:27,vmg,libgit2,libgit2,,https://github.com/libgit2/libgit2/pull/1475#discussion_r3842307,2013-04-17T21:29:27Z,2013-04-17T21:30:01Z,vmg,MEMBER,src/refs.h,,57.0,,,1,"@@ -49,11 +49,14 @@
 
 struct git_reference {
 	git_refdb *db;
-
 	git_ref_t type;
 
 	union {
-		git_oid oid;
+		struct {
+			git_oid oid;
+			git_oid peel;
+		} direct;
+
 		char *symbolic;
 	} target;","Damn, I screwed up my mental math. You're right.
",fedd0f9e90e3046a8c50f6209c37d3b4566bab10
3744703,1,"So much better. Why do you put up with me? :grin:""",2013-04-10 11:15:08,arrbee,libgit2,libgit2,,https://github.com/libgit2/libgit2/pull/1454#discussion_r3744703,2013-04-10T23:15:08Z,2013-04-22T15:05:42Z,arrbee,MEMBER,src/oidmap.h,,25.0,,,12,"@@ -21,10 +21,8 @@
 
 GIT_INLINE(khint_t) hash_git_oid(const git_oid *oid)
 {
-	int i;
-	khint_t h = 0;
-	for (i = 0; i < 20; ++i)
-		h = (h << 5) - h + oid->id[i];
+	khint_t h;
+	memcpy(&h, oid, sizeof(khint_t));","So much better. Why do you put up with me? :grin:
",d87715926049390a2417a2476742114ec966686a
3404528,0,"I don't think this is correct. @arrbee?""",2013-03-16 14:06:23,vmg,libgit2,libgit2,,https://github.com/libgit2/libgit2/pull/1420#discussion_r3404528,2013-03-17T01:06:23Z,2013-03-17T23:30:52Z,vmg,MEMBER,src/submodule.c,,1500.0,,,5,"@@ -1497,7 +1497,7 @@ static int submodule_wd_status(unsigned int *status, git_submodule *sm)
 			if (untracked > 0)
 				*status |= GIT_SUBMODULE_STATUS_WD_UNTRACKED;
 
-			if ((git_diff_num_deltas(diff) - untracked) > 0)
+			if (git_diff_num_deltas(diff) != untracked)","I don't think this is correct. @arrbee?
",10c06114cbb1c384b7de3cca6d6601ee750f5178
3382279,1,"Is GCC charging you money for auxiliary vars, @arrbee? I'll throw in some VC so you can use one here. :p""",2013-03-14 10:35:54,vmg,libgit2,libgit2,,https://github.com/libgit2/libgit2/pull/1413#discussion_r3382279,2013-03-14T21:35:54Z,2013-03-14T22:52:11Z,vmg,MEMBER,src/pool.c,,,,,1,"@@ -235,10 +235,28 @@ char *git_pool_strcat(git_pool *pool, const char *a, const char *b)
 
 void git_pool_free(git_pool *pool, void *ptr)
 {
-	assert(pool && ptr && pool->item_size >= sizeof(void*));
+	assert(pool && pool->item_size >= sizeof(void*));
 
-	*((void **)ptr) = pool->free_list;
-	pool->free_list = ptr;
+	if (ptr) {
+		*((void **)ptr) = pool->free_list;
+		pool->free_list = ptr;
+	}
+}
+
+void git_pool_free_array(git_pool *pool, size_t count, void **ptrs)
+{
+	size_t i;
+
+	assert(pool && ptrs && pool->item_size >= sizeof(void*));
+
+	if (!count)
+		return;
+
+	for (i = count - 1; i > 0; --i)
+		*((void **)ptrs[i]) = ptrs[i - 1];","Is GCC charging you money for auxiliary vars, @arrbee? I'll throw in some VC so you can use one here. :p
",14bedad90776b750cf69ed6faadf2d6c3a4e0a86
2718466,0,"should this be unsigned?""",2013-01-21 10:40:21,scottjg,libgit2,libgit2,,https://github.com/libgit2/libgit2/pull/1265#discussion_r2718466,2013-01-21T21:40:21Z,2013-01-21T21:40:21Z,scottjg,CONTRIBUTOR,src/signature.c,,245.0,,,6,"@@ -241,15 +241,15 @@ static const char *scan_for_previous_token(const char *buffer, const char *left_
 
 static int parse_time(git_time_t *time_out, const char *buffer)
 {
-	int time;
 	int error;
+	int64_t time;","should this be unsigned?
",965e4e2d3182eb179e928191abfd446c0b652867
2516926,0,"The current and advance callbacks share the same type signature so the empty iterator just reuses the same function for both, hence it doesn't follow the naming conventions that the `ITERATOR_SET_CB` macro requires. I could probably rename `empty_iterator""",2012-12-28 07:11:36,arrbee,libgit2,libgit2,,https://github.com/libgit2/libgit2/pull/1176#discussion_r2516926,2012-12-28T18:11:36Z,2012-12-28T18:11:36Z,arrbee,MEMBER,src/iterator.c,,101.0,,,55,"@@ -81,20 +86,26 @@ static void empty_iterator__free(git_iterator *iter)
 	GIT_UNUSED(iter);
 }
 
+typedef struct {
+	git_iterator base;
+	git_iterator_callbacks cb;
+} empty_iterator;
+
 int git_iterator_for_nothing(git_iterator **iter)
 {
-	git_iterator *i = git__calloc(1, sizeof(git_iterator));
+	empty_iterator *i = git__calloc(1, sizeof(empty_iterator));
 	GITERR_CHECK_ALLOC(i);
 
-	i->type    = GIT_ITERATOR_EMPTY;
-	i->current = empty_iterator__no_item;
-	i->at_end  = empty_iterator__at_end;
-	i->advance = empty_iterator__no_item;
-	i->seek    = empty_iterator__seek;
-	i->reset   = empty_iterator__reset;
-	i->free    = empty_iterator__free;
+	i->base.type  = GIT_ITERATOR_EMPTY;
+	i->base.cb    = &i->cb;
+	i->cb.current = empty_iterator__no_item;","The current and advance callbacks share the same type signature so the empty iterator just reuses the same function for both, hence it doesn't follow the naming conventions that the `ITERATOR_SET_CB` macro requires. I could probably rename `empty_iterator__no_item` to `empty_iterator__current` and the `#define empty_iterator__advance empty_iterator__current` and use the macro, I suppose, although I don't feel that the resulting obfuscation is worth it for about 4 fewer (net) lines of code.
",3865f7f6610563864d8f7a2671229b6fd398cd1b
2533574,1,"Nice catch! :chestnut: """,2013-01-02 10:44:47,ben,libgit2,libgit2,,https://github.com/libgit2/libgit2/pull/1152#discussion_r2533574,2013-01-02T21:44:47Z,2013-01-02T21:45:06Z,ben,MEMBER,include/git2/remote.h,,,,,1,"@@ -42,22 +34,42 @@
  */
 
 /**
+ * Add a remote with the default fetch refspec to the repository's configuration.  This
+ * calls git_remote_save before returning.
+ *
+ * @param out the resulting remote
+ * @param repo the repository in which to create the remote
+ * @param name the remote's name
+ * @param url the remote's url
+ * @return 0, GIT_EINVALIDSPEC, GIT_EEXISTS or an error code
+ */
+GIT_EXTERN(int) git_remote_create(
+		git_remote **out,
+		git_repository *repo,
+		const char *name,
+		const char *url);
+
+/**
  * Create a remote in memory
  *
- * Create a remote with the default refspecs in memory. You can use
- * this when you have a URL instead of a remote's name.
+ * Create a remote with the given refspec in memory. You can use
+ * this when you have a URL instead of a remote's name.  Note that in-memory
+ * remotes cannot be converted to persisted remotes.
  *
  * The name, when provided, will be checked for validity.
  * See `git_tag_create()` for rules about valid names.
  *
  * @param out pointer to the new remote object
  * @param repo the associated repository. May be NULL for a ""dangling"" remote.
- * @param name the optional remote's name. May be NULL.
  * @param url the remote repository's URL
  * @param fetch the fetch refspec to use for this remote. May be NULL for defaults.
- * @return 0, GIT_EINVALIDSPEC or an error code
+ * @return 0 or an error code
  */
-GIT_EXTERN(int) git_remote_new(git_remote **out, git_repository *repo, const char *name, const char *url, const char *fetch);
+GIT_EXTERN(int) git_remote_create_inmemory(
+		git_remote **out,
+		git_repository *repo,
+		const char *url,
+		const char *fetch);","Nice catch! :chestnut: 
",730df6d0f70a343ade75ef9411fe0435b0afd5a9
2284035,0,"Again `unsigned int *` instead of `int *`.""",2012-11-30 12:31:12,arrbee,libgit2,libgit2,,https://github.com/libgit2/libgit2/pull/1115#discussion_r2284035,2012-11-30T23:31:12Z,2012-12-03T20:46:59Z,arrbee,MEMBER,tests-clar/diff/diff_helpers.h,,,,,1,"@@ -48,3 +48,10 @@ extern int diff_foreach_via_iterator(
 	void *data);
 
 extern void diff_print(FILE *fp, git_diff_list *diff);
+
+
+GIT_INLINE(void) reset_diff_opts(git_diff_options *opts)","Again `unsigned int *` instead of `int *`.
",ee1c33b146a366260a4648b1f29f470fedaca0fa
2262014,2,"I don't like this, seems redundant and in the wrong place. We already have `git_odb_read_header` which does exactly this.""",2012-11-28 21:23:09,vmg,libgit2,libgit2,,https://github.com/libgit2/libgit2/pull/1110#discussion_r2262014,2012-11-29T08:23:09Z,2012-11-29T15:35:06Z,vmg,MEMBER,include/git2/object.h,,,,,1,"@@ -95,6 +95,17 @@
 GIT_EXTERN(git_otype) git_object_type(const git_object *obj);
 
 /**
+ * Get the object type of an object id
+ *
+ * @param obj the repository object
+ * @return the object's type
+ */
+GIT_EXTERN(int) git_object_oid2type(","I don't like this, seems redundant and in the wrong place. We already have `git_odb_read_header` which does exactly this.
",36c730daa08c4ebf85562ee0cc8d2ee3591d3cee
981303,0,"I like this idea, but unfortunately you have not quite achieved functional signature parity between the two versions. If there is no `readdir_r`, maybe we should do something like:  ```c GIT_INLINE(int) p_readdir_r(DIR *dirp, struct dirent *entry, struct """,2012-06-13 11:24:19,arrbee,libgit2,libgit2,,https://github.com/libgit2/libgit2/pull/766#discussion_r981303,2012-06-13T23:24:19Z,2012-06-20T19:36:24Z,arrbee,MEMBER,src/posix.h,,,,,1,"@@ -83,6 +83,10 @@
 #	include ""unix/posix.h""
 #endif
 
-#define p_readdir_r(d,e,r) readdir_r(d,e,r)
+#ifndef NO_READDIR_R
+#define p_readdir_r(d,e,r) readdir_r(d,e,&r)
+#else
+#define p_readdir_r(d,e,r) r = readdir(d)","I like this idea, but unfortunately you have not quite achieved functional signature parity between the two versions. If there is no `readdir_r`, maybe we should do something like:

``` c
GIT_INLINE(int) p_readdir_r(DIR *dirp, struct dirent *entry, struct direct **result)
{
    GIT_UNUSED(entry);
    *result = readdir(dirp);
    return 0;
}
```

Then you don't need to change the places that use the `p_readdir_r` macro and keeps all the code simpler.
",db5a6ec72b63c986cca764c75f9d3d720cff44ef
931910,1,"This test suite looks sexy. :+1:""",2012-06-05 08:51:17,vmg,libgit2,libgit2,,https://github.com/libgit2/libgit2/pull/684#discussion_r931910,2012-06-05T20:51:17Z,2012-06-07T19:28:22Z,vmg,MEMBER,tests-clar/refs/revparse.c,,3.0,,,3,"@@ -0,0 +1,170 @@
+#include ""clar_libgit2.h""
+
+#include ""git2/revparse.h""","This test suite looks sexy. :+1:
",327dc61f132a4999e006d8d8bd2080c1f5a34bf0
103407,0,"On Thu, 2011-08-25 at 20:09 -0700, peff wrote: > > @@ -302,10 +302,10 @@ int git_pkt_send_wants(git_headarray *refs, git_transport_caps *caps, int fd) > >  { > >   unsigned int i = 0; > >   int error = GIT_SUCCESS; > > - char buf[STRLEN(WANT_PREFIX) + GIT""",2011-08-25 15:26:56,carlosmn,libgit2,libgit2,,https://github.com/libgit2/libgit2/pull/379#discussion_r103407,2011-08-26T03:26:56Z,2011-08-26T03:26:56Z,carlosmn,MEMBER,src/pkt.c,,,,,1,"@@ -302,10 +302,10 @@ int git_pkt_send_wants(git_headarray *refs, git_transport_caps *caps, int fd)
 {
 	unsigned int i = 0;
 	int error = GIT_SUCCESS;
-	char buf[STRLEN(WANT_PREFIX) + GIT_OID_HEXSZ + 2];
+	char buf[strlen(WANT_PREFIX) + GIT_OID_HEXSZ + 2];","On Thu, 2011-08-25 at 20:09 -0700, peff wrote:

> > @@ -302,10 +302,10 @@ int git_pkt_send_wants(git_headarray *refs, git_transport_caps *caps, int fd)
> >  {
> >     unsigned int i = 0;
> >     int error = GIT_SUCCESS;
> > -   char buf[STRLEN(WANT_PREFIX) + GIT_OID_HEXSZ + 2];
> > -   char buf[strlen(WANT_PREFIX) + GIT_OID_HEXSZ + 2];
> 
> On Thu, Aug 25, 2011 at 05:20:11PM -0700, carlosmn wrote:
> 
> > @peff I guess assuming GCC or LLVM is safe enough for git.git, and the
> > codebase won't suddenly fill with incompatible changes.
> 
> I think you misunderstood what I wrote before. git.git assumes C89, more
> or less. We compile on crap like the IRIX MIPSpro compiler. But you do
> pay a price in the code; new features were invented because they're
> useful.

I missed a couple of words there. What I wanted to say was that
switching to C99 for git is probably safe, as you expect some sort of
GCC (or LLVM which supports the same standards AFAIK) to be used.

> What I was suggesting is that since you have a nice squeaky-clean
> codebase, now is a good time to think about how much portability you
> want for antique systems, especially given that you can get gcc on most
> of them. It may not really be worth the hassle. I don't know if @tanoku
> has a master plan for this, or whether it is just ""anywhere git.git
> runs, libgit2 will run"".

The webpage still says that we're using C99, which is not true, because
MS can't get their act together, but I guess that points to a general
plan of being run on ""modern"" systems. The oldest target is probably
Windows XP, which is 10 years old but already has most or all of the
nice Unicode functions. The other major old system is prbably
RHEL/CentOS 5, which some people still run on servers, but even that's
only 4 years old.
",85b91652018867d67642cb3207084561b85969af
