comment_id,polarity,text,created_at_gold,author_login,owner,repo,review_id,html_url,created_at_kaiaulu,updated_at,comment_user_login,author_association,file_path,start_line,line,original_start_line,original_line,position,diff_hunk,body,commit_id
232603,0,"Not sure about what kind of line lengths the project adheres to, but this diff is showing so funky indentation here.""",2011-11-16 02:15:36,trustin,netty,netty,,https://github.com/netty/netty/pull/57#discussion_r232603,2011-11-16T13:15:36Z,2011-11-25T08:39:28Z,trustin,MEMBER,src/main/java/org/jboss/netty/channel/DefaultChannelFuture.java,,,,,1,"@@ -441,4 +372,30 @@ public class DefaultChannelFuture implements ChannelFuture {
                     ChannelFutureProgressListener.class.getSimpleName() + ""."", t);
         }
     }
+    
+    private static final class Result {
+        
+        private final Throwable cause;
+
+        public Result() {
+            this(null);
+        }
+        
+        public Result(Throwable cause) {
+            this.cause = cause;
+        }
+        
+        public Throwable getCause() {
+            return cause;","It should return null if `cause` is `CANCELLED`.
",a382149bba690626e8f64c67d87f4f293525b8bc
6122179,0,"Yeah maybe  Am 03.09.2013 um 12:20 schrieb Trustin Lee <notifications@github.com>:  > In transport/src/main/java/io/netty/channel/ChannelOutboundBuffer.java: >  > > @@ -224,10 +238,44 @@ private static long total(Object msg) { > >      } > >   > """,2013-09-02 22:53:23,normanmaurer,netty,netty,,https://github.com/netty/netty/pull/1807#discussion_r6122179,2013-09-03T10:53:23Z,2013-09-03T12:13:09Z,normanmaurer,MEMBER,transport/src/main/java/io/netty/channel/ChannelOutboundBuffer.java,,,,,1,"@@ -224,10 +238,44 @@ private static long total(Object msg) {
     }
 
     public Object current() {
+        return current(false);","Yeah maybe

Am 03.09.2013 um 12:20 schrieb Trustin Lee notifications@github.com:

> In transport/src/main/java/io/netty/channel/ChannelOutboundBuffer.java:
> 
> > @@ -224,10 +238,44 @@ private static long total(Object msg) {
> >      }
> > 
> > ```
> >  public Object current() {
> > ```
> > -        return current(false);
> >   I wonder which should be the default. In most cases, the content of the heap buffer is going to be transferred to a direct buffer. Isn't it better the default being true?
> 
> —
> Reply to this email directly or view it on GitHub.
",e2491e66c4cefabd9d0b6002d469a75e4defe080
2774979,1,"Ok makes sense.. I will take care!""",2013-01-25 03:47:41,normanmaurer,netty,netty,,https://github.com/netty/netty/pull/982#discussion_r2774979,2013-01-25T14:47:41Z,2013-01-26T14:37:45Z,normanmaurer,MEMBER,transport/src/main/java/io/netty/channel/ChannelPipeline.java,,,,,1,"@@ -422,9 +542,68 @@
     ChannelPipeline replace(ChannelHandler oldHandler, String newName, ChannelHandler newHandler);
 
     /**
+     * Replaces the specified {@link ChannelHandler} with a new handler in
+     * this pipeline and transfer the content of its {@link Buf} to the given
+     * {@link Buf}.
+     *
+     * @param  oldHandler    the {@link ChannelHandler} to be replaced
+     * @param  newName       the name under which the replacement should be added
+     * @param  newHandler    the {@link ChannelHandler} which is used as replacement
+     * @param  transferToBuf the {@link Buf} into which the remaining content should be
+     *                       transfered on removal
+     * @return itself
+
+     * @throws NoSuchElementException
+     *         if the specified old handler does not exist in this pipeline
+     * @throws IllegalArgumentException
+     *         if a handler with the specified new name already exists in this
+     *         pipeline, except for the handler to be replaced or
+     *         if the given {@link Buf} is not be able to hold the type of data
+     *         which should be transfered.
+     * @throws NullPointerException
+     *         if the specified old handler, new name, new handler or transferToBuf is
+     *         {@code null}
+     */
+    ChannelPipeline replace(ChannelHandler oldHandler, String newName, ChannelHandler newHandler, Buf transferToBuf);
+
+    /**
+     * Replaces the specified {@link ChannelHandler} with a new handler in
+     * this pipeline and and transfer the content of it to the replacement
+     * if transferToReplacement is {@code true}
+     *
+     * @param  oldHandler               the {@link ChannelHandler} to be replaced
+     * @param  newName                  the name under which the replacement should be added
+     * @param  newHandler               the {@link ChannelHandler} which is used as replacement
+     * @param  transferToReplacement    if {@code true} is used the content of the replaced {@link ChannelHandler}
+     *                                  will be forwarded to the replacement. Be aware that it will not call
+     *                                  {@link #fireInboundBufferUpdated()} even if something was transfered.
+     * @return itself
+
+     * @throws NoSuchElementException
+     *         if the specified old handler does not exist in this pipeline
+     * @throws IllegalArgumentException
+     *         if a handler with the specified new name already exists in this
+     *         pipeline, except for the handler to be replaced or
+     *         if the given {@link Buf} is not be able to hold the type of data
+     *         which should be transfered.
+     * @throws NullPointerException
+     *         if the specified old handler, new name, new handler or transferToBuf is
+     *         {@code null}
+     */
+    ChannelPipeline replace(ChannelHandler oldHandler, String newName, ChannelHandler newHandler,","Ok makes sense.. I will take care!
",f15daaa98580eb7d16216fbb40939019172bd87e
1461013,0,"Ok switched to System.nanoTime()… Any other comments ?  Am 26.08.2012 um 16:17 schrieb Trustin Lee <notifications@github.com>:  > In src/main/java/org/jboss/netty/channel/socket/nio/AbstractNioWorker.java: >  > > @@ -220,7 +253,32 @@ public void run""",2012-08-26 04:52:23,normanmaurer,netty,netty,,https://github.com/netty/netty/pull/565#discussion_r1461013,2012-08-26T16:52:23Z,2012-08-29T05:43:29Z,normanmaurer,MEMBER,src/main/java/org/jboss/netty/channel/socket/nio/AbstractNioWorker.java,,,,,1,"@@ -220,7 +253,32 @@ public void run() {
             }
 
             try {
-                SelectorUtil.select(selector);
+                long beforeSelect = System.currentTimeMillis();","Ok switched to System.nanoTime()… Any other comments ?

Am 26.08.2012 um 16:17 schrieb Trustin Lee notifications@github.com:

> In src/main/java/org/jboss/netty/channel/socket/nio/AbstractNioWorker.java:
> 
> > @@ -220,7 +253,32 @@ public void run() {
> >              }
> > 
> > ```
> >          try {
> > ```
> > -                SelectorUtil.select(selector);
> > -                long beforeSelect = System.currentTimeMillis();
> >   I would still prefer nanoTime because it resists from system date shift. The perf difference is negligible IMHO.
> >   —
> >   Reply to this email directly or view it on GitHub.
",49ad538aef574ae99882ba80363f51e43a8e0004
1364618,2,"Ah I see.. sorry did not spot this via the diff. I should have reviewed it in more details :(""",2012-08-13 05:52:51,normanmaurer,netty,netty,,https://github.com/netty/netty/pull/506#discussion_r1364618,2012-08-13T17:52:51Z,2012-08-13T17:52:51Z,normanmaurer,MEMBER,buffer/src/main/java/io/netty/buffer/ByteBuf.java,,1842.0,,,48,"@@ -1802,6 +1835,13 @@
         ByteBuffer nioBuffer();
 
         /**
+         * Returns the internal NIO buffer array that is reused for I/O.
+         *
+         * @throws UnsupportedOperationException if the buffer has no internal NIO buffer array
+         */
+        ByteBuffer[] nioBuffers();","Ah I see.. sorry did not spot this via the diff. I should have reviewed it in more details :(
",06fd86971163c61c9a0866d92c67c190cd47fb13
424688,1,"As you know we love contributions ;) And thanks again for all the work!""",2012-02-07 08:02:45,normanmaurer,netty,netty,,https://github.com/netty/netty/pull/176#discussion_r424688,2012-02-07T19:02:45Z,2012-02-07T19:02:45Z,normanmaurer,MEMBER,src/main/java/org/jboss/netty/handler/codec/spdy/DefaultSpdyHeaderBlock.java,,68.0,,,68,"@@ -0,0 +1,96 @@
+/*
+ * Copyright 2012 Twitter, Inc.
+ *
+ * Licensed under the Apache License, Version 2.0 (the ""License""); you may
+ * not use this file except in compliance with the License. You may obtain
+ * a copy of the License at
+ *
+ *     http://www.apache.org/licenses/LICENSE-2.0
+ *
+ * Unless required by applicable law or agreed to in writing, software
+ * distributed under the License is distributed on an ""AS IS"" BASIS,
+ * WITHOUT WARRANTIES OR CONDITIONS OF ANY KIND, either express or implied.
+ * See the License for the specific language governing permissions and
+ * limitations under the License.
+ */
+package org.jboss.netty.handler.codec.spdy;
+
+import java.util.List;
+import java.util.Map;
+import java.util.Set;
+
+import org.jboss.netty.util.internal.StringUtil;
+
+/**
+ * The default {@link SpdyHeaderBlock} implementation.
+ */
+public class DefaultSpdyHeaderBlock implements SpdyHeaderBlock {
+
+    private boolean invalid;
+    private final SpdyHeaders headers = new SpdyHeaders();
+
+    /**
+     * Creates a new instance.
+     */
+    protected DefaultSpdyHeaderBlock() {
+    }
+
+    public boolean isInvalid() {
+        return invalid;
+    }
+
+    public void setInvalid() {
+        this.invalid = true;
+    }
+
+    public void addHeader(final String name, final Object value) {
+        headers.addHeader(name, value);
+    }
+
+    public void setHeader(final String name, final Object value) {
+        headers.setHeader(name, value);
+    }
+
+    public void setHeader(final String name, final Iterable<?> values) {
+        headers.setHeader(name, values);
+    }
+
+    public void removeHeader(final String name) {
+        headers.removeHeader(name);
+    }
+
+    public void clearHeaders() {
+        headers.clearHeaders();
+    }
+
+    public String getHeader(final String name) {
+        List<String> values = getHeaders(name);
+        return values.size() > 0 ? values.get(0) : null;","As you know we love contributions ;) And thanks again for all the work!
",3f9e89c17d996bfc3ae0acda872f70ce837ca1d5
4819632,0,"I still don't get why we can't use ByteBuf here .. Could you give more details ?""",2013-06-21 03:04:28,normanmaurer,netty,netty,,https://github.com/netty/netty/pull/1354#discussion_r4819632,2013-06-21T15:04:28Z,2013-06-29T13:44:54Z,normanmaurer,MEMBER,codec/src/main/java/io/netty/handler/codec/dns/DnsResponse.java,,,,,1,"@@ -0,0 +1,45 @@
+/*
+ * Copyright 2013 The Netty Project
+ *
+ * The Netty Project licenses this file to you under the Apache License,
+ * version 2.0 (the ""License""); you may not use this file except in compliance
+ * with the License. You may obtain a copy of the License at:
+ *
+ *   http://www.apache.org/licenses/LICENSE-2.0
+ *
+ * Unless required by applicable law or agreed to in writing, software
+ * distributed under the License is distributed on an ""AS IS"" BASIS, WITHOUT
+ * WARRANTIES OR CONDITIONS OF ANY KIND, either express or implied. See the
+ * License for the specific language governing permissions and limitations
+ * under the License.
+ */
+package io.netty.handler.codec.dns;
+
+import io.netty.util.ReferenceCounted;
+
+/**
+ * A DNS response packet which is sent to a client after a server receives a
+ * query.
+ */
+public class DnsResponse extends DnsMessage<DnsResponseHeader> {
+
+    private byte[] rawPacket;
+
+    /**
+     * Returns the original, non-decoded DNS response packet. Stored as a byte
+     * array since an instance of {@link DnsResponse} may be discarded at any
+     * time, necessitating a release of any {@link ReferenceCounted} objects.
+     * Byte arrays will automatically be cleaned up by the garbage collector.
+     */
+    public byte[] getRawPacket() {","I still don't get why we can't use ByteBuf here .. Could you give more details ?
",3c466e760a5b06c56222a51c6ebdf2c2c492097b
5288978,0,"isInUse()""",2013-07-18 21:49:07,normanmaurer,netty,netty,,https://github.com/netty/netty/pull/1615#discussion_r5288978,2013-07-19T09:49:07Z,2014-03-18T13:28:33Z,normanmaurer,MEMBER,sockjs/src/main/java/io/netty/handler/codec/sockjs/handlers/SessionState.java,,,,,1,"@@ -0,0 +1,107 @@
+/*
+ * Copyright 2012 The Netty Project
+ *
+ * The Netty Project licenses this file to you under the Apache License, version
+ * 2.0 (the ""License""); you may not use this file except in compliance with the
+ * License. You may obtain a copy of the License at:
+ *
+ * http://www.apache.org/licenses/LICENSE-2.0
+ *
+ * Unless required by applicable law or agreed to in writing, software
+ * distributed under the License is distributed on an ""AS IS"" BASIS, WITHOUT
+ * WARRANTIES OR CONDITIONS OF ANY KIND, either express or implied. See the
+ * License for the specific language governing permissions and limitations under
+ * the License.
+ */
+package io.netty.handler.codec.sockjs.handlers;
+
+import io.netty.channel.ChannelHandlerContext;
+import io.netty.handler.codec.sockjs.SessionContext;
+
+/**
+ * A SessionState represents differences in the types of sessions possible
+ * with SockJS.
+ *
+ * @see PollingSessionState
+ * @see StreamingSessionState
+ * @see SendingSessionState
+ * @see WebSocketSessionState
+ */
+interface SessionState {
+
+    enum States { CONNECTING, OPEN, CLOSED, INTERRUPTED }
+
+    /**
+     * Get the state that this session is currently in.
+     * @return
+     */
+    States getState();
+
+    /**
+     * Called when a new session is connecting.
+     *
+     * @param sessionContext the session context for the SockJS service.
+     * @param ctx the {@link ChannelHandlerContext} for the current connection/channel
+     */
+    void onConnect(final SessionContext sessionContext, final ChannelHandlerContext ctx);
+
+    /**
+     * Called when a request for a connected session is received.
+     *
+     * @param ctx the {@link ChannelHandlerContext} for the current connection/channel. Note
+     *            that this ChannelHandlerContext is different from the one that opened the
+     *            the sesssion and was passed to the onConnect method.
+     */
+    void onOpen(final ChannelHandlerContext ctx);
+
+    /**
+     * Called when the current request has completed and the current ChannelHandlerContext
+     * has become inactive.
+     *
+     * This can happen at different times for different types of SessionStates. For example,
+     * a streaming connection would be held open for a longer period of time compared
+     * to a polling connection which would have many short lived connections.
+     *
+     */
+    void onRequestCompleted(final ChannelHandlerContext ctx);
+
+    /**
+     * Called when the a request is received and the session is in the CLOSED state.
+     */
+    void onClose();
+
+    /**
+     * Called when the SockJSService called close on the {@link SessionContext}
+     */
+    void onSessionContextClose();
+
+    /**
+     * Called when the SockJS server has initiated a close of the session.
+     */
+    void onSockJSServerInitiatedClose();
+
+    /**
+     * Returns the ChannelHandlerContext that opened the session.
+     *
+     * @return {@link ChannelHandlerContext} that was inuse when opening the session.
+     */
+    ChannelHandlerContext getSessionChannelHandlerContext();
+
+    /**
+     * Called when a message is to be processed by the underlying SockJS service
+     */
+    void onMessage(final String message) throws Exception;
+
+    /**
+     * Called when a message is sent to the session.
+     */
+    void addMessage(final String message);
+
+    /**
+     * Indicates if this session is in use.
+     *
+     * @return {@code true} if the session is in use.
+     */
+    boolean isInuse();","isInUse()
",a4ed84e69cc6901945f849248754ff12f623eb51
5057375,0,"@trustin I think this should not be part of the pull-req... """,2013-07-07 16:49:02,normanmaurer,netty,netty,,https://github.com/netty/netty/pull/1536#discussion_r5057375,2013-07-08T04:49:02Z,2013-07-08T04:49:02Z,normanmaurer,MEMBER,handler/src/test/java/io/netty/handler/ssl/SslHandlerTest.java,,51.0,,,8,"@@ -45,7 +45,7 @@ public void testTruncatedPacket() throws Exception {
 
         try {
             // Push the second part of the 5-byte handshake message.
-            ch.writeInbound(Unpooled.wrappedBuffer(new byte[]{2, 0, 0, 1, 0}));
+            ch.writeInbound(Unpooled.wrappedBuffer(new byte[]{ 2, 0, 0, 1, 0 }));
             fail();
         } catch (DecoderException e) {
             // The pushed message is invalid, so it should raise an exception if it decoded the message correctly.","@trustin I think this should not be part of the pull-req... 
",b0c82c84be2581f66763c4917a62c9bd42165621
2356833,1,"Oooh, I see you created a new wheel! That's pretty badass, but I recommend sticking with something that might even become intrinsified: http://docs.oracle.com/javase/6/docs/api/java/util/Arrays.html#fill(java.lang.Object[], int, int, java.lang.Object)""",2012-12-08 03:50:49,viktorklang,netty,netty,,https://github.com/netty/netty/pull/791#discussion_r2356833,2012-12-08T14:50:49Z,2012-12-08T14:50:49Z,viktorklang,NONE,src/main/java/org/jboss/netty/util/internal/ConcurrentIdentityHashMap.java,,521.0,,,40,"@@ -507,6 +518,9 @@ int rehash() {
                 }
             }
             table = newTable;
+            for (int i = 0; i < oldCapacity; ++i) {","Oooh, I see you created a new wheel! That's pretty badass, but I recommend sticking with something that might even become intrinsified: http://docs.oracle.com/javase/6/docs/api/java/util/Arrays.html#fill(java.lang.Object[], int, int, java.lang.Object)
",d0eb12375a82f2a5e014a517cdc5648135f96da9
232588,0,"http://checkstyle.sourceforge.net/config_modifier.html""",2011-11-16 02:11:08,trustin,netty,netty,,https://github.com/netty/netty/pull/57#discussion_r232588,2011-11-16T13:11:08Z,2011-11-25T08:39:28Z,trustin,MEMBER,src/main/java/org/jboss/netty/channel/DefaultChannelFuture.java,,,,,1,"@@ -441,4 +372,25 @@ public class DefaultChannelFuture implements ChannelFuture {
                     ChannelFutureProgressListener.class.getSimpleName() + ""."", t);
         }
     }
+    
+    private final static class Result {","http://checkstyle.sourceforge.net/config_modifier.html
",a382149bba690626e8f64c67d87f4f293525b8bc
279455,0,"Why not just subclass SocketAddress and provide a method to retrieve all addresses.  Something like:  https://gist.github.com/1446556  This would also make it less """"hacky""""""",2011-12-07 22:29:55,normanmaurer,netty,netty,,https://github.com/netty/netty/pull/31#discussion_r279455,2011-12-08T09:29:55Z,2011-12-08T09:29:55Z,normanmaurer,MEMBER,src/main/java/org/jboss/netty/channel/socket/sctp/SctpChannelImpl.java,,112.0,,,112,"@@ -0,0 +1,312 @@
+/*
+ * Copyright 2011 The Netty Project
+ *
+ * The Netty Project licenses this file to you under the Apache License,
+ * version 2.0 (the ""License""); you may not use this file except in compliance
+ * with the License. You may obtain a copy of the License at:
+ *
+ * http://www.apache.org/licenses/LICENSE-2.0
+ *
+ * Unless required by applicable law or agreed to in writing, software
+ * distributed under the License is distributed on an ""AS IS"" BASIS, WITHOUT
+ * WARRANTIES OR CONDITIONS OF ANY KIND, either express or implied. See the
+ * License for the specific language governing permissions and limitations
+ * under the License.
+ */
+package org.jboss.netty.channel.socket.sctp;
+
+import com.sun.nio.sctp.Association;
+import org.jboss.netty.buffer.ChannelBuffer;
+import org.jboss.netty.channel.*;
+import org.jboss.netty.channel.socket.sctp.SctpSendBufferPool.SendBuffer;
+import org.jboss.netty.util.internal.ThreadLocalBoolean;
+
+import java.net.InetSocketAddress;
+import java.net.SocketAddress;
+import java.util.*;
+import java.util.concurrent.LinkedTransferQueue;
+import java.util.concurrent.atomic.AtomicBoolean;
+import java.util.concurrent.atomic.AtomicInteger;
+
+import static org.jboss.netty.channel.Channels.fireChannelInterestChanged;
+
+/**
+ * @author <a href=""http://www.jboss.org/netty/"">The Netty Project</a>
+ * @author <a href=""http://gleamynode.net/"">Trustin Lee</a>
+ * @author <a href=""http://github.com/jestan"">Jestan Nirojan</a>
+ *
+ */
+class SctpChannelImpl extends AbstractChannel implements SctpChannel {
+
+    private static final int ST_OPEN = 0;
+    private static final int ST_BOUND = 1;
+    private static final int ST_CONNECTED = 2;
+    private static final int ST_CLOSED = -1;
+    volatile int state = ST_OPEN;
+
+    final com.sun.nio.sctp.SctpChannel channel;
+    final SctpWorker worker;
+    private final NioSctpChannelConfig config;
+    private volatile InetSocketAddress localAddress;
+    private volatile InetSocketAddress remoteAddress;
+
+    final Object interestOpsLock = new Object();
+    final Object writeLock = new Object();
+
+    final Runnable writeTask = new WriteTask();
+    final AtomicBoolean writeTaskInTaskQueue = new AtomicBoolean();
+
+    final Queue<MessageEvent> writeBuffer = new WriteRequestQueue();
+    final AtomicInteger writeBufferSize = new AtomicInteger();
+    final AtomicInteger highWaterMarkCounter = new AtomicInteger();
+    boolean inWriteNowLoop;
+    boolean writeSuspended;
+
+    MessageEvent currentWriteEvent;
+    SendBuffer currentWriteBuffer;
+
+    public SctpChannelImpl(Channel parent, ChannelFactory factory, ChannelPipeline pipeline, ChannelSink sink,
+                           com.sun.nio.sctp.SctpChannel channel, SctpWorker worker) {
+        super(parent, factory, pipeline, sink);
+
+        this.channel = channel;
+        this.worker = worker;
+        config = new DefaultNioSctpChannelConfig(channel);
+
+        getCloseFuture().addListener(new ChannelFutureListener() {
+            @Override
+            public void operationComplete(ChannelFuture future) throws Exception {
+                state = ST_CLOSED;
+            }
+        });
+    }
+
+    @Override
+    public NioSctpChannelConfig getConfig() {
+        return config;
+    }
+
+    @Override
+    public InetSocketAddress getLocalAddress() {
+        InetSocketAddress localAddress = this.localAddress;
+        if (localAddress == null) {
+            try {
+                final Iterator<SocketAddress> iterator = channel.getAllLocalAddresses().iterator();
+                if (iterator.hasNext()) {
+                    this.localAddress = localAddress = (InetSocketAddress) iterator.next();
+                }
+            } catch (Throwable t) {
+                return null;
+            }
+        }
+        return localAddress;
+    }
+
+    @Override
+    public Set<InetSocketAddress> getAllLocalAddresses() {
+            try {
+                final Set<SocketAddress> allLocalAddresses = channel.getAllLocalAddresses();
+                final Set<InetSocketAddress> addresses = new HashSet<InetSocketAddress>(allLocalAddresses.size());
+                for(SocketAddress socketAddress: allLocalAddresses) {
+                    addresses.add((InetSocketAddress) socketAddress);
+                }","Why not just subclass SocketAddress and provide a method to retrieve all addresses. 
Something like:

https://gist.github.com/1446556

This would also make it less ""hacky""
",0a99e8bb57fcf7f6cf09548a06c32d050b63c409
3815634,0,"Yes it is still possible, but note that both HttpPostRequestDecoder and HttpPostRequestEncoder have the HattpDataFactory as argument, which should be setup to use (or not use) this RFC conforming rule, since this is where (HttpDataFactory) this rule has t""",2013-04-16 04:40:52,fredericBregier,netty,netty,,https://github.com/netty/netty/pull/1255#discussion_r3815634,2013-04-16T16:40:52Z,2013-04-16T16:40:52Z,fredericBregier,MEMBER,codec-http/src/main/java/io/netty/handler/codec/http/multipart/AbstractHttpData.java,,47.0,,,20,"@@ -35,19 +35,20 @@
     protected boolean completed;
 
     protected AbstractHttpData(String name, Charset charset, long size) {
-        if (name == null) {
-            throw new NullPointerException(""name"");
-        }
-        name = name.trim();
-        if (name.isEmpty()) {
-            throw new IllegalArgumentException(""empty name"");
-        }
+        this(name, charset, size, false);
+    }
 
+    /**
+     * Convenient method to check if an attribute name respects the W3C rules
+     * (character are ASCII (less than 127) and no characters from ""=,; \t\r\n\v\f:"")
+     * @param name the attribute name to check
+     * @return True if the name is conform with the W3C rules
+     */
+    public static boolean isValidHtml4Name(String name) {","Yes it is still possible, but note that both HttpPostRequestDecoder and HttpPostRequestEncoder have the HattpDataFactory as argument, which should be setup to use (or not use) this RFC conforming rule, since this is where (HttpDataFactory) this rule has to be setup.

When I wrote this helper method, I feel like a specific class should be setup (a new class helper) such that it can easily be reused, maybe in the DefaultHttpDataFactory class, or a new one (which name ?).
Note that I'm not so happy that someone could implement a ""bad"" conforming service (contrary to any good practices in IT), so the reason to not make it ""so"" easy, and in particular not the default one. So putting this as an argument to the Encoder/Decoder as explicit argument is somehow not particularly intended.

Moreovern put it in Encoder/Decoder will break the underlying implementation where the factory is responsible of the constructor (factory), while the encoder/decoder is not. It could lead to an heavy change (I did not take time however to see if it is particularly difficult or not).

So let me know what is your preference...
Cheers
",6850413bd1a85d53285bed33b09d9d45e3b6fed9
3848923,1,"Which method is """"faster"""" is hard to say as the JIT of course is very magical :)  But I'm not too concerned about that -- I'm more curious about your comment above:  """"Change all access or definition to HttpDataFactory to the new AbstractHttpDataFactory""",2013-04-17 20:28:56,jpinner,netty,netty,,https://github.com/netty/netty/pull/1255#discussion_r3848923,2013-04-18T08:28:56Z,2013-04-18T08:28:56Z,jpinner,NONE,codec-http/src/main/java/io/netty/handler/codec/http/multipart/AbstractHttpData.java,,47.0,,,20,"@@ -35,19 +35,20 @@
     protected boolean completed;
 
     protected AbstractHttpData(String name, Charset charset, long size) {
-        if (name == null) {
-            throw new NullPointerException(""name"");
-        }
-        name = name.trim();
-        if (name.isEmpty()) {
-            throw new IllegalArgumentException(""empty name"");
-        }
+        this(name, charset, size, false);
+    }
 
+    /**
+     * Convenient method to check if an attribute name respects the W3C rules
+     * (character are ASCII (less than 127) and no characters from ""=,; \t\r\n\v\f:"")
+     * @param name the attribute name to check
+     * @return True if the name is conform with the W3C rules
+     */
+    public static boolean isValidHtml4Name(String name) {","Which method is ""faster"" is hard to say as the JIT of course is very magical :)

But I'm not too concerned about that -- I'm more curious about your comment above:

""Change all access or definition to HttpDataFactory to the new AbstractHttpDataFactory, in order that this variable is visible, and moreover that someone implementing a new Factory will have to start from this abstract.""

since wouldn't this break the existing API?
",6850413bd1a85d53285bed33b09d9d45e3b6fed9
4189132,0,"Pretty `toString()`, `hashCode()`, and `equals(...)` please.""",2013-05-12 20:08:27,trustin,netty,netty,,https://github.com/netty/netty/pull/1354#discussion_r4189132,2013-05-13T08:08:27Z,2013-06-29T13:44:54Z,trustin,MEMBER,codec/src/main/java/io/netty/handler/codec/dns/DNSEntry.java,,,,,1,"@@ -0,0 +1,276 @@
+/*
+ * Copyright 2013 The Netty Project
+ *
+ * The Netty Project licenses this file to you under the Apache License,
+ * version 2.0 (the ""License""); you may not use this file except in compliance
+ * with the License. You may obtain a copy of the License at:
+ *
+ * http://www.apache.org/licenses/LICENSE-2.0
+ *
+ * Unless required by applicable law or agreed to in writing, software
+ * distributed under the License is distributed on an ""AS IS"" BASIS, WITHOUT
+ * WARRANTIES OR CONDITIONS OF ANY KIND, either express or implied. See the
+ * License for the specific language governing permissions and limitations
+ * under the License.
+ */
+package io.netty.handler.codec.dns;
+
+import io.netty.buffer.ByteBuf;
+
+/**
+ * A class representing entries in a DNS packet (questions, and all resource records). Has
+ * utility methods for reading domain names and sizing them. Additionally, contains data shared
+ * by entries such as name, type, and class.
+ */
+public class DNSEntry {
+
+	/**
+	 * Address record.
+	 */
+	public static final int TYPE_A = 0x0001;
+
+	/**
+	 * Name server record.
+	 */
+	public static final int TYPE_NS = 0x0002;
+
+	/**
+	 * Canonical name record.
+	 */
+	public static final int TYPE_CNAME = 0x0005;
+
+	/**
+	 * Start of [a zone of] authority record.
+	 */
+	public static final int TYPE_SOA = 0x0006;
+
+	/**
+	 * Pointer record.
+	 */
+	public static final int TYPE_PTR = 0x000c;
+
+	/**
+	 * Mail exchange record.
+	 */
+	public static final int TYPE_MX = 0x000f;
+
+	/**
+	 * Text record.
+	 */
+	public static final int TYPE_TXT = 0x0010;
+
+	/**
+	 * Responsible person.
+	 */
+	public static final int TYPE_RP = 0x0011;
+
+	/**
+	 * AFS database record.
+	 */
+	public static final int TYPE_AFSDB = 0x0012;
+
+	/**
+	 * Signature.
+	 */
+	public static final int TYPE_SIG = 0x0018;
+
+	/**
+	 * Key record.
+	 */
+	public static final int TYPE_KEY = 0x0019;
+
+	/**
+	 * IPv6 address record.
+	 */
+	public static final int TYPE_AAAA = 0x001c;
+
+	/**
+	 * Location record.
+	 */
+	public static final int TYPE_LOC = 0x001d;
+
+	/**
+	 * Service locator.
+	 */
+	public static final int TYPE_SRV = 0x0021;
+
+	/**
+	 * Naming authority pointer.
+	 */
+	public static final int TYPE_NAPTR = 0x0023;
+
+	/**
+	 * Key exchanger protocol.
+	 */
+	public static final int TYPE_KX = 0x0024;
+
+	/**
+	 * Certificate record.
+	 */
+	public static final int TYPE_CERT = 0x0025;
+
+	/**
+	 * Delegation name.
+	 */
+	public static final int TYPE_DNAME = 0x0027;
+
+	/**
+	 * Address prefix list.
+	 */
+	public static final int TYPE_APL = 0x002A;
+
+	/**
+	 * Delegation signer.
+	 */
+	public static final int TYPE_DS = 0x002B;
+
+	/**
+	 * SSH public key fingerprint.
+	 */
+	public static final int TYPE_SSHFP = 0x002C;
+
+	/**
+	 * IPsec key.
+	 */
+	public static final int TYPE_IPSECKEY = 0x002D;
+
+	/**
+	 * DNSSEC signature.
+	 */
+	public static final int TYPE_RRSIG = 0x002E;
+
+	/**
+	 * Next-secure record.
+	 */
+	public static final int TYPE_NSEC = 0x002F;
+
+	/**
+	 * DNS key record.
+	 */
+	public static final int TYPE_DNSKEY = 0x0030;
+
+	/**
+	 * DHCP identifier.
+	 */
+	public static final int TYPE_DHCID = 0x0031;
+
+	/**
+	 * NSEC record version 3.
+	 */
+	public static final int TYPE_NSEC3 = 0x0032;
+
+	/**
+	 * NSEC3 parameters.
+	 */
+	public static final int TYPE_NSEC3PARAM = 0x0033;
+
+	/**
+	 * TLSA certificate association.
+	 */
+	public static final int TYPE_TLSA = 0x0034;
+
+	/**
+	 * Host identity protocol.
+	 */
+	public static final int TYPE_HIP = 0x0037;
+
+	/**
+	 * Sender policy framework.
+	 */
+	public static final int TYPE_SPF = 0x0063;
+
+	/**
+	 * Secret key record.
+	 */
+	public static final int TYPE_TKEY = 0x00f9;
+
+	/**
+	 * Transaction signature.
+	 */
+	public static final int TYPE_TSIG = 0x00fa;
+
+	/**
+	 * Certification authority authorization.
+	 */
+	public static final int TYPE_CAA = 0x0101;
+
+	/**
+	 * All cached records.
+	 */
+	public static final int TYPE_ANY = 0x00ff;
+
+	/**
+	 * Default class for DNS entries.
+	 */
+	public static final int CLASS_IN = 0x0001;
+
+	public static final int CLASS_CSNET = 0x0002;
+	public static final int CLASS_CHAOS = 0x0003;
+	public static final int CLASS_HESIOD = 0x0004;
+	public static final int CLASS_NONE = 0x00fe;
+	public static final int CLASS_ALL = 0x00ff;
+	public static final int CLASS_ANY = 0x00ff;
+
+	/**
+	 * Retrieves a domain name given a buffer containing a DNS packet.
+	 * If the name contains a pointer, the position of the buffer will be
+	 * set to directly after the pointer's index after the name has been
+	 * read.
+	 * 
+	 * @param buf The byte buffer containing the DNS packet.
+	 * @return The domain name for an entry.
+	 */
+	public static String readName(ByteBuf buf) {
+		int position = -1;
+		StringBuilder name = new StringBuilder();
+		for (int len = buf.readByte() & 0xff; buf.isReadable() && len != 0; len = buf.readByte() & 0xff) {
+			boolean pointer = (len & 0xc0) == 0xc0;
+			if (pointer) {
+				if (position == -1) {
+					position = buf.readerIndex() + 1;
+				}
+				buf.readerIndex((len & 0x3f) << 8 | (buf.readByte() & 0xff));
+			} else {
+				byte[] info = new byte[len];
+				buf.readBytes(info);
+				name.append(new String(info)).append(""."");
+			}
+		}
+		if (position != -1) {
+			buf.readerIndex(position);
+		}
+		return name.substring(0, name.length() - 1);
+	}
+
+	protected final String name;
+	protected final int type;
+	protected final int dnsClass;
+
+	public DNSEntry(String name, int type, int dnsClass) {
+		this.name = name;
+		this.type = type;
+		this.dnsClass = dnsClass;
+	}
+
+	/**
+	 * @return The name of this entry (the domain).
+	 */
+	public String name() {
+		return name;
+	}
+
+	/**
+	 * @return The type of resource record to be returned.
+	 */
+	public int type() {
+		return type;
+	}
+
+	/**
+	 * @return The class for this entry. Default is IN (Internet).
+	 */
+	public int dnsClass() {
+		return dnsClass;
+	}
+","Pretty `toString()`, `hashCode()`, and `equals(...)` please.
",3c466e760a5b06c56222a51c6ebdf2c2c492097b
5627291,2,"Using sync here does not sound right... we not want to block!""",2013-08-06 21:35:16,normanmaurer,netty,netty,,https://github.com/netty/netty/pull/1622#discussion_r5627291,2013-08-07T09:35:16Z,2013-08-11T21:24:19Z,normanmaurer,MEMBER,netty-dns/src/main/java/io/netty/dns/DnsResolver.java,,,,,1,"@@ -0,0 +1,560 @@
+/*
+ * Copyright 2013 The Netty Project
+ *
+ * The Netty Project licenses this file to you under the Apache License,
+ * version 2.0 (the ""License""); you may not use this file except in compliance
+ * with the License. You may obtain a copy of the License at:
+ *
+ *   http://www.apache.org/licenses/LICENSE-2.0
+ *
+ * Unless required by applicable law or agreed to in writing, software
+ * distributed under the License is distributed on an ""AS IS"" BASIS, WITHOUT
+ * WARRANTIES OR CONDITIONS OF ANY KIND, either express or implied. See the
+ * License for the specific language governing permissions and limitations
+ * under the License.
+ */
+package io.netty.dns;
+
+import io.netty.bootstrap.Bootstrap;
+import io.netty.buffer.ByteBuf;
+import io.netty.buffer.Unpooled;
+import io.netty.channel.Channel;
+import io.netty.channel.ChannelOption;
+import io.netty.channel.EventLoop;
+import io.netty.channel.nio.NioEventLoopGroup;
+import io.netty.channel.socket.nio.NioDatagramChannel;
+import io.netty.dns.decoder.record.MailExchangerRecord;
+import io.netty.dns.decoder.record.ServiceRecord;
+import io.netty.handler.codec.dns.DnsEntry;
+import io.netty.handler.codec.dns.DnsQuery;
+import io.netty.handler.codec.dns.DnsQuestion;
+import io.netty.util.concurrent.DefaultEventExecutorGroup;
+import io.netty.util.concurrent.EventExecutorGroup;
+import io.netty.util.concurrent.Future;
+import io.netty.util.internal.logging.InternalLogger;
+import io.netty.util.internal.logging.InternalLoggerFactory;
+
+import java.lang.reflect.Method;
+import java.net.InetAddress;
+import java.net.SocketException;
+import java.net.UnknownHostException;
+import java.util.ArrayList;
+import java.util.HashMap;
+import java.util.Iterator;
+import java.util.List;
+import java.util.Map;
+import java.util.concurrent.Callable;
+
+/**
+ * This is the main class for looking up information from DNS servers. Users
+ * should call the methods in this class to query and receive answers from DNS
+ * servers. The class attempts to load user's default DNS servers, but also
+ * includes Google and OpenDNS DNS servers.
+ */
+public class DnsResolver {
+
+    /**
+     * How long to wait for an answer from a DNS server after sending a query
+     * before timing out and moving on to the next DNS server.
+     */
+    public static final long REQUEST_TIMEOUT = 2000;
+
+    private static final EventExecutorGroup executor = new DefaultEventExecutorGroup(1);
+    private static final InternalLogger logger = InternalLoggerFactory.getInstance(DnsResolver.class);
+    private static final Object idxLock = new Object();
+
+    private static int idx;
+
+    /**
+     * Returns an id in the range 0-65536.
+     */
+    private static int obtainId() {
+        synchronized (idxLock) {
+            return idx = idx + 1 & 0xffff;
+        }
+    }
+
+    private final List<byte[]> dnsServers = new ArrayList<byte[]>();
+    private final Map<byte[], Channel> dnsServerChannels = new HashMap<byte[], Channel>();
+
+    private final EventLoop eventLoop;
+    private final DnsCachingStrategy cache;
+    private final DnsSelectionStrategy selector;
+
+    public DnsResolver() {
+        this(null, new DnsDefaultCache(), new DnsRoundRobinSelectionStrategy());
+    }
+
+    public DnsResolver(EventLoop eventLoop, DnsCachingStrategy cache, DnsSelectionStrategy selector) {
+        this.eventLoop = eventLoop;
+        this.cache = cache;
+        this.selector = selector;
+        init();
+    }
+
+    private void init() {
+        dnsServers.add(new byte[] { 8, 8, 8, 8 }); // Google DNS servers
+        dnsServers.add(new byte[] { 8, 8, 4, 4 });
+        dnsServers.add(new byte[] { -48, 67, -34, -34 }); // OpenDNS servers
+        dnsServers.add(new byte[] { -48, 67, -36, -36 });
+        Thread thread = new Thread() {
+
+            @Override
+            public void run() {
+                try {
+                    Class<?> configClass = Class.forName(""sun.net.dns.ResolverConfiguration"");
+                    Method open = configClass.getMethod(""open"");
+                    Method nameservers = configClass.getMethod(""nameservers"");
+                    Object instance = open.invoke(null);
+                    @SuppressWarnings(""unchecked"")
+                    List<String> list = (List<String>) nameservers.invoke(instance);
+                    for (String dns : list) {
+                        String[] parts = dns.split(""\\."");
+                        if (parts.length == 4 || parts.length == 16) {
+                            byte[] address = new byte[parts.length];
+                            for (int i = 0; i < address.length; i++) {
+                                address[i] = (byte) Integer.parseInt(parts[i]);
+                            }
+                            if (validAddress(address)) {
+                                dnsServers.add(address);
+                            }
+                        }
+                    }
+                } catch (Exception e) {
+                    logger.warn(""Failed to obtain system's DNS server addresses, using defaults only."", e);
+                }
+            }
+        };
+        thread.setDaemon(true);
+        thread.setPriority(Thread.MIN_PRIORITY);
+        thread.start();
+    }
+
+    /**
+     * Returns the {@link DnsCachingStrategy} that this resolver uses for
+     * caching responses.
+     */
+    public DnsCachingStrategy cache() {
+        return cache;
+    }
+
+    /**
+     * Returns the {@link DnsSelectionStrategy} that this resolver uses for
+     * picking a single resource record from a {@link List}.
+     */
+    public DnsSelectionStrategy selector() {
+        return selector;
+    }
+
+    /**
+     * Checks if a DNS server can actually be connected to and queried for
+     * information by running through a request. This is a
+     * <strong>blocking</strong> method.
+     *
+     * @param address
+     *            the DNS server being checked
+     * @return {@code true} if the DNS server provides a valid response
+     */
+    private boolean validAddress(byte[] address) {
+        try {
+            int id = obtainId();
+            Channel channel = channelForAddress(address);
+            Callable<List<ByteBuf>> callback = new DnsCallback<List<ByteBuf>>(this, -1, sendQuery(DnsEntry.TYPE_A,
+                    ""google.com"", id, channel));
+            return callback.call() != null;
+        } catch (Exception e) {
+            removeChannel(dnsServerChannels.get(address));
+            if (logger.isWarnEnabled()) {
+                StringBuilder string = new StringBuilder();
+                for (int i = 0; i < address.length; i++) {
+                    string.append(address[i]).append(""."");
+                }
+                logger.warn(""Failed to add DNS server "" + string.substring(0, string.length() - 1), e);
+            }
+            return false;
+        }
+    }
+
+    /**
+     * Writes a {@link DnsQuery} to a specified channel.
+     *
+     * @param type
+     *            the type for the {@link DnsQuery}
+     * @param domain
+     *            the domain being queried
+     * @param id
+     *            the id for the {@link DnsQuery}
+     * @param channel
+     *            the channel the {@link DnsQuery} is written to
+     * @return the {@link DnsQuery} being written
+     * @throws InterruptedException
+     */
+    private DnsQuery sendQuery(int type, String domain, int id, Channel channel) throws InterruptedException {
+        DnsQuery query = new DnsQuery(id);
+        query.addQuestion(new DnsQuestion(domain, type));
+        channel.writeAndFlush(query).sync();","Using sync here does not sound right... we not want to block!
",6b8b35ed29266799a286a9806d9be1b5d243fbc6
6187853,1,"ups.. missed it. Thanks :)""",2013-09-05 05:22:35,normanmaurer,netty,netty,,https://github.com/netty/netty/pull/1795#discussion_r6187853,2013-09-05T17:22:35Z,2013-09-05T17:22:35Z,normanmaurer,MEMBER,codec-http/src/main/java/io/netty/handler/codec/http/DefaultLastHttpContent.java,,32.0,,,7,"@@ -28,11 +28,33 @@
 
     private final HttpHeaders trailingHeaders = new DefaultHttpHeaders() {
         @Override
-        void validateHeaderName0(String name) {
-            super.validateHeaderName0(name);
+        public HttpHeaders add(String name, Object value) {
+            validateName(name);","ups.. missed it. Thanks :)
",c949edce90ef85c36a44906b7fdb8c6e9345dead
4128091,1,"looks good now...""",2013-05-07 16:35:15,normanmaurer,netty,netty,,https://github.com/netty/netty/pull/1342#discussion_r4128091,2013-05-08T04:35:15Z,2013-05-08T04:35:15Z,normanmaurer,MEMBER,src/main/java/org/jboss/netty/handler/codec/http/multipart/HttpPostRequestEncoder.java,,739.0,,,60,"@@ -726,6 +726,24 @@ private String encodeAttribute(String s, Charset charset)
     }
 
     /**
+     * Encode one attribute
+     * @return the encoded attribute
+     * @throws ErrorDataEncoderException if the encoding is in error
+     */
+    private String encodeAttributeMultipart(String s, Charset charset)
+            throws ErrorDataEncoderException {
+        if (s == null) {
+            return """";
+        }
+        try {
+            String encoded = new String(s.getBytes(charset.name()));","looks good now...
",da05574bccd7c3ce525bc1c8afa203398c8be6cc
4128482,0,"Ah now I understand why I said it looks good now... I said because it looks good now in the Decoder where he removed it at all. I think  we also need to remove it in the Encoder.""",2013-05-07 17:13:09,normanmaurer,netty,netty,,https://github.com/netty/netty/pull/1342#discussion_r4128482,2013-05-08T05:13:09Z,2013-05-08T05:13:09Z,normanmaurer,MEMBER,src/main/java/org/jboss/netty/handler/codec/http/multipart/HttpPostRequestEncoder.java,,739.0,,,60,"@@ -726,6 +726,24 @@ private String encodeAttribute(String s, Charset charset)
     }
 
     /**
+     * Encode one attribute
+     * @return the encoded attribute
+     * @throws ErrorDataEncoderException if the encoding is in error
+     */
+    private String encodeAttributeMultipart(String s, Charset charset)
+            throws ErrorDataEncoderException {
+        if (s == null) {
+            return """";
+        }
+        try {
+            String encoded = new String(s.getBytes(charset.name()));","Ah now I understand why I said it looks good now... I said because it looks good now in the Decoder where he removed it at all. I think  we also need to remove it in the Encoder.
",da05574bccd7c3ce525bc1c8afa203398c8be6cc
2589566,0,"Can you update to 2013 ?""",2013-01-09 02:07:59,normanmaurer,netty,netty,,https://github.com/netty/netty/pull/912#discussion_r2589566,2013-01-09T13:07:59Z,2013-01-09T15:48:08Z,normanmaurer,MEMBER,transport-rxtx/src/main/java/io/netty/transport/rxtx/package-info.java,,,,,1,"@@ -0,0 +1,20 @@
+/*
+ * Copyright 2011 The Netty Project","Can you update to 2013 ?
",9dfe5bd7bbb8953369e35022c4c3f981a75c6147
2522735,1,"+1 to @normanmaurer although its PITA when we add more methods :-)""",2012-12-31 00:13:04,trustin,netty,netty,,https://github.com/netty/netty/pull/873#discussion_r2522735,2012-12-31T11:13:04Z,2012-12-31T11:13:04Z,trustin,MEMBER,transport/src/main/java/io/netty/channel/CompleteChannelPromise.java,,57.0,,,57,"@@ -0,0 +1,84 @@
+/*
+ * Copyright 2012 The Netty Project
+ *
+ * The Netty Project licenses this file to you under the Apache License,
+ * version 2.0 (the ""License""); you may not use this file except in compliance
+ * with the License. You may obtain a copy of the License at:
+ *
+ *   http://www.apache.org/licenses/LICENSE-2.0
+ *
+ * Unless required by applicable law or agreed to in writing, software
+ * distributed under the License is distributed on an ""AS IS"" BASIS, WITHOUT
+ * WARRANTIES OR CONDITIONS OF ANY KIND, either express or implied. See the
+ * License for the specific language governing permissions and limitations
+ * under the License.
+ */
+package io.netty.channel;
+
+
+abstract class CompleteChannelPromise extends CompleteChannelFuture implements ChannelPromise {
+
+    protected CompleteChannelPromise(Channel channel) {
+        super(channel);
+    }
+
+    @Override
+    public void setProgress(long amount, long current, long total) {
+        throw new IllegalStateException();
+    }
+
+    @Override
+    public boolean tryProgress(long amount, long current, long total) {
+        return false;
+    }
+
+    @Override
+    public void setFailure(Throwable cause) {
+        throw new IllegalStateException();
+    }
+
+    @Override
+    public boolean tryFailure(Throwable cause) {
+        return false;
+    }
+
+    @Override
+    public void setSuccess() {
+        throw new IllegalStateException();
+    }
+
+    @Override
+    public boolean trySuccess() {
+        return false;
+    }
+
+    @Override
+    public ChannelPromise addListener(final ChannelFutureListener listener) {
+        return (ChannelPromise) super.addListener(listener);","+1 to @normanmaurer although its PITA when we add more methods :-)
",327dfa8446daded9489923726781d1f0f6be1a3d
2434407,1,"I think it would make """"more sense"""" to let 08 extend from 07. At least it sounds more logic, even if it will not matter :)""",2012-12-17 02:06:09,normanmaurer,netty,netty,,https://github.com/netty/netty/pull/821#discussion_r2434407,2012-12-17T13:06:09Z,2012-12-17T13:06:09Z,normanmaurer,MEMBER,codec-http/src/main/java/io/netty/handler/codec/http/websocketx/WebSocket07FrameDecoder.java,,59.0,,,59,"@@ -0,0 +1,76 @@
+/*
+ * Copyright 2012 The Netty Project
+ *
+ * The Netty Project licenses this file to you under the Apache License,
+ * version 2.0 (the ""License""); you may not use this file except in compliance
+ * with the License. You may obtain a copy of the License at:
+ *
+ *   http://www.apache.org/licenses/LICENSE-2.0
+ *
+ * Unless required by applicable law or agreed to in writing, software
+ * distributed under the License is distributed on an ""AS IS"" BASIS, WITHOUT
+ * WARRANTIES OR CONDITIONS OF ANY KIND, either express or implied. See the
+ * License for the specific language governing permissions and limitations
+ * under the License.
+ */
+// (BSD License: http://www.opensource.org/licenses/bsd-license)
+//
+// Copyright (c) 2011, Joe Walnes and contributors
+// All rights reserved.
+//
+// Redistribution and use in source and binary forms, with or
+// without modification, are permitted provided that the
+// following conditions are met:
+//
+// * Redistributions of source code must retain the above
+// copyright notice, this list of conditions and the
+// following disclaimer.
+//
+// * Redistributions in binary form must reproduce the above
+// copyright notice, this list of conditions and the
+// following disclaimer in the documentation and/or other
+// materials provided with the distribution.
+//
+// * Neither the name of the Webbit nor the names of
+// its contributors may be used to endorse or promote products
+// derived from this software without specific prior written
+// permission.
+//
+// THIS SOFTWARE IS PROVIDED BY THE COPYRIGHT HOLDERS AND
+// CONTRIBUTORS ""AS IS"" AND ANY EXPRESS OR IMPLIED WARRANTIES,
+// INCLUDING, BUT NOT LIMITED TO, THE IMPLIED WARRANTIES OF
+// MERCHANTABILITY AND FITNESS FOR A PARTICULAR PURPOSE ARE
+// DISCLAIMED. IN NO EVENT SHALL THE COPYRIGHT HOLDER OR
+// CONTRIBUTORS BE LIABLE FOR ANY DIRECT, INDIRECT,
+// INCIDENTAL, SPECIAL, EXEMPLARY, OR CONSEQUENTIAL DAMAGES
+// (INCLUDING, BUT NOT LIMITED TO, PROCUREMENT OF SUBSTITUTE
+// GOODS OR SERVICES; LOSS OF USE, DATA, OR PROFITS; OR
+// BUSINESS INTERRUPTION) HOWEVER CAUSED AND ON ANY THEORY OF
+// LIABILITY, WHETHER IN CONTRACT, STRICT LIABILITY, OR TORT
+// (INCLUDING NEGLIGENCE OR OTHERWISE) ARISING IN ANY WAY OUT
+// OF THE USE OF THIS SOFTWARE, EVEN IF ADVISED OF THE
+// POSSIBILITY OF SUCH DAMAGE.
+
+package io.netty.handler.codec.http.websocketx;
+
+/**
+ * Decodes a web socket frame from wire protocol version 7 format. V7 is essentially the same as V8.
+ */
+public class WebSocket07FrameDecoder extends WebSocket08FrameDecoder {","I think it would make ""more sense"" to let 08 extend from 07. At least it sounds more logic, even if it will not matter :)
",53f646028b275831ba852efc207c58a274117750
1726617,0,"I think we can just remove it..   Am 01.10.2012 um 10:42 schrieb Jestan Nirojan <notifications@github.com>:  > In codec/src/main/java/io/netty/handler/codec/sctp/SctpMessageToMessageEncoder.java: >  > > + > > +package io.netty.handler.codec.sctp;""",2012-09-30 20:48:08,normanmaurer,netty,netty,,https://github.com/netty/netty/pull/633#discussion_r1726617,2012-10-01T08:48:08Z,2012-10-01T08:48:08Z,normanmaurer,MEMBER,codec/src/main/java/io/netty/handler/codec/sctp/SctpMessageToMessageEncoder.java,,31.0,,,31,"@@ -0,0 +1,36 @@
+/*
+ * Copyright 2012 The Netty Project
+ *
+ * The Netty Project licenses this file to you under the Apache License,
+ * version 2.0 (the ""License""); you may not use this file except in compliance
+ * with the License. You may obtain a copy of the License at:
+ *
+ * http://www.apache.org/licenses/LICENSE-2.0
+ *
+ * Unless required by applicable law or agreed to in writing, software
+ * distributed under the License is distributed on an ""AS IS"" BASIS, WITHOUT
+ * WARRANTIES OR CONDITIONS OF ANY KIND, either express or implied. See the
+ * License for the specific language governing permissions and limitations
+ * under the License.
+ */
+
+package io.netty.handler.codec.sctp;
+
+import io.netty.buffer.ByteBuf;
+import io.netty.channel.ChannelHandlerContext;
+import io.netty.channel.socket.SctpMessage;
+import io.netty.handler.codec.MessageToMessageEncoder;
+
+public abstract class SctpMessageToMessageEncoder<I> extends MessageToMessageEncoder<I, SctpMessage> {
+
+    /**
+     * Returns {@code true} if and only if the specified message can be encoded by this encoder.
+     *
+     * @param msg the message
+     */
+    public boolean isEncodable(Object msg) throws Exception {","I think we can just remove it..

Am 01.10.2012 um 10:42 schrieb Jestan Nirojan notifications@github.com:

> In codec/src/main/java/io/netty/handler/codec/sctp/SctpMessageToMessageEncoder.java:
> 
> > +
> > +package io.netty.handler.codec.sctp;
> > +
> > +import io.netty.buffer.ByteBuf;
> > +import io.netty.channel.ChannelHandlerContext;
> > +import io.netty.channel.socket.SctpMessage;
> > +import io.netty.handler.codec.MessageToMessageEncoder;
> > +
> > +public abstract class SctpMessageToMessageEncoder<I> extends MessageToMessageEncoder<I, SctpMessage> {
> > +
> > -    /**
> > -     \* Returns {@code true} if and only if the specified message can be encoded by this encoder.
> > -     *
> > -     \* @param msg the message
> > -     */
> > -    public boolean isEncodable(Object msg) throws Exception {
> >   What do you think, is it worth to have this or shall we remove this class?
> 
> —
> Reply to this email directly or view it on GitHub.
",7afa237f3f74c2e508d08a2501efd66601431c27
6621094,0,"Missing license header""",2013-09-26 16:31:21,normanmaurer,netty,netty,,https://github.com/netty/netty/pull/1867#discussion_r6621094,2013-09-27T04:31:21Z,2013-09-27T04:49:10Z,normanmaurer,MEMBER,src/main/java/org/jboss/netty/handler/codec/spdy/SpdyVersion.java,,16.0,,,16,"@@ -0,0 +1,40 @@
+package org.jboss.netty.handler.codec.spdy;","Missing license header
",bd54b516b7a7ded7c3ec830d32d4a4a3d322c1c4
5308823,0,"Wouldn't it be better to throw a DecoderException here ? """,2013-07-20 20:58:36,normanmaurer,netty,netty,,https://github.com/netty/netty/pull/1622#discussion_r5308823,2013-07-21T08:58:36Z,2013-08-11T21:24:19Z,normanmaurer,MEMBER,codec-dns/src/main/java/io/netty/handler/dns/decoder/RecordDecoderFactory.java,,,,,1,"@@ -0,0 +1,135 @@
+/*
+ * Copyright 2013 The Netty Project
+ *
+ * The Netty Project licenses this file to you under the Apache License,
+ * version 2.0 (the ""License""); you may not use this file except in compliance
+ * with the License. You may obtain a copy of the License at:
+ *
+ *   http://www.apache.org/licenses/LICENSE-2.0
+ *
+ * Unless required by applicable law or agreed to in writing, software
+ * distributed under the License is distributed on an ""AS IS"" BASIS, WITHOUT
+ * WARRANTIES OR CONDITIONS OF ANY KIND, either express or implied. See the
+ * License for the specific language governing permissions and limitations
+ * under the License.
+ */
+package io.netty.handler.dns.decoder;
+
+import io.netty.handler.codec.dns.DnsEntry;
+import io.netty.handler.codec.dns.DnsResponse;
+import io.netty.handler.codec.dns.Resource;
+
+import java.util.HashMap;
+import java.util.Map;
+
+/**
+ * Handles the decoding of resource records. Some default decoders are mapped to
+ * their resource types in the map {@code decoders}.
+ */
+public final class RecordDecoderFactory {
+
+    private static RecordDecoderFactory factory = new RecordDecoderFactory(null);
+
+    /**
+     * Returns the active {@link RecordDecoderFactory}, which is the same as the
+     * default factory if it has not been changed by the user.
+     */
+    public static RecordDecoderFactory getFactory() {
+        return factory;
+    }
+
+    /**
+     * Sets the active {@link RecordDecoderFactory} to be used for decoding
+     * resource records.
+     *
+     * @param factory
+     *            the {@link RecordDecoderFactory} to use
+     */
+    public static void setFactory(RecordDecoderFactory factory) {
+        if (factory == null) {
+            throw new NullPointerException(""Cannot set record decoder factory to null."");
+        }
+        RecordDecoderFactory.factory = factory;
+    }
+
+    private final Map<Integer, RecordDecoder<?>> decoders = new HashMap<Integer, RecordDecoder<?>>();
+
+    /**
+     * Creates a new {@link RecordDecoderFactory} only using the default
+     * decoders.
+     */
+    public RecordDecoderFactory() {
+        this(true, null);
+    }
+
+    /**
+     * Creates a new {@link RecordDecoderFactory} using the default decoders and
+     * custom decoders (custom decoders override defaults).
+     *
+     * @param customDecoders
+     *            user supplied resource record decoders, mapping the resource
+     *            record's type to the decoder
+     */
+    public RecordDecoderFactory(Map<Integer, RecordDecoder<?>> customDecoders) {
+        this(true, customDecoders);
+    }
+
+    /**
+     * Creates a {@link RecordDecoderFactory} using either custom resource
+     * record decoders, default decoders, or both. If a custom decoder has the
+     * same record type as a default decoder, the default decoder is overriden.
+     *
+     * @param useDefaultDecoders
+     *            if {@code true}, adds default decoders
+     * @param customDecoders
+     *            if not {@code null} or empty, adds custom decoders
+     */
+    public RecordDecoderFactory(boolean useDefaultDecoders, Map<Integer, RecordDecoder<?>> customDecoders) {
+        if (!useDefaultDecoders && (customDecoders == null || customDecoders.isEmpty())) {
+            throw new IllegalStateException(""No decoders have been included to be used with this factory."");
+        }
+        if (useDefaultDecoders) {
+            decoders.put(DnsEntry.TYPE_A, new AddressDecoder(4));
+            decoders.put(DnsEntry.TYPE_AAAA, new AddressDecoder(16));
+            decoders.put(DnsEntry.TYPE_MX, new MailExchangerDecoder());
+            decoders.put(DnsEntry.TYPE_TXT, new TextDecoder());
+            decoders.put(DnsEntry.TYPE_SRV, new ServiceDecoder());
+            RecordDecoder<?> decoder = new DomainDecoder();
+            decoders.put(DnsEntry.TYPE_NS, decoder);
+            decoders.put(DnsEntry.TYPE_CNAME, decoder);
+            decoders.put(DnsEntry.TYPE_PTR, decoder);
+            decoders.put(DnsEntry.TYPE_SOA, new StartOfAuthorityDecoder());
+        }
+        if (customDecoders != null) {
+            decoders.putAll(customDecoders);
+        }
+    }
+
+    /**
+     * Decodes a resource record and returns the result.
+     *
+     * @param type
+     *            the type of resource record
+     * @param response
+     *            the DNS response that contains the resource record being
+     *            decoded
+     * @param resource
+     *            the resource record being decoded
+     * @return the decoded resource record
+     */
+    @SuppressWarnings(""unchecked"")
+    public <T> T decode(int type, DnsResponse response, Resource resource) {
+        RecordDecoder<?> decoder = decoders.get(type);
+        if (decoder == null) {
+            throw new IllegalStateException(""Unsupported resource record type [id: "" + type + ""]."");
+        }
+        T result = null;
+        try {
+            result = (T) decoder.decode(response, resource);
+        } catch (Exception e) {
+            e.printStackTrace();","Wouldn't it be better to throw a DecoderException here ? 
",6b8b35ed29266799a286a9806d9be1b5d243fbc6
5288787,0,"areCookiesNeeded() """,2013-07-18 21:39:10,normanmaurer,netty,netty,,https://github.com/netty/netty/pull/1615#discussion_r5288787,2013-07-19T09:39:10Z,2014-03-18T13:28:33Z,normanmaurer,MEMBER,sockjs/src/main/java/io/netty/handler/codec/sockjs/Config.java,,,,,1,"@@ -0,0 +1,303 @@
+/*
+ * Copyright 2012 The Netty Project
+ *
+ * The Netty Project licenses this file to you under the Apache License, version
+ * 2.0 (the ""License""); you may not use this file except in compliance with the
+ * License. You may obtain a copy of the License at:
+ *
+ * http://www.apache.org/licenses/LICENSE-2.0
+ *
+ * Unless required by applicable law or agreed to in writing, software
+ * distributed under the License is distributed on an ""AS IS"" BASIS, WITHOUT
+ * WARRANTIES OR CONDITIONS OF ANY KIND, either express or implied. See the
+ * License for the specific language governing permissions and limitations under
+ * the License.
+ */
+package io.netty.handler.codec.sockjs;
+
+import java.util.Arrays;
+import java.util.HashSet;
+import java.util.Iterator;
+import java.util.Set;
+
+import io.netty.handler.codec.sockjs.util.ArgumentUtil;
+
+/**
+ * Configuration for a SockJS Session.
+ */
+public final class Config {
+
+    private final String prefix;
+    private final boolean websocketEnabled;
+    private final Set<String> websocketProtocols;
+    private final boolean cookiesNeeded;
+    private final String sockjsUrl;
+    private final long sessionTimeout;
+    private final long heartbeatInterval;
+    private final int maxStreamingBytesSize;
+    private final boolean tls;
+
+    private Config(final Builder builder) {
+        prefix = builder.prefix;
+        websocketEnabled = builder.websocketEnabled;
+        websocketProtocols = builder.websocketProtocols;
+        cookiesNeeded = builder.cookiesNeeded;
+        sockjsUrl = builder.sockjsUrl;
+        sessionTimeout = builder.sessionTimeout;
+        heartbeatInterval = builder.heartbeatInterval;
+        maxStreamingBytesSize = builder.maxStreamingBytesSize;
+        tls = builder.tls;
+    }
+
+    /**
+     * The prefix/name, of the SockJS service.
+     * For example, in the url ""http://localhost/echo/111/12345/xhr"", 'echo' is the prefix.
+     *
+     * @return {@code String} the prefix/name of the SockJS service.
+     */
+    public String prefix() {
+        return prefix;
+    }
+
+    /**
+     * Determines whether WebSocket support will not be enabled.
+     *
+     * @return {@code true} if WebSocket support is enabled.
+     */
+    public boolean websocketEnabled() {
+        return websocketEnabled;
+    }
+
+    /**
+     * If WebSockets are in use the this give the oppertunity to specify
+     * what 'WebSocket-Protocols' should be returned and supported by this
+     * SockJS session.
+     *
+     * @return {@code Set<String>} of WebSocket protocols supported.
+     */
+    public Set<String> websocketProtocol() {
+        return websocketProtocols;
+    }
+
+    /**
+    * If WebSockets are in use the this give the oppertunity to specify
+    * what 'WebSocket-Protocols' should be returned and supported by this
+    * SockJS session.
+    *
+    * @return {@code String} A comma separated value String with the WebSocket protocols supported
+    */
+   public String websocketProtocolCSV() {
+       if (websocketProtocols.isEmpty()) {
+           return null;
+       }
+       final StringBuilder sb = new StringBuilder();
+       final Iterator<String> iterator = websocketProtocols.iterator();
+       if (iterator.hasNext()) {
+           sb.append(iterator.next());
+           while (iterator.hasNext()) {
+               sb.append("","").append(iterator.next());
+           }
+       }
+       return sb.toString();
+   }
+
+    /**
+     * Determines if a {@code JSESSIONID} cookie will be set. This is used by some
+     * load balancers to enable session stickyness.
+     *
+     * @return {@code true} if a {@code JSESSIONID} cookie should be set.
+     */
+    public boolean cookiesNeeded() {","areCookiesNeeded() 
",a4ed84e69cc6901945f849248754ff12f623eb51
6177922,0,"why ? It makes it easier to construct a new Http*Decoder """,2013-09-04 22:11:41,normanmaurer,netty,netty,,https://github.com/netty/netty/pull/1795#discussion_r6177922,2013-09-05T10:11:41Z,2013-09-05T12:15:24Z,normanmaurer,MEMBER,codec-http/src/main/java/io/netty/handler/codec/http/HttpObjectDecoder.java,,,,,1,"@@ -96,32 +96,31 @@
  * To implement the decoder of such a derived protocol, extend this class and
  * implement all abstract methods properly.
  */
-public abstract class HttpObjectDecoder extends ReplayingDecoder<HttpObjectDecoder.State> {
+public abstract class HttpObjectDecoder extends ByteToMessageDecoder {
+
+    public static final int DEFAULT_MAX_INITIAL_LINE_LENGTH = 4096;
+    public static final int DEFAULT_MAX_HEADER_SIZE = 8192;
+    public static final int DEFAULT_MAX_CHUNK_SIZE = 8192;","why ? It makes it easier to construct a new Http*Decoder 
",c949edce90ef85c36a44906b7fdb8c6e9345dead
5903991,1,"I see ok :)""",2013-08-21 06:26:32,normanmaurer,netty,netty,,https://github.com/netty/netty/pull/1768#discussion_r5903991,2013-08-21T18:26:32Z,2013-08-21T18:26:32Z,normanmaurer,MEMBER,transport/src/main/java/io/netty/channel/ChannelOutboundBuffer.java,,83.0,,,4,"@@ -80,13 +80,11 @@ static ChannelOutboundBuffer newInstance(AbstractChannel channel) {
     private static final AtomicLongFieldUpdater<ChannelOutboundBuffer> TOTAL_PENDING_SIZE_UPDATER =
             AtomicLongFieldUpdater.newUpdater(ChannelOutboundBuffer.class, ""totalPendingSize"");
 
-    @SuppressWarnings({ ""unused"", ""FieldMayBeFinal"" })","I see ok :)
",09d253d7551660fe8c03493b188e370a2a86c703
4790847,0,"Its called for every message so it should be the same, no?  Am 20.06.2013 um 09:03 schrieb Trustin Lee <notifications@github.com>:  > In transport/src/test/java/io/netty/channel/local/LocalTransportThreadModelTest2.java: >  > > @@ -112,9 +111,8 @@ p""",2013-06-19 19:12:55,normanmaurer,netty,netty,,https://github.com/netty/netty/pull/1446#discussion_r4790847,2013-06-20T07:12:55Z,2013-06-20T08:21:59Z,normanmaurer,MEMBER,transport/src/test/java/io/netty/channel/local/LocalTransportThreadModelTest2.java,,,,,1,"@@ -112,9 +111,8 @@ public void channelActive(ChannelHandlerContext ctx) throws Exception {
         }
 
         @Override
-        public void messageReceived(ChannelHandlerContext ctx, MessageList<Object> msgs) throws Exception {
-            count.addAndGet(msgs.size());
-            msgs.recycle();
+        public void consume(ChannelHandlerContext ctx, Object msg) throws Exception {
+            count.incrementAndGet();","Its called for every message so it should be the same, no?

Am 20.06.2013 um 09:03 schrieb Trustin Lee notifications@github.com:

> In transport/src/test/java/io/netty/channel/local/LocalTransportThreadModelTest2.java:
> 
> > @@ -112,9 +111,8 @@ public void channelActive(ChannelHandlerContext ctx) throws Exception {
> >          }
> > 
> > ```
> >      @Override
> > ```
> > -        public void messageReceived(ChannelHandlerContext ctx, MessageList<Object> msgs) throws Exception {
> > -            count.addAndGet(msgs.size());
> > -            msgs.recycle();
> > -        public void consume(ChannelHandlerContext ctx, Object msg) throws Exception {
> > -            count.incrementAndGet();
> >   It's obviously different from adding msgs.size() and adding 1 msg.size times.
> 
> —
> Reply to this email directly or view it on GitHub.
",c4db28749e1fb7efbd660f268704a4b061e8dc82
2536398,0,"@trustin what you think about the TODO ? Do we want to also handle Buf here ?""",2013-01-02 19:57:53,normanmaurer,netty,netty,,https://github.com/netty/netty/pull/887#discussion_r2536398,2013-01-03T06:57:53Z,2013-01-03T15:24:56Z,normanmaurer,MEMBER,transport/src/main/java/io/netty/channel/ChannelHandlerUtil.java,,180.0,,,22,"@@ -166,6 +167,16 @@ public static void addToNextInboundBuffer(ChannelHandlerContext ctx, Object msg)
         }
     }
 
+    /**
+     * Try to free up resources that are held by the message.
+     */
+    public static void freeMessage(Object msg) throws Exception {
+        if (msg instanceof Message) {
+            ((Message) msg).free();
+        }
+        // TODO: Also handle Buf ?
+    }
+
     private ChannelHandlerUtil() {","@trustin what you think about the TODO ? Do we want to also handle Buf here ?
",fe5f5f7f5240c02bf9ad5c66d0d24a2e75e4300e
1460921,1,"I would still prefer nanoTime because it resists from system date shift. The perf difference is negligible IMHO.""",2012-08-26 02:17:49,trustin,netty,netty,,https://github.com/netty/netty/pull/565#discussion_r1460921,2012-08-26T14:17:49Z,2012-08-29T05:43:29Z,trustin,MEMBER,src/main/java/org/jboss/netty/channel/socket/nio/AbstractNioWorker.java,,,,,1,"@@ -220,7 +253,32 @@ public void run() {
             }
 
             try {
-                SelectorUtil.select(selector);
+                long beforeSelect = System.currentTimeMillis();","I would still prefer nanoTime because it resists from system date shift.
The perf difference is negligible IMHO.
",49ad538aef574ae99882ba80363f51e43a8e0004
659268,2,"This is due to Scala. I made some more wide ranging changes to the non-Netty version. I wish it was easier to keep them in sync. I might try and make an interface that works for both...""",2012-04-08 16:06:18,spullara,netty,netty,,https://github.com/netty/netty/pull/247#discussion_r659268,2012-04-09T04:06:18Z,2012-04-09T04:06:18Z,spullara,NONE,src/main/java/org/jboss/netty/handler/codec/redis/Command.java,,55.0,,,63,"@@ -26,86 +26,75 @@
     static final byte[] ARGS_PREFIX = ""*"".getBytes();
     static final byte[] CRLF = ""\r\n"".getBytes();
     static final byte[] BYTES_PREFIX = ""$"".getBytes();
-    static final byte[] EMPTY_BYTES = new byte[0];
     static final byte[] NEG_ONE_AND_CRLF = convertWithCRLF(-1);
 
-    private ChannelBuffer[] arguments;
-    private final Object[] objects;
+    private final ChannelBuffer command = ChannelBuffers.dynamicBuffer();
 
-    public Command(byte[]... arguments) {
-        if (arguments == null) {
-            this.arguments = null;
-            objects = null;
-        } else {
-            this.arguments = new ChannelBuffer[arguments.length];
-            for (int i = 0; i < arguments.length; i ++) {
-                byte[] a = arguments[i];
-                if (a == null) {
-                    continue;
-                }
-                this.arguments[i] = ChannelBuffers.wrappedBuffer(a);
-            }
-            objects = this.arguments;
-        }
+    public Command(Object name) {
+        writeHeader(name, 0);
+    }
+
+    public Command(Object name, Object object1) {
+        writeHeader(name, 1);
+        writeObject(object1);
     }
 
-    public Command(ChannelBuffer[] arguments) {
-        this.arguments = arguments;
-        objects = arguments;
+    public Command(Object name, Object object1, Object object2) {
+        writeHeader(name, 2);
+        writeObject(object1);
+        writeObject(object2);
     }
 
-    public Command(Object... objects) {
-        this.objects = objects;
+    public Command(Object name, Object object1, Object object2, Object object3) {
+        writeHeader(name, 3);
+        writeObject(object1);
+        writeObject(object2);
+        writeObject(object3);
     }
 
-    public String name() {
-        if (arguments == null) {
-            Object o = objects[0];
-            if (o instanceof ChannelBuffer) {
-                return ((ChannelBuffer) o).toString(CharsetUtil.UTF_8);
-            }
-            if (o == null) {
-                return null;
-            }
-            return o.toString();
+    public Command(Object name, Object[] objects) {","This is due to Scala. I made some more wide ranging changes to the non-Netty version. I wish it was easier to keep them in sync. I might try and make an interface that works for both...
",f9b6b48b3589e87d1da0d2a26700c376becdf92b
247940,1,"@trustin thanks for a good feedback, and more importantly for going with backporting it!""",2011-11-23 01:34:48,alepar,netty,netty,,https://github.com/netty/netty/pull/75#discussion_r247940,2011-11-23T12:34:48Z,2011-11-23T12:34:48Z,alepar,CONTRIBUTOR,src/main/java/org/jboss/netty/handler/codec/serialization/ObjectDecoder.java,,80.0,,,26,"@@ -74,12 +74,12 @@ public class ObjectDecoder extends LengthFieldBasedFrameDecoder {
      *                       if the length of the received object is greater
      *                       than this value, {@link StreamCorruptedException}
      *                       will be raised.
-     * @param classLoader    the {@link ClassLoader} which will load the class
+     * @param classResolver    the {@link ClassResolver} which will load the class
      *                       of the serialized object
      */
-    public ObjectDecoder(int maxObjectSize, ClassLoader classLoader) {","@trustin thanks for a good feedback, and more importantly for going with backporting it!
",cee5ee5679de2a8900afe9bbf05f973ace08ce71
232648,1,"Thats in another context ;) We still do this kind of stuff here: https://github.com/normanmaurer/netty/blob/master/src/main/java/org/jboss/netty/channel/DefaultChannelFuture.java#L113  As otherwise we need to review the isSuccess() method if Result. """,2011-11-16 02:40:28,normanmaurer,netty,netty,,https://github.com/netty/netty/pull/57#discussion_r232648,2011-11-16T13:40:28Z,2011-11-25T08:39:28Z,normanmaurer,MEMBER,src/main/java/org/jboss/netty/channel/DefaultChannelFuture.java,,,,,1,"@@ -441,4 +372,30 @@ public class DefaultChannelFuture implements ChannelFuture {
                     ChannelFutureProgressListener.class.getSimpleName() + ""."", t);
         }
     }
+    
+    private static final class Result {
+        
+        private final Throwable cause;
+
+        public Result() {
+            this(null);
+        }
+        
+        public Result(Throwable cause) {
+            this.cause = cause;
+        }
+        
+        public Throwable getCause() {
+            return cause;","Thats in another context ;) We still do this kind of stuff here:
https://github.com/normanmaurer/netty/blob/master/src/main/java/org/jboss/netty/channel/DefaultChannelFuture.java#L113

As otherwise we need to review the isSuccess() method if Result.
",a382149bba690626e8f64c67d87f4f293525b8bc
6177913,1,"good catch.. yeah :)""",2013-09-04 22:11:10,normanmaurer,netty,netty,,https://github.com/netty/netty/pull/1795#discussion_r6177913,2013-09-05T10:11:10Z,2013-09-05T12:15:24Z,normanmaurer,MEMBER,codec-http/src/main/java/io/netty/handler/codec/http/DefaultHttpHeaders.java,,,,,1,"@@ -29,13 +32,35 @@
 
     private static final int BUCKET_SIZE = 17;
 
-    private static int hash(String name) {
+    private static final Set<String> KNOWN_NAMES = createSet(Names.class);
+    private static final Set<String> KNOWN_VALUES = createSet(Values.class);
+
+    private static Set<String> createSet(Class<?> clazz) {
+        Set<String> set = new HashSet<String>();
+        Field[] fields = clazz.getDeclaredFields();
+
+        for (Field f: fields) {
+            int m = f.getModifiers();
+            if (Modifier.isPublic(m) && Modifier.isFinal(m) && Modifier.isFinal(m)","good catch.. yeah :)
",c949edce90ef85c36a44906b7fdb8c6e9345dead
5829501,1,"Rest looks good.. Please update pull-req and I will do some more tests and then merge in :)""",2013-08-17 06:20:17,normanmaurer,netty,netty,,https://github.com/netty/netty/pull/1755#discussion_r5829501,2013-08-17T18:20:17Z,2013-08-17T20:41:21Z,normanmaurer,MEMBER,transport/src/main/java/io/netty/channel/ChannelOutboundBuffer.java,,,,,1,"@@ -98,164 +91,65 @@ static ChannelOutboundBuffer newInstance(AbstractChannel channel) {
     private ChannelOutboundBuffer(Handle handle) {
         this.handle = handle;
 
-        flushed = new Object[INITIAL_CAPACITY];
-        flushedPromises = new ChannelPromise[INITIAL_CAPACITY];
-        flushedPendingSizes = new int[INITIAL_CAPACITY];
-        flushedProgresses = new long[INITIAL_CAPACITY];
-        flushedTotals = new long[INITIAL_CAPACITY];
+        buffer = new Entry[INITIAL_CAPACITY];
+        for (int i = 0; i < INITIAL_CAPACITY; i++) {","Rest looks good.. Please update pull-req and I will do some more tests and then merge in :)
",02cf26ce0a6f0bf5bdbbcf8a311a962d399a9dc8
3700801,1,"thanks,I am clear more about this now.""",2013-04-08 07:11:18,hepin1989,netty,netty,,https://github.com/netty/netty/pull/1254#discussion_r3700801,2013-04-08T19:11:18Z,2013-04-08T19:11:18Z,He-Pin,CONTRIBUTOR,transport/src/main/java/io/netty/channel/ChannelStateHandlerAdapter.java,,90.0,,,18,"@@ -80,6 +81,17 @@ public void channelReadSuspended(ChannelHandlerContext ctx) throws Exception {
     }
 
     /**
+     * Calls {@link ChannelHandlerContext#fireInboundBufferUpdated()} to forward
+     * to the next {@link ChannelHandler} in the {@link ChannelPipeline}.
+     *
+     * Sub-classes may override this method to change behavior.
+     */
+    @Override
+    public void inboundBufferUpdated(ChannelHandlerContext ctx) throws Exception {","thanks,I am clear more about this now.
",d2cbaa735bf1a1f4a550c2f417f5f188e7724032
2536301,1,"I'm fine with having `freeInboundMessage(..)`.  :-)""",2013-01-02 19:15:16,trustin,netty,netty,,https://github.com/netty/netty/pull/887#discussion_r2536301,2013-01-03T06:15:16Z,2013-01-03T15:24:56Z,trustin,MEMBER,codec/src/main/java/io/netty/handler/codec/MessageToMessageDecoder.java,,,,,1,"@@ -81,15 +82,19 @@ public void inboundBufferUpdated(ChannelHandlerContext ctx)
 
                 @SuppressWarnings(""unchecked"")
                 I imsg = (I) msg;
-                O omsg = decode(ctx, imsg);
-                if (omsg == null) {
-                    // Decoder consumed a message but returned null.
-                    // Probably it needs more messages because it's an aggregator.
-                    continue;
-                }
+                try {
+                    O omsg = decode(ctx, imsg);
+                    if (omsg == null) {
+                        // Decoder consumed a message but returned null.
+                        // Probably it needs more messages because it's an aggregator.
+                        continue;
+                    }
 
-                if (ChannelHandlerUtil.unfoldAndAdd(ctx, omsg, true)) {
-                    notify = true;
+                    if (ChannelHandlerUtil.unfoldAndAdd(ctx, omsg, true)) {
+                        notify = true;
+                    }
+                } finally {
+                    freeInboundMessage(imsg);","I'm fine with having `freeInboundMessage(..)`.  :-)
",fe5f5f7f5240c02bf9ad5c66d0d24a2e75e4300e
2522626,1,"I always find blind casts dubious :-)""",2012-12-30 23:18:37,viktorklang,netty,netty,,https://github.com/netty/netty/pull/873#discussion_r2522626,2012-12-31T10:18:37Z,2012-12-31T10:18:37Z,viktorklang,NONE,transport/src/main/java/io/netty/channel/CompleteChannelPromise.java,,57.0,,,57,"@@ -0,0 +1,84 @@
+/*
+ * Copyright 2012 The Netty Project
+ *
+ * The Netty Project licenses this file to you under the Apache License,
+ * version 2.0 (the ""License""); you may not use this file except in compliance
+ * with the License. You may obtain a copy of the License at:
+ *
+ *   http://www.apache.org/licenses/LICENSE-2.0
+ *
+ * Unless required by applicable law or agreed to in writing, software
+ * distributed under the License is distributed on an ""AS IS"" BASIS, WITHOUT
+ * WARRANTIES OR CONDITIONS OF ANY KIND, either express or implied. See the
+ * License for the specific language governing permissions and limitations
+ * under the License.
+ */
+package io.netty.channel;
+
+
+abstract class CompleteChannelPromise extends CompleteChannelFuture implements ChannelPromise {
+
+    protected CompleteChannelPromise(Channel channel) {
+        super(channel);
+    }
+
+    @Override
+    public void setProgress(long amount, long current, long total) {
+        throw new IllegalStateException();
+    }
+
+    @Override
+    public boolean tryProgress(long amount, long current, long total) {
+        return false;
+    }
+
+    @Override
+    public void setFailure(Throwable cause) {
+        throw new IllegalStateException();
+    }
+
+    @Override
+    public boolean tryFailure(Throwable cause) {
+        return false;
+    }
+
+    @Override
+    public void setSuccess() {
+        throw new IllegalStateException();
+    }
+
+    @Override
+    public boolean trySuccess() {
+        return false;
+    }
+
+    @Override
+    public ChannelPromise addListener(final ChannelFutureListener listener) {
+        return (ChannelPromise) super.addListener(listener);","I always find blind casts dubious :-)
",327dfa8446daded9489923726781d1f0f6be1a3d
1726471,1,"Ok, this can be removed :-).""",2012-09-30 20:18:22,jestan,netty,netty,,https://github.com/netty/netty/pull/633#discussion_r1726471,2012-10-01T08:18:22Z,2012-10-01T08:18:22Z,jestan,MEMBER,codec/src/main/java/io/netty/handler/codec/sctp/SctpMessageCompletionHandler.java,,33.0,,,33,"@@ -0,0 +1,76 @@
+/*
+ * Copyright 2012 The Netty Project
+ *
+ * The Netty Project licenses this file to you under the Apache License,
+ * version 2.0 (the ""License""); you may not use this file except in compliance
+ * with the License. You may obtain a copy of the License at:
+ *
+ * http://www.apache.org/licenses/LICENSE-2.0
+ *
+ * Unless required by applicable law or agreed to in writing, software
+ * distributed under the License is distributed on an ""AS IS"" BASIS, WITHOUT
+ * WARRANTIES OR CONDITIONS OF ANY KIND, either express or implied. See the
+ * License for the specific language governing permissions and limitations
+ * under the License.
+ */
+
+package io.netty.handler.codec.sctp;
+
+import io.netty.buffer.ByteBuf;
+import io.netty.buffer.Unpooled;
+import io.netty.channel.ChannelHandlerContext;
+import io.netty.channel.ChannelInboundMessageHandlerAdapter;
+import io.netty.channel.socket.SctpMessage;
+
+import java.util.HashMap;
+import java.util.Map;
+
+public class SctpMessageCompletionHandler extends ChannelInboundMessageHandlerAdapter<SctpMessage> {
+    private Map<Integer, ByteBuf> fragments = new HashMap<Integer, ByteBuf>();
+
+    /**
+     */
+    public SctpMessageCompletionHandler() {","Ok, this can be removed :-).
",7afa237f3f74c2e508d08a2501efd66601431c27
725002,2,"We shouldn't use a composite buffer - it's known to perform pretty bad and it will make hotspot confused because of one more ChannelBuffer implementation to consider.""",2012-04-23 19:43:03,trustin,netty,netty,,https://github.com/netty/netty/pull/280#discussion_r725002,2012-04-24T07:43:03Z,2012-04-24T11:04:12Z,trustin,MEMBER,src/main/java/org/jboss/netty/handler/codec/frame/FrameDecoder.java,,240.0,,,42,"@@ -211,15 +210,47 @@ public void messageReceived(
                 (this.cumulation = newCumulationBuffer(ctx, input.readableBytes())).writeBytes(input);
             }
         } else {
-            ChannelBuffer cumulation = this.cumulation;
             assert cumulation.readable();
-            if (cumulation.writableBytes() < input.readableBytes()) {
-                cumulation.discardReadBytes();
+            boolean fit = false;
+            
+            int readable = input.readableBytes();
+            int writable = cumulation.writableBytes();
+            int w = writable - readable;
+            if (w < 0) {
+                int readerIndex = cumulation.readerIndex();
+                if (w + readerIndex >= 0) {
+                    // the input will fit if we discard all read bytes, so do it
+                    cumulation.discardReadBytes();
+                    fit = true;
+                }
+            } else {
+
+                // ok the input fit into the cumulation buffer
+                fit = true;
+            }
+            
+            
+            ChannelBuffer buf;
+            if (fit) {
+                // the input fit in the cumulation buffer so copy it over
+                buf = this.cumulation;
+                buf.writeBytes(input);
+            } else {
+                // wrap the cumulation and input 
+                buf = ChannelBuffers.wrappedBuffer(cumulation, input);","We shouldn't use a composite buffer - it's known to perform pretty bad and it will make hotspot confused because of one more ChannelBuffer implementation to consider.
",79f3efd89f82b6d8e6a81310e8bb46cacedf978d
247931,1,"Thanks a lot.  We will have to remove `ObjectDecoder(int)` otherwise. :-)""",2011-11-23 01:27:08,trustin,netty,netty,,https://github.com/netty/netty/pull/75#discussion_r247931,2011-11-23T12:27:08Z,2011-11-23T12:27:08Z,trustin,MEMBER,src/main/java/org/jboss/netty/handler/codec/serialization/ObjectDecoder.java,,80.0,,,26,"@@ -74,12 +74,12 @@ public class ObjectDecoder extends LengthFieldBasedFrameDecoder {
      *                       if the length of the received object is greater
      *                       than this value, {@link StreamCorruptedException}
      *                       will be raised.
-     * @param classLoader    the {@link ClassLoader} which will load the class
+     * @param classResolver    the {@link ClassResolver} which will load the class
      *                       of the serialized object
      */
-    public ObjectDecoder(int maxObjectSize, ClassLoader classLoader) {","Thanks a lot.  We will have to remove `ObjectDecoder(int)` otherwise. :-)
",cee5ee5679de2a8900afe9bbf05f973ace08ce71
232532,0,"Ok forget my response. I just checked the javadocs:  The memory effects for accesses and updates of atomics generally follow the rules for volatiles: * get has the memory effects of reading a volatile variable.   So yes let me remove it.  """,2011-11-16 01:29:32,normanmaurer,netty,netty,,https://github.com/netty/netty/pull/57#discussion_r232532,2011-11-16T12:29:32Z,2011-11-25T08:39:28Z,normanmaurer,MEMBER,src/main/java/org/jboss/netty/channel/DefaultChannelFuture.java,,,,,1,"@@ -72,11 +75,10 @@ public class DefaultChannelFuture implements ChannelFuture {
     private final Channel channel;
     private final boolean cancellable;
 
-    private ChannelFutureListener firstListener;
-    private List<ChannelFutureListener> otherListeners;
-    private List<ChannelFutureProgressListener> progressListeners;
-    private boolean done;
-    private Throwable cause;
+    private final List<ChannelFutureListener> listeners = new CopyOnWriteArrayList<ChannelFutureListener>();
+    private final  List<ChannelFutureProgressListener> progressListeners = new CopyOnWriteArrayList<ChannelFutureProgressListener>();
+    private volatile boolean done;","Ok forget my response. I just checked the javadocs:

The memory effects for accesses and updates of atomics generally follow the rules for volatiles:
- get has the memory effects of reading a volatile variable. 

So yes let me remove it.
",a382149bba690626e8f64c67d87f4f293525b8bc
5289129,1,"javadocs please :)""",2013-07-18 21:59:43,normanmaurer,netty,netty,,https://github.com/netty/netty/pull/1615#discussion_r5289129,2013-07-19T09:59:43Z,2014-03-18T13:28:33Z,normanmaurer,MEMBER,sockjs/src/main/java/io/netty/handler/codec/sockjs/transports/AbstractSendTransport.java,,,,,1,"@@ -0,0 +1,111 @@
+/*
+ * Copyright 2012 The Netty Project
+ *
+ * The Netty Project licenses this file to you under the Apache License, version
+ * 2.0 (the ""License""); you may not use this file except in compliance with the
+ * License. You may obtain a copy of the License at:
+ *
+ * http://www.apache.org/licenses/LICENSE-2.0
+ *
+ * Unless required by applicable law or agreed to in writing, software
+ * distributed under the License is distributed on an ""AS IS"" BASIS, WITHOUT
+ * WARRANTIES OR CONDITIONS OF ANY KIND, either express or implied. See the
+ * License for the specific language governing permissions and limitations under
+ * the License.
+ */
+package io.netty.handler.codec.sockjs.transports;
+
+import static io.netty.handler.codec.http.HttpHeaders.Names.CONTENT_TYPE;
+import static io.netty.handler.codec.sockjs.transports.Transports.CONTENT_TYPE_PLAIN;
+import static io.netty.handler.codec.sockjs.transports.Transports.internalServerErrorResponse;
+import static io.netty.handler.codec.sockjs.transports.Transports.responseWithContent;
+import io.netty.channel.ChannelFutureListener;
+import io.netty.channel.ChannelHandlerContext;
+import io.netty.channel.SimpleChannelInboundHandler;
+import io.netty.handler.codec.http.FullHttpRequest;
+import io.netty.handler.codec.http.FullHttpResponse;
+import io.netty.handler.codec.http.HttpResponseStatus;
+import io.netty.handler.codec.http.HttpVersion;
+import io.netty.handler.codec.http.QueryStringDecoder;
+import io.netty.handler.codec.sockjs.Config;
+import io.netty.handler.codec.sockjs.util.ArgumentUtil;
+import io.netty.handler.codec.sockjs.util.JsonUtil;
+import io.netty.util.CharsetUtil;
+
+import java.util.List;
+
+import org.codehaus.jackson.JsonParseException;
+
+public abstract class AbstractSendTransport extends SimpleChannelInboundHandler<FullHttpRequest> {
+
+    protected Config config;
+
+    public AbstractSendTransport(final Config config) {
+        ArgumentUtil.checkNotNull(config, ""config"");
+        this.config = config;
+    }
+
+    @Override
+    public void channelRead0(final ChannelHandlerContext ctx, final FullHttpRequest request) throws Exception {
+        final String content = getContent(request);
+        if (noContent(content)) {
+            ctx.writeAndFlush(internalServerErrorResponse(request.getProtocolVersion(), ""Payload expected.""))
+            .addListener(ChannelFutureListener.CLOSE);
+        } else {
+            try {
+                final String[] messages = JsonUtil.decode(content);
+                for (String message : messages) {
+                    ctx.fireChannelRead(message);
+                }
+                respond(ctx, request);
+            } catch (final JsonParseException e) {
+                ctx.writeAndFlush(internalServerErrorResponse(request.getProtocolVersion(), ""Broken JSON encoding.""));
+            }
+        }
+    }
+
+    public abstract void respond(final ChannelHandlerContext ctx, final FullHttpRequest request) throws Exception;","javadocs please :)
",a4ed84e69cc6901945f849248754ff12f623eb51
5289281,0,"shouldn't the handshaker close the channel anyway ?""",2013-07-18 22:10:30,normanmaurer,netty,netty,,https://github.com/netty/netty/pull/1615#discussion_r5289281,2013-07-19T10:10:30Z,2014-03-18T13:28:33Z,normanmaurer,MEMBER,sockjs/src/main/java/io/netty/handler/codec/sockjs/transports/RawWebSocketTransport.java,,,,,1,"@@ -0,0 +1,179 @@
+/*
+ * Copyright 2012 The Netty Project
+ *
+ * The Netty Project licenses this file to you under the Apache License, version
+ * 2.0 (the ""License""); you may not use this file except in compliance with the
+ * License. You may obtain a copy of the License at:
+ *
+ * http://www.apache.org/licenses/LICENSE-2.0
+ *
+ * Unless required by applicable law or agreed to in writing, software
+ * distributed under the License is distributed on an ""AS IS"" BASIS, WITHOUT
+ * WARRANTIES OR CONDITIONS OF ANY KIND, either express or implied. See the
+ * License for the specific language governing permissions and limitations under
+ * the License.
+ */
+package io.netty.handler.codec.sockjs.transports;
+
+import static io.netty.handler.codec.http.HttpMethod.GET;
+import static io.netty.handler.codec.sockjs.transports.Transports.badRequestResponse;
+import static io.netty.handler.codec.sockjs.transports.Transports.internalServerErrorResponse;
+import static io.netty.handler.codec.sockjs.transports.Transports.methodNotAllowedResponse;
+import io.netty.channel.ChannelFuture;
+import io.netty.channel.ChannelFutureListener;
+import io.netty.channel.ChannelHandlerContext;
+import io.netty.channel.SimpleChannelInboundHandler;
+import io.netty.handler.codec.http.FullHttpRequest;
+import io.netty.handler.codec.http.HttpHeaders;
+import io.netty.handler.codec.http.HttpRequest;
+import io.netty.handler.codec.http.websocketx.CloseWebSocketFrame;
+import io.netty.handler.codec.http.websocketx.PingWebSocketFrame;
+import io.netty.handler.codec.http.websocketx.PongWebSocketFrame;
+import io.netty.handler.codec.http.websocketx.TextWebSocketFrame;
+import io.netty.handler.codec.http.websocketx.WebSocketFrame;
+import io.netty.handler.codec.http.websocketx.WebSocketHandshakeException;
+import io.netty.handler.codec.http.websocketx.WebSocketServerHandshaker;
+import io.netty.handler.codec.http.websocketx.WebSocketServerHandshakerFactory;
+import io.netty.handler.codec.sockjs.Config;
+import io.netty.handler.codec.sockjs.SessionContext;
+import io.netty.handler.codec.sockjs.SockJSService;
+import io.netty.handler.codec.sockjs.handlers.CorsInboundHandler;
+import io.netty.handler.codec.sockjs.handlers.CorsOutboundHandler;
+import io.netty.handler.codec.sockjs.handlers.SockJSHandler;
+import io.netty.util.AttributeKey;
+import io.netty.util.internal.logging.InternalLogger;
+import io.netty.util.internal.logging.InternalLoggerFactory;
+
+/**
+ * WebSocketTransport is responsible for the WebSocket handshake and
+ * also for receiving WebSocket frames.
+ */
+public class RawWebSocketTransport extends SimpleChannelInboundHandler<Object> {
+    private static final InternalLogger logger = InternalLoggerFactory.getInstance(RawWebSocketTransport.class);
+    private static final AttributeKey<HttpRequest> REQUEST_KEY = new AttributeKey<HttpRequest>(""raw.ws.request.key"");
+    private final Config config;
+    private final SockJSService service;
+    private WebSocketServerHandshaker handshaker;
+
+    public RawWebSocketTransport(final Config config, final SockJSService service) {
+        this.config = config;
+        this.service = service;
+    }
+
+    @Override
+    protected void channelRead0(final ChannelHandlerContext ctx, final Object msg) throws Exception {
+        if (msg instanceof FullHttpRequest) {
+            handleHttpRequest(ctx, (FullHttpRequest) msg);
+        } else if (msg instanceof WebSocketFrame) {
+            handleWebSocketFrame(ctx, (WebSocketFrame) msg);
+        } else {
+            ctx.fireChannelRead(msg);
+        }
+    }
+
+    private boolean checkRequestHeaders(final ChannelHandlerContext ctx, final HttpRequest req) {
+        if (req.getMethod() != GET) {
+            ctx.writeAndFlush(methodNotAllowedResponse(req.getProtocolVersion()))
+            .addListener(ChannelFutureListener.CLOSE);
+            return false;
+        }
+
+        final String upgradeHeader = req.headers().get(HttpHeaders.Names.UPGRADE);
+        if (upgradeHeader == null || !upgradeHeader.toLowerCase().equals(""websocket"")) {
+            ctx.writeAndFlush(badRequestResponse(req.getProtocolVersion(), ""Can \""Upgrade\"" only to \""WebSocket\"".""))
+            .addListener(ChannelFutureListener.CLOSE);
+            return false;
+        }
+
+        String connectHeader = req.headers().get(HttpHeaders.Names.CONNECTION);
+        if (connectHeader != null && connectHeader.toLowerCase().equals(""keep-alive, upgrade"")) {
+            req.headers().set(HttpHeaders.Names.CONNECTION, HttpHeaders.Values.UPGRADE);
+            connectHeader = HttpHeaders.Values.UPGRADE.toString();
+        }
+        if (connectHeader == null || !connectHeader.toLowerCase().equals(""upgrade"")) {
+            ctx.writeAndFlush(badRequestResponse(req.getProtocolVersion(), ""\""Connection\"" must be \""Upgrade\"".""))
+            .addListener(ChannelFutureListener.CLOSE);
+            return false;
+        }
+        return true;
+    }
+
+    private void handleHttpRequest(final ChannelHandlerContext ctx, FullHttpRequest req) throws Exception {
+        if (!checkRequestHeaders(ctx, req)) {
+            return;
+        }
+        ctx.attr(REQUEST_KEY).set(req);
+        final String wsUrl = getWebSocketLocation(config.tls(), req, Transports.Types.WEBSOCKET.path());
+        final WebSocketServerHandshakerFactory wsFactory = new WebSocketServerHandshakerFactory(wsUrl,
+                config.websocketProtocolCSV(), false);
+        handshaker = wsFactory.newHandshaker(req);
+        if (handshaker == null) {
+            WebSocketServerHandshakerFactory.sendUnsupportedWebSocketVersionResponse(ctx.channel());
+        } else {
+            final ChannelFuture handshakeFuture = handshaker.handshake(ctx.channel(), req);
+            handshakeFuture.addListener(new ChannelFutureListener() {
+                @Override
+                public void operationComplete(final ChannelFuture future) throws Exception {
+                    if (future.isSuccess()) {
+                        ctx.pipeline().remove(SockJSHandler.class);
+                        ctx.pipeline().remove(CorsInboundHandler.class);
+                        ctx.pipeline().remove(CorsOutboundHandler.class);
+                        ctx.pipeline().addLast(new RawWebSocketSendHandler());
+                        service.onOpen(new SessionContext() {
+                            @Override
+                            public void send(String message) {
+                                ctx.writeAndFlush(new TextWebSocketFrame(message));
+                            }
+                            @Override
+                            public void close() {
+                                ctx.close();
+                            }
+                            @Override
+                            public ChannelHandlerContext getContext() {
+                                return ctx;
+                            }
+                        });
+                    }
+                }
+            });
+        }
+    }
+
+    private static String getWebSocketLocation(final boolean tls, final FullHttpRequest req, final String path) {
+        final String protocol = tls ? ""wss://"" : ""ws://"";
+        return protocol + req.headers().get(HttpHeaders.Names.HOST) + path;
+    }
+
+    private void handleWebSocketFrame(final ChannelHandlerContext ctx, final WebSocketFrame wsFrame) throws Exception {
+        if (wsFrame instanceof CloseWebSocketFrame) {
+            wsFrame.retain();
+            service.onClose();
+            handshaker.close(ctx.channel(), (CloseWebSocketFrame) wsFrame);
+            ctx.close();","shouldn't the handshaker close the channel anyway ?
",a4ed84e69cc6901945f849248754ff12f623eb51
5860282,0,"Remove empty line""",2013-08-19 16:18:34,normanmaurer,netty,netty,,https://github.com/netty/netty/pull/1757#discussion_r5860282,2013-08-20T04:18:34Z,2013-08-20T04:18:34Z,normanmaurer,MEMBER,transport/src/main/java/io/netty/channel/AbstractChannel.java,,894.0,,,114,"@@ -821,4 +891,5 @@ boolean setClosed() {
             return super.trySuccess();
         }
     }
+","Remove empty line
",52fa7617cbcc28405c0bddcec371f9a1802609cd
4118895,0,"As the attribute should be clean on the sender side, there should not need any trim(). But in case of doubt, we could put the trim again (in the decodeAttributeMultipart then). WDYT ?""",2013-05-07 05:53:45,fredericBregier,netty,netty,,https://github.com/netty/netty/pull/1342#discussion_r4118895,2013-05-07T17:53:45Z,2013-05-07T20:28:50Z,fredericBregier,MEMBER,src/main/java/org/jboss/netty/handler/codec/http/multipart/HttpPostRequestDecoder.java,,,,,1,"@@ -1032,8 +1050,8 @@ private InterfaceHttpData findMultipartDisposition()
                             Attribute attribute;
                             try {
                                 attribute = factory.createAttribute(request,
-                                        decodeAttribute(cleanString(contents[0].trim()), charset),
-                                        decodeAttribute(cleanString(contents[i]), charset));
+                                        decodeAttributeMultipart(contents[0], charset),","As the attribute should be clean on the sender side, there should not need any trim().
But in case of doubt, we could put the trim again (in the decodeAttributeMultipart then).
WDYT ?
",da05574bccd7c3ce525bc1c8afa203398c8be6cc
3700820,1,"when I write this I was wondering using the set or add.thanks ,the set is more good.""",2013-04-08 07:12:11,hepin1989,netty,netty,,https://github.com/netty/netty/pull/1254#discussion_r3700820,2013-04-08T19:12:11Z,2013-04-08T19:12:11Z,He-Pin,CONTRIBUTOR,transport/src/main/java/io/netty/channel/DefaultFileRegion.java,,85.0,,,17,"@@ -77,11 +78,26 @@ public long transferTo(WritableByteChannel target, long position) throws IOExcep
         if (count == 0) {
             return 0L;
         }
-
         return file.transferTo(this.position + position, count, target);
     }
 
     @Override
+    public FileRegion addListener(FileRegionListener listener) {","when I write this I was wondering using the set or add.thanks ,the set is more good.
",d2cbaa735bf1a1f4a550c2f417f5f188e7724032
3008618,2,"I don't like exposing this idiom in our public API.  Let's just make retain() non-final and override return types manually.""",2013-02-13 18:04:05,trustin,netty,netty,,https://github.com/netty/netty/pull/1049#discussion_r3008618,2013-02-14T05:04:05Z,2013-02-14T06:30:28Z,trustin,MEMBER,buffer/src/main/java/io/netty/buffer/AbstractReferenceCounted.java,,,,,1,"@@ -17,8 +17,9 @@
 
 import java.util.concurrent.atomic.AtomicIntegerFieldUpdater;
 
-public abstract class AbstractReferenceCounted implements ReferenceCounted {
+public abstract class AbstractReferenceCounted<E extends ReferenceCounted> implements ReferenceCounted {","I don't like exposing this idiom in our public API.  Let's just make retain() non-final and override return types manually.
",248d54780e2486a384c0312fbc114d493ba916ff
2519579,0,"Remove all of the //""",2012-12-28 20:50:01,normanmaurer,netty,netty,,https://github.com/netty/netty/pull/867#discussion_r2519579,2012-12-29T07:50:01Z,2013-01-07T15:46:03Z,normanmaurer,MEMBER,transport/src/main/java/io/netty/channel/socket/nio/NioUdtProvider.java,,,,,1,"@@ -0,0 +1,143 @@
+/*
+ * Copyright 2011 The Netty Project
+ *
+ * The Netty Project licenses this file to you under the Apache License,
+ * version 2.0 (the ""License""); you may not use this file except in compliance
+ * with the License. You may obtain a copy of the License at:
+ *
+ * http://www.apache.org/licenses/LICENSE-2.0
+ *
+ * Unless required by applicable law or agreed to in writing, software
+ * distributed under the License is distributed on an ""AS IS"" BASIS, WITHOUT
+ * WARRANTIES OR CONDITIONS OF ANY KIND, either express or implied. See the
+ * License for the specific language governing permissions and limitations
+ * under the License.
+ */
+package io.netty.channel.socket.nio;
+
+import io.netty.bootstrap.AbstractBootstrap.ChannelFactory;
+import io.netty.channel.Channel;
+import io.netty.channel.ChannelException;
+
+import java.io.IOException;
+import java.nio.channels.spi.SelectorProvider;
+
+import com.barchart.udt.SocketUDT;
+import com.barchart.udt.TypeUDT;
+import com.barchart.udt.nio.KindUDT;
+import com.barchart.udt.nio.SelectorProviderUDT;
+import com.barchart.udt.nio.ServerSocketChannelUDT;
+import com.barchart.udt.nio.SocketChannelUDT;
+
+/**
+ * Netty UDT component provider:
+ * <p>
+ * provides ChannelFactory for UDT channels
+ * <p>
+ * provides SelectorProvider for UDT channels
+ * <p>
+ * see src/test/java/example
+ */
+public class NioUdtProvider implements ChannelFactory {
+","Remove all of the //
",4c29816c43370be855e55529e0e2c2025d215a86
2521069,0,"Fix TODO""",2012-12-29 23:25:32,normanmaurer,netty,netty,,https://github.com/netty/netty/pull/867#discussion_r2521069,2012-12-30T10:25:32Z,2013-01-07T15:46:08Z,normanmaurer,MEMBER,transport/src/main/java/io/netty/channel/socket/nio/NioUdtMessageRendezvousChannel.java,,,,,1,"@@ -0,0 +1,244 @@
+/*
+ * Copyright 2012 The Netty Project
+ *
+ * The Netty Project licenses this file to you under the Apache License,
+ * version 2.0 (the ""License""); you may not use this file except in compliance
+ * with the License. You may obtain a copy of the License at:
+ *
+ * http://www.apache.org/licenses/LICENSE-2.0
+ *
+ * Unless required by applicable law or agreed to in writing, software
+ * distributed under the License is distributed on an ""AS IS"" BASIS, WITHOUT
+ * WARRANTIES OR CONDITIONS OF ANY KIND, either express or implied. See the
+ * License for the specific language governing permissions and limitations
+ * under the License.
+ */
+package io.netty.channel.socket.nio;
+
+import io.netty.buffer.BufType;
+import io.netty.buffer.ByteBuf;
+import io.netty.buffer.MessageBuf;
+import io.netty.channel.Channel;
+import io.netty.channel.ChannelException;
+import io.netty.channel.ChannelMetadata;
+import io.netty.channel.socket.DefaultUdtChannelConfig;
+import io.netty.channel.socket.UdtChannel;
+import io.netty.channel.socket.UdtChannelConfig;
+import io.netty.channel.socket.UdtMessage;
+import io.netty.logging.InternalLogger;
+import io.netty.logging.InternalLoggerFactory;
+
+import java.io.IOException;
+import java.net.SocketAddress;
+import java.nio.ByteBuffer;
+import java.nio.channels.SelectionKey;
+
+import com.barchart.udt.TypeUDT;
+import com.barchart.udt.nio.SocketChannelUDT;
+
+/**
+ * TODO Netty Message Rendezvous for UDT Datagrams
+ */
+public class NioUdtMessageRendezvousChannel extends AbstractNioMessageChannel
+        implements UdtChannel {
+
+    protected static final InternalLogger logger = InternalLoggerFactory
+            .getInstance(NioUdtMessageRendezvousChannel.class);
+
+    protected static final ChannelMetadata METADATA = new ChannelMetadata(
+            BufType.MESSAGE, false);
+
+    private final UdtChannelConfig config;
+
+    protected NioUdtMessageRendezvousChannel() {
+        this(TypeUDT.DATAGRAM);
+    }
+
+    protected NioUdtMessageRendezvousChannel(final Channel parent,
+            final Integer id, final SocketChannelUDT channelUDT) {
+        super(parent, id, channelUDT, SelectionKey.OP_READ);
+        try {
+            channelUDT.configureBlocking(false);
+            config = new DefaultUdtChannelConfig();
+            switch (channelUDT.socketUDT().status()) {
+            case INIT:
+            case OPENED:
+                config.apply(channelUDT);
+            }
+        } catch (final IOException e) {
+            try {
+                channelUDT.close();
+            } catch (final IOException e2) {
+                if (logger.isWarnEnabled()) {
+                    logger.warn(""Failed to close channel."", e2);
+                }
+            }
+            throw new ChannelException(""Failed to configure channel."", e);
+        }
+    }
+
+    protected NioUdtMessageRendezvousChannel(final SocketChannelUDT channelUDT) {
+        this(null, channelUDT.socketUDT().id(), channelUDT);
+    }
+
+    protected NioUdtMessageRendezvousChannel(final TypeUDT type) {
+        this(NioUdtProvider.newConnectorChannelUDT(type));
+    }
+
+    @Override
+    public UdtChannelConfig config() {
+        return config;
+    }
+
+    @Override
+    protected void doBind(final SocketAddress localAddress) throws Exception {
+        javaChannel().bind(localAddress);
+    }
+
+    @Override
+    protected void doClose() throws Exception {
+        javaChannel().close();
+    }
+
+    @Override
+    protected boolean doConnect(final SocketAddress remoteAddress,
+            final SocketAddress localAddress) throws Exception {
+        if (localAddress != null) {
+            javaChannel().bind(localAddress);
+        }
+        boolean success = false;
+        try {
+            final boolean connected = javaChannel().connect(remoteAddress);
+            if (connected) {
+                selectionKey().interestOps(SelectionKey.OP_READ);
+            } else {
+                selectionKey().interestOps(SelectionKey.OP_CONNECT);
+            }
+            success = true;
+            return connected;
+        } finally {
+            if (!success) {
+                doClose();
+            }
+        }
+    }
+
+    @Override
+    protected void doDisconnect() throws Exception {
+        doClose();
+    }
+
+    @Override
+    protected void doFinishConnect() throws Exception {
+        if (!javaChannel().finishConnect()) {
+            throw new Error(""provider error"");
+        }
+        selectionKey().interestOps(SelectionKey.OP_READ);
+    }
+
+    @Override
+    protected int doReadMessages(final MessageBuf<Object> buf) throws Exception {
+
+        final int maximumMessageSize = config.getReceiveBufferSize();
+
+        final ByteBuf byteBuf = config.getAllocator().directBuffer(
+                maximumMessageSize);
+
+        final int receivedMessageSize = byteBuf.writeBytes(javaChannel(),
+                maximumMessageSize);
+
+        if (receivedMessageSize <= 0) {
+            byteBuf.free();
+            return 0;
+        }
+
+        if (receivedMessageSize >= maximumMessageSize) {
+            javaChannel().close();
+            throw new ChannelException(
+                    ""invalid config : increase receive buffer size to avoid message truncation"");
+        }
+
+        buf.add(new UdtMessage(byteBuf));
+
+        return 1;
+    }
+
+    @Override
+    protected int doWriteMessages(final MessageBuf<Object> messageQueue,
+            final boolean lastSpin) throws Exception {
+
+        final UdtMessage message = (UdtMessage) messageQueue.peek();
+
+        final ByteBuf byteBuf = message.data();
+
+        final int messageSize = byteBuf.readableBytes();
+
+        ByteBuffer buffer;
+        if (byteBuf.nioBufferCount() == 1) {
+            buffer = byteBuf.nioBuffer();
+        } else {
+            throw new ChannelException(""TODO"");","Fix TODO
",4c29816c43370be855e55529e0e2c2025d215a86
2536404,0,"Should not autostart reads""",2013-01-02 19:59:24,trustin,netty,netty,,https://github.com/netty/netty/pull/867#discussion_r2536404,2013-01-03T06:59:24Z,2013-01-07T15:46:13Z,trustin,MEMBER,transport-udt/src/main/java/io/netty/transport/udt/nio/NioUdtMessageConnectorChannel.java,,,,,1,"@@ -0,0 +1,242 @@
+/*
+ * Copyright 2012 The Netty Project
+ *
+ * The Netty Project licenses this file to you under the Apache License,
+ * version 2.0 (the ""License""); you may not use this file except in compliance
+ * with the License. You may obtain a copy of the License at:
+ *
+ * http://www.apache.org/licenses/LICENSE-2.0
+ *
+ * Unless required by applicable law or agreed to in writing, software
+ * distributed under the License is distributed on an ""AS IS"" BASIS, WITHOUT
+ * WARRANTIES OR CONDITIONS OF ANY KIND, either express or implied. See the
+ * License for the specific language governing permissions and limitations
+ * under the License.
+ */
+package io.netty.transport.udt.nio;
+
+import static java.nio.channels.SelectionKey.*;
+import io.netty.buffer.BufType;
+import io.netty.buffer.ByteBuf;
+import io.netty.buffer.MessageBuf;
+import io.netty.channel.Channel;
+import io.netty.channel.ChannelException;
+import io.netty.channel.ChannelMetadata;
+import io.netty.channel.socket.nio.AbstractNioMessageChannel;
+import io.netty.logging.InternalLogger;
+import io.netty.logging.InternalLoggerFactory;
+import io.netty.transport.udt.DefaultUdtChannelConfig;
+import io.netty.transport.udt.UdtChannel;
+import io.netty.transport.udt.UdtChannelConfig;
+import io.netty.transport.udt.UdtMessage;
+
+import java.io.IOException;
+import java.net.SocketAddress;
+import java.nio.channels.SelectionKey;
+
+import com.barchart.udt.TypeUDT;
+import com.barchart.udt.nio.SocketChannelUDT;
+
+/**
+ * Metty Message Connector for UDT Datagrams
+ */
+public class NioUdtMessageConnectorChannel extends AbstractNioMessageChannel
+        implements UdtChannel {
+
+    protected static final InternalLogger logger = InternalLoggerFactory
+            .getInstance(NioUdtMessageConnectorChannel.class);
+
+    protected static final ChannelMetadata METADATA = new ChannelMetadata(
+            BufType.MESSAGE, false);
+
+    private final UdtChannelConfig config;
+
+    protected NioUdtMessageConnectorChannel() {
+        this(TypeUDT.DATAGRAM);
+    }
+
+    protected NioUdtMessageConnectorChannel(final Channel parent,
+            final Integer id, final SocketChannelUDT channelUDT) {
+        super(parent, id, channelUDT, OP_READ);
+        try {
+            channelUDT.configureBlocking(false);
+            config = new DefaultUdtChannelConfig(this);
+            switch (channelUDT.socketUDT().status()) {
+            case INIT:
+            case OPENED:
+                config.apply(channelUDT);
+            }
+        } catch (final IOException e) {
+            try {
+                channelUDT.close();
+            } catch (final IOException e2) {
+                if (logger.isWarnEnabled()) {
+                    logger.warn(""Failed to close channel."", e2);
+                }
+            }
+            throw new ChannelException(""Failed to configure channel."", e);
+        }
+    }
+
+    protected NioUdtMessageConnectorChannel(final SocketChannelUDT channelUDT) {
+        this(null, channelUDT.socketUDT().id(), channelUDT);
+    }
+
+    protected NioUdtMessageConnectorChannel(final TypeUDT type) {
+        this(NioUdtProvider.newConnectorChannelUDT(type));
+    }
+
+    @Override
+    public UdtChannelConfig config() {
+        return config;
+    }
+
+    @Override
+    protected void doBind(final SocketAddress localAddress) throws Exception {
+        javaChannel().bind(localAddress);
+    }
+
+    @Override
+    protected void doClose() throws Exception {
+        javaChannel().close();
+    }
+
+    @Override
+    protected boolean doConnect(final SocketAddress remoteAddress,
+            final SocketAddress localAddress) throws Exception {
+        doBind(localAddress);
+        boolean success = false;
+        try {
+            final boolean connected = javaChannel().connect(remoteAddress);
+            if (connected) {
+                selectionKey().interestOps(OP_READ);
+            } else {
+                selectionKey().interestOps(OP_CONNECT);
+            }
+            success = true;
+            return connected;
+        } finally {
+            if (!success) {
+                doClose();
+            }
+        }
+    }
+
+    @Override
+    protected void doDisconnect() throws Exception {
+        doClose();
+    }
+
+    @Override
+    protected void doFinishConnect() throws Exception {
+        if (!javaChannel().finishConnect()) {
+            throw new Error(
+                    ""Provider error: failed to finish connect. Provider library should be upgraded."");
+        }
+        selectionKey().interestOps(OP_READ);","Should not autostart reads
",4c29816c43370be855e55529e0e2c2025d215a86
2547777,0,"from?""",2013-01-03 19:36:06,trustin,netty,netty,,https://github.com/netty/netty/pull/867#discussion_r2547777,2013-01-04T06:36:06Z,2013-01-07T15:46:15Z,trustin,MEMBER,example/src/main/java/io/netty/example/udt/echo/rendevous/package-info.java,,,,,1,"@@ -0,0 +1,21 @@
+/*
+ * Copyright 2012 The Netty Project
+ *
+ * The Netty Project licenses this file to you under the Apache License,
+ * version 2.0 (the ""License""); you may not use this file except in compliance
+ * with the License. You may obtain a copy of the License at:
+ *
+ *   http://www.apache.org/licenses/LICENSE-2.0
+ *
+ * Unless required by applicable law or agreed to in writing, software
+ * distributed under the License is distributed on an ""AS IS"" BASIS, WITHOUT
+ * WARRANTIES OR CONDITIONS OF ANY KIND, either express or implied. See the
+ * License for the specific language governing permissions and limitations
+ * under the License.
+ */
+
+/**
+ * examples form netty project adapted for udt","from?
",4c29816c43370be855e55529e0e2c2025d215a86
2264313,0,"Could we rename this to `newBoss()` like other factory methods in our public API?""",2012-11-29 02:03:00,trustin,netty,netty,,https://github.com/netty/netty/pull/776#discussion_r2264313,2012-11-29T13:03:00Z,2012-11-29T19:06:04Z,trustin,MEMBER,src/main/java/org/jboss/netty/channel/socket/nio/AbstractNioBossPool.java,,,,,1,"@@ -0,0 +1,95 @@
+/*
+ * Copyright 2012 The Netty Project
+ *
+ * The Netty Project licenses this file to you under the Apache License,
+ * version 2.0 (the ""License""); you may not use this file except in compliance
+ * with the License. You may obtain a copy of the License at:
+ *
+ *   http://www.apache.org/licenses/LICENSE-2.0
+ *
+ * Unless required by applicable law or agreed to in writing, software
+ * distributed under the License is distributed on an ""AS IS"" BASIS, WITHOUT
+ * WARRANTIES OR CONDITIONS OF ANY KIND, either express or implied. See the
+ * License for the specific language governing permissions and limitations
+ * under the License.
+ */
+package org.jboss.netty.channel.socket.nio;
+
+import org.jboss.netty.util.ExternalResourceReleasable;
+import org.jboss.netty.util.internal.ExecutorUtil;
+
+import java.util.concurrent.Executor;
+import java.util.concurrent.atomic.AtomicInteger;
+
+/**
+ *
+ */
+public abstract class AbstractNioBossPool<E extends Boss>
+        implements BossPool<E>, ExternalResourceReleasable {
+
+    private final Boss[] bosses;
+    private final AtomicInteger bossIndex = new AtomicInteger();
+    private final Executor bossExecutor;
+    private volatile  boolean initDone;
+
+    /**
+     * Create a new instance
+     *
+     * @param bossExecutor the {@link Executor} to use for the {@link org.jboss.netty.channel.socket.nio.Boss}'s
+     * @param bossCount the count of {@link org.jboss.netty.channel.socket.nio.Boss}'s to create
+     */
+    AbstractNioBossPool(Executor bossExecutor, int bossCount) {
+        this(bossExecutor, bossCount, true);
+    }
+
+    AbstractNioBossPool(Executor bossExecutor, int bossCount, boolean autoInit) {
+        if (bossExecutor == null) {
+            throw new NullPointerException(""bossExecutor"");
+        }
+        if (bossCount <= 0) {
+            throw new IllegalArgumentException(
+                    ""bossCount ("" + bossCount + "") "" +
+                            ""must be a positive integer."");
+        }
+        bosses = new Boss[bossCount];
+        this.bossExecutor = bossExecutor;
+        if (autoInit) {
+            init();
+        }
+    }
+
+    protected void init() {
+        if (initDone) {
+            throw new IllegalStateException(""Init was done before"");
+        }
+        initDone = true;
+
+        for (int i = 0; i < bosses.length; i++) {
+            bosses[i] = createBoss(bossExecutor);
+        }
+    }
+
+    /**
+     * Create a new {@link org.jboss.netty.channel.socket.nio.Boss} which uses the given {@link Executor} to service IO
+     *
+     *
+     * @param executor the {@link Executor} to use
+     * @return worker the new {@link org.jboss.netty.channel.socket.nio.Boss}
+     */
+    protected abstract E createBoss(Executor executor);","Could we rename this to `newBoss()` like other factory methods in our public API?
",5f80e68f02c81917ed9a94367345551eabae7a16
2162322,0,"Is it intentional to drop V in `IP4Word`?""",2012-11-18 13:15:52,trustin,netty,netty,,https://github.com/netty/netty/pull/750#discussion_r2162322,2012-11-19T00:15:52Z,2012-11-25T17:02:30Z,trustin,MEMBER,common/src/main/java/io/netty/util/IPUtil.java,,,,,1,"@@ -0,0 +1,453 @@
+/*
+ * Copyright 2012 The Netty Project
+ *
+ * The Netty Project licenses this file to you under the Apache License,
+ * version 2.0 (the ""License""); you may not use this file except in compliance
+ * with the License. You may obtain a copy of the License at:
+ *
+ *   http://www.apache.org/licenses/LICENSE-2.0
+ *
+ * Unless required by applicable law or agreed to in writing, software
+ * distributed under the License is distributed on an ""AS IS"" BASIS, WITHOUT
+ * WARRANTIES OR CONDITIONS OF ANY KIND, either express or implied. See the
+ * License for the specific language governing permissions and limitations
+ * under the License.
+ */
+package io.netty.util;
+
+
+import java.util.ArrayList;
+import java.util.StringTokenizer;
+
+/**
+ * Utility functions for IPV6 operations.
+ *
+ * see Inet6Util from the Apache Harmony project
+ *
+ * see org.apache.harmony.util.Inet6Util
+ */
+public final class IPUtil {
+
+    private IPUtil() {
+        // make this class a an utility class non-instantiable
+    }
+
+    /**
+     * Creates an byte[] based on an ipAddressString. No error handling is
+     * performed here.
+     */
+    public static byte[] createByteArrayFromIPAddressString(
+            String ipAddressString) {
+
+        if (isValidIPV4Address(ipAddressString)) {
+            StringTokenizer tokenizer = new StringTokenizer(ipAddressString,
+                    ""."");
+            String token;
+            int tempInt;
+            byte[] byteAddress = new byte[4];
+            for (int i = 0; i < 4; i++) {
+                token = tokenizer.nextToken();
+                tempInt = Integer.parseInt(token);
+                byteAddress[i] = (byte) tempInt;
+            }
+
+            return byteAddress;
+        }
+
+        if (ipAddressString.charAt(0) == '[') {
+            ipAddressString = ipAddressString.substring(1, ipAddressString
+                    .length() - 1);
+        }
+
+        StringTokenizer tokenizer = new StringTokenizer(ipAddressString, "":."",
+                true);
+        ArrayList<String> hexStrings = new ArrayList<String>();
+        ArrayList<String> decStrings = new ArrayList<String>();
+        String token = """";
+        String prevToken = """";
+        int doubleColonIndex = -1; // If a double colon exists, we need to
+        // insert 0s.
+
+        // Go through the tokens, including the seperators ':' and '.'
+        // When we hit a : or . the previous token will be added to either
+        // the hex list or decimal list. In the case where we hit a ::
+        // we will save the index of the hexStrings so we can add zeros
+        // in to fill out the string
+        while (tokenizer.hasMoreTokens()) {
+            prevToken = token;
+            token = tokenizer.nextToken();
+
+            if ("":"".equals(token)) {
+                if ("":"".equals(prevToken)) {
+                    doubleColonIndex = hexStrings.size();
+                } else if (!prevToken.isEmpty()) {
+                    hexStrings.add(prevToken);
+                }
+            } else if (""."".equals(token)) {
+                decStrings.add(prevToken);
+            }
+        }
+
+        if ("":"".equals(prevToken)) {
+            if ("":"".equals(token)) {
+                doubleColonIndex = hexStrings.size();
+            } else {
+                hexStrings.add(token);
+            }
+        } else if (""."".equals(prevToken)) {
+            decStrings.add(token);
+        }
+
+        // figure out how many hexStrings we should have
+        // also check if it is a IPv4 address
+        int hexStringsLength = 8;
+
+        // If we have an IPv4 address tagged on at the end, subtract
+        // 4 bytes, or 2 hex words from the total
+        if (!decStrings.isEmpty()) {
+            hexStringsLength -= 2;
+        }
+
+        // if we hit a double Colon add the appropriate hex strings
+        if (doubleColonIndex != -1) {
+            int numberToInsert = hexStringsLength - hexStrings.size();
+            for (int i = 0; i < numberToInsert; i++) {
+                hexStrings.add(doubleColonIndex, ""0"");
+            }
+        }
+
+        byte[] ipByteArray = new byte[16];
+
+        // Finally convert these strings to bytes...
+        for (int i = 0; i < hexStrings.size(); i++) {
+            convertToBytes(hexStrings.get(i), ipByteArray, i * 2);
+        }
+
+        // Now if there are any decimal values, we know where they go...
+        for (int i = 0; i < decStrings.size(); i++) {
+            ipByteArray[i + 12] = (byte) (Integer.parseInt(decStrings
+                    .get(i)) & 255);
+        }
+
+        // now check to see if this guy is actually and IPv4 address
+        // an ipV4 address is ::FFFF:d.d.d.d
+        boolean ipV4 = true;
+        for (int i = 0; i < 10; i++) {
+            if (ipByteArray[i] != 0) {
+                ipV4 = false;
+                break;
+            }
+        }
+
+        if (ipByteArray[10] != -1 || ipByteArray[11] != -1) {
+            ipV4 = false;
+        }
+
+        if (ipV4) {
+            byte[] ipv4ByteArray = new byte[4];
+            System.arraycopy(ipByteArray, 12, ipv4ByteArray, 0, 4);
+            return ipv4ByteArray;
+        }
+
+        return ipByteArray;
+
+    }
+
+    /** Converts a 4 character hex word into a 2 byte word equivalent */
+    private static void convertToBytes(String hexWord, byte[] ipByteArray,
+                                      int byteIndex) {
+
+        int hexWordLength = hexWord.length();
+        int hexWordIndex = 0;
+        ipByteArray[byteIndex] = 0;
+        ipByteArray[byteIndex + 1] = 0;
+        int charValue;
+
+        // high order 4 bits of first byte
+        if (hexWordLength > 3) {
+            charValue = getIntValue(hexWord.charAt(hexWordIndex++));
+            ipByteArray[byteIndex] |= charValue << 4;
+        }
+
+        // low order 4 bits of the first byte
+        if (hexWordLength > 2) {
+            charValue = getIntValue(hexWord.charAt(hexWordIndex++));
+            ipByteArray[byteIndex] |= charValue;
+        }
+
+        // high order 4 bits of second byte
+        if (hexWordLength > 1) {
+            charValue = getIntValue(hexWord.charAt(hexWordIndex++));
+            ipByteArray[byteIndex + 1] |= charValue << 4;
+        }
+
+        // low order 4 bits of the first byte
+        charValue = getIntValue(hexWord.charAt(hexWordIndex));
+        ipByteArray[byteIndex + 1] |= charValue & 15;
+    }
+
+    static int getIntValue(char c) {
+
+        switch (c) {
+            case '0':
+                return 0;
+            case '1':
+                return 1;
+            case '2':
+                return 2;
+            case '3':
+                return 3;
+            case '4':
+                return 4;
+            case '5':
+                return 5;
+            case '6':
+                return 6;
+            case '7':
+                return 7;
+            case '8':
+                return 8;
+            case '9':
+                return 9;
+        }
+
+        c = Character.toLowerCase(c);
+        switch (c) {
+            case 'a':
+                return 10;
+            case 'b':
+                return 11;
+            case 'c':
+                return 12;
+            case 'd':
+                return 13;
+            case 'e':
+                return 14;
+            case 'f':
+                return 15;
+        }
+        return 0;
+    }
+
+    public static boolean isValidIP6Address(String ipAddress) {
+        int length = ipAddress.length();
+        boolean doubleColon = false;
+        int numberOfColons = 0;
+        int numberOfPeriods = 0;
+        int numberOfPercent = 0;
+        StringBuilder word = new StringBuilder();
+        char c = 0;
+        char prevChar;
+        int offset = 0; // offset for [] ip addresses
+
+        if (length < 2) {
+            return false;
+        }
+
+        for (int i = 0; i < length; i++) {
+            prevChar = c;
+            c = ipAddress.charAt(i);
+            switch (c) {
+
+                // case for an open bracket [x:x:x:...x]
+                case '[':
+                    if (i != 0) {
+                        return false; // must be first character
+                    }
+                    if (ipAddress.charAt(length - 1) != ']') {
+                        return false; // must have a close ]
+                    }
+                    offset = 1;
+                    if (length < 4) {
+                        return false;
+                    }
+                    break;
+
+                // case for a closed bracket at end of IP [x:x:x:...x]
+                case ']':
+                    if (i != length - 1) {
+                        return false; // must be last charcter
+                    }
+                    if (ipAddress.charAt(0) != '[') {
+                        return false; // must have a open [
+                    }
+                    break;
+
+                // case for the last 32-bits represented as IPv4 x:x:x:x:x:x:d.d.d.d
+                case '.':
+                    numberOfPeriods++;
+                    if (numberOfPeriods > 3) {
+                        return false;
+                    }
+                    if (!isValidIP4Word(word.toString())) {
+                        return false;
+                    }
+                    if (numberOfColons != 6 && !doubleColon) {
+                        return false;
+                    }
+                    // a special case ::1:2:3:4:5:d.d.d.d allows 7 colons with an
+                    // IPv4 ending, otherwise 7 :'s is bad
+                    if (numberOfColons == 7 && ipAddress.charAt(offset) != ':'
+                            && ipAddress.charAt(1 + offset) != ':') {
+                        return false;
+                    }
+                    word.delete(0, word.length());
+                    break;
+
+                case ':':
+                    // FIX ""IP6 mechanism syntax #ip6-bad1""
+                    // An IPV6 address cannot start with a single "":"".
+                    // Either it can starti with ""::"" or with a number.
+                    if (i == offset && (ipAddress.length() <= i || ipAddress.charAt(i + 1) != ':')) {
+                        return false;
+                    }
+                    // END FIX ""IP6 mechanism syntax #ip6-bad1""
+                    numberOfColons++;
+                    if (numberOfColons > 7) {
+                        return false;
+                    }
+                    if (numberOfPeriods > 0) {
+                        return false;
+                    }
+                    if (prevChar == ':') {
+                        if (doubleColon) {
+                            return false;
+                        }
+                        doubleColon = true;
+                    }
+                    word.delete(0, word.length());
+                    break;
+                case '%':
+                    if (numberOfColons == 0) {
+                        return false;
+                    }
+                    numberOfPercent++;
+
+                    // validate that the stuff after the % is valid
+                    if (i + 1 >= length) {
+                        // in this case the percent is there but no number is
+                        // available
+                        return false;
+                    }
+                    try {
+                        Integer.parseInt(ipAddress.substring(i + 1));
+                    } catch (NumberFormatException e) {
+                        // right now we just support an integer after the % so if
+                        // this is not
+                        // what is there then return
+                        return false;
+                    }
+                    break;
+
+                default:
+                    if (numberOfPercent == 0) {
+                        if (word != null && word.length() > 3) {
+                            return false;
+                        }
+                        if (!isValidHexChar(c)) {
+                            return false;
+                        }
+                    }
+                    word.append(c);
+            }
+        }
+
+        // Check if we have an IPv4 ending
+        if (numberOfPeriods > 0) {
+            if (numberOfPeriods != 3 || !isValidIP4Word(word.toString())) {
+                return false;
+            }
+        } else {
+            // If we're at then end and we haven't had 7 colons then there is a
+            // problem unless we encountered a doubleColon
+            if (numberOfColons != 7 && !doubleColon) {
+                return false;
+            }
+
+            // If we have an empty word at the end, it means we ended in either
+            // a : or a .
+            // If we did not end in :: then this is invalid
+            if (numberOfPercent == 0) {
+                if (word.length() == 0 && ipAddress.charAt(length - 1 - offset) == ':'
+                        && ipAddress.charAt(length - 2 - offset) != ':') {
+                    return false;
+                }
+            }
+        }
+
+        return true;
+    }
+
+    public static boolean isValidIP4Word(String word) {","Is it intentional to drop V in `IP4Word`?
",2ae3074fb1c0acaa836b50b73bfe9db73132c741
2162944,1,"yes it is :)""",2012-11-18 17:38:02,normanmaurer,netty,netty,,https://github.com/netty/netty/pull/750#discussion_r2162944,2012-11-19T04:38:02Z,2012-11-25T17:02:30Z,normanmaurer,MEMBER,common/src/main/java/io/netty/util/IPUtil.java,,,,,1,"@@ -0,0 +1,453 @@
+/*
+ * Copyright 2012 The Netty Project
+ *
+ * The Netty Project licenses this file to you under the Apache License,
+ * version 2.0 (the ""License""); you may not use this file except in compliance
+ * with the License. You may obtain a copy of the License at:
+ *
+ *   http://www.apache.org/licenses/LICENSE-2.0
+ *
+ * Unless required by applicable law or agreed to in writing, software
+ * distributed under the License is distributed on an ""AS IS"" BASIS, WITHOUT
+ * WARRANTIES OR CONDITIONS OF ANY KIND, either express or implied. See the
+ * License for the specific language governing permissions and limitations
+ * under the License.
+ */
+package io.netty.util;
+
+
+import java.util.ArrayList;
+import java.util.StringTokenizer;
+
+/**
+ * Utility functions for IPV6 operations.
+ *
+ * see Inet6Util from the Apache Harmony project
+ *
+ * see org.apache.harmony.util.Inet6Util
+ */
+public final class IPUtil {
+
+    private IPUtil() {
+        // make this class a an utility class non-instantiable
+    }
+
+    /**
+     * Creates an byte[] based on an ipAddressString. No error handling is
+     * performed here.
+     */
+    public static byte[] createByteArrayFromIPAddressString(
+            String ipAddressString) {
+
+        if (isValidIPV4Address(ipAddressString)) {
+            StringTokenizer tokenizer = new StringTokenizer(ipAddressString,
+                    ""."");
+            String token;
+            int tempInt;
+            byte[] byteAddress = new byte[4];
+            for (int i = 0; i < 4; i++) {
+                token = tokenizer.nextToken();
+                tempInt = Integer.parseInt(token);
+                byteAddress[i] = (byte) tempInt;
+            }
+
+            return byteAddress;
+        }
+
+        if (ipAddressString.charAt(0) == '[') {
+            ipAddressString = ipAddressString.substring(1, ipAddressString
+                    .length() - 1);
+        }
+
+        StringTokenizer tokenizer = new StringTokenizer(ipAddressString, "":."",
+                true);
+        ArrayList<String> hexStrings = new ArrayList<String>();
+        ArrayList<String> decStrings = new ArrayList<String>();
+        String token = """";
+        String prevToken = """";
+        int doubleColonIndex = -1; // If a double colon exists, we need to
+        // insert 0s.
+
+        // Go through the tokens, including the seperators ':' and '.'
+        // When we hit a : or . the previous token will be added to either
+        // the hex list or decimal list. In the case where we hit a ::
+        // we will save the index of the hexStrings so we can add zeros
+        // in to fill out the string
+        while (tokenizer.hasMoreTokens()) {
+            prevToken = token;
+            token = tokenizer.nextToken();
+
+            if ("":"".equals(token)) {
+                if ("":"".equals(prevToken)) {
+                    doubleColonIndex = hexStrings.size();
+                } else if (!prevToken.isEmpty()) {
+                    hexStrings.add(prevToken);
+                }
+            } else if (""."".equals(token)) {
+                decStrings.add(prevToken);
+            }
+        }
+
+        if ("":"".equals(prevToken)) {
+            if ("":"".equals(token)) {
+                doubleColonIndex = hexStrings.size();
+            } else {
+                hexStrings.add(token);
+            }
+        } else if (""."".equals(prevToken)) {
+            decStrings.add(token);
+        }
+
+        // figure out how many hexStrings we should have
+        // also check if it is a IPv4 address
+        int hexStringsLength = 8;
+
+        // If we have an IPv4 address tagged on at the end, subtract
+        // 4 bytes, or 2 hex words from the total
+        if (!decStrings.isEmpty()) {
+            hexStringsLength -= 2;
+        }
+
+        // if we hit a double Colon add the appropriate hex strings
+        if (doubleColonIndex != -1) {
+            int numberToInsert = hexStringsLength - hexStrings.size();
+            for (int i = 0; i < numberToInsert; i++) {
+                hexStrings.add(doubleColonIndex, ""0"");
+            }
+        }
+
+        byte[] ipByteArray = new byte[16];
+
+        // Finally convert these strings to bytes...
+        for (int i = 0; i < hexStrings.size(); i++) {
+            convertToBytes(hexStrings.get(i), ipByteArray, i * 2);
+        }
+
+        // Now if there are any decimal values, we know where they go...
+        for (int i = 0; i < decStrings.size(); i++) {
+            ipByteArray[i + 12] = (byte) (Integer.parseInt(decStrings
+                    .get(i)) & 255);
+        }
+
+        // now check to see if this guy is actually and IPv4 address
+        // an ipV4 address is ::FFFF:d.d.d.d
+        boolean ipV4 = true;
+        for (int i = 0; i < 10; i++) {
+            if (ipByteArray[i] != 0) {
+                ipV4 = false;
+                break;
+            }
+        }
+
+        if (ipByteArray[10] != -1 || ipByteArray[11] != -1) {
+            ipV4 = false;
+        }
+
+        if (ipV4) {
+            byte[] ipv4ByteArray = new byte[4];
+            System.arraycopy(ipByteArray, 12, ipv4ByteArray, 0, 4);
+            return ipv4ByteArray;
+        }
+
+        return ipByteArray;
+
+    }
+
+    /** Converts a 4 character hex word into a 2 byte word equivalent */
+    private static void convertToBytes(String hexWord, byte[] ipByteArray,
+                                      int byteIndex) {
+
+        int hexWordLength = hexWord.length();
+        int hexWordIndex = 0;
+        ipByteArray[byteIndex] = 0;
+        ipByteArray[byteIndex + 1] = 0;
+        int charValue;
+
+        // high order 4 bits of first byte
+        if (hexWordLength > 3) {
+            charValue = getIntValue(hexWord.charAt(hexWordIndex++));
+            ipByteArray[byteIndex] |= charValue << 4;
+        }
+
+        // low order 4 bits of the first byte
+        if (hexWordLength > 2) {
+            charValue = getIntValue(hexWord.charAt(hexWordIndex++));
+            ipByteArray[byteIndex] |= charValue;
+        }
+
+        // high order 4 bits of second byte
+        if (hexWordLength > 1) {
+            charValue = getIntValue(hexWord.charAt(hexWordIndex++));
+            ipByteArray[byteIndex + 1] |= charValue << 4;
+        }
+
+        // low order 4 bits of the first byte
+        charValue = getIntValue(hexWord.charAt(hexWordIndex));
+        ipByteArray[byteIndex + 1] |= charValue & 15;
+    }
+
+    static int getIntValue(char c) {
+
+        switch (c) {
+            case '0':
+                return 0;
+            case '1':
+                return 1;
+            case '2':
+                return 2;
+            case '3':
+                return 3;
+            case '4':
+                return 4;
+            case '5':
+                return 5;
+            case '6':
+                return 6;
+            case '7':
+                return 7;
+            case '8':
+                return 8;
+            case '9':
+                return 9;
+        }
+
+        c = Character.toLowerCase(c);
+        switch (c) {
+            case 'a':
+                return 10;
+            case 'b':
+                return 11;
+            case 'c':
+                return 12;
+            case 'd':
+                return 13;
+            case 'e':
+                return 14;
+            case 'f':
+                return 15;
+        }
+        return 0;
+    }
+
+    public static boolean isValidIP6Address(String ipAddress) {
+        int length = ipAddress.length();
+        boolean doubleColon = false;
+        int numberOfColons = 0;
+        int numberOfPeriods = 0;
+        int numberOfPercent = 0;
+        StringBuilder word = new StringBuilder();
+        char c = 0;
+        char prevChar;
+        int offset = 0; // offset for [] ip addresses
+
+        if (length < 2) {
+            return false;
+        }
+
+        for (int i = 0; i < length; i++) {
+            prevChar = c;
+            c = ipAddress.charAt(i);
+            switch (c) {
+
+                // case for an open bracket [x:x:x:...x]
+                case '[':
+                    if (i != 0) {
+                        return false; // must be first character
+                    }
+                    if (ipAddress.charAt(length - 1) != ']') {
+                        return false; // must have a close ]
+                    }
+                    offset = 1;
+                    if (length < 4) {
+                        return false;
+                    }
+                    break;
+
+                // case for a closed bracket at end of IP [x:x:x:...x]
+                case ']':
+                    if (i != length - 1) {
+                        return false; // must be last charcter
+                    }
+                    if (ipAddress.charAt(0) != '[') {
+                        return false; // must have a open [
+                    }
+                    break;
+
+                // case for the last 32-bits represented as IPv4 x:x:x:x:x:x:d.d.d.d
+                case '.':
+                    numberOfPeriods++;
+                    if (numberOfPeriods > 3) {
+                        return false;
+                    }
+                    if (!isValidIP4Word(word.toString())) {
+                        return false;
+                    }
+                    if (numberOfColons != 6 && !doubleColon) {
+                        return false;
+                    }
+                    // a special case ::1:2:3:4:5:d.d.d.d allows 7 colons with an
+                    // IPv4 ending, otherwise 7 :'s is bad
+                    if (numberOfColons == 7 && ipAddress.charAt(offset) != ':'
+                            && ipAddress.charAt(1 + offset) != ':') {
+                        return false;
+                    }
+                    word.delete(0, word.length());
+                    break;
+
+                case ':':
+                    // FIX ""IP6 mechanism syntax #ip6-bad1""
+                    // An IPV6 address cannot start with a single "":"".
+                    // Either it can starti with ""::"" or with a number.
+                    if (i == offset && (ipAddress.length() <= i || ipAddress.charAt(i + 1) != ':')) {
+                        return false;
+                    }
+                    // END FIX ""IP6 mechanism syntax #ip6-bad1""
+                    numberOfColons++;
+                    if (numberOfColons > 7) {
+                        return false;
+                    }
+                    if (numberOfPeriods > 0) {
+                        return false;
+                    }
+                    if (prevChar == ':') {
+                        if (doubleColon) {
+                            return false;
+                        }
+                        doubleColon = true;
+                    }
+                    word.delete(0, word.length());
+                    break;
+                case '%':
+                    if (numberOfColons == 0) {
+                        return false;
+                    }
+                    numberOfPercent++;
+
+                    // validate that the stuff after the % is valid
+                    if (i + 1 >= length) {
+                        // in this case the percent is there but no number is
+                        // available
+                        return false;
+                    }
+                    try {
+                        Integer.parseInt(ipAddress.substring(i + 1));
+                    } catch (NumberFormatException e) {
+                        // right now we just support an integer after the % so if
+                        // this is not
+                        // what is there then return
+                        return false;
+                    }
+                    break;
+
+                default:
+                    if (numberOfPercent == 0) {
+                        if (word != null && word.length() > 3) {
+                            return false;
+                        }
+                        if (!isValidHexChar(c)) {
+                            return false;
+                        }
+                    }
+                    word.append(c);
+            }
+        }
+
+        // Check if we have an IPv4 ending
+        if (numberOfPeriods > 0) {
+            if (numberOfPeriods != 3 || !isValidIP4Word(word.toString())) {
+                return false;
+            }
+        } else {
+            // If we're at then end and we haven't had 7 colons then there is a
+            // problem unless we encountered a doubleColon
+            if (numberOfColons != 7 && !doubleColon) {
+                return false;
+            }
+
+            // If we have an empty word at the end, it means we ended in either
+            // a : or a .
+            // If we did not end in :: then this is invalid
+            if (numberOfPercent == 0) {
+                if (word.length() == 0 && ipAddress.charAt(length - 1 - offset) == ':'
+                        && ipAddress.charAt(length - 2 - offset) != ':') {
+                    return false;
+                }
+            }
+        }
+
+        return true;
+    }
+
+    public static boolean isValidIP4Word(String word) {","yes it is :)
",2ae3074fb1c0acaa836b50b73bfe9db73132c741
1770278,0,"@normanmaurer +1""",2012-10-04 19:00:41,trustin,netty,netty,,https://github.com/netty/netty/pull/633#discussion_r1770278,2012-10-05T07:00:41Z,2012-10-05T07:00:41Z,trustin,MEMBER,codec/src/main/java/io/netty/handler/codec/sctp/SctpMessageToMessageEncoder.java,,31.0,,,31,"@@ -0,0 +1,36 @@
+/*
+ * Copyright 2012 The Netty Project
+ *
+ * The Netty Project licenses this file to you under the Apache License,
+ * version 2.0 (the ""License""); you may not use this file except in compliance
+ * with the License. You may obtain a copy of the License at:
+ *
+ * http://www.apache.org/licenses/LICENSE-2.0
+ *
+ * Unless required by applicable law or agreed to in writing, software
+ * distributed under the License is distributed on an ""AS IS"" BASIS, WITHOUT
+ * WARRANTIES OR CONDITIONS OF ANY KIND, either express or implied. See the
+ * License for the specific language governing permissions and limitations
+ * under the License.
+ */
+
+package io.netty.handler.codec.sctp;
+
+import io.netty.buffer.ByteBuf;
+import io.netty.channel.ChannelHandlerContext;
+import io.netty.channel.socket.SctpMessage;
+import io.netty.handler.codec.MessageToMessageEncoder;
+
+public abstract class SctpMessageToMessageEncoder<I> extends MessageToMessageEncoder<I, SctpMessage> {
+
+    /**
+     * Returns {@code true} if and only if the specified message can be encoded by this encoder.
+     *
+     * @param msg the message
+     */
+    public boolean isEncodable(Object msg) throws Exception {","@normanmaurer +1
",7afa237f3f74c2e508d08a2501efd66601431c27
422519,1,"It's about class :-)""",2012-02-06 22:23:20,viktorklang,netty,netty,,https://github.com/netty/netty/pull/176#discussion_r422519,2012-02-07T09:23:20Z,2012-02-07T09:23:20Z,viktorklang,NONE,src/main/java/org/jboss/netty/handler/codec/spdy/DefaultSpdyHeaderBlock.java,,68.0,,,68,"@@ -0,0 +1,96 @@
+/*
+ * Copyright 2012 Twitter, Inc.
+ *
+ * Licensed under the Apache License, Version 2.0 (the ""License""); you may
+ * not use this file except in compliance with the License. You may obtain
+ * a copy of the License at
+ *
+ *     http://www.apache.org/licenses/LICENSE-2.0
+ *
+ * Unless required by applicable law or agreed to in writing, software
+ * distributed under the License is distributed on an ""AS IS"" BASIS,
+ * WITHOUT WARRANTIES OR CONDITIONS OF ANY KIND, either express or implied.
+ * See the License for the specific language governing permissions and
+ * limitations under the License.
+ */
+package org.jboss.netty.handler.codec.spdy;
+
+import java.util.List;
+import java.util.Map;
+import java.util.Set;
+
+import org.jboss.netty.util.internal.StringUtil;
+
+/**
+ * The default {@link SpdyHeaderBlock} implementation.
+ */
+public class DefaultSpdyHeaderBlock implements SpdyHeaderBlock {
+
+    private boolean invalid;
+    private final SpdyHeaders headers = new SpdyHeaders();
+
+    /**
+     * Creates a new instance.
+     */
+    protected DefaultSpdyHeaderBlock() {
+    }
+
+    public boolean isInvalid() {
+        return invalid;
+    }
+
+    public void setInvalid() {
+        this.invalid = true;
+    }
+
+    public void addHeader(final String name, final Object value) {
+        headers.addHeader(name, value);
+    }
+
+    public void setHeader(final String name, final Object value) {
+        headers.setHeader(name, value);
+    }
+
+    public void setHeader(final String name, final Iterable<?> values) {
+        headers.setHeader(name, values);
+    }
+
+    public void removeHeader(final String name) {
+        headers.removeHeader(name);
+    }
+
+    public void clearHeaders() {
+        headers.clearHeaders();
+    }
+
+    public String getHeader(final String name) {
+        List<String> values = getHeaders(name);
+        return values.size() > 0 ? values.get(0) : null;","It's about class :-)
",3f9e89c17d996bfc3ae0acda872f70ce837ca1d5
4218882,0,"Maybe make this a sub-type of DecoderException ?""",2013-05-14 05:46:19,normanmaurer,netty,netty,,https://github.com/netty/netty/pull/1354#discussion_r4218882,2013-05-14T17:46:19Z,2013-06-29T13:44:54Z,normanmaurer,MEMBER,codec/src/main/java/io/netty/handler/codec/dns/ResponseException.java,,,,,1,"@@ -0,0 +1,32 @@
+/*
+ * Copyright 2013 The Netty Project
+ *
+ * The Netty Project licenses this file to you under the Apache License,
+ * version 2.0 (the ""License""); you may not use this file except in compliance
+ * with the License. You may obtain a copy of the License at:
+ *
+ * http://www.apache.org/licenses/LICENSE-2.0
+ *
+ * Unless required by applicable law or agreed to in writing, software
+ * distributed under the License is distributed on an ""AS IS"" BASIS, WITHOUT
+ * WARRANTIES OR CONDITIONS OF ANY KIND, either express or implied. See the
+ * License for the specific language governing permissions and limitations
+ * under the License.
+ */
+package io.netty.handler.codec.dns;
+
+import java.io.IOException;
+
+/**
+ * This exception is thrown when the server sends an error response
+ * code (any response code that is not 0).
+ */
+public class ResponseException extends IOException {","Maybe make this a sub-type of DecoderException ?
",3c466e760a5b06c56222a51c6ebdf2c2c492097b
5289050,0,"javadocs""",2013-07-18 21:54:23,normanmaurer,netty,netty,,https://github.com/netty/netty/pull/1615#discussion_r5289050,2013-07-19T09:54:23Z,2014-03-18T13:28:33Z,normanmaurer,MEMBER,sockjs/src/main/java/io/netty/handler/codec/sockjs/protocol/CloseFrame.java,,,,,1,"@@ -0,0 +1,55 @@
+/*
+ * Copyright 2012 The Netty Project
+ *
+ * The Netty Project licenses this file to you under the Apache License, version
+ * 2.0 (the ""License""); you may not use this file except in compliance with the
+ * License. You may obtain a copy of the License at:
+ *
+ * http://www.apache.org/licenses/LICENSE-2.0
+ *
+ * Unless required by applicable law or agreed to in writing, software
+ * distributed under the License is distributed on an ""AS IS"" BASIS, WITHOUT
+ * WARRANTIES OR CONDITIONS OF ANY KIND, either express or implied. See the
+ * License for the specific language governing permissions and limitations under
+ * the License.
+ */
+package io.netty.handler.codec.sockjs.protocol;
+
+import io.netty.buffer.ByteBuf;
+import io.netty.buffer.Unpooled;
+import io.netty.handler.codec.sockjs.util.ArgumentUtil;
+import io.netty.util.CharsetUtil;
+
+/**
+ * This frame is sent from the server if the client requests data from a closed connection.
+ */
+public class CloseFrame implements Frame {
+
+    private final int statusCode;
+    private final String statusMsg;
+
+    public CloseFrame(final int statusCode, final String statusMsg) {
+        ArgumentUtil.checkNotNull(statusMsg, ""statusMsg"");
+        this.statusCode = statusCode;
+        this.statusMsg = statusMsg;
+    }
+
+    public int statusCode() {","javadocs
",a4ed84e69cc6901945f849248754ff12f623eb51
3784008,1,"you can just commit and push your stuff... the pull-request is updated automatically. Just let us know once we should review again. And thanks again!""",2013-04-13 04:57:03,normanmaurer,netty,netty,,https://github.com/netty/netty/pull/1276#discussion_r3784008,2013-04-13T16:57:03Z,2013-04-14T14:03:31Z,normanmaurer,MEMBER,transport/src/main/java/io/netty/channel/ChannelTransferSensor.java,,,,,1,"@@ -0,0 +1,26 @@
+/*
+ * Copyright 2013 The Netty Project
+ *
+ * The Netty Project licenses this file to you under the Apache License,
+ * version 2.0 (the ""License""); you may not use this file except in compliance
+ * with the License. You may obtain a copy of the License at:
+ *
+ *   http://www.apache.org/licenses/LICENSE-2.0
+ *
+ * Unless required by applicable law or agreed to in writing, software
+ * distributed under the License is distributed on an ""AS IS"" BASIS, WITHOUT
+ * WARRANTIES OR CONDITIONS OF ANY KIND, either express or implied. See the
+ * License for the specific language governing permissions and limitations
+ * under the License.
+ */
+package io.netty.channel;
+
+/**
+ * This interface defined the methods which an {@link ChannelTransferPromise} should use
+ */
+public interface ChannelTransferSensor {","you can just commit and push your stuff... the pull-request is updated automatically. Just let us know once we should review again. And thanks again!
",65a8142e2c7459ac9abd348319b17f908b46f081
3545877,0,"We don't do checkstyle in tests... not remember why anymore.. @trustin ?""",2013-03-26 19:43:23,normanmaurer,netty,netty,,https://github.com/netty/netty/pull/1207#discussion_r3545877,2013-03-27T06:43:23Z,2013-03-27T06:43:23Z,normanmaurer,MEMBER,codec-http/src/test/java/io/netty/handler/codec/http/websocketx/WebSocketFrameAggregatorTest.java,,69.0,,,69,"@@ -0,0 +1,114 @@
+/*
+ * Copyright 2013 The Netty Project
+ *
+ * The Netty Project licenses this file to you under the Apache License,
+ * version 2.0 (the ""License""); you may not use this file except in compliance
+ * with the License. You may obtain a copy of the License at:
+ *
+ *   http://www.apache.org/licenses/LICENSE-2.0
+ *
+ * Unless required by applicable law or agreed to in writing, software
+ * distributed under the License is distributed on an ""AS IS"" BASIS, WITHOUT
+ * WARRANTIES OR CONDITIONS OF ANY KIND, either express or implied. See the
+ * License for the specific language governing permissions and limitations
+ * under the License.
+ */
+package io.netty.handler.codec.http.websocketx;
+
+import io.netty.buffer.ByteBuf;
+import io.netty.buffer.Unpooled;
+import io.netty.channel.embedded.EmbeddedMessageChannel;
+import io.netty.handler.codec.TooLongFrameException;
+import io.netty.util.CharsetUtil;
+import org.junit.Assert;
+import org.junit.Test;
+
+
+public class WebSocketFrameAggregatorTest {
+    private final ByteBuf content1 = Unpooled.copiedBuffer(""Content1"", CharsetUtil.UTF_8);
+    private final ByteBuf content2 = Unpooled.copiedBuffer(""Content2"", CharsetUtil.UTF_8);
+    private final ByteBuf content3 = Unpooled.copiedBuffer(""Content3"", CharsetUtil.UTF_8);
+    private final ByteBuf aggregatedContent = Unpooled.buffer().writeBytes(content1.duplicate())
+            .writeBytes(content2.duplicate()).writeBytes(content3.duplicate());
+    @Test
+    public void testAggregationBinary() {
+        EmbeddedMessageChannel channel = new EmbeddedMessageChannel(new WebSocketFrameAggregator(Integer.MAX_VALUE));
+        channel.writeInbound(new BinaryWebSocketFrame(true, 1, content1.copy()));
+        channel.writeInbound(new BinaryWebSocketFrame(false, 0, content1.copy()));
+        channel.writeInbound(new ContinuationWebSocketFrame(false, 0, content2.copy()));
+        channel.writeInbound(new PingWebSocketFrame(content1.copy()));
+        channel.writeInbound(new PongWebSocketFrame(content1.copy()));
+        channel.writeInbound(new ContinuationWebSocketFrame(true, 0, content3.copy()));
+
+        Assert.assertTrue(channel.finish());
+
+        System.out.println(channel.lastInboundMessageBuffer().size());
+        BinaryWebSocketFrame frame = (BinaryWebSocketFrame) channel.readInbound();
+        Assert.assertTrue(frame.isFinalFragment());
+        Assert.assertEquals(1, frame.rsv());
+        Assert.assertEquals(content1, frame.data());
+
+        PingWebSocketFrame frame2 = (PingWebSocketFrame) channel.readInbound();
+        Assert.assertTrue(frame2.isFinalFragment());
+        Assert.assertEquals(0, frame2.rsv());
+        Assert.assertEquals(content1, frame2.data());
+
+        PongWebSocketFrame frame3 = (PongWebSocketFrame) channel.readInbound();
+        Assert.assertTrue(frame3.isFinalFragment());
+        Assert.assertEquals(0, frame3.rsv());
+        Assert.assertEquals(content1, frame3.data());
+
+        BinaryWebSocketFrame frame4 = (BinaryWebSocketFrame) channel.readInbound();
+        Assert.assertTrue(frame4.isFinalFragment());
+        Assert.assertEquals(0, frame4.rsv());
+        Assert.assertEquals(aggregatedContent, frame4.data());
+
+        Assert.assertNull(channel.readInbound());
+    }
+
+","We don't do checkstyle in tests... not remember why anymore.. @trustin ?
",1b6479d1027bcf003c3fc2bc92081f0c75efcdd5
2871307,2,"you are right,my bad...""",2013-02-03 07:29:41,normanmaurer,netty,netty,,https://github.com/netty/netty/pull/1010#discussion_r2871307,2013-02-03T18:29:41Z,2013-02-05T20:36:23Z,normanmaurer,MEMBER,common/pom.xml,,50.0,,,13,"@@ -47,6 +47,23 @@
       <optional>true</optional>
     </dependency>
   </dependencies>
+","you are right,my bad...
",0b3b2dea2a2e5d9c48cea8a39d84031a31b6bb1a
2774905,1,"Yep. I actually edited my comment. :-)""",2013-01-25 03:42:40,trustin,netty,netty,,https://github.com/netty/netty/pull/982#discussion_r2774905,2013-01-25T14:42:40Z,2013-01-26T14:37:45Z,trustin,MEMBER,transport/src/main/java/io/netty/channel/ChannelPipeline.java,,,,,1,"@@ -422,9 +542,68 @@
     ChannelPipeline replace(ChannelHandler oldHandler, String newName, ChannelHandler newHandler);
 
     /**
+     * Replaces the specified {@link ChannelHandler} with a new handler in
+     * this pipeline and transfer the content of its {@link Buf} to the given
+     * {@link Buf}.
+     *
+     * @param  oldHandler    the {@link ChannelHandler} to be replaced
+     * @param  newName       the name under which the replacement should be added
+     * @param  newHandler    the {@link ChannelHandler} which is used as replacement
+     * @param  transferToBuf the {@link Buf} into which the remaining content should be
+     *                       transfered on removal
+     * @return itself
+
+     * @throws NoSuchElementException
+     *         if the specified old handler does not exist in this pipeline
+     * @throws IllegalArgumentException
+     *         if a handler with the specified new name already exists in this
+     *         pipeline, except for the handler to be replaced or
+     *         if the given {@link Buf} is not be able to hold the type of data
+     *         which should be transfered.
+     * @throws NullPointerException
+     *         if the specified old handler, new name, new handler or transferToBuf is
+     *         {@code null}
+     */
+    ChannelPipeline replace(ChannelHandler oldHandler, String newName, ChannelHandler newHandler, Buf transferToBuf);
+
+    /**
+     * Replaces the specified {@link ChannelHandler} with a new handler in
+     * this pipeline and and transfer the content of it to the replacement
+     * if transferToReplacement is {@code true}
+     *
+     * @param  oldHandler               the {@link ChannelHandler} to be replaced
+     * @param  newName                  the name under which the replacement should be added
+     * @param  newHandler               the {@link ChannelHandler} which is used as replacement
+     * @param  transferToReplacement    if {@code true} is used the content of the replaced {@link ChannelHandler}
+     *                                  will be forwarded to the replacement. Be aware that it will not call
+     *                                  {@link #fireInboundBufferUpdated()} even if something was transfered.
+     * @return itself
+
+     * @throws NoSuchElementException
+     *         if the specified old handler does not exist in this pipeline
+     * @throws IllegalArgumentException
+     *         if a handler with the specified new name already exists in this
+     *         pipeline, except for the handler to be replaced or
+     *         if the given {@link Buf} is not be able to hold the type of data
+     *         which should be transfered.
+     * @throws NullPointerException
+     *         if the specified old handler, new name, new handler or transferToBuf is
+     *         {@code null}
+     */
+    ChannelPipeline replace(ChannelHandler oldHandler, String newName, ChannelHandler newHandler,","Yep. I actually edited my comment. :-)
",f15daaa98580eb7d16216fbb40939019172bd87e
2522724,1,"Forgot to implement it. :-) Done.""",2012-12-31 00:09:54,trustin,netty,netty,,https://github.com/netty/netty/pull/878#discussion_r2522724,2012-12-31T11:09:54Z,2012-12-31T14:06:06Z,trustin,MEMBER,transport/src/main/java/io/netty/channel/local/LocalServerChannel.java,,,,,1,"@@ -127,6 +127,11 @@ protected void doDeregister() throws Exception {
         ((SingleThreadEventExecutor) eventLoop()).removeShutdownHook(shutdownHook);
     }
 
+    @Override
+    protected void doBeginRead() throws Exception {
+        // FIXME: Implement me.","Forgot to implement it. :-) Done.
",bbe70d266bbf6f8c95da2f4ae0ada44abce794f4
2521754,1,"Or just not allow nulls in there at all :-)""",2012-12-30 10:05:03,viktorklang,netty,netty,,https://github.com/netty/netty/pull/873#discussion_r2521754,2012-12-30T21:05:03Z,2012-12-30T22:55:42Z,viktorklang,NONE,transport/src/main/java/io/netty/channel/ChannelPromiseNotifier.java,,50.0,,,1,"@@ -41,18 +41,8 @@ public void operationComplete(ChannelFuture cf) throws Exception {
             return;
         }
 
-        if (cf.isCancelled()) {
-            for (ChannelFuture f: futures) {
-                if (f == null) {
-                    break;
-                }
-                f.cancel();
-            }","Or just not allow nulls in there at all :-)
",327dfa8446daded9489923726781d1f0f6be1a3d
2547830,0,"'Netty' is redundant (package name tells it)""",2013-01-03 19:53:56,trustin,netty,netty,,https://github.com/netty/netty/pull/867#discussion_r2547830,2013-01-04T06:53:56Z,2013-01-07T15:46:19Z,trustin,MEMBER,transport-udt/src/main/java/io/netty/transport/udt/nio/NioUdtByteConnectorChannel.java,,,,,1,"@@ -0,0 +1,191 @@
+/*
+ * Copyright 2012 The Netty Project
+ *
+ * The Netty Project licenses this file to you under the Apache License,
+ * version 2.0 (the ""License""); you may not use this file except in compliance
+ * with the License. You may obtain a copy of the License at:
+ *
+ * http://www.apache.org/licenses/LICENSE-2.0
+ *
+ * Unless required by applicable law or agreed to in writing, software
+ * distributed under the License is distributed on an ""AS IS"" BASIS, WITHOUT
+ * WARRANTIES OR CONDITIONS OF ANY KIND, either express or implied. See the
+ * License for the specific language governing permissions and limitations
+ * under the License.
+ */
+package io.netty.transport.udt.nio;
+
+import static java.nio.channels.SelectionKey.*;
+import io.netty.buffer.BufType;
+import io.netty.buffer.ByteBuf;
+import io.netty.channel.Channel;
+import io.netty.channel.ChannelException;
+import io.netty.channel.ChannelMetadata;
+import io.netty.channel.socket.nio.AbstractNioByteChannel;
+import io.netty.logging.InternalLogger;
+import io.netty.logging.InternalLoggerFactory;
+import io.netty.transport.udt.DefaultUdtChannelConfig;
+import io.netty.transport.udt.UdtChannel;
+import io.netty.transport.udt.UdtChannelConfig;
+
+import java.net.SocketAddress;
+import java.nio.channels.SelectionKey;
+
+import com.barchart.udt.TypeUDT;
+import com.barchart.udt.nio.SocketChannelUDT;
+
+/**
+ * Netty Byte Channel Connector for UDT Streams","'Netty' is redundant (package name tells it)
",4c29816c43370be855e55529e0e2c2025d215a86
1090057,0,"Redundant.  `@Before` already tells enough information.""",2012-07-02 17:41:29,trustin,netty,netty,,https://github.com/netty/netty/pull/432#discussion_r1090057,2012-07-03T05:41:29Z,2012-07-07T09:29:13Z,trustin,MEMBER,common/src/test/java/io/netty/util/UniqueNameTest.java,,,,,1,"@@ -0,0 +1,103 @@
+/*
+ * Copyright 2012 The Netty Project
+ *
+ * The Netty Project licenses this file to you under the Apache License,
+ * version 2.0 (the ""License""); you may not use this file except in compliance
+ * with the License. You may obtain a copy of the License at:
+ *
+ *   http://www.apache.org/licenses/LICENSE-2.0
+ *
+ * Unless required by applicable law or agreed to in writing, software
+ * distributed under the License is distributed on an ""AS IS"" BASIS, WITHOUT
+ * WARRANTIES OR CONDITIONS OF ANY KIND, either express or implied. See the
+ * License for the specific language governing permissions and limitations
+ * under the License.
+ */
+package io.netty.util;
+
+import java.util.ArrayList;
+import java.util.concurrent.ConcurrentHashMap;
+import static org.junit.Assert.assertTrue;
+import static org.junit.Assert.assertNotSame;
+import org.junit.Before;
+import org.junit.Test;
+
+/**
+ * Tests the {@link UniqueName} class
+ */
+public class UniqueNameTest {
+
+    /**
+     * A {@link ConcurrentHashMap} of registered names.
+     * This is set up before each test
+     */
+    ConcurrentHashMap<String, Boolean> names;
+    
+    /**
+     * Registers a {@link UniqueName}
+     *
+     * @param name the name being registered
+     * @return the unique name
+     * @throws IllegalArgumentException when the name is already taken
+     */
+    public UniqueName registerName(String name) throws IllegalArgumentException {
+        return new UniqueName(names, name);
+    }
+
+    /**
+     * Initializes each test","Redundant.  `@Before` already tells enough information.
",839af5e80cd485c28524879535d41620e93b57bd
417740,1,"Can definitely recommend this powerful method: http://docs.oracle.com/javase/1.4.2/docs/api/java/util/Collection.html#isEmpty()""",2012-02-05 14:42:43,viktorklang,netty,netty,,https://github.com/netty/netty/pull/176#discussion_r417740,2012-02-06T01:42:43Z,2012-02-06T01:42:43Z,viktorklang,NONE,src/main/java/org/jboss/netty/handler/codec/spdy/DefaultSpdyHeaderBlock.java,,68.0,,,68,"@@ -0,0 +1,96 @@
+/*
+ * Copyright 2012 Twitter, Inc.
+ *
+ * Licensed under the Apache License, Version 2.0 (the ""License""); you may
+ * not use this file except in compliance with the License. You may obtain
+ * a copy of the License at
+ *
+ *     http://www.apache.org/licenses/LICENSE-2.0
+ *
+ * Unless required by applicable law or agreed to in writing, software
+ * distributed under the License is distributed on an ""AS IS"" BASIS,
+ * WITHOUT WARRANTIES OR CONDITIONS OF ANY KIND, either express or implied.
+ * See the License for the specific language governing permissions and
+ * limitations under the License.
+ */
+package org.jboss.netty.handler.codec.spdy;
+
+import java.util.List;
+import java.util.Map;
+import java.util.Set;
+
+import org.jboss.netty.util.internal.StringUtil;
+
+/**
+ * The default {@link SpdyHeaderBlock} implementation.
+ */
+public class DefaultSpdyHeaderBlock implements SpdyHeaderBlock {
+
+    private boolean invalid;
+    private final SpdyHeaders headers = new SpdyHeaders();
+
+    /**
+     * Creates a new instance.
+     */
+    protected DefaultSpdyHeaderBlock() {
+    }
+
+    public boolean isInvalid() {
+        return invalid;
+    }
+
+    public void setInvalid() {
+        this.invalid = true;
+    }
+
+    public void addHeader(final String name, final Object value) {
+        headers.addHeader(name, value);
+    }
+
+    public void setHeader(final String name, final Object value) {
+        headers.setHeader(name, value);
+    }
+
+    public void setHeader(final String name, final Iterable<?> values) {
+        headers.setHeader(name, values);
+    }
+
+    public void removeHeader(final String name) {
+        headers.removeHeader(name);
+    }
+
+    public void clearHeaders() {
+        headers.clearHeaders();
+    }
+
+    public String getHeader(final String name) {
+        List<String> values = getHeaders(name);
+        return values.size() > 0 ? values.get(0) : null;","Can definitely recommend this powerful method: http://docs.oracle.com/javase/1.4.2/docs/api/java/util/Collection.html#isEmpty()
",3f9e89c17d996bfc3ae0acda872f70ce837ca1d5
277732,1,"Thanks for pointing it, I will do the changes :-)""",2011-12-07 08:34:52,jestan,netty,netty,,https://github.com/netty/netty/pull/31#discussion_r277732,2011-12-07T19:34:52Z,2011-12-07T19:34:52Z,jestan,MEMBER,src/main/java/org/jboss/netty/channel/socket/sctp/SctpAcceptedChannel.java,,48.0,,,48,"@@ -0,0 +1,50 @@
+/*
+ * Copyright 2011 The Netty Project
+ *
+ * The Netty Project licenses this file to you under the Apache License,
+ * version 2.0 (the ""License""); you may not use this file except in compliance
+ * with the License. You may obtain a copy of the License at:
+ *
+ * http://www.apache.org/licenses/LICENSE-2.0
+ *
+ * Unless required by applicable law or agreed to in writing, software
+ * distributed under the License is distributed on an ""AS IS"" BASIS, WITHOUT
+ * WARRANTIES OR CONDITIONS OF ANY KIND, either express or implied. See the
+ * License for the specific language governing permissions and limitations
+ * under the License.
+ */
+package org.jboss.netty.channel.socket.sctp;
+
+import com.sun.nio.sctp.SctpChannel;
+import org.jboss.netty.channel.Channel;
+import org.jboss.netty.channel.ChannelFactory;
+import org.jboss.netty.channel.ChannelPipeline;
+import org.jboss.netty.channel.ChannelSink;
+
+import static org.jboss.netty.channel.Channels.*;
+
+/**
+ *
+ * @author <a href=""http://www.jboss.org/netty/"">The Netty Project</a>
+ * @author <a href=""http://gleamynode.net/"">Trustin Lee</a>
+ * @author <a href=""http://github.com/jestan"">Jestan Nirojan</a>
+ */
+final class SctpAcceptedChannel extends SctpChannelImpl {
+
+    final Thread bossThread;
+
+    SctpAcceptedChannel(
+            ChannelFactory factory, ChannelPipeline pipeline,
+            Channel parent, ChannelSink sink,
+            SctpChannel socket, SctpWorker worker, Thread bossThread) {
+
+        super(parent, factory, pipeline, sink, socket, worker);
+
+        this.bossThread = bossThread;
+
+        setConnected();
+        fireChannelOpen(this);
+        fireChannelBound(this, getLocalAddress());
+        fireChannelConnected(this, getRemoteAddress());","Thanks for pointing it, I will do the changes :-)
",0a99e8bb57fcf7f6cf09548a06c32d050b63c409
277850,1,"Can you please provide an example link :-). """,2011-12-07 08:53:33,jestan,netty,netty,,https://github.com/netty/netty/pull/31#discussion_r277850,2011-12-07T19:53:33Z,2011-12-07T20:04:47Z,jestan,MEMBER,src/main/java/org/jboss/netty/channel/socket/sctp/SctpChannelImpl.java,,238.0,,,238,"@@ -0,0 +1,312 @@
+/*
+ * Copyright 2011 The Netty Project
+ *
+ * The Netty Project licenses this file to you under the Apache License,
+ * version 2.0 (the ""License""); you may not use this file except in compliance
+ * with the License. You may obtain a copy of the License at:
+ *
+ * http://www.apache.org/licenses/LICENSE-2.0
+ *
+ * Unless required by applicable law or agreed to in writing, software
+ * distributed under the License is distributed on an ""AS IS"" BASIS, WITHOUT
+ * WARRANTIES OR CONDITIONS OF ANY KIND, either express or implied. See the
+ * License for the specific language governing permissions and limitations
+ * under the License.
+ */
+package org.jboss.netty.channel.socket.sctp;
+
+import com.sun.nio.sctp.Association;
+import org.jboss.netty.buffer.ChannelBuffer;
+import org.jboss.netty.channel.*;
+import org.jboss.netty.channel.socket.sctp.SctpSendBufferPool.SendBuffer;
+import org.jboss.netty.util.internal.ThreadLocalBoolean;
+
+import java.net.InetSocketAddress;
+import java.net.SocketAddress;
+import java.util.*;
+import java.util.concurrent.LinkedTransferQueue;
+import java.util.concurrent.atomic.AtomicBoolean;
+import java.util.concurrent.atomic.AtomicInteger;
+
+import static org.jboss.netty.channel.Channels.fireChannelInterestChanged;
+
+/**
+ * @author <a href=""http://www.jboss.org/netty/"">The Netty Project</a>
+ * @author <a href=""http://gleamynode.net/"">Trustin Lee</a>
+ * @author <a href=""http://github.com/jestan"">Jestan Nirojan</a>
+ *
+ */
+class SctpChannelImpl extends AbstractChannel implements SctpChannel {
+
+    private static final int ST_OPEN = 0;
+    private static final int ST_BOUND = 1;
+    private static final int ST_CONNECTED = 2;
+    private static final int ST_CLOSED = -1;
+    volatile int state = ST_OPEN;
+
+    final com.sun.nio.sctp.SctpChannel channel;
+    final SctpWorker worker;
+    private final NioSctpChannelConfig config;
+    private volatile InetSocketAddress localAddress;
+    private volatile InetSocketAddress remoteAddress;
+
+    final Object interestOpsLock = new Object();
+    final Object writeLock = new Object();
+
+    final Runnable writeTask = new WriteTask();
+    final AtomicBoolean writeTaskInTaskQueue = new AtomicBoolean();
+
+    final Queue<MessageEvent> writeBuffer = new WriteRequestQueue();
+    final AtomicInteger writeBufferSize = new AtomicInteger();
+    final AtomicInteger highWaterMarkCounter = new AtomicInteger();
+    boolean inWriteNowLoop;
+    boolean writeSuspended;
+
+    MessageEvent currentWriteEvent;
+    SendBuffer currentWriteBuffer;
+
+    public SctpChannelImpl(Channel parent, ChannelFactory factory, ChannelPipeline pipeline, ChannelSink sink,
+                           com.sun.nio.sctp.SctpChannel channel, SctpWorker worker) {
+        super(parent, factory, pipeline, sink);
+
+        this.channel = channel;
+        this.worker = worker;
+        config = new DefaultNioSctpChannelConfig(channel);
+
+        getCloseFuture().addListener(new ChannelFutureListener() {
+            @Override
+            public void operationComplete(ChannelFuture future) throws Exception {
+                state = ST_CLOSED;
+            }
+        });
+    }
+
+    @Override
+    public NioSctpChannelConfig getConfig() {
+        return config;
+    }
+
+    @Override
+    public InetSocketAddress getLocalAddress() {
+        InetSocketAddress localAddress = this.localAddress;
+        if (localAddress == null) {
+            try {
+                final Iterator<SocketAddress> iterator = channel.getAllLocalAddresses().iterator();
+                if (iterator.hasNext()) {
+                    this.localAddress = localAddress = (InetSocketAddress) iterator.next();
+                }
+            } catch (Throwable t) {
+                return null;
+            }
+        }
+        return localAddress;
+    }
+
+    @Override
+    public Set<InetSocketAddress> getAllLocalAddresses() {
+            try {
+                final Set<SocketAddress> allLocalAddresses = channel.getAllLocalAddresses();
+                final Set<InetSocketAddress> addresses = new HashSet<InetSocketAddress>(allLocalAddresses.size());
+                for(SocketAddress socketAddress: allLocalAddresses) {
+                    addresses.add((InetSocketAddress) socketAddress);
+                }
+                return addresses;
+            } catch (Throwable t) {
+                return Collections.emptySet();
+            }
+    }
+
+    @Override
+    public InetSocketAddress getRemoteAddress() {
+        InetSocketAddress remoteAddress = this.remoteAddress;
+        if (remoteAddress == null) {
+            try {
+                final Iterator<SocketAddress> iterator = channel.getRemoteAddresses().iterator();
+                if (iterator.hasNext()) {
+                    this.remoteAddress = remoteAddress = (InetSocketAddress) iterator.next();
+                }
+            } catch (Throwable t) {
+                return null;
+            }
+        }
+        return remoteAddress;
+    }
+
+    @Override
+    public Set<InetSocketAddress> getAllRemoteAddresses() {
+            try {
+                final Set<SocketAddress> allLocalAddresses = channel.getRemoteAddresses();
+                final Set<InetSocketAddress> addresses = new HashSet<InetSocketAddress>(allLocalAddresses.size());
+                for(SocketAddress socketAddress: allLocalAddresses) {
+                    addresses.add((InetSocketAddress) socketAddress);
+                }
+                return addresses;
+            } catch (Throwable t) {
+                return Collections.emptySet();
+            }
+    }
+
+    @Override
+    public Association association() {
+        try {
+            return channel.association();
+        } catch (Throwable e) {
+            return null;
+        }
+    }
+
+    @Override
+    public boolean isOpen() {
+        return state >= ST_OPEN;
+    }
+
+    @Override
+    public boolean isBound() {
+        return state >= ST_BOUND;
+    }
+
+    @Override
+    public boolean isConnected() {
+        return state == ST_CONNECTED;
+    }
+
+    final void setBound() {
+        assert state == ST_OPEN : ""Invalid state: "" + state;
+        state = ST_BOUND;
+    }
+
+    final void setConnected() {
+        if (state != ST_CLOSED) {
+            state = ST_CONNECTED;
+        }
+    }
+
+    @Override
+    protected boolean setClosed() {
+        return super.setClosed();
+    }
+
+    @Override
+    public int getInterestOps() {
+        if (!isOpen()) {
+            return Channel.OP_WRITE;
+        }
+
+        int interestOps = getRawInterestOps();
+        int writeBufferSize = this.writeBufferSize.get();
+        if (writeBufferSize != 0) {
+            if (highWaterMarkCounter.get() > 0) {
+                int lowWaterMark = getConfig().getWriteBufferLowWaterMark();
+                if (writeBufferSize >= lowWaterMark) {
+                    interestOps |= Channel.OP_WRITE;
+                } else {
+                    interestOps &= ~Channel.OP_WRITE;
+                }
+            } else {
+                int highWaterMark = getConfig().getWriteBufferHighWaterMark();
+                if (writeBufferSize >= highWaterMark) {
+                    interestOps |= Channel.OP_WRITE;
+                } else {
+                    interestOps &= ~Channel.OP_WRITE;
+                }
+            }
+        } else {
+            interestOps &= ~Channel.OP_WRITE;
+        }
+
+        return interestOps;
+    }
+
+    int getRawInterestOps() {
+        return super.getInterestOps();
+    }
+
+    void setRawInterestOpsNow(int interestOps) {
+        super.setInterestOpsNow(interestOps);
+    }
+
+    @Override
+    public ChannelFuture write(Object message, SocketAddress remoteAddress) {
+        if (remoteAddress == null || remoteAddress.equals(getRemoteAddress())) {
+            return super.write(message, null);
+        } else {
+            return getUnsupportedOperationFuture();
+        }
+    }
+
+    private final class WriteRequestQueue extends LinkedTransferQueue<MessageEvent> {
+","Can you please provide an example link :-). 
",0a99e8bb57fcf7f6cf09548a06c32d050b63c409
3727714,0,"Please keep the old signature and add a new one.  We should probably set the default less strict.""",2013-04-09 16:53:54,trustin,netty,netty,,https://github.com/netty/netty/pull/1255#discussion_r3727714,2013-04-10T04:53:54Z,2013-04-14T16:52:53Z,trustin,MEMBER,codec-http/src/main/java/io/netty/handler/codec/http/multipart/AbstractHttpData.java,,71.0,,,1,"@@ -34,7 +34,7 @@
     protected Charset charset = HttpConstants.DEFAULT_CHARSET;
     protected boolean completed;
 
-    protected AbstractHttpData(String name, Charset charset, long size) {
+    protected AbstractHttpData(String name, Charset charset, long size, boolean checkBadName) {","Please keep the old signature and add a new one.  We should probably set the default less strict.
",6850413bd1a85d53285bed33b09d9d45e3b6fed9
6761494,0,"I have the null setting when the next decode phase starts at the top. Do you mean nulling it out immediately after the out.add() is called so if something happens in between it doesnt throw?""",2013-10-03 18:40:45,daschl,netty,netty,,https://github.com/netty/netty/pull/1882#discussion_r6761494,2013-10-04T06:40:45Z,2013-10-18T10:17:15Z,daschl,MEMBER,codec-memcache/src/main/java/io/netty/handler/codec/memcache/binary/BinaryMemcacheDecoder.java,,102.0,,,102,"@@ -0,0 +1,215 @@
+/*
+ * Copyright 2013 The Netty Project
+ *
+ * The Netty Project licenses this file to you under the Apache License,
+ * version 2.0 (the ""License""); you may not use this file except in compliance
+ * with the License. You may obtain a copy of the License at:
+ *
+ *   http://www.apache.org/licenses/LICENSE-2.0
+ *
+ * Unless required by applicable law or agreed to in writing, software
+ * distributed under the License is distributed on an ""AS IS"" BASIS, WITHOUT
+ * WARRANTIES OR CONDITIONS OF ANY KIND, either express or implied. See the
+ * License for the specific language governing permissions and limitations
+ * under the License.
+ */
+package io.netty.handler.codec.memcache.binary;
+
+import io.netty.buffer.ByteBuf;
+import io.netty.channel.ChannelHandlerContext;
+import io.netty.handler.codec.memcache.DefaultLastMemcacheContent;
+import io.netty.handler.codec.memcache.DefaultMemcacheContent;
+import io.netty.handler.codec.memcache.MemcacheContent;
+import io.netty.handler.codec.memcache.MemcacheObjectDecoder;
+import io.netty.util.CharsetUtil;
+
+import java.util.List;
+
+import static io.netty.buffer.ByteBufUtil.readBytes;
+
+/**
+ * Decoder for both {@link BinaryMemcacheRequest} and {@link BinaryMemcacheResponse}.
+ * <p/>
+ * The difference in the protocols (header) is implemented by the subclasses.
+ */
+public abstract class BinaryMemcacheDecoder<M extends BinaryMemcacheMessage, H extends BinaryMemcacheMessageHeader>
+    extends MemcacheObjectDecoder {
+
+    public static final int DEFAULT_MAX_CHUNK_SIZE = 8192;
+
+    private final int chunkSize;
+
+    private H currentHeader;
+    private ByteBuf currentExtras;
+    private String currentKey;
+    private int alreadyReadChunkSize;
+
+    private State state = State.READ_HEADER;
+
+    /**
+     * Create a new {@link BinaryMemcacheDecoder} with default settings.
+     */
+    public BinaryMemcacheDecoder() {
+        this(DEFAULT_MAX_CHUNK_SIZE);
+    }
+
+    /**
+     * Create a new {@link BinaryMemcacheDecoder} with custom settings.
+     *
+     * @param chunkSize the maximum chunk size of the payload.
+     */
+    public BinaryMemcacheDecoder(int chunkSize) {
+        if (chunkSize < 0) {
+            throw new IllegalArgumentException(""chunkSize must be a positive integer: "" + chunkSize);
+        }
+
+        this.chunkSize = chunkSize;
+    }
+
+    @Override
+    protected void decode(ChannelHandlerContext ctx, ByteBuf in, List<Object> out) throws Exception {
+        switch (state) {
+            case READ_HEADER:
+                if (in.readableBytes() < 24) {
+                    return;
+                }
+                resetDecoder();
+
+                currentHeader = decodeHeader(in);
+                state = State.READ_EXTRAS;
+            case READ_EXTRAS:
+                byte extrasLength = currentHeader.getExtrasLength();
+                if (extrasLength > 0) {
+                    if (in.readableBytes() < extrasLength) {
+                        return;
+                    }
+
+                    currentExtras = readBytes(ctx.alloc(), in, extrasLength);
+                }
+
+                state = State.READ_KEY;
+            case READ_KEY:
+                short keyLength = currentHeader.getKeyLength();
+                if (keyLength > 0) {
+                    if (in.readableBytes() < keyLength) {
+                        return;
+                    }
+
+                    currentKey = readBytes(ctx.alloc(), in, keyLength).toString(CharsetUtil.UTF_8);
+                }
+
+                out.add(buildMessage(currentHeader, currentExtras, currentKey));","I have the null setting when the next decode phase starts at the top. Do you mean nulling it out immediately after the out.add() is called so if something happens in between it doesnt throw?
",eb36e9a1d91146ca6183f7ac8422cdb617036085
4819897,0,"Throw DecoderException""",2013-06-21 03:16:34,normanmaurer,netty,netty,,https://github.com/netty/netty/pull/1354#discussion_r4819897,2013-06-21T15:16:34Z,2013-06-29T13:44:54Z,normanmaurer,MEMBER,handler/src/main/java/io/netty/handler/dns/decoder/RecordDecoderFactory.java,,,,,1,"@@ -0,0 +1,108 @@
+/*
+ * Copyright 2013 The Netty Project
+ *
+ * The Netty Project licenses this file to you under the Apache License,
+ * version 2.0 (the ""License""); you may not use this file except in compliance
+ * with the License. You may obtain a copy of the License at:
+ *
+ *   http://www.apache.org/licenses/LICENSE-2.0
+ *
+ * Unless required by applicable law or agreed to in writing, software
+ * distributed under the License is distributed on an ""AS IS"" BASIS, WITHOUT
+ * WARRANTIES OR CONDITIONS OF ANY KIND, either express or implied. See the
+ * License for the specific language governing permissions and limitations
+ * under the License.
+ */
+package io.netty.handler.dns.decoder;
+
+import io.netty.handler.codec.dns.DnsEntry;
+import io.netty.handler.codec.dns.DnsResponse;
+import io.netty.handler.codec.dns.Resource;
+
+import java.util.HashMap;
+import java.util.Map;
+
+/**
+ * Handles the decoding of resource records. Some default decoders are mapped to
+ * their resource types in the map {@code decoders}.
+ */
+public class RecordDecoderFactory {
+
+    /**
+     * Contains the default resource record decoders, which are for A, AAAA, MX,
+     * TXT, SRV, NS, CNAME, PTR, and SOA resource records. Decoders can be added
+     * or removed with the respective {@link #addDecoder(int, RecordDecoder)}
+     * and {@link #removeDecoder(int)} methods.
+     */
+    private static final Map<Integer, RecordDecoder<?>> decoders = new HashMap<Integer, RecordDecoder<?>>();
+    static {
+        decoders.put(DnsEntry.TYPE_A, new AddressDecoder(4));
+        decoders.put(DnsEntry.TYPE_AAAA, new AddressDecoder(16));
+        decoders.put(DnsEntry.TYPE_MX, new MailExchangerDecoder());
+        decoders.put(DnsEntry.TYPE_TXT, new TextDecoder());
+        decoders.put(DnsEntry.TYPE_SRV, new ServiceDecoder());
+        RecordDecoder<?> decoder = new DomainDecoder();
+        decoders.put(DnsEntry.TYPE_NS, decoder);
+        decoders.put(DnsEntry.TYPE_CNAME, decoder);
+        decoders.put(DnsEntry.TYPE_PTR, decoder);
+        decoders.put(DnsEntry.TYPE_SOA, new StartOfAuthorityDecoder());
+    }
+
+    /**
+     * Decodes a resource record and returns the result.
+     *
+     * @param type
+     *            the type of resource record (if -1 returns null)
+     * @param response
+     *            the DNS response that contains the resource record being
+     *            decoded
+     * @param resource
+     *            the resource record being decoded
+     * @return the decoded resource record
+     */
+    @SuppressWarnings(""unchecked"")
+    public static <T> T decode(int type, DnsResponse response, Resource resource) {
+        if (type == -1) {
+            return null;
+        }
+        RecordDecoder<?> decoder = decoders.get(type);
+        if (decoder == null) {
+            throw new RuntimeException(""Unsupported resource record type [id: ""","Throw DecoderException
",3c466e760a5b06c56222a51c6ebdf2c2c492097b
5578860,0,"@trustin not sure if its better to decrement here or after invokeWrite was called. WDYT ?""",2013-08-05 01:48:26,normanmaurer,netty,netty,,https://github.com/netty/netty/pull/1702#discussion_r5578860,2013-08-05T13:48:26Z,2013-08-07T08:01:46Z,normanmaurer,MEMBER,transport/src/main/java/io/netty/channel/DefaultChannelHandlerContext.java,,867.0,,,59,"@@ -847,6 +858,13 @@ private WriteTask(Recycler.Handle handle) {
         @Override
         public void run() {
             try {
+                if (size > 0) {
+                    ChannelOutboundBuffer buffer = ctx.channel.unsafe().outboundBuffer();
+                    // Check for null as it may be set to null if the channel is closed already
+                    if (buffer != null) {
+                        buffer.decrementPendingOutboundBytes(size);
+                    }
+                }","@trustin not sure if its better to decrement here or after invokeWrite was called. WDYT ?
",6ab93ace09edf5474245364516f0786f542eb306
5115223,0,"And no even if the encoder produce nothing there is overhead as we need to store it on every encode as we not know if the next call will maybe not produce something""",2013-07-10 02:05:32,normanmaurer,netty,netty,,https://github.com/netty/netty/pull/1549#discussion_r5115223,2013-07-10T14:05:32Z,2013-07-10T15:42:45Z,normanmaurer,MEMBER,codec/src/main/java/io/netty/handler/codec/MessageToMessageEncoder.java,,,,,1,"@@ -81,8 +82,16 @@ public void write(ChannelHandlerContext ctx, Object msg) throws Exception {
         } catch (Throwable t) {
             throw new EncoderException(t);
         } finally {
-            for (int i = 0; i < out.size(); i ++) {
-                ctx.write(out.get(i));
+            if (out.isEmpty()) {
+                promise.setSuccess();","And no even if the encoder produce nothing there is overhead as we need to store it on every encode as we not know if the next call will maybe not produce something
",986b2a3621294517d66624f34d0451522b51ed8b
4085340,1,"Brings this branch up to date with the master commit. It was missed in the previous commit, fixed in master, and this brings 3.x back in sync.  Feel free to rename the commit message :)""",2013-05-04 05:27:30,jpinner,netty,netty,,https://github.com/netty/netty/pull/1334#discussion_r4085340,2013-05-04T17:27:30Z,2013-05-04T17:27:30Z,jpinner,NONE,src/main/java/org/jboss/netty/handler/codec/spdy/SpdyHttpDecoder.java,,230.0,,,13,"@@ -227,6 +227,7 @@ protected Object decode(ChannelHandlerContext ctx, Channel channel, Object msg)
             }
 
             if (spdyHeadersFrame.isLast()) {
+                HttpHeaders.setContentLength(httpMessage, httpMessage.getContent().readableBytes());","Brings this branch up to date with the master commit. It was missed in the previous commit, fixed in master, and this brings 3.x back in sync.

Feel free to rename the commit message :)
",b575348e42be4affec4b3859f89949b247c08ab7
2539353,0,"Yeah that was the question of tge TODO... Do we want this?  Sent from my iPhone. Excuse any typos....  Am 03.01.2013 um 16:27 schrieb Trustin Lee <notifications@github.com>:  > In transport/src/main/java/io/netty/channel/ChannelHandlerUtil.java: > """,2013-01-03 04:29:02,normanmaurer,netty,netty,,https://github.com/netty/netty/pull/887#discussion_r2539353,2013-01-03T15:29:02Z,2013-01-03T15:29:02Z,normanmaurer,MEMBER,transport/src/main/java/io/netty/channel/ChannelHandlerUtil.java,,174.0,,,16,"@@ -166,6 +167,16 @@ public static void addToNextInboundBuffer(ChannelHandlerContext ctx, Object msg)
         }
     }
 
+    /**
+     * Try to free up resources that are held by the message.
+     */
+    public static void freeMessage(Object msg) throws Exception {
+        if (msg instanceof ByteBufHolder) {","Yeah that was the question of tge TODO... Do we want this?

Sent from my iPhone. Excuse any typos....

Am 03.01.2013 um 16:27 schrieb Trustin Lee notifications@github.com:

> In transport/src/main/java/io/netty/channel/ChannelHandlerUtil.java:
> 
> > @@ -166,6 +167,16 @@ public static void addToNextInboundBuffer(ChannelHandlerContext ctx, Object msg)
> >          }
> >      }
> > -    /**
> > -     \* Try to free up resources that are held by the message.
> > -     */
> > -    public static void freeMessage(Object msg) throws Exception {
> > -        if (msg instanceof ByteBufHolder) {
> >   ByteBufHolder -> Freeable?
> 
> —
> Reply to this email directly or view it on GitHub.
",fe5f5f7f5240c02bf9ad5c66d0d24a2e75e4300e
2460689,1,"good idea :)""",2012-12-18 21:43:01,normanmaurer,netty,netty,,https://github.com/netty/netty/pull/835#discussion_r2460689,2012-12-19T08:43:01Z,2012-12-19T08:43:01Z,normanmaurer,MEMBER,src/main/java/org/jboss/netty/handler/ssl/SslHandler.java,,610.0,,,130,"@@ -543,6 +607,10 @@ public void channelDisconnected(ChannelHandlerContext ctx,
         // been closed during handshake.
         synchronized (handshakeLock) {
             if (handshaking) {
+                if (handshakeTimeout != null) {","good idea :)
",9a4715a07389d78943aa6ad943ef5849d2161dea
1091127,1,"Alright, thanks. I don't have access to my dev environment at the moment, so I'll have to fix what you commented on tomorrow or the day after.  Thanks again, Trustin :)""",2012-07-02 22:30:07,CruzBishop,netty,netty,,https://github.com/netty/netty/pull/432#discussion_r1091127,2012-07-03T10:30:07Z,2012-07-07T09:29:14Z,CruzBishop,CONTRIBUTOR,common/src/main/java/io/netty/util/UniqueName.java,,,,,1,"@@ -18,26 +18,46 @@
 import java.util.concurrent.ConcurrentMap;
 import java.util.concurrent.atomic.AtomicInteger;
 
+/**
+ * Defines a name that must be unique in the map that is provided during construction.
+ */
 public class UniqueName implements Comparable<UniqueName> {
 
+    /**
+     * The {@link AtomicInteger} that indicates the next ID
+     */
     private static final AtomicInteger nextId = new AtomicInteger();
 
+    /**
+     * This {@link UniqueName}'s ID
+     */
     private final int id;
+
+    /**
+     * This {@link UniqueName}'s name
+     */
     private final String name;
 
+    /**
+     * Constructs a new {@link UniqueName}
+     *
+     * @param map the map of names to compare with
+     * @param name the name of this {@link UniqueName}
+     * @param args the arguments to process
+     */
     public UniqueName(ConcurrentMap<String, Boolean> map, String name, Object... args) {
         if (map == null) {
-            throw new NullPointerException(""map"");
+            throw new NullPointerException(""Supplied map cannot be null"");","Alright, thanks. I don't have access to my dev environment at the moment, so I'll have to fix what you commented on tomorrow or the day after.

Thanks again, Trustin :)
",839af5e80cd485c28524879535d41620e93b57bd
1091140,2,"Alright, that's just sad.""",2012-07-02 22:32:27,CruzBishop,netty,netty,,https://github.com/netty/netty/pull/432#discussion_r1091140,2012-07-03T10:32:27Z,2012-07-07T09:29:14Z,CruzBishop,CONTRIBUTOR,common/src/main/java/io/netty/util/UniqueName.java,,,,,1,"@@ -45,46 +65,87 @@ public UniqueName(ConcurrentMap<String, Boolean> map, String name, Object... arg
     }
 
     /**
-     * @param args arguments to validate
+     * Validates the given arguments.
+     * This does not do anything on its own, but must be overridden by subclasses
+     *
+     * @param arguments the arguments to validate
      */
-    protected void validateArgs(Object... args) {
+    protected void validateArgs(Object... arguments) {
         // Subclasses will override.
     }
 
+    /**
+     * Returns this {@link UniqueName}'s name
+     *
+     * @return the name
+     */
     public final String name() {
         return name;
     }
 
+    /**
+     * Returns this {@link UniqueName}'s name","Alright, that's just sad.
",839af5e80cd485c28524879535d41620e93b57bd
247917,1,"Could we keep this constructor?  It could simply call `this(maxObjectSize, ClassResolvers.weakCachingResolver(classLoader))`.  And then let's backport it to 3.2.  I'm tempted to include this in 3.2.7. :-)  Thanks a lot for a quality patch!""",2011-11-23 01:14:07,trustin,netty,netty,,https://github.com/netty/netty/pull/75#discussion_r247917,2011-11-23T12:14:07Z,2011-11-23T12:17:17Z,trustin,MEMBER,src/main/java/org/jboss/netty/handler/codec/serialization/ObjectDecoder.java,,80.0,,,26,"@@ -74,12 +74,12 @@ public class ObjectDecoder extends LengthFieldBasedFrameDecoder {
      *                       if the length of the received object is greater
      *                       than this value, {@link StreamCorruptedException}
      *                       will be raised.
-     * @param classLoader    the {@link ClassLoader} which will load the class
+     * @param classResolver    the {@link ClassResolver} which will load the class
      *                       of the serialized object
      */
-    public ObjectDecoder(int maxObjectSize, ClassLoader classLoader) {","Could we keep this constructor?  It could simply call `this(maxObjectSize, ClassResolvers.weakCachingResolver(classLoader))`.  And then let's backport it to 3.2.  I'm tempted to include this in 3.2.7. :-)  Thanks a lot for a quality patch!
",cee5ee5679de2a8900afe9bbf05f973ace08ce71
